store_id,category,forecast_date,1d,1m,7d,horizon_pred_range
1,Bakery,2024-11-01,35.913228487302064,36.2834111442236,36.375914474782455,0.46268598748039125
1,Bakery,2024-11-02,15.446575432434118,15.559890524524075,15.763788663049242,0.3172132306151241
1,Bakery,2024-11-03,15.610051012873654,15.392592428971815,16.06462739329982,0.6720349643280041
1,Bakery,2024-11-04,25.26011714754189,25.42776526753039,25.236080196091926,0.1916850714384637
1,Bakery,2024-11-05,24.801640207046,25.40996087356753,24.908238630934978,0.6083206665215322
1,Bakery,2024-11-06,25.033966284699762,25.820509577432627,24.944915827478596,0.8755937499540316
1,Bakery,2024-11-07,25.074960148833064,25.09757549011762,25.088616626820233,0.022615341284556223
1,Bakery,2024-11-08,23.93847129217269,24.37095056465605,23.947365070995343,0.43247927248335927
1,Bakery,2024-11-09,15.38537212512204,15.58758220729454,15.39297681608614,0.2022100821725008
1,Bakery,2024-11-10,15.993949028883643,16.295267860818242,16.00463742795327,0.30131883193459963
1,Bakery,2024-11-11,24.777186938482497,25.189255223023583,24.78696628692235,0.41206828454108546
1,Bakery,2024-11-12,57.177156958722506,57.3707554102516,57.1837774203527,0.19359845152909116
1,Bakery,2024-11-13,36.917807687901885,36.03232008600356,36.92777863351159,0.895458547508035
1,Bakery,2024-11-14,37.017117891576994,36.291909262008545,37.028884444030844,0.7369751820222987
1,Bakery,2024-11-15,43.71858490492211,42.53429842233196,43.730548776809385,1.196250354477428
1,Bakery,2024-11-16,26.104478978408626,25.385342648867145,26.118793220727106,0.7334505718599615
1,Bakery,2024-11-17,26.256992136433684,25.473659480986427,26.27580723502853,0.8021477540421031
1,Bakery,2024-11-18,69.38835569015836,73.61977512491025,69.40744042575898,4.231419434751885
1,Bakery,2024-11-19,55.23164895368882,55.435474642146524,55.25173607201123,0.2038256884577052
1,Bakery,2024-11-20,35.95322365420491,35.16789967552094,35.97559652084408,0.8076968453231359
1,Bakery,2024-11-21,36.0422188627561,34.73008115997209,36.06322785747146,1.333146697499373
1,Bakery,2024-11-22,35.44027309972999,35.07574811149871,35.462978252295045,0.38723014079633344
1,Bakery,2024-11-23,25.604603808507875,24.779163588161822,25.629758484519435,0.8505948963576131
1,Bakery,2024-11-24,25.2272550650872,24.111366859234902,25.246871773880322,1.13550491464542
1,Bakery,2024-11-25,36.279905599451695,35.92491783024104,36.294736917345446,0.36981908710440337
1,Bakery,2024-11-26,25.082305032955983,25.471745358096662,25.098730099913503,0.3894403251406793
1,Bakery,2024-11-27,24.79482485670811,25.070987575977323,24.81556747018835,0.27616271926921243
1,Bakery,2024-11-28,25.443453899088535,25.64889526840286,25.460454053534765,0.20544136931432533
1,Bakery,2024-11-29,25.64463362107881,26.640814058101306,25.6588528540901,0.9961804370224954
1,Bakery,2024-11-30,23.47946457676069,24.48940437076011,23.496303422570097,1.0099397939994184
1,Bakery,2024-12-01,20.94852959607756,20.994626721539703,20.966557883431634,0.046097125462143396
1,Bakery,2024-12-02,53.508208748978944,56.79970440365901,53.5218522038835,3.2914956546800624
1,Bakery,2024-12-03,30.865420979528945,30.933740561274696,30.876176467205934,0.06831958174575092
1,Bakery,2024-12-04,30.589270394947913,30.320556541540483,30.606611813354245,0.2860552718137619
1,Bakery,2024-12-05,44.2114865472108,42.69589512172878,44.23041184870922,1.534516726980435
1,Bakery,2024-12-06,29.278529953099856,30.03495591949483,29.29267282349041,0.7564259663949748
1,Bakery,2024-12-07,20.678337422564876,20.854098689498706,20.691592158185596,0.17576126693382932
1,Bakery,2024-12-08,21.361261199673418,22.29680257043096,21.374869137079962,0.9355413707575408
1,Bakery,2024-12-09,30.39047218158119,30.89327327313193,30.403435871037612,0.5028010915507402
1,Bakery,2024-12-10,44.11772203032783,43.4048498581026,44.128904517258746,0.7240546591561454
1,Bakery,2024-12-11,30.097728035290686,30.523295415061078,30.110887070986198,0.42556737977039205
1,Bakery,2024-12-12,30.213966899652313,30.933347886436767,30.224217249579745,0.7193809867844543
1,Bakery,2024-12-13,44.18402262899126,47.468560922861,44.19181595733371,3.284538293869744
1,Bakery,2024-12-14,20.701223897401885,21.14361776816195,20.707503785689983,0.4423938707600641
1,Bakery,2024-12-15,26.94958925921992,28.244955764851195,26.9503631460378,1.295366505631275
1,Bakery,2024-12-16,30.40884008649354,30.932576399875348,30.409592860132047,0.5237363133818072
1,Bakery,2024-12-17,30.177251961362337,30.36055869172715,30.18318377816988,0.18330673036481215
1,Bakery,2024-12-18,29.909963005822163,30.116831899459942,29.91825969603927,0.20686889363777894
1,Bakery,2024-12-19,30.20862146695554,30.681970537197603,30.214831109525345,0.47334907024206174
1,Bakery,2024-12-20,29.071962193340003,29.48080802711431,29.077872896968174,0.4088458337743077
1,Bakery,2024-12-21,20.566582214470593,20.659924750036488,20.575290315706393,0.09334253556589545
1,Bakery,2024-12-22,21.0783478520472,20.97437735230251,21.085357032961234,0.11097968065872266
1,Bakery,2024-12-23,30.357545263037633,30.60059385189597,30.36434725854657,0.24304858885833625
1,Bakery,2024-12-24,30.2970199661319,30.609818465061988,30.308029403919704,0.31279849893008915
1,Bakery,2024-12-25,29.940215275048033,29.89574518041168,29.95706576270401,0.061320582292328396
1,Bakery,2024-12-26,30.1098275437167,30.17078280596749,30.125061393254647,0.06095526225078984
1,Bakery,2024-12-27,29.076682037028732,29.224889528787045,29.087677662456194,0.14820749175831338
1,Bakery,2024-12-28,21.036427964138074,21.057283614256747,21.049372118970588,0.02085565011867274
1,Bakery,2024-12-29,20.92572974937811,20.922014475466018,20.9405452817172,0.01853080625118153
1,Bakery,2024-12-30,30.49192583206537,31.252528466039713,30.506160061353597,0.7606026339743437
1,Bakery,2024-12-31,37.276756543145865,37.644774806730055,37.293690496922174,0.3680182635841902
1,Chocolate & Milk,2024-11-01,18.8660679780356,20.072424806762086,18.727722346994852,1.344702459767234
1,Chocolate & Milk,2024-11-02,8.288840997171878,8.818024453570498,8.265054524814856,0.5529699287556422
1,Chocolate & Milk,2024-11-03,8.287234211066435,8.952759986849756,8.131316389990696,0.8214435968590603
1,Chocolate & Milk,2024-11-04,14.279227980385485,15.183172533063303,14.075572183814888,1.1076003492484148
1,Chocolate & Milk,2024-11-05,16.10047419282212,17.093388351907734,15.89232503064437,1.201063321263364
1,Chocolate & Milk,2024-11-06,16.1864551747828,17.42471488311223,16.116300819870617,1.3084140632416137
1,Chocolate & Milk,2024-11-07,15.947561261608032,16.876420547958475,15.948657540740504,0.928859286350443
1,Chocolate & Milk,2024-11-08,15.4716370602984,16.80170011392392,15.473163752259682,1.330063053625521
1,Chocolate & Milk,2024-11-09,10.205916833483933,10.977998270132867,10.207990423232125,0.7720814366489339
1,Chocolate & Milk,2024-11-10,10.440609109198636,11.373771517752944,10.438940157786442,0.9348313599665019
1,Chocolate & Milk,2024-11-11,15.884639743739477,16.738307240061648,15.878489119883085,0.8598181201785629
1,Chocolate & Milk,2024-11-12,29.81215049425545,31.65878862950806,29.806019375420643,1.8527692540874163
1,Chocolate & Milk,2024-11-13,19.366406536557598,20.68399923609891,19.36809681022941,1.3175926995413114
1,Chocolate & Milk,2024-11-14,19.300745850496497,20.327631868340426,19.30672747121555,1.0268860178439283
1,Chocolate & Milk,2024-11-15,23.755099538055994,24.698131855181316,23.760552705954204,0.9430323171253221
1,Chocolate & Milk,2024-11-16,13.394825510412662,13.94230267423614,13.402862548499549,0.5474771638234781
1,Chocolate & Milk,2024-11-17,13.254679041757678,13.911928479407438,13.266613570834814,0.6572494376497602
1,Chocolate & Milk,2024-11-18,38.510306030965914,40.600682672962314,38.51927494871762,2.0903766419964
1,Chocolate & Milk,2024-11-19,30.264047187361573,31.281248373705772,30.267853210704015,1.0172011863441988
1,Chocolate & Milk,2024-11-20,19.651913044573345,20.16398955809892,19.660710899651274,0.5120765135255745
1,Chocolate & Milk,2024-11-21,19.87628451442916,20.247924105233164,19.889963955468392,0.3716395908040049
1,Chocolate & Milk,2024-11-22,18.924805027339588,19.519585060281326,18.93354812297803,0.5947800329417383
1,Chocolate & Milk,2024-11-23,13.423823513288873,13.921474526470327,13.429696342024176,0.49765101318145355
1,Chocolate & Milk,2024-11-24,13.029033338510757,13.284534155456491,13.036716863225053,0.2555008169457338
1,Chocolate & Milk,2024-11-25,19.826221081852815,20.367686226836415,19.83606082007134,0.5414651449836008
1,Chocolate & Milk,2024-11-26,13.70021963710759,13.598210610175496,13.710108077305478,0.11189746712998172
1,Chocolate & Milk,2024-11-27,13.896844688709105,13.831762226003919,13.908139792296003,0.07637756629208425
1,Chocolate & Milk,2024-11-28,14.070362818902364,14.121353711871793,14.078452799190696,0.050990892969428714
1,Chocolate & Milk,2024-11-29,14.311527859491507,14.952633021826967,14.314605776127555,0.6411051623354602
1,Chocolate & Milk,2024-11-30,13.012414073770994,13.532692629160271,13.011095001255317,0.5215976279049546
1,Chocolate & Milk,2024-12-01,10.961442015737683,11.406411172140935,10.955021350309153,0.451389821831782
1,Chocolate & Milk,2024-12-02,30.922218123907367,33.41425482140414,30.915051906287296,2.4992029151168467
1,Chocolate & Milk,2024-12-03,17.0862195062774,16.91397450164378,17.08285180074922,0.1722450046336199
1,Chocolate & Milk,2024-12-04,17.23516873678331,17.108894050141704,17.235014634997864,0.126274686641608
1,Chocolate & Milk,2024-12-05,25.270276304117765,24.511693410671327,25.270061143134306,0.7585828934464374
1,Chocolate & Milk,2024-12-06,16.349485962166995,16.805873098621824,16.347718213580244,0.45815488504158
1,Chocolate & Milk,2024-12-07,11.219564209111233,11.489082065022142,11.218202734374719,0.2708793306474231
1,Chocolate & Milk,2024-12-08,11.324323635597956,11.811317969476542,11.322655653379382,0.4886623160971606
1,Chocolate & Milk,2024-12-09,17.015719429767895,17.24271583408512,17.012055393290662,0.23066044079445902
1,Chocolate & Milk,2024-12-10,25.279312088996264,24.897917307060656,25.278462106192258,0.38139478193560805
1,Chocolate & Milk,2024-12-11,16.893094305053673,17.058279891532393,16.898657234129246,0.16518558647872084
1,Chocolate & Milk,2024-12-12,16.753709670777873,17.001586537848365,16.75909208754188,0.2478768670704916
1,Chocolate & Milk,2024-12-13,23.571424253788027,24.840680753338653,23.57121393877267,1.269466814565984
1,Chocolate & Milk,2024-12-14,11.122721235237375,11.510275117899333,11.120017427338325,0.39025769056100756
1,Chocolate & Milk,2024-12-15,14.8410197880977,15.461905173335191,14.834979864324996,0.6269253090101952
1,Chocolate & Milk,2024-12-16,16.7476032319003,16.99230431032595,16.734348539964664,0.2579557703612849
1,Chocolate & Milk,2024-12-17,16.868367732701188,16.89187828712336,16.855209838978265,0.03666844814509673
1,Chocolate & Milk,2024-12-18,16.96916520791993,17.314819894054892,16.961670918259777,0.35314897579511495
1,Chocolate & Milk,2024-12-19,16.97015880161267,17.116681334126362,16.965037097932218,0.15164423619414436
1,Chocolate & Milk,2024-12-20,16.197074638105658,16.38869240414995,16.19056504916257,0.1981273549873812
1,Chocolate & Milk,2024-12-21,11.06779279527933,11.07289382881158,11.062964999563887,0.009928829247693116
1,Chocolate & Milk,2024-12-22,11.118595970010492,11.327291395127547,11.116262636372365,0.211028758755182
1,Chocolate & Milk,2024-12-23,16.828570708763095,17.04505169950339,16.826577562085298,0.21847413741809163
1,Chocolate & Milk,2024-12-24,16.82569909475216,17.017644003896933,16.824263597852983,0.1933804060439499
1,Chocolate & Milk,2024-12-25,16.83799488089046,16.96498345640463,16.838926033660066,0.1269885755141722
1,Chocolate & Milk,2024-12-26,16.964427110009442,17.179657462105233,16.969152898096464,0.21523035209579078
1,Chocolate & Milk,2024-12-27,16.093914774543688,16.19450243565158,16.100397892386056,0.10058766110789108
1,Chocolate & Milk,2024-12-28,11.347692855796158,11.245235400013332,11.348250142127174,0.10301474211384232
1,Chocolate & Milk,2024-12-29,11.420239890514827,11.543056069134696,11.414144631843927,0.12891143729076937
1,Chocolate & Milk,2024-12-30,17.14478461675093,17.581443564609074,17.136782590783536,0.44466097382553826
1,Chocolate & Milk,2024-12-31,20.99339324507212,21.125926972480308,20.987707470705317,0.13821950177499076
1,Coffee,2024-11-01,143.30833120430486,144.597262002129,143.81806161885714,1.2889307978241504
1,Coffee,2024-11-02,64.145627864315,63.9120248402722,65.11795675501642,1.2059319147442196
1,Coffee,2024-11-03,64.56634120026379,63.39969008686548,65.5823119335303,2.182621846664823
1,Coffee,2024-11-04,100.93757252756097,103.25343587221144,100.76536817644023,2.488067695771207
1,Coffee,2024-11-05,116.4214131094767,118.50257930884506,116.32883461586106,2.173744692984002
1,Coffee,2024-11-06,115.88954621560524,119.42253777823994,115.1631496075369,4.259388170703048
1,Coffee,2024-11-07,115.54972164814106,120.17949886053972,115.58303315516005,4.629777212398665
1,Coffee,2024-11-08,111.27590803315242,114.60289082379491,111.28985732034437,3.3269827906424894
1,Coffee,2024-11-09,80.37359748060538,80.59637850217347,80.30895331147116,0.287425190702308
1,Coffee,2024-11-10,80.38586087682017,80.12662635328608,80.29302066454757,0.25923452353409004
1,Coffee,2024-11-11,115.53877241612271,120.32020065653465,115.52507387297678,4.795126783557876
1,Coffee,2024-11-12,217.34868065787833,218.7855915257467,217.41803581898964,1.436910867868363
1,Coffee,2024-11-13,142.45815367992532,145.2011965947749,142.53054773047066,2.743042914849582
1,Coffee,2024-11-14,141.21901891458265,144.7361636122498,141.19648262467655,3.539680987573263
1,Coffee,2024-11-15,167.6642396299656,169.74578415903338,167.5789338660973,2.1668502929360898
1,Coffee,2024-11-16,101.68038093931096,105.11023095086681,101.56823593223467,3.541995018632136
1,Coffee,2024-11-17,102.07760343866374,105.59865380521812,101.98077486234756,3.6178789428705613
1,Coffee,2024-11-18,259.9145611017182,283.04253702273763,259.8519457122906,23.19059131044702
1,Coffee,2024-11-19,207.18564980647204,213.34386957064646,207.20004244337838,6.158219764174419
1,Coffee,2024-11-20,138.27229823986474,138.30108545064508,138.39993444951133,0.12763620964659594
1,Coffee,2024-11-21,138.51607820624974,139.9171809285709,138.67450849549448,1.4011027223211556
1,Coffee,2024-11-22,134.16552285922705,136.166975462437,134.25667099503542,2.001452603209941
1,Coffee,2024-11-23,97.53764440054958,97.21493426629355,97.61519528952651,0.4002610232329573
1,Coffee,2024-11-24,98.32466163841393,96.20708494359528,98.46461319716593,2.257528253570655
1,Coffee,2024-11-25,141.86123944731943,144.89525609994917,142.02379292457562,3.034016652629731
1,Coffee,2024-11-26,98.58210407835324,99.521915457133,98.67258166109403,0.9398113787797655
1,Coffee,2024-11-27,99.33134562556249,99.60004269014354,99.46290992081201,0.2686970645810476
1,Coffee,2024-11-28,101.26425093108539,101.78303891075237,101.48207153484428,0.5187879796669819
1,Coffee,2024-11-29,101.91021275277913,105.78160865311087,102.10294183143179,3.871395900331734
1,Coffee,2024-11-30,94.04233082675162,96.54542001282546,94.13083812484058,2.5030891860738365
1,Coffee,2024-12-01,83.07722559541632,82.39668279670121,83.1212195834857,0.7245367867844834
1,Coffee,2024-12-02,208.1465615563378,226.71348443247348,208.20867474431898,18.566922876135692
1,Coffee,2024-12-03,120.77169710048803,121.01781083971636,120.78911721315916,0.2461137392283348
1,Coffee,2024-12-04,119.75142401358393,119.37349306327145,119.75597949431767,0.3824864310462175
1,Coffee,2024-12-05,172.17299848713654,167.08982044746858,172.25317951351798,5.163359066049395
1,Coffee,2024-12-06,116.27771981295679,119.0745283924607,116.41855022423995,2.7968085795039173
1,Coffee,2024-12-07,85.12323731949213,84.68935521717829,85.2276866600862,0.5383314429079178
1,Coffee,2024-12-08,83.8854151508594,85.08051196900895,83.8758504960398,1.2046614729691498
1,Coffee,2024-12-09,119.47566870629976,121.6641839269611,119.4181138524696,2.2460700744914988
1,Coffee,2024-12-10,171.75651285755444,169.5409459521543,171.6878082755896,2.215566905400152
1,Coffee,2024-12-11,119.52466535802557,122.21477198681767,119.47010944578713,2.744662541030536
1,Coffee,2024-12-12,118.36244952104116,120.57482442223618,118.320420110789,2.254404311447175
1,Coffee,2024-12-13,174.40453587529802,185.5972998027292,174.37963124902552,11.217668553703675
1,Coffee,2024-12-14,85.45078627900924,85.94142171156176,85.44944231945672,0.49197939210503705
1,Coffee,2024-12-15,109.23223345439519,111.07954257693808,109.22281717727566,1.8567253996624231
1,Coffee,2024-12-16,119.10462104989645,122.18971389969883,119.05876092690703,3.1309529727918033
1,Coffee,2024-12-17,119.42990513292494,121.73188954403591,119.41768751336235,2.314202030673556
1,Coffee,2024-12-18,119.32603442602624,121.82708058744502,119.42119089979938,2.5010461614187847
1,Coffee,2024-12-19,119.18592213959028,121.94533823016086,119.31222723006223,2.759416090570582
1,Coffee,2024-12-20,113.77242976751089,115.87861714959661,113.79666598077877,2.1061873820857215
1,Coffee,2024-12-21,83.80150748872765,82.404549238608,83.79795641088667,1.3969582501196527
1,Coffee,2024-12-22,84.02147290534741,82.45838942465198,84.05724334473238,1.5988539200804013
1,Coffee,2024-12-23,120.16596802966608,122.85066680946035,120.20466464850139,2.6846987797942745
1,Coffee,2024-12-24,119.24461974433407,121.68068585950874,119.23344362208925,2.4472422374194878
1,Coffee,2024-12-25,119.07476355590839,120.92801573190371,119.05730349539492,1.870712236508794
1,Coffee,2024-12-26,119.49074282659126,122.03379651674497,119.48680368399624,2.546992832748728
1,Coffee,2024-12-27,114.32317780254101,116.10929093406517,114.25996604889586,1.8493248851693096
1,Coffee,2024-12-28,84.17640818127784,82.79443258537876,84.07462963928495,1.3819755958990783
1,Coffee,2024-12-29,84.58826292600136,84.82685012663491,84.5447640058351,0.28208612079980355
1,Coffee,2024-12-30,120.3106698926941,123.03381719334128,120.3412578128917,2.7231473006471845
1,Coffee,2024-12-31,144.0602142791494,145.73305770694998,144.08458816980243,1.6728434278005864
1,Juice & Smoothie,2024-11-01,11.939589714083683,11.685989908870901,11.76175710312248,0.25359980521278125
1,Juice & Smoothie,2024-11-02,5.122268254046893,5.224124606124914,5.14615283007703,0.10185635207802068
1,Juice & Smoothie,2024-11-03,5.17751078462034,5.199185498299398,5.191805032501215,0.021674713679058044
1,Juice & Smoothie,2024-11-04,8.714480482123045,8.682971824784582,8.533073357396685,0.1814071247263609
1,Juice & Smoothie,2024-11-05,8.51330090808612,8.658132141587576,8.203375917282814,0.45475622430476115
1,Juice & Smoothie,2024-11-06,8.617416254099322,8.764440768285784,8.41663985165475,0.34780091663103363
1,Juice & Smoothie,2024-11-07,8.749892100628053,8.804395003122998,8.742261131712786,0.06213387141021265
1,Juice & Smoothie,2024-11-08,8.329899118892824,8.303499403735895,8.319059797831857,0.02639971515692885
1,Juice & Smoothie,2024-11-09,5.3479283957907215,5.3351233836932455,5.334428385921138,0.013500009869583884
1,Juice & Smoothie,2024-11-10,5.223685026571687,5.206077004895397,5.21163986295891,0.017608021676290164
1,Juice & Smoothie,2024-11-11,8.56587282049138,8.63918966655394,8.557419651555406,0.08177001499853276
1,Juice & Smoothie,2024-11-12,17.74551159919483,18.811859484144108,17.739270881911334,1.0725886022327735
1,Juice & Smoothie,2024-11-13,11.841527532325502,11.950962784789946,11.8365623969235,0.11440038786644635
1,Juice & Smoothie,2024-11-14,11.877787421447458,12.164275972213463,11.871218967423381,0.29305700479008223
1,Juice & Smoothie,2024-11-15,14.799639323245836,15.153120653814325,14.789906609100345,0.36321404471397933
1,Juice & Smoothie,2024-11-16,8.265261054719753,8.451339420992305,8.254850077956943,0.19648934303536159
1,Juice & Smoothie,2024-11-17,8.382671510175173,8.652800947248403,8.375128687199556,0.27767226004884726
1,Juice & Smoothie,2024-11-18,24.255018860413134,25.591947548185228,24.250882365439885,1.3410651827453428
1,Juice & Smoothie,2024-11-19,18.031610071551032,19.259109673352874,18.028218072503833,1.2308916008490414
1,Juice & Smoothie,2024-11-20,12.225174181753506,12.811171495144086,12.222172418081144,0.5889990770629421
1,Juice & Smoothie,2024-11-21,12.301186331181508,12.725161926129756,12.297331232498081,0.4278306936316749
1,Juice & Smoothie,2024-11-22,11.71866752288104,12.131099027248768,11.71091875928378,0.4201802679649873
1,Juice & Smoothie,2024-11-23,8.435021180761325,8.830579504275967,8.424616682515481,0.40596282176048604
1,Juice & Smoothie,2024-11-24,8.4031187015713,8.929700883054245,8.39433688128058,0.5353640017736652
1,Juice & Smoothie,2024-11-25,12.416176250312832,12.87867997327271,12.411493578250505,0.46718639502220505
1,Juice & Smoothie,2024-11-26,8.609098134776099,8.762952459185257,8.605017355048746,0.15793510413651113
1,Juice & Smoothie,2024-11-27,8.446966558558978,8.385098489133632,8.442732199870633,0.06186806942534595
1,Juice & Smoothie,2024-11-28,8.672408697888145,8.575510957935448,8.666975965996961,0.09689773995269668
1,Juice & Smoothie,2024-11-29,8.675536682766854,8.871417870262597,8.667843710633338,0.20357415962925884
1,Juice & Smoothie,2024-11-30,7.858708861903556,8.168037920881357,7.850511784932315,0.3175261359490422
1,Juice & Smoothie,2024-12-01,6.973296878857795,7.189223602188466,6.966175845445523,0.2230477567429432
1,Juice & Smoothie,2024-12-02,19.349972411342407,20.360104514368302,19.34409936895114,1.0160051454171608
1,Juice & Smoothie,2024-12-03,10.636477439321137,10.63694137357858,10.630654014748039,0.006287358830540768
1,Juice & Smoothie,2024-12-04,10.7503035149219,10.597505654302555,10.744701655629004,0.1527978606193443
1,Juice & Smoothie,2024-12-05,15.728765859900935,15.181929450842365,15.72260197020686,0.5468364090585709
1,Juice & Smoothie,2024-12-06,10.101105892632807,10.385731442478074,10.092508976838054,0.2932224656400191
1,Juice & Smoothie,2024-12-07,6.995339106019233,7.255103496093905,6.9856670612796705,0.2694364348142342
1,Juice & Smoothie,2024-12-08,6.824365671603729,7.115104329028131,6.8154000138668955,0.2997043151612351
1,Juice & Smoothie,2024-12-09,10.628711504319181,10.762179060281095,10.621402060389997,0.1407769998910986
1,Juice & Smoothie,2024-12-10,15.967197172582395,15.86854581916616,15.960641828027942,0.09865135341623521
1,Juice & Smoothie,2024-12-11,10.542588017812935,10.643389921880985,10.535578643546001,0.10781127833498338
1,Juice & Smoothie,2024-12-12,10.601690194813173,10.769063940187339,10.593963381955747,0.1751005582315912
1,Juice & Smoothie,2024-12-13,14.716691152299154,14.986522569655042,14.706780088392504,0.279742481262538
1,Juice & Smoothie,2024-12-14,7.090964525877099,7.2710666614905195,7.079656846148483,0.19140981534203672
1,Juice & Smoothie,2024-12-15,9.448977379738563,9.81455923409248,9.438784919542094,0.37577431455038557
1,Juice & Smoothie,2024-12-16,10.54431410615246,10.696976216716273,10.536060627974699,0.16091558874157386
1,Juice & Smoothie,2024-12-17,10.649318667867881,10.726133755233626,10.6432720774398,0.0828616777938258
1,Juice & Smoothie,2024-12-18,10.676975263393235,10.717451463595538,10.672797763218485,0.04465370037705263
1,Juice & Smoothie,2024-12-19,10.41275101151355,10.548955269559052,10.408993776545216,0.13996149301383554
1,Juice & Smoothie,2024-12-20,10.003318634621419,10.196327102889532,9.996458799769607,0.1998683031199242
1,Juice & Smoothie,2024-12-21,6.883426786647875,6.9398700983968595,6.875469033715108,0.06440106468175166
1,Juice & Smoothie,2024-12-22,6.937847652833941,7.0436393747679125,6.931751749459078,0.11188762530883434
1,Juice & Smoothie,2024-12-23,10.609103008307965,10.684382637106054,10.605208886087054,0.0791737510190007
1,Juice & Smoothie,2024-12-24,10.658257703910383,10.801934737321126,10.656880599857155,0.1450541374639709
1,Juice & Smoothie,2024-12-25,10.689925538065363,10.78699846391305,10.690264097740172,0.09707292584768723
1,Juice & Smoothie,2024-12-26,10.79855888155544,10.910033808689068,10.79784799769976,0.11218581098930791
1,Juice & Smoothie,2024-12-27,10.11132522085151,10.164158744994436,10.106629820408795,0.057528924585641406
1,Juice & Smoothie,2024-12-28,7.132340615672698,7.09542140761118,7.126367880338016,0.036919208061517494
1,Juice & Smoothie,2024-12-29,7.069434363328028,7.337566578006079,7.066701801090023,0.27086477691605637
1,Juice & Smoothie,2024-12-30,10.66688281244241,10.934335110701493,10.66745094027132,0.2674522982590837
1,Juice & Smoothie,2024-12-31,12.996639049020391,13.112908573872806,12.997484457375403,0.11626952485241482
1,Merchandise,2024-11-01,7.103599729545909,7.627732672805772,7.31306412889124,0.5241329432598629
1,Merchandise,2024-11-02,3.1499953753055454,3.3336119530257085,3.2198961055061486,0.18361657772016304
1,Merchandise,2024-11-03,3.212528504201837,3.2344896925225712,3.219068240180757,0.021961188320734237
1,Merchandise,2024-11-04,5.6154245593689165,5.6541472043923555,5.5575011634647264,0.09664604092762907
1,Merchandise,2024-11-05,5.464371317941902,5.560838104072001,5.481179947873509,0.09646678613009918
1,Merchandise,2024-11-06,5.526267068849778,5.637167316496731,5.501884237702833,0.1352830787938979
1,Merchandise,2024-11-07,5.592943132648986,5.650731358016456,5.59465347566382,0.05778822536746997
1,Merchandise,2024-11-08,5.204014880006174,5.258937797619293,5.203665541838776,0.0552722557805172
1,Merchandise,2024-11-09,3.3212646218952036,3.423630911176923,3.32113750921318,0.10249340196374312
1,Merchandise,2024-11-10,3.3826738212623852,3.318333584635563,3.3831598055629586,0.06482622092739554
1,Merchandise,2024-11-11,5.421509250376417,5.387696907252073,5.422634542491693,0.034937635239620235
1,Merchandise,2024-11-12,8.64950934870759,8.303452924263613,8.649023955628792,0.3460564244439759
1,Merchandise,2024-11-13,5.499693476513761,5.545164916994372,5.499865152537215,0.045471440480611136
1,Merchandise,2024-11-14,5.46287704783651,5.605610576735031,5.463990811127137,0.1427335288985212
1,Merchandise,2024-11-15,6.755647820275776,6.915366652529057,6.75666639686033,0.1597188322532812
1,Merchandise,2024-11-16,3.2160198956443127,3.2700349685669314,3.2162569755768313,0.054015072922618756
1,Merchandise,2024-11-17,3.24554596291233,3.356596179128796,3.24625247293567,0.11105021621646571
1,Merchandise,2024-11-18,9.702627679053023,10.221419792961136,9.704415533706225,0.5187921139081126
1,Merchandise,2024-11-19,8.5719562780548,8.221032603428792,8.573864150728706,0.35283154729991395
1,Merchandise,2024-11-20,5.4032013086447055,5.478136230742315,5.4044739135193804,0.07493492209760966
1,Merchandise,2024-11-21,5.4362696596335685,5.444681906316687,5.4384138239442885,0.00841224668311824
1,Merchandise,2024-11-22,5.2693549976318526,5.262909649087176,5.272013746596601,0.009104097509425202
1,Merchandise,2024-11-23,3.2606550905835476,3.3092911014085775,3.264059739722518,0.048636010825029885
1,Merchandise,2024-11-24,3.3051392146960805,3.2591819550596792,3.3075494288063845,0.04836747374670525
1,Merchandise,2024-11-25,5.5382867349659035,5.558979689701859,5.540979897964912,0.02069295473595556
1,Merchandise,2024-11-26,5.463080185378752,5.383113980244874,5.464776573096228,0.08166259285135347
1,Merchandise,2024-11-27,5.43373740452733,5.3116579661314285,5.434775565333243,0.12311759920181409
1,Merchandise,2024-11-28,5.535030681979141,5.410783964937199,5.53486749245161,0.12424671704194168
1,Merchandise,2024-11-29,5.545853870171821,5.747771608309449,5.546229345268603,0.20191773813762826
1,Merchandise,2024-11-30,5.092885492471256,5.216676904386256,5.094350934182148,0.12379141191500054
1,Merchandise,2024-12-01,4.277193534098943,4.280440607795555,4.279299466068093,0.00324707369661148
1,Merchandise,2024-12-02,11.235893084000917,11.460204888135081,11.236964377860575,0.22431180413416385
1,Merchandise,2024-12-03,6.782843923822599,6.693115787238462,6.784159687886985,0.09104390064852375
1,Merchandise,2024-12-04,6.707343928628957,6.545776418936848,6.708742562279065,0.16296614334221715
1,Merchandise,2024-12-05,10.171061495706107,9.644132175319765,10.172427612158488,0.5282954368387234
1,Merchandise,2024-12-06,6.4451644537764885,6.487902417987352,6.445332212955671,0.042737964210863844
1,Merchandise,2024-12-07,4.409310607153835,4.402238589605024,4.410906117655636,0.008667528050612106
1,Merchandise,2024-12-08,4.5332451176192246,4.629630923226495,4.537070223978501,0.09638580560727039
1,Merchandise,2024-12-09,6.7447515911442935,6.705313094653063,6.749285473877052,0.04397237922398922
1,Merchandise,2024-12-10,10.0676888588692,9.603803137782142,10.070561802556853,0.4667586647747104
1,Merchandise,2024-12-11,6.666665975403683,6.621788462079413,6.667966022822501,0.04617756074308765
1,Merchandise,2024-12-12,6.671899011973151,6.599427918511152,6.672875710348512,0.07344779183735994
1,Merchandise,2024-12-13,9.264348141652906,9.718022839233607,9.265154371082609,0.4536746975807002
1,Merchandise,2024-12-14,4.4100453670958295,4.318877109937327,4.409842775100294,0.09116825715850219
1,Merchandise,2024-12-15,6.111176822595926,6.185304657865642,6.111404935664829,0.07412783526971634
1,Merchandise,2024-12-16,6.758005341850526,6.673784737881353,6.758434963008372,0.08465022512701914
1,Merchandise,2024-12-17,6.800449598410712,6.697938192297031,6.801917109397822,0.10397891710079055
1,Merchandise,2024-12-18,6.7062491506619475,6.626502336467928,6.706984926163241,0.08048258969531297
1,Merchandise,2024-12-19,6.701659942831507,6.629452884943855,6.702595502024896,0.0731426170810412
1,Merchandise,2024-12-20,6.381706314990793,6.355208856222583,6.382017987404157,0.02680913118157413
1,Merchandise,2024-12-21,4.340031006777336,4.208297987138979,4.340062440068472,0.13176445292949257
1,Merchandise,2024-12-22,4.48030862937059,4.3045434923507795,4.480199056267947,0.17576513701981078
1,Merchandise,2024-12-23,6.830606824210272,6.802400870111908,6.83155672053175,0.029155850419841478
1,Merchandise,2024-12-24,6.83569259278061,6.744813842750987,6.837431868711148,0.092618025960161
1,Merchandise,2024-12-25,6.675397113021182,6.559028264326541,6.67769243303285,0.11866416870630925
1,Merchandise,2024-12-26,6.750345962188748,6.608209994670185,6.751852001128317,0.14364200645813252
1,Merchandise,2024-12-27,6.3610923468162275,6.314505601463457,6.362905574737354,0.04839997327389689
1,Merchandise,2024-12-28,4.464173057452117,4.3205928529416875,4.465872721523605,0.14527986858191788
1,Merchandise,2024-12-29,4.493442077754511,4.434206948419876,4.4960559677669405,0.06184901934706488
1,Merchandise,2024-12-30,6.816953189973488,6.751747135814584,6.819286643789764,0.06753950797517927
1,Merchandise,2024-12-31,8.380674656742057,8.316985840235647,8.383462464493844,0.06647662425819689
1,Savory Bakery,2024-11-01,29.144352093600258,29.735792706506626,29.71540716205641,0.5914406129063678
1,Savory Bakery,2024-11-02,12.838590585092495,12.871219317123973,13.077541911653732,0.23895132656123685
1,Savory Bakery,2024-11-03,12.636889166901435,12.379125326876526,13.047800993147497,0.6686756662709712
1,Savory Bakery,2024-11-04,20.396340159059562,19.94807769130173,20.360222945414826,0.4482624677578322
1,Savory Bakery,2024-11-05,22.882670334873985,22.710618768743018,22.952327844728227,0.2417090759852094
1,Savory Bakery,2024-11-06,23.069069644798585,23.41682135099998,23.106173256865436,0.3477517062013966
1,Savory Bakery,2024-11-07,22.69884431642613,23.06171389063769,22.69519674629452,0.3665171443431703
1,Savory Bakery,2024-11-08,22.04554091763874,22.270347327240717,22.040080141148046,0.2302671860926715
1,Savory Bakery,2024-11-09,15.141336441736932,14.99630883436133,15.142848876230136,0.14654004186880698
1,Savory Bakery,2024-11-10,15.665272098318493,15.778510175747115,15.6699392313805,0.11323807742862257
1,Savory Bakery,2024-11-11,23.02608702501493,23.17449125998787,23.03030296020725,0.14840423497293997
1,Savory Bakery,2024-11-12,40.974699844635616,42.784142145419295,40.97965709071508,1.8094423007836795
1,Savory Bakery,2024-11-13,28.022844104442395,27.791055079848547,28.02874638165496,0.23769130180641085
1,Savory Bakery,2024-11-14,28.14933119807706,28.153174944908418,28.153303662731528,0.0039724646544669895
1,Savory Bakery,2024-11-15,34.19265401106183,33.7577137601467,34.19258733315286,0.4349402509151332
1,Savory Bakery,2024-11-16,20.19195313131526,20.01821786698388,20.197546221781597,0.17932835479771825
1,Savory Bakery,2024-11-17,19.685173133291677,19.241022223724585,19.69254729328837,0.451525069563786
1,Savory Bakery,2024-11-18,54.4175004978338,57.62665413793029,54.42699440625914,3.2091536400964884
1,Savory Bakery,2024-11-19,41.66825823559202,42.615543001643516,41.68230547584047,0.9472847660514958
1,Savory Bakery,2024-11-20,28.623365892235835,28.31081355600291,28.643975136315547,0.33316158031263754
1,Savory Bakery,2024-11-21,28.876704949663782,28.467414789484696,28.897675152039238,0.4302603625545416
1,Savory Bakery,2024-11-22,28.421953124723384,28.518632009155702,28.446798980558537,0.09667888443231831
1,Savory Bakery,2024-11-23,20.655525267943993,20.401019644850315,20.685796317347258,0.2847766724969425
1,Savory Bakery,2024-11-24,20.318371781260794,19.81223654639517,20.345899659814762,0.5336631134195926
1,Savory Bakery,2024-11-25,29.598528952851296,29.730876842271908,29.622595831192065,0.13234788942061115
1,Savory Bakery,2024-11-26,20.315735239428168,20.478313828010172,20.338284874772683,0.16257858858200436
1,Savory Bakery,2024-11-27,20.12268636476759,20.220211241610745,20.137923789663056,0.09752487684315625
1,Savory Bakery,2024-11-28,20.567684249722326,20.811640256352383,20.578324024424884,0.24395600663005723
1,Savory Bakery,2024-11-29,20.643103011944266,21.463008120715482,20.654874547981766,0.8199051087712164
1,Savory Bakery,2024-11-30,19.100554471554165,19.742211485466758,19.115178571885387,0.6416570139125923
1,Savory Bakery,2024-12-01,16.644183037159202,16.61528466470627,16.65717400957062,0.041889344864351585
1,Savory Bakery,2024-12-02,42.862124281085435,44.83832494001382,42.87856807925487,1.9762006589283843
1,Savory Bakery,2024-12-03,24.560305594949607,24.4045426644304,24.587128867523067,0.18258620309266504
1,Savory Bakery,2024-12-04,24.754906876312205,24.593092212221105,24.784413133305094,0.1913209210839888
1,Savory Bakery,2024-12-05,35.668939636692706,34.35229757201246,35.69301677317332,1.3407192011608586
1,Savory Bakery,2024-12-06,23.553231054071876,24.031604213853367,23.57873311029015,0.47837315978149064
1,Savory Bakery,2024-12-07,16.51541885267213,16.572727601599375,16.549510177608276,0.05730874892724458
1,Savory Bakery,2024-12-08,17.190932486633827,17.75800364097175,17.2282147341951,0.5670711543379241
1,Savory Bakery,2024-12-09,24.624257868214233,24.796179695073345,24.65534516101053,0.17192182685911206
1,Savory Bakery,2024-12-10,35.660624243662284,34.774049574357164,35.69308099812771,0.9190314237705479
1,Savory Bakery,2024-12-11,24.41740347625327,24.85010846871264,24.447439790565895,0.4327049924593709
1,Savory Bakery,2024-12-12,24.24783534066226,24.346516608380394,24.271371680832992,0.09868126771813479
1,Savory Bakery,2024-12-13,35.84909613183163,38.5562484215181,35.86782364838376,2.7071522896864693
1,Savory Bakery,2024-12-14,16.759194590399883,16.94659370637182,16.77712806281474,0.1873991159719388
1,Savory Bakery,2024-12-15,22.09272885755001,22.51891869450873,22.102953738580922,0.42618983695872004
1,Savory Bakery,2024-12-16,24.320934619258797,24.33266821940708,24.325683016022378,0.011733600148282619
1,Savory Bakery,2024-12-17,24.305600095654476,24.227968645115777,24.310982413403714,0.0830137682879375
1,Savory Bakery,2024-12-18,24.065702133853236,24.070691607155492,24.065626319788453,0.005065287367038707
1,Savory Bakery,2024-12-19,24.203640661018348,24.45808647683016,24.197613523009878,0.26047295382028324
1,Savory Bakery,2024-12-20,23.327236630995415,23.597536131267578,23.323243650061258,0.2742924812063201
1,Savory Bakery,2024-12-21,16.583493852975792,16.53195092932001,16.579984286881768,0.051542923655780726
1,Savory Bakery,2024-12-22,16.741025482468036,16.325827642462603,16.74008878607356,0.41519784000543325
1,Savory Bakery,2024-12-23,24.469804539336355,24.54178070483254,24.474393774648927,0.07197616549618502
1,Savory Bakery,2024-12-24,24.25169790917436,24.2309854771527,24.260914527257047,0.029929050104346544
1,Savory Bakery,2024-12-25,24.160618961915247,24.147674934060802,24.166887166210046,0.01921223214924339
1,Savory Bakery,2024-12-26,24.31813215390037,24.387232523210965,24.320751024945775,0.06910036931059693
1,Savory Bakery,2024-12-27,23.472561175147778,23.382663528213797,23.480462026512072,0.0977984982982747
1,Savory Bakery,2024-12-28,16.84252849028444,16.517070212268365,16.853950608433514,0.3368803961651494
1,Savory Bakery,2024-12-29,16.800532276274357,17.010204622536804,16.809870709767683,0.20967234626244746
1,Savory Bakery,2024-12-30,24.599999119078234,25.028850033934553,24.610277294351306,0.4288509148563193
1,Savory Bakery,2024-12-31,29.751161931579478,29.687468917559016,29.766118299471575,0.07864938191255888
1,Tea,2024-11-01,42.26895127799639,43.978096342513794,42.886708939981546,1.7091450645174007
1,Tea,2024-11-02,18.51067836544824,18.78574157774571,18.906780037841322,0.39610167239308325
1,Tea,2024-11-03,18.703241521069035,18.582828895284308,19.204811941011275,0.6219830457269673
1,Tea,2024-11-04,30.573250991431635,31.115695843078424,30.63953468296966,0.5424448516467884
1,Tea,2024-11-05,35.01250545766441,35.29921449960182,35.374677158876786,0.3621717012123753
1,Tea,2024-11-06,34.729891503614326,35.069243054108625,34.46134606911194,0.6078969849966853
1,Tea,2024-11-07,34.671582677828475,34.92333143840139,34.71998241527137,0.25174876057291584
1,Tea,2024-11-08,33.670400075557225,34.00943747085556,33.71692918956899,0.3390373952983339
1,Tea,2024-11-09,23.599659989601268,22.869819756037792,23.639360432363016,0.7695406763252244
1,Tea,2024-11-10,24.000149508670585,23.29079845479771,24.036457980072633,0.7456595252749239
1,Tea,2024-11-11,34.783799013839186,35.356214832487765,34.820114651052336,0.5724158186485795
1,Tea,2024-11-12,65.28222548555647,66.39881974896312,65.31138987444231,1.116594263406654
1,Tea,2024-11-13,42.40060761684707,42.785165061707666,42.42567501102258,0.3845574448605973
1,Tea,2024-11-14,42.454480098963344,43.561396302352264,42.48216786845122,1.10691620338892
1,Tea,2024-11-15,49.75822960431111,51.277143272000295,49.78943740513778,1.5189136676891835
1,Tea,2024-11-16,30.46097505940155,32.69411528158672,30.493499520229914,2.233140222185167
1,Tea,2024-11-17,29.625112885509036,30.492782178529453,29.666802881050735,0.8676692930204162
1,Tea,2024-11-18,80.75201946250833,88.02353391362753,80.79390848267458,7.271514451119202
1,Tea,2024-11-19,63.85545543070676,64.7347622240721,63.89050225704399,0.8793067933653376
1,Tea,2024-11-20,42.26991017413059,42.46350052143114,42.31618282145135,0.1935903473005567
1,Tea,2024-11-21,43.11110655753619,43.65162791451516,43.176047298560746,0.5405213569789709
1,Tea,2024-11-22,41.57948499136744,41.98254938197478,41.647549101412864,0.4030643906073408
1,Tea,2024-11-23,29.778500635652755,29.2132545386358,29.83806701834877,0.6248124797129719
1,Tea,2024-11-24,29.4521122583351,29.227560696815555,29.50890408520241,0.2813433883868548
1,Tea,2024-11-25,43.265705915485576,43.59841597988695,43.32594958290859,0.3327100644013754
1,Tea,2024-11-26,29.77907826036718,29.610449737682043,29.83667057768144,0.2262208399993959
1,Tea,2024-11-27,29.505511247960722,29.294357412945683,29.558869264377684,0.26451185143200107
1,Tea,2024-11-28,30.03565930561257,29.970813702232224,30.08234155994229,0.11152785771006535
1,Tea,2024-11-29,30.305749940385468,31.290904940529206,30.344835279168198,0.9851550001437381
1,Tea,2024-11-30,27.55353878904019,28.49082012539183,27.583814109802457,0.9372813363516421
1,Tea,2024-12-01,24.17784025312031,24.697015025033323,24.19902239074588,0.5191747719130149
1,Tea,2024-12-02,64.42346175622306,69.50984124142767,64.44363143408609,5.086379485204603
1,Tea,2024-12-03,36.30046150192361,36.00540195877801,36.31712201274209,0.31172005396408053
1,Tea,2024-12-04,36.387926887893315,36.30358561731482,36.415344899266366,0.11175928195154228
1,Tea,2024-12-05,52.47023825377087,50.84265067789419,52.51148743635203,1.6688367584578359
1,Tea,2024-12-06,35.22715543057836,35.85620637810787,35.27067571296932,0.6290509475295138
1,Tea,2024-12-07,25.148409891595144,24.964783310324393,25.185582421123307,0.22079911079891446
1,Tea,2024-12-08,25.397222150996896,25.762181121858905,25.43290095564251,0.3649589708620091
1,Tea,2024-12-09,36.132465896006245,36.58077646583513,36.167046251156066,0.44831056982888384
1,Tea,2024-12-10,52.35577982245285,51.095766330744304,52.3843117707199,1.288545439975593
1,Tea,2024-12-11,36.188007283615924,36.491219910321234,36.21818205186752,0.30321262670531013
1,Tea,2024-12-12,36.247363096099,36.44747949085768,36.2772449907161,0.20011639475868037
1,Tea,2024-12-13,53.20677931945966,56.20896925515646,53.23275746511106,3.002189935696798
1,Tea,2024-12-14,25.5857253258934,26.160850814401062,25.617464783672997,0.5751254885076627
1,Tea,2024-12-15,32.326157192938496,33.19493160828934,32.36199029367806,0.8687744153508419
1,Tea,2024-12-16,35.87871102872423,36.13614144825617,35.9066248679947,0.2574304195319357
1,Tea,2024-12-17,35.99965491095552,36.19434306265002,36.0160599952814,0.19468815169449982
1,Tea,2024-12-18,36.01456795792729,36.4515904276225,36.03518746380353,0.43702246969520786
1,Tea,2024-12-19,35.9206693061721,36.42327661907943,35.94864185886259,0.5026073129073296
1,Tea,2024-12-20,34.67544696153287,35.411081454496,34.703178766085756,0.7356344929631291
1,Tea,2024-12-21,24.687103324422704,24.742392215558727,24.71479201853136,0.055288891136022755
1,Tea,2024-12-22,24.75982893693646,24.42683376421874,24.79048150298011,0.36364773876137235
1,Tea,2024-12-23,36.31455498653203,36.875666952612306,36.34790420910303,0.5611119660802757
1,Tea,2024-12-24,36.17141362764909,36.34250267440743,36.204628780205866,0.1710890467583397
1,Tea,2024-12-25,36.019731161399775,35.99766577133986,36.05945055888767,0.061784787547807696
1,Tea,2024-12-26,35.818968555381495,35.977774138407156,35.86265087756551,0.15880558302566072
1,Tea,2024-12-27,34.431512582685535,34.64102575707514,34.46362431590978,0.20951317438960615
1,Tea,2024-12-28,25.26616879459065,24.549013197664397,25.291812227516903,0.742799029852506
1,Tea,2024-12-29,25.184861465245234,25.057367026238442,25.219932331722937,0.16256530548449533
1,Tea,2024-12-30,36.7812425337322,37.47540313387165,36.8212395486116,0.6941606001394547
1,Tea,2024-12-31,44.00752767151103,44.05719922395349,44.03612156937085,0.049671552442461575
2,Bakery,2024-11-01,82.23367554260624,81.16778059127091,81.98073979190616,1.0658949513353235
2,Bakery,2024-11-02,55.429175367871856,51.65656836600643,54.13457616275514,3.772607001865424
2,Bakery,2024-11-03,55.76536675266594,52.60816310668137,53.9092547802218,3.1572036459845734
2,Bakery,2024-11-04,36.065585804681675,33.0379748700507,35.03361532139413,3.027610934630978
2,Bakery,2024-11-05,36.585863268024326,33.4229517374218,35.9793286222589,3.1629115306025284
2,Bakery,2024-11-06,35.515435098118715,32.53941411658414,35.92391183578388,3.384497719199743
2,Bakery,2024-11-07,35.59067649914716,32.97400426134368,35.63610150657127,2.662097245227592
2,Bakery,2024-11-08,36.42752189347692,33.22388607544808,36.507917318469964,3.284031243021886
2,Bakery,2024-11-09,57.04946781840575,56.12952819949086,57.144337619343354,1.0148094198524902
2,Bakery,2024-11-10,56.78779780021847,56.00755371706912,56.900683033497,0.8931293164278813
2,Bakery,2024-11-11,35.85187415884161,32.88728145127054,35.914645623573755,3.0273641723032156
2,Bakery,2024-11-12,35.99524856217492,34.396406136105014,36.027863024193245,1.6314568880882305
2,Bakery,2024-11-13,34.1210122745812,32.54819759269152,34.18493886390429,1.6367412712127702
2,Bakery,2024-11-14,33.8327862640578,32.881196968527206,33.90645068427227,1.025253715745066
2,Bakery,2024-11-15,54.31426022964062,51.0228450084977,54.42324558184896,3.400400573351263
2,Bakery,2024-11-16,64.40548970385451,63.99787339235672,64.51560406272884,0.5177306703721172
2,Bakery,2024-11-17,63.453685202075754,62.63634629088643,63.58560802830446,0.9492617374180341
2,Bakery,2024-11-18,43.670218536082494,41.70877300796131,43.77573985009369,2.0669668421323806
2,Bakery,2024-11-19,86.00571185129138,87.97391792496805,86.1124012004587,1.9682060736766687
2,Bakery,2024-11-20,42.88870862733688,43.01222243496798,43.03989950752423,0.15119088018735027
2,Bakery,2024-11-21,42.3142938774604,41.00934667439422,42.45728803272722,1.4479413583329972
2,Bakery,2024-11-22,43.63571218921045,40.796063265497736,43.794273666543674,2.998210401045938
2,Bakery,2024-11-23,64.77244317019087,64.02712932339983,64.92387964791135,0.8967503245115154
2,Bakery,2024-11-24,53.09239067895174,55.61093763407075,53.23935742996623,2.518546955119014
2,Bakery,2024-11-25,30.53014222455839,29.60193004156781,30.619158048766295,1.017228007198483
2,Bakery,2024-11-26,29.51188004849885,28.086902573537117,29.577097694340612,1.4901951208034951
2,Bakery,2024-11-27,29.299398316162645,29.038353556555013,29.382317979245634,0.3439644226906218
2,Bakery,2024-11-28,29.142675009977776,28.921376928708185,29.202109909794324,0.280732981086139
2,Bakery,2024-11-29,31.89846709789261,31.817340700876173,31.97412182270803,0.15678112183185888
2,Bakery,2024-11-30,60.06242809959298,59.69127423966365,60.13165009820482,0.44037585854117367
2,Bakery,2024-12-01,58.47389017920861,58.499024492874256,58.54804965281919,0.07415947361057817
2,Bakery,2024-12-02,44.322496324776324,43.12399192380606,44.3644749532821,1.2404830294760387
2,Bakery,2024-12-03,43.86098574290209,43.19424008053719,43.889863857675934,0.6956237771387421
2,Bakery,2024-12-04,43.553271070371316,42.59249288386235,43.617488741000315,1.0249958571379665
2,Bakery,2024-12-05,63.997065242301396,63.709598979053354,64.04856029292544,0.3389613138720904
2,Bakery,2024-12-06,44.87154353119897,43.57961275584323,44.93741471875431,1.3578019629110827
2,Bakery,2024-12-07,65.86473315140056,66.41863790870987,65.92965756417554,0.5539047573093114
2,Bakery,2024-12-08,96.12880243528278,97.72381005521176,96.21819222068919,1.5950076199289782
2,Bakery,2024-12-09,44.265204993224934,43.60391424833935,44.323928327983204,0.7200140796438532
2,Bakery,2024-12-10,57.84267986144414,58.50831401412053,57.88445310808534,0.6656341526763896
2,Bakery,2024-12-11,36.149668257189894,36.6674132566754,36.229073872185296,0.5177449994855081
2,Bakery,2024-12-12,36.00403345879756,36.71640706843757,36.08406115527874,0.7123736096400108
2,Bakery,2024-12-13,37.0913496055523,36.97602171807321,37.20576807974472,0.2297463616715092
2,Bakery,2024-12-14,57.79072197338184,58.576623660177866,57.921332967469745,0.7859016867960236
2,Bakery,2024-12-15,66.43165621552444,65.90585331912028,66.57470171625741,0.6688483971371255
2,Bakery,2024-12-16,37.21896934368018,36.6940416053651,37.31362011020151,0.6195785048364115
2,Bakery,2024-12-17,36.948132401801516,36.43238768360268,37.01738170551674,0.5849940219140635
2,Bakery,2024-12-18,36.109160591323196,35.820489233365144,36.205651187582276,0.38516195421713206
2,Bakery,2024-12-19,35.99463254250704,35.70466437033473,36.081392727739804,0.3767283574050708
2,Bakery,2024-12-20,37.47530254056277,36.46521361559014,37.585639792183194,1.1204261765930568
2,Bakery,2024-12-21,58.059874088236775,57.6671083802464,58.16770312867576,0.5005947484293642
2,Bakery,2024-12-22,56.7990308384514,57.20730953486692,56.91237907130904,0.40827869641552184
2,Bakery,2024-12-23,37.15761954974329,36.99653222268928,37.23694028148252,0.24040805879323557
2,Bakery,2024-12-24,37.13237615073293,36.216113420513324,37.19620628181038,0.9800928612970594
2,Bakery,2024-12-25,36.73386817336574,35.86805486696144,36.82327220491306,0.9552173379516233
2,Bakery,2024-12-26,35.9122987441153,34.968528423259215,35.99298858935352,1.0244601660943076
2,Bakery,2024-12-27,38.190663285386634,36.339094058839,38.29186223121171,1.952768172372707
2,Bakery,2024-12-28,58.37978976126303,57.74336903307631,58.48803193978798,0.7446629067116675
2,Bakery,2024-12-29,131.38351958025513,137.4311471406262,131.4940601361779,6.047627560371069
2,Bakery,2024-12-30,37.98879972741125,38.50267883719437,38.03896691898599,0.5138791097831188
2,Bakery,2024-12-31,46.494875801895795,47.03956677567514,46.51946909300067,0.5446909737793462
2,Chocolate & Milk,2024-11-01,49.52104296185051,51.27982467708105,50.24275332032678,1.7587817152305405
2,Chocolate & Milk,2024-11-02,33.78333179255194,34.191066015136194,33.36423186620721,0.826834148928981
2,Chocolate & Milk,2024-11-03,32.8946218388093,32.34146394258897,32.74178674341104,0.553157896220327
2,Chocolate & Milk,2024-11-04,22.027328318361423,22.109219410011097,21.76385785849896,0.34536155151213777
2,Chocolate & Milk,2024-11-05,22.10781938508031,20.961319938285662,21.990190399596255,1.1464994467946497
2,Chocolate & Milk,2024-11-06,22.455822074173557,21.752175950657808,22.224470626680425,0.7036461235157496
2,Chocolate & Milk,2024-11-07,21.777564036308107,21.369315584477853,21.804367174604717,0.43505159012686434
2,Chocolate & Milk,2024-11-08,21.82319362748358,21.974883245727053,21.853519427957842,0.1516896182434735
2,Chocolate & Milk,2024-11-09,34.03251361178885,35.40245894058647,34.062574452926164,1.3699453287976198
2,Chocolate & Milk,2024-11-10,33.9737317774657,35.27860649836876,34.005764805443896,1.304874720903058
2,Chocolate & Milk,2024-11-11,21.11778227788268,20.914775203597795,21.152178817260953,0.2374036136631581
2,Chocolate & Milk,2024-11-12,21.608694101903968,21.672343591338002,21.64752639409799,0.06364948943403448
2,Chocolate & Milk,2024-11-13,21.07654310377802,21.221209562658483,21.10927614320726,0.1446664588804616
2,Chocolate & Milk,2024-11-14,21.454780640976466,21.349424377636787,21.484993787410964,0.13556940977417753
2,Chocolate & Milk,2024-11-15,33.51515817008482,32.49823453110689,33.55175961583349,1.0535250847266013
2,Chocolate & Milk,2024-11-16,40.16711528524095,40.79735829366159,40.20084257068562,0.630243008420635
2,Chocolate & Milk,2024-11-17,39.25892594163299,39.235795302939124,39.284233078750205,0.048437775811080996
2,Chocolate & Milk,2024-11-18,27.170463544716906,26.163915499560325,27.202733183235864,1.0388176836755392
2,Chocolate & Milk,2024-11-19,52.40304485249041,52.77880308440699,52.445432417242024,0.37575823191657776
2,Chocolate & Milk,2024-11-20,27.516846744167665,27.50366175465245,27.567426369873438,0.06376461522098609
2,Chocolate & Milk,2024-11-21,26.649986676297956,26.166215237707352,26.7029197153032,0.5367044775958476
2,Chocolate & Milk,2024-11-22,26.978120791060217,26.338601215568108,27.029675207725212,0.6910739921571043
2,Chocolate & Milk,2024-11-23,39.70571629897916,40.00151118977127,39.751310056994086,0.2957948907921093
2,Chocolate & Milk,2024-11-24,32.14040315875397,34.494592349987705,32.18520796791804,2.3541891912337363
2,Chocolate & Milk,2024-11-25,18.20962622684175,17.971507077294774,18.24990819865275,0.2784011213579767
2,Chocolate & Milk,2024-11-26,18.013631442621094,17.49558592404026,18.044432687611863,0.5488467635716034
2,Chocolate & Milk,2024-11-27,18.073757802308272,17.711085875088415,18.10299374906231,0.3919078739738957
2,Chocolate & Milk,2024-11-28,18.338131182118087,17.643024748290436,18.373411907479515,0.7303871591890783
2,Chocolate & Milk,2024-11-29,19.24063756788937,19.235773503316253,19.27221071539603,0.0364372120797789
2,Chocolate & Milk,2024-11-30,36.38461205401659,36.266693041567066,36.41176834790497,0.1450753063379011
2,Chocolate & Milk,2024-12-01,33.79351814076952,34.40932679905908,33.8178877294637,0.6158086582895592
2,Chocolate & Milk,2024-12-02,26.24782757610619,26.12109167592594,26.281735608287356,0.16064393236141683
2,Chocolate & Milk,2024-12-03,26.043038587663418,25.941683720451522,26.081679062267533,0.13999534181601092
2,Chocolate & Milk,2024-12-04,26.360665615709898,25.84076804780763,26.406963507794917,0.5661954599872878
2,Chocolate & Milk,2024-12-05,38.929119021175495,38.65609086473072,38.97938569840568,0.32329483367495726
2,Chocolate & Milk,2024-12-06,26.611932103532986,26.40030899497417,26.661970369138956,0.26166137416478463
2,Chocolate & Milk,2024-12-07,39.45798847752207,40.56497617648097,39.49045433417937,1.1069876989588963
2,Chocolate & Milk,2024-12-08,57.598084068416796,58.454732387737685,57.6161087147792,0.8566483193208896
2,Chocolate & Milk,2024-12-09,26.831071882814587,26.472955653979696,26.84719243503285,0.3742367810531526
2,Chocolate & Milk,2024-12-10,35.77231854095706,36.16344739816058,35.78612533113327,0.391128857203519
2,Chocolate & Milk,2024-12-11,21.908626304343475,21.674906638362934,21.91485266347549,0.23994602511255536
2,Chocolate & Milk,2024-12-12,22.49214004049328,22.275204038732987,22.507233828959304,0.2320297902263171
2,Chocolate & Milk,2024-12-13,22.575764893452273,22.527445644881762,22.597032790327923,0.06958714544616029
2,Chocolate & Milk,2024-12-14,35.05539192474146,35.965313800408296,35.08013060364487,0.9099218756668392
2,Chocolate & Milk,2024-12-15,40.13193408830338,40.35207032010281,40.15263575040021,0.22013623179942954
2,Chocolate & Milk,2024-12-16,22.395834039264948,22.13129024734083,22.41281330060704,0.28152305326621274
2,Chocolate & Milk,2024-12-17,22.183928700528707,21.929424071050324,22.196620438054744,0.26719636700441995
2,Chocolate & Milk,2024-12-18,22.531211735446675,22.18608270087413,22.54938868710627,0.36330598623213817
2,Chocolate & Milk,2024-12-19,22.049364180962492,21.41835335426213,22.07330909357256,0.6549557393104308
2,Chocolate & Milk,2024-12-20,22.70047850309732,22.156481931273127,22.724707644814295,0.5682257135411675
2,Chocolate & Milk,2024-12-21,34.45361055211255,34.528782711052074,34.4805378321964,0.07517215893952311
2,Chocolate & Milk,2024-12-22,34.187900343815414,34.48853996052371,34.21711405621949,0.3006396167082954
2,Chocolate & Milk,2024-12-23,22.313615907443644,21.960854482970397,22.333458582487264,0.3726040995168667
2,Chocolate & Milk,2024-12-24,22.554429794172137,22.102326124046133,22.567426512865033,0.46510038881890026
2,Chocolate & Milk,2024-12-25,22.110940756230683,21.590034006012566,22.119198593803464,0.5291645877908984
2,Chocolate & Milk,2024-12-26,22.1982561578769,21.444244721504234,22.213842066621904,0.7695973451176705
2,Chocolate & Milk,2024-12-27,22.492308074690172,21.638389884162777,22.510524862893433,0.8721349787306565
2,Chocolate & Milk,2024-12-28,34.85544384112188,35.16003761978442,34.879839369891016,0.3045937786625359
2,Chocolate & Milk,2024-12-29,79.24717018536893,84.07460789701828,79.27428126941243,4.8274377116493525
2,Chocolate & Milk,2024-12-30,22.740114640926084,23.490757065243297,22.771261815344882,0.7506424243172134
2,Chocolate & Milk,2024-12-31,28.249860839157957,28.802690567179294,28.27411054764864,0.5528297280213366
2,Coffee,2024-11-01,342.5177196833337,326.80470772663375,343.98243381049684,17.177726083863092
2,Coffee,2024-11-02,227.0357669117845,227.3045008590646,228.55668182396727,1.520914912182775
2,Coffee,2024-11-03,224.97127751375385,222.6889077900229,223.5953462377303,2.2823697237309375
2,Coffee,2024-11-04,148.49235387065255,140.36244455454036,147.09858780217385,8.12990931611219
2,Coffee,2024-11-05,148.19172409298992,142.64810778844765,151.5361040764322,8.88799628798455
2,Coffee,2024-11-06,145.73388244100843,140.82190626494724,149.19786438063738,8.375958115690139
2,Coffee,2024-11-07,145.34194443546787,142.1759031637228,145.70762556117577,3.531722397452967
2,Coffee,2024-11-08,150.19519955501048,140.83015221871085,150.60133520436432,9.771182985653468
2,Coffee,2024-11-09,232.1752187546678,234.0519109239402,232.50691750015199,1.8766921692723884
2,Coffee,2024-11-10,230.9635406655973,234.7524757947455,231.2499042729874,3.7889351291482
2,Coffee,2024-11-11,147.02113355836354,141.79165278175972,147.20004663842693,5.408393856667203
2,Coffee,2024-11-12,144.9476938747756,144.01354847442303,145.1962469502023,1.1826984757792616
2,Coffee,2024-11-13,145.6747445586958,139.5031449132279,145.88167680768714,6.378531894459229
2,Coffee,2024-11-14,146.09921400131,140.68017653535415,146.40430765024354,5.7241311148893885
2,Coffee,2024-11-15,214.70200048862014,202.46631829763083,215.0813692099358,12.615050912304952
2,Coffee,2024-11-16,257.4310608611773,257.2706163068164,257.7796927606537,0.509076453837281
2,Coffee,2024-11-17,255.78419986814194,252.69714700503704,256.0864743009547,3.389327295917667
2,Coffee,2024-11-18,172.93530612870381,163.16535263353006,173.22098306835107,10.055630434821012
2,Coffee,2024-11-19,334.41312312653656,348.7868569957066,334.83680465737683,14.373733869170053
2,Coffee,2024-11-20,170.0213605393855,169.42946535566773,170.39529869821516,0.9658333425474268
2,Coffee,2024-11-21,167.47969838241448,165.2413288814738,167.87303427718356,2.6317053957097585
2,Coffee,2024-11-22,174.1241458202444,164.00003847890633,174.55724705973833,10.557208580831997
2,Coffee,2024-11-23,257.5921701859591,255.27938217701862,257.9581236349978,2.6787414579791573
2,Coffee,2024-11-24,219.71345657993993,228.25617612335913,220.03361506624407,8.542719543419196
2,Coffee,2024-11-25,125.8250526745433,122.59937311577845,126.03730862143489,3.4379355056564407
2,Coffee,2024-11-26,119.93794976696955,117.34792912157617,120.2315009245646,2.8835718029884276
2,Coffee,2024-11-27,118.44971698442778,116.94650301775742,118.6817364622246,1.735233444467184
2,Coffee,2024-11-28,120.41398438930332,119.80135836845533,120.68373627351778,0.8823779050624552
2,Coffee,2024-11-29,132.56484911882683,132.013631375847,132.8281656902336,0.8145343143865773
2,Coffee,2024-11-30,242.86331252879742,241.84870444553857,243.08695248377762,1.2382480382390497
2,Coffee,2024-12-01,231.6146047818491,233.5578013544805,231.85271358789407,1.9431965726313933
2,Coffee,2024-12-02,177.21224071575958,174.8281291315755,177.38222125575066,2.554092124175156
2,Coffee,2024-12-03,174.3860164487134,176.1558090121713,174.57891260635915,1.7697925634578837
2,Coffee,2024-12-04,176.3992265145254,174.55873141845046,176.52479630904003,1.9660648905895641
2,Coffee,2024-12-05,256.6545060770162,262.180848133513,256.81766793098603,5.526342056496787
2,Coffee,2024-12-06,183.7749182733095,179.97182003350045,183.99070716898586,4.018887135485414
2,Coffee,2024-12-07,266.6053679494463,270.3770584400878,266.7518421868533,3.771690490641504
2,Coffee,2024-12-08,384.08866960988934,393.3299822034681,384.22709914824696,9.241312593578755
2,Coffee,2024-12-09,181.4002703155887,178.38096584130855,181.51305402748906,3.1320881861805105
2,Coffee,2024-12-10,237.69886614733272,247.99061696868318,237.9279168543927,10.291750821350462
2,Coffee,2024-12-11,148.2884940304025,148.72454597184333,148.44270716115125,0.43605194144083725
2,Coffee,2024-12-12,148.47082285145257,149.19139495602573,148.68827079889596,0.720572104573165
2,Coffee,2024-12-13,155.10891243101327,152.93889750731472,155.38948805154575,2.4505905442310336
2,Coffee,2024-12-14,234.3876609655497,237.08258848891433,234.61297503936646,2.694927523364612
2,Coffee,2024-12-15,269.95115487685706,270.29361803404066,270.11912926444234,0.34246315718360165
2,Coffee,2024-12-16,153.38975603023064,150.73366301752387,153.51240086011796,2.778737842594097
2,Coffee,2024-12-17,147.6369195128867,147.23906707158883,147.86926488581705,0.630197814228211
2,Coffee,2024-12-18,147.0478535190075,146.66807403465356,147.27796226917218,0.6098882345186212
2,Coffee,2024-12-19,147.5253010504028,146.51374422008246,147.79229175461614,1.2785475345336863
2,Coffee,2024-12-20,155.61514808593864,151.05226472596559,155.90888116444722,4.8566164384816375
2,Coffee,2024-12-21,235.762245747208,235.37802958208826,236.00440815299595,0.6263785709076899
2,Coffee,2024-12-22,231.76114554422915,235.43590186084043,232.0220000448669,3.6747563166112798
2,Coffee,2024-12-23,152.65790404980783,150.31142902720256,152.85316545834985,2.541736431147285
2,Coffee,2024-12-24,149.76414750417058,149.59554884842072,150.05767857233963,0.46212972391890617
2,Coffee,2024-12-25,146.810961033426,145.3870085512277,147.0736950114776,1.6866864602499163
2,Coffee,2024-12-26,146.86641065393283,145.4967621086052,147.1801271309539,1.6833650223487098
2,Coffee,2024-12-27,155.735911789326,148.74286848884924,156.0409898131504,7.29812132430115
2,Coffee,2024-12-28,234.5890958383311,234.6028513638512,234.8287225121213,0.23962667379018399
2,Coffee,2024-12-29,513.1895702250773,545.8542732031678,513.3691429079622,32.66470297809053
2,Coffee,2024-12-30,154.30620670742388,158.48034471531759,154.42567964015555,4.174138007893703
2,Coffee,2024-12-31,184.40306066544994,190.5922985903319,184.61276637131382,6.189237924881951
2,Juice & Smoothie,2024-11-01,31.78726874178043,32.018436114737796,32.40598624455258,0.6187175027721494
2,Juice & Smoothie,2024-11-02,21.381417008567034,21.01903639509853,21.369269951613177,0.3623806134685026
2,Juice & Smoothie,2024-11-03,20.68299162797082,19.54979520087601,20.416377726681894,1.1331964270948127
2,Juice & Smoothie,2024-11-04,13.395940368553067,12.641566828487699,13.19916160486923,0.7543735400653677
2,Juice & Smoothie,2024-11-05,13.696243141305219,12.549070112912744,13.770301959987776,1.2212318470750319
2,Juice & Smoothie,2024-11-06,13.314403385532595,12.158016217732435,13.816752528846724,1.6587363111142892
2,Juice & Smoothie,2024-11-07,13.443903920555725,12.60952745812329,13.461894402588745,0.8523669444654551
2,Juice & Smoothie,2024-11-08,12.903601552992608,12.219435977656067,12.919142814837263,0.6997068371811963
2,Juice & Smoothie,2024-11-09,21.171516114077964,21.281450577149855,21.17859645636901,0.10993446307189103
2,Juice & Smoothie,2024-11-10,20.99628563241625,20.770513185031106,21.001888099138483,0.2313749141073771
2,Juice & Smoothie,2024-11-11,12.530246744609379,11.879209568755241,12.538837983397007,0.6596284146417659
2,Juice & Smoothie,2024-11-12,12.615462872622588,12.178299406833027,12.629882683263824,0.45158327643079765
2,Juice & Smoothie,2024-11-13,12.607987807603955,12.43123688024969,12.625984213238521,0.19474733298883073
2,Juice & Smoothie,2024-11-14,12.752103432950944,12.605028201292725,12.775797839136938,0.17076963784421295
2,Juice & Smoothie,2024-11-15,21.276034985553803,20.376765443513364,21.303783655879112,0.9270182123657484
2,Juice & Smoothie,2024-11-16,25.057205119295055,25.57208171418712,25.087863160218227,0.5148765948920655
2,Juice & Smoothie,2024-11-17,24.570885141149187,24.634439523925767,24.602286783117556,0.0635543827765801
2,Juice & Smoothie,2024-11-18,16.871314816966265,16.485454404056547,16.912351007798904,0.4268966037423567
2,Juice & Smoothie,2024-11-19,34.52081721545,36.002102894551484,34.56822115191105,1.4812856791014823
2,Juice & Smoothie,2024-11-20,16.90869201580917,16.68202458259496,16.96028444269989,0.27825986010493153
2,Juice & Smoothie,2024-11-21,17.15301422124644,16.95691867717146,17.203883716680338,0.24696503950887916
2,Juice & Smoothie,2024-11-22,17.00790189339237,16.799752216941833,17.05616828103177,0.25641606408993667
2,Juice & Smoothie,2024-11-23,25.528492833215694,26.196421328955054,25.5695199495949,0.6679284957393605
2,Juice & Smoothie,2024-11-24,20.443026532077198,22.129899162182184,20.483550772495324,1.6868726301049861
2,Juice & Smoothie,2024-11-25,10.969443023895327,10.701642721026879,11.011230881953988,0.3095881609271096
2,Juice & Smoothie,2024-11-26,10.845434426899324,10.486903303162638,10.886438857144944,0.39953555398230556
2,Juice & Smoothie,2024-11-27,10.634097942726688,10.21915394807164,10.675117497061363,0.4559635489897236
2,Juice & Smoothie,2024-11-28,10.981326925893615,10.859970455038107,11.025055708714321,0.16508525367621374
2,Juice & Smoothie,2024-11-29,11.735591039545252,11.944504112893,11.774111590231758,0.20891307334774822
2,Juice & Smoothie,2024-11-30,23.12181042958851,23.171694890506313,23.161144656266167,0.04988446091780219
2,Juice & Smoothie,2024-12-01,21.58770085014426,22.01923223618535,21.632333549354147,0.4315313860410903
2,Juice & Smoothie,2024-12-02,13.740638267280131,13.799698254078622,13.793253964829491,0.05905998679849134
2,Juice & Smoothie,2024-12-03,13.74935999833468,13.848619336395538,13.800093629035237,0.09925933806085752
2,Juice & Smoothie,2024-12-04,13.595870130642172,13.50815835365607,13.64524397970262,0.1370856260465505
2,Juice & Smoothie,2024-12-05,22.036934016716494,22.293036143958535,22.08456582278597,0.2561021272420412
2,Juice & Smoothie,2024-12-06,14.00952591225216,13.992949607840343,14.058961644043654,0.0660120362033112
2,Juice & Smoothie,2024-12-07,22.193006584296196,22.64609873640486,22.239825722647115,0.45309215210866327
2,Juice & Smoothie,2024-12-08,34.82774047337284,35.67501009175197,34.87652473502829,0.84726961837913
2,Juice & Smoothie,2024-12-09,13.758261576248552,13.640047785518181,13.809663943753485,0.16961615823530352
2,Juice & Smoothie,2024-12-10,22.54092554509404,22.833554192746234,22.5928243608222,0.29262864765219376
2,Juice & Smoothie,2024-12-11,13.736902427210927,13.81264713369777,13.779453799698711,0.07574470648684262
2,Juice & Smoothie,2024-12-12,14.066385956055978,14.088905927964023,14.106529699600298,0.04014374354431993
2,Juice & Smoothie,2024-12-13,14.09284660359713,14.087062390601671,14.130819158123543,0.043756767521871964
2,Juice & Smoothie,2024-12-14,22.32467485671526,22.768460871141155,22.36287276016859,0.44378601442589627
2,Juice & Smoothie,2024-12-15,25.796068149449788,25.861553762032,25.835299028185567,0.06548561258221142
2,Juice & Smoothie,2024-12-16,14.020319841312492,13.88985256231187,14.061390691515877,0.17153812920400746
2,Juice & Smoothie,2024-12-17,14.07543326441801,13.993280331253542,14.113828663267583,0.12054833201404058
2,Juice & Smoothie,2024-12-18,13.92883779895191,13.844188730448728,13.967376498545281,0.12318776809655319
2,Juice & Smoothie,2024-12-19,13.739588214967712,13.639089953436423,13.77302770190215,0.13393774846572626
2,Juice & Smoothie,2024-12-20,13.904513047469678,13.760833206538768,13.926495532808735,0.1656623262699668
2,Juice & Smoothie,2024-12-21,21.972873669328372,22.15788823863099,21.985419101199405,0.1850145693026164
2,Juice & Smoothie,2024-12-22,21.903506427697103,22.30296840913355,21.917724583817606,0.3994619814364455
2,Juice & Smoothie,2024-12-23,13.55720654041581,13.600112629293433,13.571605933536821,0.04290608887762204
2,Juice & Smoothie,2024-12-24,13.684026093076723,13.460830131903858,13.700615706361033,0.23978557445717463
2,Juice & Smoothie,2024-12-25,13.456968014429524,13.198947207253005,13.47233030788703,0.2733831006340246
2,Juice & Smoothie,2024-12-26,13.325819055558242,13.226136404897304,13.340884412733969,0.11474800783666517
2,Juice & Smoothie,2024-12-27,13.63964420749784,13.244616124287584,13.648011735801534,0.4033956115139503
2,Juice & Smoothie,2024-12-28,21.87548316009478,22.118403880721644,21.880275479779975,0.24292072062686287
2,Juice & Smoothie,2024-12-29,51.72128381997192,53.76533168912812,51.72587347686378,2.044047869156195
2,Juice & Smoothie,2024-12-30,13.61311269992737,14.133911483191039,13.623618648389352,0.5207987832636682
2,Juice & Smoothie,2024-12-31,17.322670841557503,17.77485582163649,17.33789172478235,0.4521849800789859
2,Merchandise,2024-11-01,16.223955548063554,16.448243511960264,16.344242862569082,0.22428796389671035
2,Merchandise,2024-11-02,11.509167323789745,11.287008005756116,11.64324140240986,0.3562333966537441
2,Merchandise,2024-11-03,11.477987642987248,11.20028721943488,11.437912663342791,0.2777004235523677
2,Merchandise,2024-11-04,7.593648516805539,7.077319560681783,7.429415340447929,0.5163289561237558
2,Merchandise,2024-11-05,7.668143474527166,7.093229864835393,7.780684349098021,0.687454484262628
2,Merchandise,2024-11-06,7.691488058791423,7.364506608487366,7.6494146076354985,0.3269814503040571
2,Merchandise,2024-11-07,7.519147549843824,7.400613134643813,7.516020811629706,0.11853441520001073
2,Merchandise,2024-11-08,7.430693123709936,7.110456086506612,7.42463900901444,0.3202370372033245
2,Merchandise,2024-11-09,11.417823870612045,11.618833738884561,11.408404437268166,0.2104293016163954
2,Merchandise,2024-11-10,11.514959683738923,11.94604541860199,11.50222422747566,0.44382119112633056
2,Merchandise,2024-11-11,7.059560753603203,6.800479272987962,7.045713283740512,0.25908148061524106
2,Merchandise,2024-11-12,7.21565749951597,7.039660225308259,7.2043077707065155,0.17599727420771138
2,Merchandise,2024-11-13,6.882466372919301,6.750862865488382,6.870108396658195,0.13160350743091875
2,Merchandise,2024-11-14,6.829758957574659,6.78456251275727,6.816361277195058,0.04519644481738894
2,Merchandise,2024-11-15,8.943776337743074,9.064458695145134,8.932088960425197,0.13236973471993707
2,Merchandise,2024-11-16,11.05965678309744,12.174106992849415,11.044895027255496,1.1292119655939192
2,Merchandise,2024-11-17,10.935540913930744,12.12361796573326,10.92211204923639,1.2015059164968704
2,Merchandise,2024-11-18,6.682955889498263,6.858487297272848,6.677021745900134,0.18146555137271392
2,Merchandise,2024-11-19,14.126070170989438,14.219211238351406,14.127460800780934,0.0931410673619677
2,Merchandise,2024-11-20,6.571721193745116,6.965228006475001,6.572901023015929,0.39350681272988464
2,Merchandise,2024-11-21,6.576443616480224,6.75423049775676,6.578153579101829,0.1777868812765364
2,Merchandise,2024-11-22,6.724767036539399,6.798508148046574,6.730505631334101,0.0737411115071751
2,Merchandise,2024-11-23,10.92791921709672,12.044850035278689,10.935761731816866,1.1169308181819684
2,Merchandise,2024-11-24,11.09629720898726,11.923386759920646,11.104446664517242,0.8270895509333869
2,Merchandise,2024-11-25,6.270753388920946,6.150473563145352,6.275998209369391,0.12552464622403825
2,Merchandise,2024-11-26,6.149216348007782,5.897649829542945,6.151300113878277,0.25365028433533165
2,Merchandise,2024-11-27,5.959822291337332,5.836057300140091,5.95753943608619,0.12376499119724116
2,Merchandise,2024-11-28,5.970201143267339,5.820396107024625,5.9660115510067415,0.14980503624271346
2,Merchandise,2024-11-29,6.354440205081267,6.433735992555821,6.3531850704564885,0.08055092209933257
2,Merchandise,2024-11-30,12.636875098795851,12.82393416966196,12.641364006007656,0.18705907086610907
2,Merchandise,2024-12-01,11.826531463705194,12.203765999741082,11.835962472013064,0.3772345360358873
2,Merchandise,2024-12-02,7.740214106381865,7.662172551041607,7.75275380957763,0.09058125853602306
2,Merchandise,2024-12-03,7.802377841280644,7.742347820287085,7.814807990846636,0.0724601705595509
2,Merchandise,2024-12-04,7.506133888721964,7.412162453817624,7.515781008416351,0.10361855459872693
2,Merchandise,2024-12-05,11.950581054201521,11.736688730600793,11.95526632727303,0.21857759667223675
2,Merchandise,2024-12-06,7.560050407268054,7.517849367683598,7.562262314798733,0.044412947115135104
2,Merchandise,2024-12-07,11.53857291319133,11.788178262301155,11.536968487006115,0.25120977529503996
2,Merchandise,2024-12-08,17.282799948355798,17.834169077891964,17.278269643625723,0.5558994342662409
2,Merchandise,2024-12-09,7.495918565963081,7.320059926539696,7.4924990492480115,0.1758586394233852
2,Merchandise,2024-12-10,12.405629443068825,12.058034351051164,12.40211582870531,0.34759509201766114
2,Merchandise,2024-12-11,7.620941767885367,7.520086872741722,7.617897280003609,0.10085489514364543
2,Merchandise,2024-12-12,7.711130881003163,7.588287371986947,7.711290138890075,0.12300276690312817
2,Merchandise,2024-12-13,7.66456132048548,7.6371594756763095,7.66320548367398,0.027401844809170406
2,Merchandise,2024-12-14,11.840821158075494,11.9909997138072,11.837075772080063,0.15392394172713786
2,Merchandise,2024-12-15,14.103563478624828,14.104993104886939,14.103117910599195,0.001875194287743298
2,Merchandise,2024-12-16,7.834183399110694,7.70287347028794,7.8405095935480045,0.1376361232600649
2,Merchandise,2024-12-17,7.747892435561959,7.548052316297006,7.7573755312077886,0.20932321491078287
2,Merchandise,2024-12-18,7.6999879403430604,7.530473213667443,7.709731676942759,0.1792584632753167
2,Merchandise,2024-12-19,7.66086203347323,7.4578163701239575,7.668029795880718,0.21021342575676094
2,Merchandise,2024-12-20,7.600257179177345,7.503413696749313,7.60426109539792,0.10084739864860737
2,Merchandise,2024-12-21,11.881110590685633,12.16956306721565,11.881229880902765,0.2884524765300167
2,Merchandise,2024-12-22,11.626307371500667,11.98748860279445,11.622560079040577,0.3649285237538731
2,Merchandise,2024-12-23,7.583322660310224,7.437931522460702,7.582585267015967,0.14539113784952207
2,Merchandise,2024-12-24,7.7906322257899125,7.66342715275927,7.796764982152523,0.13333782939325367
2,Merchandise,2024-12-25,7.511812348169704,7.252959395177786,7.51921739733901,0.26625800216122375
2,Merchandise,2024-12-26,7.478129778789442,7.143545854174822,7.483740095747913,0.34019424157309075
2,Merchandise,2024-12-27,7.577245653631417,7.200091434987121,7.577690064160652,0.3775986291735318
2,Merchandise,2024-12-28,11.83412664693318,12.08961541375709,11.830680031184766,0.2589353825723233
2,Merchandise,2024-12-29,25.97969122046605,27.19787287247945,25.97005649279194,1.2278163796875106
2,Merchandise,2024-12-30,7.596680746654242,7.812762466848515,7.585051448420389,0.2277110184281259
2,Merchandise,2024-12-31,9.641221121004264,9.842143543279041,9.631815441441127,0.21032810183791462
2,Savory Bakery,2024-11-01,64.3197256699928,65.44779311675131,65.3158976630407,1.1280674467585072
2,Savory Bakery,2024-11-02,44.81479030726949,44.04113232083934,44.17863875467607,0.7736579864301518
2,Savory Bakery,2024-11-03,44.50848222727875,42.512280090700045,44.241022757737625,1.9962021365787024
2,Savory Bakery,2024-11-04,29.522649747606103,27.177335179574413,29.274996986533928,2.3453145680316894
2,Savory Bakery,2024-11-05,28.874079808523994,27.18068575901825,29.397205666583975,2.2165199075657256
2,Savory Bakery,2024-11-06,27.785836396837688,26.465485424255828,28.433401157498878,1.96791573324305
2,Savory Bakery,2024-11-07,28.372571308226725,27.694562853991165,28.50495556996529,0.8103927159741247
2,Savory Bakery,2024-11-08,28.42598993375058,27.418634539109465,28.560031463941744,1.1413969248322786
2,Savory Bakery,2024-11-09,45.28365378113486,45.70278396590115,45.396845359356526,0.4191301847662885
2,Savory Bakery,2024-11-10,45.24235038720829,45.79513643571063,45.34905294247471,0.552786048502341
2,Savory Bakery,2024-11-11,28.423704965546527,28.045427313035574,28.511651900764065,0.4662245877284903
2,Savory Bakery,2024-11-12,27.747131205672456,27.49680685357663,27.856865337953053,0.36005848437642385
2,Savory Bakery,2024-11-13,26.54562223525712,26.829885341369767,26.66343072806419,0.2842631061126468
2,Savory Bakery,2024-11-14,26.717490390962553,27.572452056964945,26.841219605125577,0.8549616660023922
2,Savory Bakery,2024-11-15,43.484550310397566,42.57909641281826,43.60724438677747,1.0281479739592072
2,Savory Bakery,2024-11-16,51.09558474753768,53.0439668335628,51.20159657579741,1.94838208602512
2,Savory Bakery,2024-11-17,51.96954359361656,53.8429550845881,52.072569575753576,1.8734114909715416
2,Savory Bakery,2024-11-18,35.37096629154556,36.17811617419149,35.476043494710716,0.8071498826459305
2,Savory Bakery,2024-11-19,66.57603288366191,72.56112256412744,66.70590480454995,5.985089680465535
2,Savory Bakery,2024-11-20,34.328033909663816,38.11493020749404,34.471808676560705,3.786896297830225
2,Savory Bakery,2024-11-21,33.740739185765875,34.88078421643195,33.883953451515005,1.140045030666073
2,Savory Bakery,2024-11-22,34.96505422456705,35.52435488151133,35.10651964098976,0.5593006569442807
2,Savory Bakery,2024-11-23,52.62839974353848,53.67890015541597,52.74605770549442,1.0505004118774863
2,Savory Bakery,2024-11-24,42.731631504693674,45.15280256050268,42.84148949147203,2.4211710558090047
2,Savory Bakery,2024-11-25,24.540779807159577,23.710395465678033,24.632063906546335,0.9216684408683022
2,Savory Bakery,2024-11-26,23.46911818161926,23.16374851393264,23.579768837183217,0.4160203232505779
2,Savory Bakery,2024-11-27,22.48207466031309,22.91288950435636,22.600254716613414,0.4308148440432724
2,Savory Bakery,2024-11-28,23.004170645493446,23.445247071682868,23.126327383898484,0.4410764261894222
2,Savory Bakery,2024-11-29,25.188515738922817,25.625036946114307,25.30363516003832,0.4365212071914897
2,Savory Bakery,2024-11-30,48.84838736415145,49.19682131511361,48.946806911699035,0.34843395096216057
2,Savory Bakery,2024-12-01,46.53670114077629,47.000590629044346,46.62954247229054,0.46388948826805887
2,Savory Bakery,2024-12-02,35.044858353289314,34.37151520264645,35.13284089667496,0.761325694028514
2,Savory Bakery,2024-12-03,33.35525989357113,33.54003366978008,33.46124867774882,0.18477377620894941
2,Savory Bakery,2024-12-04,33.16121625026033,33.33724703564248,33.279079137819174,0.1760307853821459
2,Savory Bakery,2024-12-05,50.50654525397241,50.90559394003892,50.62442710675122,0.39904868606650723
2,Savory Bakery,2024-12-06,34.62239344526014,34.3748664893821,34.742991522447326,0.36812503306522615
2,Savory Bakery,2024-12-07,52.12754652815922,52.941796872111794,52.22416542185488,0.8142503439525726
2,Savory Bakery,2024-12-08,78.32419137970506,77.76159418341491,78.4168345440229,0.6552403606079906
2,Savory Bakery,2024-12-09,35.06780352026602,34.6953627485006,35.15136195717382,0.4559992086732194
2,Savory Bakery,2024-12-10,46.80959524025769,48.91353771033289,46.9113169392607,2.1039424700751965
2,Savory Bakery,2024-12-11,27.955462521451366,29.383599897751676,28.0580545364828,1.4281373763003096
2,Savory Bakery,2024-12-12,28.231750428491516,29.19779318740871,28.341288775392975,0.9660427589171938
2,Savory Bakery,2024-12-13,29.8605439494031,30.204450323869956,29.968380249687392,0.34390637446685446
2,Savory Bakery,2024-12-14,45.44088167916631,45.89066445944081,45.53070477184306,0.4497827802745036
2,Savory Bakery,2024-12-15,53.3087520923563,53.527583413204376,53.38618401889649,0.218831320848075
2,Savory Bakery,2024-12-16,30.102124975365474,29.98679542819854,30.172199944739255,0.18540451654071433
2,Savory Bakery,2024-12-17,28.64770571796177,28.757797186899182,28.739767004321916,0.11009146893741217
2,Savory Bakery,2024-12-18,28.183722991646217,28.732676864566855,28.294447959908826,0.548953872920638
2,Savory Bakery,2024-12-19,28.037876896477893,28.22593337426034,28.150494933102284,0.18805647778244605
2,Savory Bakery,2024-12-20,29.43559331866053,29.497494659953134,29.544593374860227,0.10900005619969733
2,Savory Bakery,2024-12-21,46.25994854229763,46.54282253253549,46.3462313017925,0.2828739902378601
2,Savory Bakery,2024-12-22,45.504907722912236,46.12794452176445,45.589927166530046,0.6230367988522119
2,Savory Bakery,2024-12-23,29.715215872816827,29.36938314343686,29.792361743103566,0.42297859966670615
2,Savory Bakery,2024-12-24,28.656498686732974,28.607124876493696,28.756042928392823,0.14891805189912688
2,Savory Bakery,2024-12-25,28.062653827020732,28.31147592487296,28.162882126598934,0.24882209785222642
2,Savory Bakery,2024-12-26,28.06469544389674,28.149926570722375,28.171448493689162,0.10675304979242384
2,Savory Bakery,2024-12-27,29.639336291742893,28.897435777077753,29.744510196688985,0.8470744196112321
2,Savory Bakery,2024-12-28,46.35451697236396,46.48656802383371,46.44410759967569,0.1320510514697517
2,Savory Bakery,2024-12-29,110.17584678121442,110.78076310873796,110.2551746342971,0.6049163275235401
2,Savory Bakery,2024-12-30,30.351275444311543,31.335121705151412,30.42429195800691,0.9838462608398686
2,Savory Bakery,2024-12-31,36.823899188726756,38.120917784850036,36.91372323413041,1.29701859612328
2,Tea,2024-11-01,113.6880784701664,109.32612721544491,115.73747030269897,6.411343087254053
2,Tea,2024-11-02,74.83254488518074,71.9260687812276,75.37869970648721,3.452630925259612
2,Tea,2024-11-03,74.86375331465548,71.73248386628819,73.62537083492658,3.1312694483672914
2,Tea,2024-11-04,49.61508494403249,46.1523634237022,49.48005878282471,3.462721520330291
2,Tea,2024-11-05,49.589413336431505,45.63684785470523,50.348065840563024,4.711217985857793
2,Tea,2024-11-06,48.21586789060534,44.02425848654727,49.62898840253247,5.604729915985203
2,Tea,2024-11-07,48.01315759771488,45.10125980278007,48.0998485484169,2.9985887456368303
2,Tea,2024-11-08,41.09670136280182,37.92562470146696,41.24114303912405,3.315518337657089
2,Tea,2024-11-09,66.78543525139503,66.58056713696527,66.93899959261314,0.35843245564787196
2,Tea,2024-11-10,65.38753139623559,65.41100767405406,65.49969263468206,0.11216123844647541
2,Tea,2024-11-11,40.64586443197286,38.23034132846553,40.70505300268182,2.4747116742162945
2,Tea,2024-11-12,40.85082124591068,38.71746945000205,40.89192295273719,2.1744535027351404
2,Tea,2024-11-13,44.14701283958381,43.140562955883865,44.20933965673176,1.0687767008478914
2,Tea,2024-11-14,43.17672340990407,42.938700186756236,43.32065473278313,0.38195454602689694
2,Tea,2024-11-15,56.59661619452013,58.280528760784286,56.796287221299195,1.683912566264155
2,Tea,2024-11-16,69.70706413973929,74.13733920634449,69.9190068558654,4.430275066605205
2,Tea,2024-11-17,70.31684401837809,76.54375882740408,70.51693752381605,6.226914809025985
2,Tea,2024-11-18,44.19215979053127,44.90386036757986,44.40645075393091,0.7117005770485889
2,Tea,2024-11-19,97.81146561114898,96.95058106638213,98.03443646705087,1.0838554006687389
2,Tea,2024-11-20,43.28742917840469,46.266444941692804,43.543969949679564,2.9790157632881105
2,Tea,2024-11-21,43.226446251865895,45.224652694668514,43.51941320884939,1.9982064428026192
2,Tea,2024-11-22,44.226177089982784,45.35357955792648,44.542145684417896,1.1274024679436963
2,Tea,2024-11-23,71.53540345710553,77.67335900255026,71.82895067896278,6.137955545444726
2,Tea,2024-11-24,71.35165530887727,76.68738345761747,71.58977674857763,5.335728148740202
2,Tea,2024-11-25,41.47022342533834,40.657767660993336,41.644577872420996,0.9868102114276596
2,Tea,2024-11-26,40.71420274125812,39.33857201990636,40.86410527710164,1.5255332571952849
2,Tea,2024-11-27,39.61974230641794,38.7895435607156,39.75882876715842,0.9692852064428195
2,Tea,2024-11-28,40.32255416112642,39.458843786611226,40.487980141731455,1.0291363551202295
2,Tea,2024-11-29,43.64503160667939,43.6370878197564,43.824195183391666,0.18710736363526337
2,Tea,2024-11-30,80.94827321216663,81.93719085319216,81.11187994198946,0.9889176410255374
2,Tea,2024-12-01,77.73443955020257,79.21717386299663,77.8447970737403,1.482734312794065
2,Tea,2024-12-02,60.90915019485841,60.46831920142229,61.00521102504275,0.5368918236204578
2,Tea,2024-12-03,60.44379874524584,60.368728667283094,60.50699673649807,0.13826806921497337
2,Tea,2024-12-04,60.51446553298135,59.65680081141497,60.55493221098016,0.8981313995651945
2,Tea,2024-12-05,87.48510110601549,88.86847509386581,87.53610537858557,1.3833739878503195
2,Tea,2024-12-06,61.53004152247435,61.04684858316602,61.61464872414851,0.5678001409824915
2,Tea,2024-12-07,89.34057115294993,91.37777428905133,89.41938463901391,2.0372031361013967
2,Tea,2024-12-08,128.78123955126122,132.9847558246283,128.84700601079325,4.203516273367086
2,Tea,2024-12-09,60.982345916537085,60.94912183730391,61.01403133045933,0.06490949315541883
2,Tea,2024-12-10,79.98538058585457,83.20926594971007,79.99216199461999,3.2238853638555014
2,Tea,2024-12-11,49.746524167401496,50.51187995287474,49.75590472779682,0.7653557854732469
2,Tea,2024-12-12,49.63016493500359,50.28892919720936,49.696552829474044,0.6587642622057714
2,Tea,2024-12-13,50.685648955593194,51.406840375986775,50.78981387996966,0.7211914203935805
2,Tea,2024-12-14,77.17652307037976,79.55621541712105,77.30318549311406,2.379692346741294
2,Tea,2024-12-15,89.83819586018288,91.02785278909442,89.94662382823685,1.1896569289115462
2,Tea,2024-12-16,51.01144213138182,50.699642333430084,51.086129677851595,0.38648734442151067
2,Tea,2024-12-17,50.28062881785783,50.17969245626903,50.315765914466105,0.13607345819707461
2,Tea,2024-12-18,49.96237564241739,50.063785653127574,49.999259359599435,0.10141001071018252
2,Tea,2024-12-19,50.255907167955236,49.64433495856887,50.3335107978735,0.6891758393046317
2,Tea,2024-12-20,51.39808357344549,50.61833511974415,51.53271706445541,0.9143819447112591
2,Tea,2024-12-21,77.89279839361183,78.76888565033335,78.03716394415412,0.8760872567215188
2,Tea,2024-12-22,77.02948805318344,78.29551841523153,77.16167192534552,1.2660303620480846
2,Tea,2024-12-23,50.99514458088762,51.03363889531695,51.091304258066835,0.09615967717921592
2,Tea,2024-12-24,50.669775221518314,50.2470430040255,50.735237177930536,0.48819417390503617
2,Tea,2024-12-25,49.95053144088717,49.45131882103366,50.00273469449155,0.5514158734578913
2,Tea,2024-12-26,50.079400822267786,49.34701268544334,50.20001862503552,0.8530059395921796
2,Tea,2024-12-27,51.74085060447473,49.94945812282965,51.89975384860747,1.9502957257778206
2,Tea,2024-12-28,77.75686170541728,78.46620455339715,77.89953384575239,0.7093428479798689
2,Tea,2024-12-29,172.51726815856864,183.5615235871123,172.60375947329672,11.044255428543664
2,Tea,2024-12-30,51.79163153390045,53.60734402757041,51.844732760990844,1.8157124936699631
2,Tea,2024-12-31,62.8455209199117,64.77057254346664,62.882174317769696,1.9250516235549426
3,Bakery,2024-11-01,45.084872206404526,38.87185115620238,40.69118576357656,6.213021050202144
3,Bakery,2024-11-02,33.18277176455413,28.84557632341258,30.46732443446344,4.337195441141553
3,Bakery,2024-11-03,32.63937742700233,29.058826757962887,31.43069945916365,3.580550669039443
3,Bakery,2024-11-04,43.80947697373833,39.928661674404125,41.55031736592021,3.880815299334202
3,Bakery,2024-11-05,42.2557000225702,39.138252669496154,40.18742562034565,3.1174473530740485
3,Bakery,2024-11-06,42.11214362239984,38.91603569785816,40.37185054104024,3.1961079245416784
3,Bakery,2024-11-07,42.23075470413613,38.833828934360994,42.18048205513542,3.3969257697751374
3,Bakery,2024-11-08,42.3192628398464,39.12871943687459,42.266883389081215,3.1905434029718123
3,Bakery,2024-11-09,31.80152983392001,28.954887561392937,31.748678611943898,2.846642272527074
3,Bakery,2024-11-10,31.828495958419964,28.950632116240605,31.782355405058254,2.8778638421793588
3,Bakery,2024-11-11,39.16839205392607,36.08093102684151,39.11661726767066,3.087461027084558
3,Bakery,2024-11-12,37.62966894243128,34.530321626229835,37.56679911614348,3.0993473162014453
3,Bakery,2024-11-13,38.04978575261324,35.053486558724515,37.99361817836425,2.9962991938887242
3,Bakery,2024-11-14,37.47084547386218,34.77663314460045,37.436970971984586,2.694212329261724
3,Bakery,2024-11-15,46.11619517690144,43.11973706052183,46.12697946810335,3.007242407581522
3,Bakery,2024-11-16,26.885719243256194,24.080944099722313,26.945297966997902,2.8643538672755895
3,Bakery,2024-11-17,26.33458052136954,23.724518278660526,26.4178328573689,2.6933145787083745
3,Bakery,2024-11-18,36.92671342622042,34.40310182034942,37.01687887162609,2.6137770512766707
3,Bakery,2024-11-19,35.25857649798282,33.32936671702754,35.34283084945553,2.013464132427991
3,Bakery,2024-11-20,49.735362675370496,47.38282081131236,49.82783249057829,2.4450116792659315
3,Bakery,2024-11-21,87.01962958236388,87.72362734592272,87.14295101987801,0.7039977635588457
3,Bakery,2024-11-22,50.36209713233741,48.517568394190455,50.48511823099615,1.967549836805695
3,Bakery,2024-11-23,25.682389760919904,24.693591840623636,25.77331978577165,1.079727945148015
3,Bakery,2024-11-24,26.281071765998533,25.514923718570998,26.34886063774337,0.8339369191723733
3,Bakery,2024-11-25,38.14299570261517,37.23832892216301,38.19516385303518,0.9568349308721764
3,Bakery,2024-11-26,36.06614159469646,35.46347477835444,36.09484654724868,0.6313717688942404
3,Bakery,2024-11-27,36.69882106568604,35.619557179774446,36.73224517002493,1.1126879902504854
3,Bakery,2024-11-28,37.03067080874441,36.01059890808679,37.08398881843274,1.073389910345952
3,Bakery,2024-11-29,38.17847945219124,37.610595983646505,38.231061565237184,0.620465581590679
3,Bakery,2024-11-30,34.969574738463436,35.44781287994736,35.01413253263581,0.47823814148392074
3,Bakery,2024-12-01,32.26147660918735,31.853996152791915,32.29318007753934,0.4391839247474252
3,Bakery,2024-12-02,44.13306843656341,43.51118987241365,44.13514157202551,0.6239516996118581
3,Bakery,2024-12-03,42.149981931051855,41.61994168450987,42.13171751903518,0.5300402465419864
3,Bakery,2024-12-04,41.53178872758731,40.697142021671965,41.52379275928416,0.8346467059153468
3,Bakery,2024-12-05,58.456751204783856,57.2402052042105,58.46701588318725,1.2268106789767543
3,Bakery,2024-12-06,41.71452122583874,41.19301365057185,41.72768807240024,0.5346744218283916
3,Bakery,2024-12-07,31.324511815142134,30.510400222585687,31.326429908422245,0.8160296858365577
3,Bakery,2024-12-08,31.188936748719932,31.095172459376485,31.176854089988232,0.09376428934344716
3,Bakery,2024-12-09,43.87367552315099,43.827279848437556,43.861762081886496,0.04639567471343753
3,Bakery,2024-12-10,90.1789660594701,98.01128961208985,90.17935233599208,7.832323552619755
3,Bakery,2024-12-11,41.04524192281406,41.19851083669859,41.06572831078755,0.15326891388453134
3,Bakery,2024-12-12,40.95386822937803,41.13908616333468,40.99753541695926,0.18521793395665043
3,Bakery,2024-12-13,41.26421793998881,41.10939955606794,41.31243406518977,0.20303450912182797
3,Bakery,2024-12-14,30.83140367384693,31.00261638744925,30.88135472106441,0.1712127136023227
3,Bakery,2024-12-15,38.43687170681316,38.90311685902125,38.49603812909518,0.4662451522080957
3,Bakery,2024-12-16,63.26518967838602,63.481847462790384,63.30007328337956,0.21665778440436156
3,Bakery,2024-12-17,41.26704516160642,40.68917395313828,41.253558042194676,0.5778712084681388
3,Bakery,2024-12-18,41.656265517225336,40.83221458246541,41.633540320143844,0.8240509347599243
3,Bakery,2024-12-19,42.38493789731976,42.03588648356064,42.37806664930257,0.3490514137591205
3,Bakery,2024-12-20,42.228412222543724,41.872242456384015,42.225574950613215,0.3561697661597094
3,Bakery,2024-12-21,31.59924452303103,30.89747021595833,31.601993642406633,0.7045234264483042
3,Bakery,2024-12-22,31.25037177810511,30.601456406585356,31.255811986782483,0.6543555801971266
3,Bakery,2024-12-23,42.59221868140443,42.074302399864735,42.576774265189414,0.5179162815396978
3,Bakery,2024-12-24,41.205984236919385,40.64331028257128,41.17447745064968,0.5626739543481065
3,Bakery,2024-12-25,41.79106856597177,41.09954867301151,41.75752806925196,0.6915198929602582
3,Bakery,2024-12-26,42.178933749080365,41.347280759699515,42.135185496586836,0.8316529893808493
3,Bakery,2024-12-27,42.046575424919745,41.23008696729339,41.9984354918768,0.816488457626356
3,Bakery,2024-12-28,42.12322937444222,41.905714471710084,42.08403869763285,0.21751490273213392
3,Bakery,2024-12-29,31.820430921334175,31.87335802181074,31.784984734708818,0.08837328710192338
3,Bakery,2024-12-30,59.7889905544425,57.74410697542742,59.740278958725646,2.044883579015078
3,Bakery,2024-12-31,50.7192859607414,50.36619944236308,50.653422269919275,0.35308651837831917
3,Chocolate & Milk,2024-11-01,24.504265504818214,22.181621024152086,22.660830108879182,2.3226444806661277
3,Chocolate & Milk,2024-11-02,17.112141889459522,15.0903388568268,15.450511880992439,2.0218030326327217
3,Chocolate & Milk,2024-11-03,16.951903149430898,15.03811115550181,15.652227830159822,1.9137919939290882
3,Chocolate & Milk,2024-11-04,24.231736810864803,22.1148697506199,23.325676478900906,2.1168670602449033
3,Chocolate & Milk,2024-11-05,23.111938438435462,21.338228956229692,23.072602850109625,1.7737094822057706
3,Chocolate & Milk,2024-11-06,23.040566884514057,21.370078327164,22.905963210176893,1.6704885573500583
3,Chocolate & Milk,2024-11-07,22.96323997209143,20.998400955023044,22.983738993632326,1.9853380386092816
3,Chocolate & Milk,2024-11-08,23.165503524833188,21.95317755709896,23.189817504885333,1.2366399477863723
3,Chocolate & Milk,2024-11-09,16.41671949715689,15.472374485636553,16.442137018872632,0.9697625332360786
3,Chocolate & Milk,2024-11-10,16.241372984403004,15.33503953725931,16.268179226472682,0.9331396892133732
3,Chocolate & Milk,2024-11-11,20.76199680941225,19.50720059788324,20.79226621794387,1.285065620060628
3,Chocolate & Milk,2024-11-12,20.39638819700668,18.892770069622287,20.429963965332234,1.5371938957099474
3,Chocolate & Milk,2024-11-13,20.28877589622014,18.876308357731208,20.324482113035135,1.4481737553039267
3,Chocolate & Milk,2024-11-14,20.13626835109483,18.929686661242318,20.17714585902005,1.247459197777733
3,Chocolate & Milk,2024-11-15,35.50674134702138,34.38951378770144,35.55636354878538,1.1668497610839381
3,Chocolate & Milk,2024-11-16,21.52600677718337,20.44907154510248,21.58441216358701,1.1353406184845305
3,Chocolate & Milk,2024-11-17,21.33654749344583,19.996810312346206,21.396421009152935,1.3996106968067288
3,Chocolate & Milk,2024-11-18,29.9625225555071,29.2201817096214,30.0195638417988,0.7993821321773993
3,Chocolate & Milk,2024-11-19,27.24428057606893,26.22907230122952,27.300389760804656,1.071317459575134
3,Chocolate & Milk,2024-11-20,30.42047279950664,29.007318957922664,30.483555546419197,1.4762365884965334
3,Chocolate & Milk,2024-11-21,54.20535718259031,52.17564676980477,54.27053771282617,2.0948909430213973
3,Chocolate & Milk,2024-11-22,30.453596280548343,28.853548422985593,30.511930857748965,1.6583824347633715
3,Chocolate & Milk,2024-11-23,19.50573317216191,19.947285054890195,19.562592199310078,0.44155188272828383
3,Chocolate & Milk,2024-11-24,19.70205233421945,20.163118986647795,19.764786930104403,0.46106665242834666
3,Chocolate & Milk,2024-11-25,29.093397823969802,29.080490652964215,29.151715201677426,0.07122454871321082
3,Chocolate & Milk,2024-11-26,28.09266411115155,27.684220208404348,28.139052808232076,0.4548325998277285
3,Chocolate & Milk,2024-11-27,28.384834616329186,28.20291104385867,28.42722082494256,0.224309781083889
3,Chocolate & Milk,2024-11-28,28.894980191838727,29.00294388756023,28.939724395459777,0.1079636957215051
3,Chocolate & Milk,2024-11-29,21.06353458173732,21.435288706328407,21.102742143727543,0.3717541245910887
3,Chocolate & Milk,2024-11-30,18.623397923113473,19.18876796206085,18.654566178536182,0.5653700389473784
3,Chocolate & Milk,2024-12-01,16.856706892308058,16.80176932288275,16.88233385946272,0.08056453657997054
3,Chocolate & Milk,2024-12-02,24.169497528579296,23.948592283250512,24.189124369378526,0.24053208612801313
3,Chocolate & Milk,2024-12-03,23.11665260375707,22.938870161587538,23.125401597469104,0.18653143588156595
3,Chocolate & Milk,2024-12-04,23.14436245128331,22.78079405703744,23.14618809424161,0.36539403720416885
3,Chocolate & Milk,2024-12-05,33.29008155260219,32.565018860650405,33.291049162788866,0.7260303021384615
3,Chocolate & Milk,2024-12-06,24.126356447383525,24.183702977086572,24.1262599082938,0.05744306879277161
3,Chocolate & Milk,2024-12-07,17.44459045689529,17.233269146432946,17.43677689367337,0.21132131046234548
3,Chocolate & Milk,2024-12-08,25.37491398427882,25.779252397283425,25.358014372764355,0.4212380245190701
3,Chocolate & Milk,2024-12-09,34.52522829027696,35.1970291280079,34.501069105661784,0.6959600223461138
3,Chocolate & Milk,2024-12-10,88.98372070255405,91.70399863242342,88.95433731064657,2.7496613217768555
3,Chocolate & Milk,2024-12-11,24.08656641179779,23.983990968734698,24.05002123422962,0.10257544306309185
3,Chocolate & Milk,2024-12-12,23.968826879271187,23.88355107139368,23.92418434684664,0.08527580787750821
3,Chocolate & Milk,2024-12-13,24.00245523192182,23.79075542433828,23.950170992499736,0.21169980758354257
3,Chocolate & Milk,2024-12-14,17.53036188831797,17.402870685707637,17.47841165195344,0.12749120261033298
3,Chocolate & Milk,2024-12-15,22.248784309701797,22.538654817462522,22.195364626330715,0.3432901911318069
3,Chocolate & Milk,2024-12-16,37.98525648525984,37.9515647571159,37.92533345165757,0.05992303360226714
3,Chocolate & Milk,2024-12-17,23.695180588221803,23.315075448458174,23.63562165678984,0.3801051397636286
3,Chocolate & Milk,2024-12-18,23.84536890247242,23.4003723225309,23.798206228207018,0.4449965799415203
3,Chocolate & Milk,2024-12-19,24.111813789631405,23.85531973783767,24.07076608994887,0.25649405179373375
3,Chocolate & Milk,2024-12-20,23.995775751934353,23.578590966415156,23.95483818448923,0.417184785519197
3,Chocolate & Milk,2024-12-21,17.55847471075732,17.49650941083253,17.52510242353037,0.06196529992478972
3,Chocolate & Milk,2024-12-22,17.424292237457628,17.412956334067196,17.402479951403045,0.021812286054583296
3,Chocolate & Milk,2024-12-23,24.727216019231786,24.581299534228183,24.7058156887756,0.1459164850036032
3,Chocolate & Milk,2024-12-24,23.940753084439248,23.95057417433547,23.919496175561765,0.03107799877370354
3,Chocolate & Milk,2024-12-25,23.60904091753301,23.32849897678555,23.597183947695267,0.28054194074746164
3,Chocolate & Milk,2024-12-26,23.70164633761558,23.40878031577587,23.70007105824486,0.292866021839707
3,Chocolate & Milk,2024-12-27,23.56713462014364,23.371914483294532,23.568474654835946,0.1965601715414138
3,Chocolate & Milk,2024-12-28,23.33988110511845,22.233478767572706,23.344290000960463,1.1108112333877571
3,Chocolate & Milk,2024-12-29,16.444652638507357,16.76697369616349,16.457130593265653,0.32232105765613284
3,Chocolate & Milk,2024-12-30,34.29269723888619,33.004356221228235,34.3118596933745,1.3075034721462657
3,Chocolate & Milk,2024-12-31,28.668324624225953,28.286108949342363,28.68618435582531,0.4000754064829479
3,Coffee,2024-11-01,178.3850685158617,161.757401459383,168.91677371260158,16.627667056478685
3,Coffee,2024-11-02,135.92313171643193,120.95785552745454,124.68990022786068,14.965276188977384
3,Coffee,2024-11-03,133.7923886787296,122.77756935208964,125.50788217899917,11.014819326639952
3,Coffee,2024-11-04,177.23775258187823,168.0072805317027,170.4822636580712,9.230472050175536
3,Coffee,2024-11-05,171.6907306009766,160.09631393745786,168.56859306650205,11.594416663518729
3,Coffee,2024-11-06,172.15756755275007,160.24222846661416,171.47679365298657,11.915339086135901
3,Coffee,2024-11-07,171.3936373924052,160.06616594803606,171.4689504559762,11.40278450794014
3,Coffee,2024-11-08,171.41239272246656,161.6583497728282,171.48953766638053,9.83118789355234
3,Coffee,2024-11-09,132.05279461144974,122.7125691827082,132.12487925898196,9.41231007627377
3,Coffee,2024-11-10,130.36817721616868,120.82272602265408,130.42773205181524,9.60500602916116
3,Coffee,2024-11-11,155.17037580076715,143.99778632508588,155.19609000188427,11.198303676798389
3,Coffee,2024-11-12,152.4614994438964,141.09325946612688,152.46092366549217,11.36823997776952
3,Coffee,2024-11-13,153.94604718762633,144.85975373255053,153.99573109052207,9.13597735797154
3,Coffee,2024-11-14,150.78836906018094,141.7935033685124,150.91109021959474,9.117586851082336
3,Coffee,2024-11-15,248.9117358330585,236.86239477633927,249.09857514503778,12.236180368698513
3,Coffee,2024-11-16,164.52012567720507,150.32280805640636,164.74225053103712,14.419442474630756
3,Coffee,2024-11-17,162.35485675530848,148.28031992418937,162.58616675704403,14.305846832854655
3,Coffee,2024-11-18,210.03695265156873,197.30036895321,210.25842916955537,12.958060216345359
3,Coffee,2024-11-19,196.55376794619718,192.27900268169319,196.80580909123452,4.5268064095413365
3,Coffee,2024-11-20,212.44904372462125,200.46988744045527,212.7738389180998,12.303951477644546
3,Coffee,2024-11-21,353.74648202753593,342.8280194533894,354.1340791972007,11.306059743811318
3,Coffee,2024-11-22,212.58853365816915,199.17789900353864,212.99918693000373,13.82128792646509
3,Coffee,2024-11-23,147.6982285913442,146.61055900517874,148.13859257496742,1.5280335697886755
3,Coffee,2024-11-24,146.93610854621,144.50049669369935,147.40170184439447,2.9012051506951195
3,Coffee,2024-11-25,203.68610818099864,201.35172661559326,204.14258030665783,2.7908536910645694
3,Coffee,2024-11-26,197.65582366590172,195.23493261679715,198.0686427383462,2.8337101215490463
3,Coffee,2024-11-27,198.81322245001036,196.33165939180464,199.22023380641014,2.8885744146055004
3,Coffee,2024-11-28,201.8653345746549,202.65791576007086,202.26087717422283,0.792581185415969
3,Coffee,2024-11-29,152.65196339007073,153.30682015897702,153.01547461001354,0.654856768906285
3,Coffee,2024-11-30,137.21584452106336,137.9959098288309,137.56517817303686,0.7800653077675292
3,Coffee,2024-12-01,125.78501045660266,124.15264900277263,126.14647134369146,1.9938223409188254
3,Coffee,2024-12-02,168.57902865481526,165.64931835933285,168.9205042578901,3.271185898557235
3,Coffee,2024-12-03,165.6792982351015,164.4121152434827,166.01893337577044,1.6068181322877422
3,Coffee,2024-12-04,166.0944343834181,163.1973479607671,166.4504745274819,3.2531265667147977
3,Coffee,2024-12-05,225.49527425548166,221.61892446018487,225.83433127718376,4.215406816998893
3,Coffee,2024-12-06,165.7921138332428,164.47375443097414,166.07076873563042,1.597014304656284
3,Coffee,2024-12-07,126.71357775769089,122.64506704890955,126.95674036852779,4.311673319618237
3,Coffee,2024-12-08,179.79022601352685,184.3825331511807,180.0282315847271,4.592307137653847
3,Coffee,2024-12-09,233.0549117419363,239.1186043014994,233.29926023783338,6.063692559563094
3,Coffee,2024-12-10,596.0027041475144,640.0027798687325,596.2643977727915,44.000075721218195
3,Coffee,2024-12-11,168.27854018347722,168.30483217537642,168.5457294497831,0.267189266305877
3,Coffee,2024-12-12,166.86844331434298,166.50904448502155,167.11708908320807,0.6080445981865239
3,Coffee,2024-12-13,168.7104963082479,167.34910494338965,168.94208405674755,1.5929791133578988
3,Coffee,2024-12-14,129.46273263446955,129.13256999197023,129.6731616968957,0.5405917049254754
3,Coffee,2024-12-15,156.40076776381352,157.240315733513,156.59160163599552,0.8395479696994812
3,Coffee,2024-12-16,252.82426728726247,255.39754726270004,253.00572642596885,2.573279975437572
3,Coffee,2024-12-17,169.40515528411186,168.79204502780067,169.65231089477638,0.8602658669757091
3,Coffee,2024-12-18,170.8147516823307,169.32602819337149,171.14993273233614,1.8239045389646549
3,Coffee,2024-12-19,170.09413849536523,168.30205457226543,170.46211238803448,2.1600578157690506
3,Coffee,2024-12-20,170.9679690080152,169.4559146026067,171.30070026914638,1.8447856665396785
3,Coffee,2024-12-21,131.42514501139095,129.98325380257882,131.7306102783888,1.747356475809994
3,Coffee,2024-12-22,130.76402956132858,126.3711300918789,131.03077256036184,4.659642468482943
3,Coffee,2024-12-23,173.20181691978814,171.43458716086218,173.39854900976937,1.9639618489071893
3,Coffee,2024-12-24,170.32699954289427,168.65267052571528,170.48734368602936,1.8346731603140825
3,Coffee,2024-12-25,172.69018569635753,170.94861568920146,172.8632188096364,1.914603120434947
3,Coffee,2024-12-26,173.93125606866107,171.8517247204498,174.09406872517138,2.2423440047215877
3,Coffee,2024-12-27,173.05115216942988,170.24983056300582,173.18679401468668,2.9369634516808674
3,Coffee,2024-12-28,173.00161052190413,172.0503553914948,173.10391963471977,1.0535642432249688
3,Coffee,2024-12-29,129.91127508282932,128.9197594206609,129.965097100435,1.045337679774093
3,Coffee,2024-12-30,248.86511084146017,237.97448799243392,248.85453773992373,10.890622849026244
3,Coffee,2024-12-31,204.1803695779597,200.77212065627586,204.16152336775355,3.4082489216838496
3,Juice & Smoothie,2024-11-01,14.583478253008288,14.120156135694822,14.28968703758038,0.4633221173134654
3,Juice & Smoothie,2024-11-02,10.263143453221087,9.850564107734634,9.945725847616067,0.4125793454864528
3,Juice & Smoothie,2024-11-03,10.27727399308259,10.007127603651282,9.915707297879603,0.36156669520298657
3,Juice & Smoothie,2024-11-04,15.081598880674179,14.840914145892011,14.84605322053647,0.24068473478216745
3,Juice & Smoothie,2024-11-05,14.530351470875871,14.158977966521672,14.30970624977451,0.37137350435419947
3,Juice & Smoothie,2024-11-06,14.088979794630626,13.609798840514857,13.98726349009687,0.479180954115769
3,Juice & Smoothie,2024-11-07,14.172848477792828,13.672266936982671,14.169734731718616,0.5005815408101562
3,Juice & Smoothie,2024-11-08,14.395284968789696,13.729935164937093,14.38079180616048,0.6653498038526031
3,Juice & Smoothie,2024-11-09,10.584122082237014,9.80127988454533,10.560649091237773,0.782842197691684
3,Juice & Smoothie,2024-11-10,10.681562478143316,9.787020288518988,10.658511971637953,0.8945421896243282
3,Juice & Smoothie,2024-11-11,13.738955713847375,12.953723248925277,13.720793211518743,0.7852324649220979
3,Juice & Smoothie,2024-11-12,12.95604684171962,12.151789150423362,12.946655665476271,0.8042576912962591
3,Juice & Smoothie,2024-11-13,12.901976927609649,12.1612977202012,12.90199438382043,0.7406966636192305
3,Juice & Smoothie,2024-11-14,12.710515074875246,11.885785173270879,12.70997790970547,0.8247299016043677
3,Juice & Smoothie,2024-11-15,22.65768111561541,21.498190785840638,22.648365951226605,1.1594903297747727
3,Juice & Smoothie,2024-11-16,13.877949864181673,12.947845993453715,13.862204096898232,0.9301038707279581
3,Juice & Smoothie,2024-11-17,14.250146184826857,13.089974922450185,14.235884946739885,1.1601712623766716
3,Juice & Smoothie,2024-11-18,18.748278184423317,17.894668639503855,18.738657911985797,0.8536095449194612
3,Juice & Smoothie,2024-11-19,17.350851400353708,17.0677089487983,17.348536397453376,0.28314245155540974
3,Juice & Smoothie,2024-11-20,17.457006883967157,17.74153203916982,17.462732521103817,0.28452515520266175
3,Juice & Smoothie,2024-11-21,30.78385726368124,31.16485650012278,30.790755604638974,0.3809992364415393
3,Juice & Smoothie,2024-11-22,17.38394013364921,17.243029401144984,17.38436968901328,0.1413402878682959
3,Juice & Smoothie,2024-11-23,12.683961907406507,12.437605505481953,12.678105812714836,0.24635640192455455
3,Juice & Smoothie,2024-11-24,12.855754683418322,12.543962808253275,12.848477432204263,0.31179187516504747
3,Juice & Smoothie,2024-11-25,18.419699783039718,18.366278820246833,18.417079672090676,0.05342096279288455
3,Juice & Smoothie,2024-11-26,17.790721316337276,17.853884085019555,17.795160055099284,0.06316276868227888
3,Juice & Smoothie,2024-11-27,17.594460245995002,17.65253782377166,17.604414970592526,0.05807757777665756
3,Juice & Smoothie,2024-11-28,17.913214009645337,18.19948930082673,17.92061296821255,0.2862752911813935
3,Juice & Smoothie,2024-11-29,13.358392660794578,13.338134169784675,13.358636605816146,0.02050243603147095
3,Juice & Smoothie,2024-11-30,12.179564318637313,12.245520429492665,12.17502658769264,0.07049384180002427
3,Juice & Smoothie,2024-12-01,10.908571551553704,10.848736045378741,10.901802077205192,0.059835506174962916
3,Juice & Smoothie,2024-12-02,15.661165777240097,15.26759763721365,15.655928737233593,0.39356814002644747
3,Juice & Smoothie,2024-12-03,14.998232427906364,14.927433266670933,14.999886039286261,0.07245277261532834
3,Juice & Smoothie,2024-12-04,14.380436474918415,14.161058210309669,14.391648046692275,0.230589836382606
3,Juice & Smoothie,2024-12-05,20.67688036698342,20.345570371840893,20.685785420901176,0.34021504906028355
3,Juice & Smoothie,2024-12-06,14.676099416292855,14.568382049596638,14.673189841595391,0.10771736669621745
3,Juice & Smoothie,2024-12-07,10.866470316960507,10.891888605243537,10.855655421004325,0.036233184239211624
3,Juice & Smoothie,2024-12-08,10.733566842295167,10.697635278451418,10.723229583620345,0.03593156384374829
3,Juice & Smoothie,2024-12-09,15.628905364876644,15.379824478362032,15.624417837110322,0.24908088651461213
3,Juice & Smoothie,2024-12-10,33.52683632257002,34.811939602628684,33.53236432888485,1.2851032800586637
3,Juice & Smoothie,2024-12-11,14.579028080965776,14.568820670606504,14.59193020941628,0.023109538809775287
3,Juice & Smoothie,2024-12-12,14.469444569834941,14.410953679948557,14.478540183704332,0.06758650375577524
3,Juice & Smoothie,2024-12-13,14.716690132684842,14.659565132559427,14.715311047840085,0.057125000125415326
3,Juice & Smoothie,2024-12-14,10.851706590448623,10.745954632541757,10.844128031778578,0.10575195790686642
3,Juice & Smoothie,2024-12-15,13.870063234664872,13.878748997662727,13.862271135715076,0.016477861947651107
3,Juice & Smoothie,2024-12-16,23.41795997757006,23.28077649990973,23.415574265967823,0.13718347766032934
3,Juice & Smoothie,2024-12-17,14.568854098733835,14.452763202702949,14.576935926589682,0.1241727238867334
3,Juice & Smoothie,2024-12-18,14.516354522330221,14.523036232005394,14.533190352639387,0.0168358303091658
3,Juice & Smoothie,2024-12-19,14.47168230072235,14.30905166332051,14.48936566320971,0.18031399988920072
3,Juice & Smoothie,2024-12-20,14.495971340039015,14.26016489780288,14.50534475072101,0.24517985291812927
3,Juice & Smoothie,2024-12-21,10.759008890100777,10.701335654539207,10.759288012701541,0.057952358162333795
3,Juice & Smoothie,2024-12-22,10.686831006872774,10.574586061387286,10.682753589577493,0.11224494548548769
3,Juice & Smoothie,2024-12-23,15.275912496536993,14.867451000098873,15.275234046542225,0.4084614964381199
3,Juice & Smoothie,2024-12-24,14.655443113008635,14.536018241377988,14.66447791739439,0.1284596760164014
3,Juice & Smoothie,2024-12-25,14.594988526922467,14.566298786329321,14.610299612460956,0.044000826131634696
3,Juice & Smoothie,2024-12-26,14.56408775281375,14.346065725243172,14.575611415120639,0.22954568987746704
3,Juice & Smoothie,2024-12-27,14.639544815178382,14.284520444488114,14.641245271073291,0.356724826585177
3,Juice & Smoothie,2024-12-28,14.89484574395357,14.847309647561492,14.892401344128757,0.04753609639207923
3,Juice & Smoothie,2024-12-29,10.877216721014413,10.895898870067565,10.87433816975991,0.021560700307654557
3,Juice & Smoothie,2024-12-30,23.563931171930832,22.432179418722917,23.563892282144785,1.131751753207915
3,Juice & Smoothie,2024-12-31,18.37900881758571,18.199472377605353,18.389336530585776,0.18986415298042303
3,Merchandise,2024-11-01,9.163106618174014,8.370385753274926,8.935016075857295,0.7927208648990884
3,Merchandise,2024-11-02,6.359564306520177,6.002286133230629,6.0190918751607265,0.35727817328954803
3,Merchandise,2024-11-03,6.357672202266741,5.878027846703172,6.103596548685148,0.4796443555635692
3,Merchandise,2024-11-04,9.205124657438946,8.528688537409328,8.82112506874113,0.6764361200296172
3,Merchandise,2024-11-05,8.79976690875664,8.276523245877083,8.414437632888294,0.5232436628795565
3,Merchandise,2024-11-06,8.835390797133611,8.19459492081204,8.846569460830048,0.6519745400180081
3,Merchandise,2024-11-07,9.11223145710742,8.756355098678053,9.11281204928781,0.3564569506097559
3,Merchandise,2024-11-08,8.941252402349127,8.385325465718395,8.941952039735535,0.5566265740171392
3,Merchandise,2024-11-09,6.266678109456377,5.729576208428885,6.268111529878534,0.5385353214496496
3,Merchandise,2024-11-10,6.222415902200839,5.745303924314268,6.226556352537079,0.48125242822281145
3,Merchandise,2024-11-11,7.965557554494067,7.574936322229318,7.9702084474453905,0.39527212521607247
3,Merchandise,2024-11-12,7.58552077545782,7.124442256312189,7.587711904098591,0.4632696477864018
3,Merchandise,2024-11-13,7.767180234756273,7.3946580381515465,7.769257079999264,0.3745990418477172
3,Merchandise,2024-11-14,7.75346563120991,7.263356231761561,7.7583835048123,0.4950272730507388
3,Merchandise,2024-11-15,13.844976540821348,12.834637321246333,13.850997789271055,1.0163604680247218
3,Merchandise,2024-11-16,8.088041709452458,6.949817536336726,8.094816165631284,1.1449986292945589
3,Merchandise,2024-11-17,8.221031374403985,7.4422886630952005,8.22975924627195,0.7874705831767495
3,Merchandise,2024-11-18,11.259742075544041,10.468473350687965,11.269104255112184,0.800630904424219
3,Merchandise,2024-11-19,10.66702940266856,10.63226410955809,10.675421102488887,0.04315699293079689
3,Merchandise,2024-11-20,10.615015988662522,10.579263480285732,10.623884333873592,0.044620853587860054
3,Merchandise,2024-11-21,18.314650453282248,17.853258140701676,18.323979880901028,0.47072174019935176
3,Merchandise,2024-11-22,10.690106699411155,10.503457662552758,10.699396871147364,0.19593920859460567
3,Merchandise,2024-11-23,7.637472767615503,7.613297993133468,7.6468604983498185,0.0335625052163504
3,Merchandise,2024-11-24,7.566509959965027,7.428786489308342,7.5761212053325,0.14733471602415804
3,Merchandise,2024-11-25,11.184295067402415,11.059640824060356,11.193423337658437,0.13378251359808147
3,Merchandise,2024-11-26,10.788622705415994,10.693735940535117,10.796455996113837,0.10272005557872
3,Merchandise,2024-11-27,10.716675036059938,10.568341260870227,10.72202498568935,0.15368372481912296
3,Merchandise,2024-11-28,11.1009059194077,11.142013103134346,11.10386381531691,0.04110718372664657
3,Merchandise,2024-11-29,7.924624312256167,8.05262803402104,7.926048412309754,0.1280037217648733
3,Merchandise,2024-11-30,7.022914338198248,7.14793607461638,7.024124185916414,0.12502173641813208
3,Merchandise,2024-12-01,6.096315238880464,6.119713116447551,6.097455517741647,0.023397877567087555
3,Merchandise,2024-12-02,9.045170818179091,8.830427308772316,9.045686254885744,0.215258946113428
3,Merchandise,2024-12-03,8.764811107767496,8.695598949086255,8.764874637257929,0.06927568817167362
3,Merchandise,2024-12-04,8.671711433508433,8.515301408982541,8.674643778251475,0.1593423692689342
3,Merchandise,2024-12-05,12.944462198280476,12.575683228309975,12.948558747067569,0.37287551875759384
3,Merchandise,2024-12-06,8.751386289453553,8.623585260454597,8.752600724767463,0.12901546431286626
3,Merchandise,2024-12-07,6.155969680479181,6.041158418008564,6.155400934748563,0.11481126247061724
3,Merchandise,2024-12-08,9.44609257761496,9.628208976888281,9.446886289749544,0.1821163992733208
3,Merchandise,2024-12-09,12.977496480035722,13.30958560885069,12.97705281887767,0.33253278997301905
3,Merchandise,2024-12-10,34.71213290522017,32.516723696159715,34.71033224485515,2.1954092090604576
3,Merchandise,2024-12-11,8.843112004823517,8.768292912791818,8.841559190770345,0.07481909203169934
3,Merchandise,2024-12-12,8.960353032751467,8.825946219814597,8.958256501496358,0.13440681293687007
3,Merchandise,2024-12-13,9.02814560029624,9.009809119840416,9.024514256945944,0.018336480455824145
3,Merchandise,2024-12-14,6.104678135568018,6.140722773357659,6.101164501794601,0.0395582715630578
3,Merchandise,2024-12-15,8.201142941687904,8.227562955771873,8.197319950073622,0.030243005698251224
3,Merchandise,2024-12-16,14.44399442225121,14.255135133881115,14.43957407050374,0.1888592883700948
3,Merchandise,2024-12-17,8.813980414870292,8.725833600125819,8.810762710057796,0.08814681474447283
3,Merchandise,2024-12-18,8.898273502036249,8.682504192877229,8.897502669809555,0.21576930915902004
3,Merchandise,2024-12-19,8.935950238059206,8.689188800374058,8.936810789721658,0.24762198934759994
3,Merchandise,2024-12-20,9.00708447799478,8.835882452219185,9.009040768190111,0.17315831597092668
3,Merchandise,2024-12-21,6.161114670403974,6.036787470926369,6.1630583011578866,0.1262708302315172
3,Merchandise,2024-12-22,6.236594709679362,6.180063972960857,6.238225222506023,0.058161249545165994
3,Merchandise,2024-12-23,9.23399814790648,9.093878721306055,9.233421156117688,0.14011942660042465
3,Merchandise,2024-12-24,8.844900128104888,8.741885628937549,8.842451281110788,0.10301449916733851
3,Merchandise,2024-12-25,8.783895014970788,8.502384402769628,8.78082132582216,0.2815106122011599
3,Merchandise,2024-12-26,8.986047360747131,8.82088060053956,8.983167279753076,0.16516676020757082
3,Merchandise,2024-12-27,8.915694569614393,8.632946126209681,8.91316424924271,0.28274844340471184
3,Merchandise,2024-12-28,8.082370450402248,7.981564999778258,8.082323964701068,0.10080545062398993
3,Merchandise,2024-12-29,6.232468715194599,6.301361114830998,6.233525720482403,0.0688923996363986
3,Merchandise,2024-12-30,12.96094764309878,12.007497387292064,12.959837793353671,0.9534502558067164
3,Merchandise,2024-12-31,11.00806906284788,10.963380736025352,11.006821469088782,0.04468832682252888
3,Savory Bakery,2024-11-01,34.85754873920768,32.32104225241048,33.242976893992704,2.536506486797201
3,Savory Bakery,2024-11-02,25.059064446956384,23.17957176314861,23.27562075482941,1.8794926838077757
3,Savory Bakery,2024-11-03,24.7712751867977,23.646280127807216,24.57001369633231,1.124995058990482
3,Savory Bakery,2024-11-04,34.88332804961159,33.71801009195134,33.89231802329721,1.1653179576602497
3,Savory Bakery,2024-11-05,34.02917172581231,32.13652250261569,33.645249515237,1.8926492231966208
3,Savory Bakery,2024-11-06,33.66896690234085,31.90195737281487,33.58899658706506,1.7670095295259785
3,Savory Bakery,2024-11-07,34.205175264840335,32.76931024818899,34.209866797942524,1.4405565497535378
3,Savory Bakery,2024-11-08,34.44361300596485,33.41472266059966,34.43115589920297,1.0288903453651912
3,Savory Bakery,2024-11-09,25.791405146576658,24.125419921057926,25.769885765324943,1.6659852255187317
3,Savory Bakery,2024-11-10,25.613583162439227,24.713624221454037,25.58667543141921,0.89995894098519
3,Savory Bakery,2024-11-11,31.810539382138394,29.904235421112467,31.772646455256474,1.9063039610259267
3,Savory Bakery,2024-11-12,31.042991902407575,29.207980250631955,31.002070109171953,1.8350116517756199
3,Savory Bakery,2024-11-13,30.518828885345513,28.312063423631336,30.488420976541715,2.206765461714177
3,Savory Bakery,2024-11-14,29.850126846671227,27.756603581633428,29.836484968685426,2.093523265037799
3,Savory Bakery,2024-11-15,49.69103511232506,47.334275390583635,49.700830781783694,2.366555391200059
3,Savory Bakery,2024-11-16,30.900925103367133,28.614129038125757,30.935338427760527,2.3212093896347703
3,Savory Bakery,2024-11-17,31.021052204802448,28.470034733902548,31.069581096201393,2.5995463622988453
3,Savory Bakery,2024-11-18,41.38974097740634,39.43573836598456,41.44637077405484,2.010632408070279
3,Savory Bakery,2024-11-19,38.785509752240486,38.00739808113881,38.85345321790899,0.8460551367701825
3,Savory Bakery,2024-11-20,42.255200591172056,39.43690518825359,42.33470938458302,2.8978041963294316
3,Savory Bakery,2024-11-21,74.17400442152945,71.49771898313907,74.2584651855577,2.7607462024186304
3,Savory Bakery,2024-11-22,43.34951264262817,40.175035413369805,43.43240273433918,3.2573673209693723
3,Savory Bakery,2024-11-23,29.74509186476259,29.307811345835567,29.82366992326176,0.5158585774261937
3,Savory Bakery,2024-11-24,29.442464099724873,28.650356721978323,29.515048437546334,0.8646917155680107
3,Savory Bakery,2024-11-25,41.947189770584274,41.760415341536586,42.01382153831854,0.25340619678195253
3,Savory Bakery,2024-11-26,39.90195222879223,39.11256337811962,39.964991275636926,0.852427897517309
3,Savory Bakery,2024-11-27,39.93436158526838,39.513031023486015,39.993766211958445,0.4807351884724298
3,Savory Bakery,2024-11-28,41.09140868333651,41.152289093842825,41.14024656994737,0.06088041050631432
3,Savory Bakery,2024-11-29,30.753816950872714,30.66641589892518,30.791607275615604,0.1251913766904238
3,Savory Bakery,2024-11-30,27.525611800806992,27.744664563352664,27.557733220199996,0.2190527625456724
3,Savory Bakery,2024-12-01,25.192980556551248,25.049696543193594,25.211808872074535,0.16211232888094074
3,Savory Bakery,2024-12-02,35.2438450180985,34.489992765634284,35.24041543643889,0.7538522524642133
3,Savory Bakery,2024-12-03,33.791058730420815,33.36864396364875,33.77629280119355,0.42241476677206435
3,Savory Bakery,2024-12-04,33.3683230956719,32.706178802080245,33.351333205641474,0.662144293591652
3,Savory Bakery,2024-12-05,47.213400630709934,46.279264571966806,47.19278217305331,0.9341360587431282
3,Savory Bakery,2024-12-06,33.41099680993699,33.23340930154166,33.39166316516213,0.17758750839532667
3,Savory Bakery,2024-12-07,24.33603128664615,24.037333670078603,24.325797409121368,0.2986976165675479
3,Savory Bakery,2024-12-08,36.244383344649066,37.06173635745473,36.24194979017153,0.8197865672831952
3,Savory Bakery,2024-12-09,46.929115974802,46.93587338764672,46.93394431075622,0.006757412844720534
3,Savory Bakery,2024-12-10,130.71868843963676,136.18733637562997,130.7323540935193,5.468647935993204
3,Savory Bakery,2024-12-11,32.46834779829982,32.422837009913096,32.48571938291874,0.06288237300564248
3,Savory Bakery,2024-12-12,32.26076775948626,32.250223977643664,32.2793745933868,0.029150615743134267
3,Savory Bakery,2024-12-13,32.6661402076322,32.49077257471319,32.68857697271521,0.19780439800202032
3,Savory Bakery,2024-12-14,23.863631629684882,24.03738963054137,23.889299722026955,0.17375800085648763
3,Savory Bakery,2024-12-15,30.772411202114245,31.083320090071307,30.793919472706516,0.31090888795706206
3,Savory Bakery,2024-12-16,52.16946511761675,51.9636937155835,52.18495090784083,0.2212571922573261
3,Savory Bakery,2024-12-17,33.571933218444535,32.942236619608174,33.58589369344671,0.6436570738385328
3,Savory Bakery,2024-12-18,33.70471472192563,32.874924313918385,33.72272917021422,0.8478048562958378
3,Savory Bakery,2024-12-19,34.159919619066265,33.744736959336485,34.182881648575815,0.4381446892393299
3,Savory Bakery,2024-12-20,34.00219818090049,33.6432572990783,34.033148180150064,0.3898908810717643
3,Savory Bakery,2024-12-21,24.74526113031551,24.082498805047525,24.781518641284446,0.6990198362369213
3,Savory Bakery,2024-12-22,25.219145067121808,24.704861123103193,25.247890492068642,0.5430293689654491
3,Savory Bakery,2024-12-23,35.4550801380177,34.77536626673748,35.46755187610066,0.6921856093631789
3,Savory Bakery,2024-12-24,33.79586780900001,33.04906554112355,33.79861264483338,0.7495471037098369
3,Savory Bakery,2024-12-25,34.15167352231321,33.4536069080407,34.140636019478464,0.6980666142725127
3,Savory Bakery,2024-12-26,34.90381975304679,34.33523806692476,34.87493167271949,0.5685816861220303
3,Savory Bakery,2024-12-27,35.0674968178603,34.254106798071696,35.032084997249406,0.8133900197886064
3,Savory Bakery,2024-12-28,34.97262184232256,32.5820971086341,34.93602890831801,2.3905247336884585
3,Savory Bakery,2024-12-29,26.000895456547113,25.734011234970485,25.958035196160782,0.2668842215766283
3,Savory Bakery,2024-12-30,49.63736248736478,47.715256385724906,49.593194918440545,1.9221061016398764
3,Savory Bakery,2024-12-31,41.28752564491706,40.463215129369104,41.25497241866088,0.8243105155479569
3,Tea,2024-11-01,52.05274765830713,48.31924789370703,48.90551412530557,3.7334997646001042
3,Tea,2024-11-02,38.07387346397425,36.21421296388441,35.861224066953426,2.212649397020826
3,Tea,2024-11-03,37.799134483185995,35.62914830270473,35.64609947588271,2.169986180481267
3,Tea,2024-11-04,52.704447647354264,50.075525539733306,50.65278916696057,2.6289221076209586
3,Tea,2024-11-05,51.586807117403225,49.26818687896995,50.0916778467825,2.318620238433276
3,Tea,2024-11-06,51.3862151071115,48.29736002442559,50.64225206507987,3.088855082685903
3,Tea,2024-11-07,51.64443901406324,48.64241376316716,51.64353078381029,3.002025250896075
3,Tea,2024-11-08,50.24482656920377,47.47435944786092,50.249782727663444,2.7754232798025242
3,Tea,2024-11-09,37.63392598893202,35.7082896874015,37.64534807784127,1.9370583904397662
3,Tea,2024-11-10,37.76440243156036,35.77317641750764,37.78335073898502,2.010174321477379
3,Tea,2024-11-11,46.83441743670653,44.42078693682342,46.852392677044314,2.4316057402208955
3,Tea,2024-11-12,45.57093097348033,42.81866990760396,45.58707894717321,2.7684090395692493
3,Tea,2024-11-13,45.87153331510564,43.33050171663655,45.88654767336098,2.5560459567244322
3,Tea,2024-11-14,44.9628130603239,42.68776561471263,44.984227225749784,2.2964616110371523
3,Tea,2024-11-15,72.73952973015099,71.38377918152287,72.77189874761945,1.3881195660965773
3,Tea,2024-11-16,45.14472191780148,43.76407465218689,45.18551637892247,1.42144172673558
3,Tea,2024-11-17,45.44768106545107,44.10549376296664,45.494229795582626,1.3887360326159879
3,Tea,2024-11-18,62.60538572110703,60.8345339826766,62.651657608249295,1.8171236255726981
3,Tea,2024-11-19,61.56010150445803,60.169274202688136,61.6079521170485,1.4386779143603619
3,Tea,2024-11-20,66.20859431009512,61.141799799438694,66.2564089022223,5.114609102783611
3,Tea,2024-11-21,111.62715434374502,106.78206971635024,111.677813523316,4.895743806965768
3,Tea,2024-11-22,65.93083390825059,61.15321653270778,65.99004949158709,4.836832958879306
3,Tea,2024-11-23,45.23066865915548,44.7846091115827,45.294823934454136,0.5102148228714398
3,Tea,2024-11-24,45.64847104454001,45.11651983318463,45.71250102008423,0.5959811868995999
3,Tea,2024-11-25,64.14722172196997,63.33468718258857,64.20781122869195,0.8731240461033849
3,Tea,2024-11-26,62.11704970068092,60.50647809422916,62.176164426720206,1.6696863324910467
3,Tea,2024-11-27,62.76977275995206,61.46343503497004,62.81984429139337,1.3564092564233334
3,Tea,2024-11-28,63.17671818453594,62.67754309366807,63.21986246630856,0.5423193726404918
3,Tea,2024-11-29,46.991882858721624,46.42148083992935,47.04142283104039,0.6199419911110411
3,Tea,2024-11-30,42.15857203269526,42.654792793916926,42.22277284815108,0.4962207612216645
3,Tea,2024-12-01,38.43976869796588,38.31485628200974,38.515008241685926,0.20015195967618382
3,Tea,2024-12-02,53.3800791747766,52.291241239198094,53.445196968312175,1.153955729114081
3,Tea,2024-12-03,52.06778883034623,51.35904223296159,52.1178094185609,0.7587671855993108
3,Tea,2024-12-04,51.94836161655199,50.78188711989473,51.99304397210708,1.2111568522123477
3,Tea,2024-12-05,70.75653029558637,70.22624644544355,70.8052958279444,0.5790493825008554
3,Tea,2024-12-06,50.97306790825934,50.65573183663269,51.02935168317305,0.3736198465403575
3,Tea,2024-12-07,38.41741111245349,37.92238356878194,38.47171865037771,0.5493350815957712
3,Tea,2024-12-08,37.730339021432286,37.113591771042934,37.78033285158851,0.6667410805455773
3,Tea,2024-12-09,52.411081170245154,51.415381850325254,52.45261482273066,1.0372329724054055
3,Tea,2024-12-10,107.96120631431634,115.69615479975974,107.99702094638751,7.734948485443397
3,Tea,2024-12-11,52.013089279120585,51.911824977655506,52.039781986152576,0.12795700849707003
3,Tea,2024-12-12,51.623187647241075,51.63262923201996,51.64245653678901,0.019268889547937817
3,Tea,2024-12-13,51.17868377681948,50.59746100553879,51.19769177529759,0.6002307697588023
3,Tea,2024-12-14,38.74484354608114,38.75744857351333,38.76744175559316,0.02259820951201874
3,Tea,2024-12-15,48.401828672908096,49.04512917967877,48.42557001755152,0.6433005067706716
3,Tea,2024-12-16,79.11907802269131,78.91232050649536,79.13677539088371,0.2244548843883507
3,Tea,2024-12-17,51.937945188301356,51.12975516985313,51.948167281205,0.8184121113518756
3,Tea,2024-12-18,52.27251449139173,51.4756071928686,52.27889680290866,0.8032896100400606
3,Tea,2024-12-19,51.75233105090566,50.88829113581929,51.76425382425464,0.8759626884353509
3,Tea,2024-12-20,51.54393634334798,50.89853306255295,51.56946919146204,0.6709361289090907
3,Tea,2024-12-21,38.689761198129325,38.58994334078968,38.72218784833903,0.1322445075493519
3,Tea,2024-12-22,38.874739029803095,38.79817572801783,38.90872382233911,0.1105480943212811
3,Tea,2024-12-23,53.50771370287079,52.97196326114781,53.536675184512,0.564711923364186
3,Tea,2024-12-24,51.72660412584629,50.613199544692584,51.75071004903602,1.1375105043434388
3,Tea,2024-12-25,52.3056481302489,51.08251341010464,52.32310261760312,1.2405892074984806
3,Tea,2024-12-26,52.56192054041938,51.59955950042384,52.576723921675466,0.9771644212516293
3,Tea,2024-12-27,51.94899916634185,50.814716599528815,51.965256745158754,1.1505401456299396
3,Tea,2024-12-28,52.252572757347686,51.48277882879569,52.272679894534186,0.7899010657384977
3,Tea,2024-12-29,39.06727424030691,39.49049190229314,39.0901611281033,0.4232176619862287
3,Tea,2024-12-30,76.85672905757347,72.9905521436495,76.87671732723112,3.8861651835816247
3,Tea,2024-12-31,62.143880574464816,60.925283089763695,62.15993849699947,1.2346554072357776
4,Bakery,2024-11-01,17.326348072043437,16.773545146537984,18.141184615133593,1.367639468595609
4,Bakery,2024-11-02,18.921709365837952,18.402868763425097,19.509505414346805,1.1066366509217076
4,Bakery,2024-11-03,18.798386341046744,18.117910788858318,19.043291017714555,0.9253802288562376
4,Bakery,2024-11-04,17.56774207383946,17.073440707374647,17.53945706094448,0.49430136646481415
4,Bakery,2024-11-05,17.64754288119935,17.334115479572304,17.47639795625146,0.3134274016270453
4,Bakery,2024-11-06,17.32879458431905,17.374475564196352,16.918314221808203,0.45616134238814965
4,Bakery,2024-11-07,17.471471369861227,17.787442160892468,17.49527090548953,0.3159707910312406
4,Bakery,2024-11-08,20.918997457010036,21.485951418483346,20.941350923508704,0.5669539614733097
4,Bakery,2024-11-09,21.857070821865797,22.976257024218242,21.87410158238628,1.119186202352445
4,Bakery,2024-11-10,22.26043504186815,22.731173192109868,22.274713049865653,0.4707381502417185
4,Bakery,2024-11-11,20.133518234552216,20.179792958215103,20.148006884034096,0.04627472366288643
4,Bakery,2024-11-12,20.35450899650188,20.590292038509105,20.369134774226822,0.235783042007224
4,Bakery,2024-11-13,25.358579082845935,26.377600895326445,25.372683437517484,1.01902181248051
4,Bakery,2024-11-14,25.33593371612384,27.02925191664135,25.350208482592592,1.6933182005175098
4,Bakery,2024-11-15,31.105163982501104,31.492864686881987,31.117673505027113,0.3877007043808831
4,Bakery,2024-11-16,27.594483662096973,28.100619812354832,27.60690983102653,0.5061361502578592
4,Bakery,2024-11-17,27.572164053758932,28.522043816490473,27.588571283070372,0.9498797627315412
4,Bakery,2024-11-18,25.747556192258813,26.5292354036361,25.767102610627916,0.7816792113772877
4,Bakery,2024-11-19,19.900327886220957,20.709167650642293,19.91877050616587,0.8088397644213359
4,Bakery,2024-11-20,19.97602475377701,20.444341016536512,19.995873155279938,0.468316262759501
4,Bakery,2024-11-21,20.06138758139687,21.008224287952515,20.081643199949156,0.9468367065556471
4,Bakery,2024-11-22,19.138835571070025,19.59354778439119,19.15689551696898,0.45471221332116585
4,Bakery,2024-11-23,22.236108887026607,23.25417242187553,22.25134962906318,1.018063534848924
4,Bakery,2024-11-24,37.83338701569245,37.98964180594061,37.84827211571748,0.15625479024815547
4,Bakery,2024-11-25,20.331659836805514,20.76284431214642,20.346376203682155,0.4311844753409062
4,Bakery,2024-11-26,20.33733880463392,20.551313585825852,20.35249561422962,0.2139747811919328
4,Bakery,2024-11-27,20.301995831313008,20.393307952981388,20.313462507732233,0.09131212166838054
4,Bakery,2024-11-28,20.30879738175355,20.092584145789047,20.31534671694181,0.22276257115276366
4,Bakery,2024-11-29,22.604042437941985,24.105111000936237,22.60934997819637,1.5010685629942522
4,Bakery,2024-11-30,29.512165784850822,30.359848656400843,29.51972225144516,0.8476828715500204
4,Bakery,2024-12-01,27.682727891794094,27.717066522809933,27.69152354852242,0.03433863101583867
4,Bakery,2024-12-02,25.954538213013514,25.612535273826037,25.96661337068688,0.35407809686084235
4,Bakery,2024-12-03,25.932051496804203,25.98196068268886,25.944351709187995,0.049909185884658314
4,Bakery,2024-12-04,25.839695601849478,25.276347088399188,25.85154338943473,0.5751963010355432
4,Bakery,2024-12-05,28.704269364828733,28.569947943697326,28.714684859781535,0.14473691608420935
4,Bakery,2024-12-06,20.251420604133948,19.93035700064825,20.25818874251291,0.32783174186466013
4,Bakery,2024-12-07,21.832437833158263,21.596740720724277,21.83690049209745,0.2401597713731718
4,Bakery,2024-12-08,21.768605252238622,21.809106192906405,21.77521936011746,0.040500940667783425
4,Bakery,2024-12-09,20.116340252966992,20.012922774565006,20.124163856261088,0.11124108169608249
4,Bakery,2024-12-10,28.397052050136733,28.453286604063837,28.407180901332833,0.05623455392710497
4,Bakery,2024-12-11,19.78618095568426,19.742173730759422,19.800322993127537,0.05814926236811502
4,Bakery,2024-12-12,19.914949508254274,19.77987211663764,19.93164670967783,0.15177459304018726
4,Bakery,2024-12-13,20.200290096116237,20.030283922368852,20.21606904769438,0.18578512532552693
4,Bakery,2024-12-14,21.970845116143483,22.015679702751903,21.988221794089263,0.044834586608420324
4,Bakery,2024-12-15,25.67227955749107,25.204751121323596,25.692852614323197,0.4881014929996006
4,Bakery,2024-12-16,19.70659486006505,19.541100976015187,19.730843260598718,0.18974228458353082
4,Bakery,2024-12-17,19.610134830397673,19.714701768475454,19.63616037012691,0.10456693807778095
4,Bakery,2024-12-18,19.740336775603886,19.89829049067344,19.76602097077874,0.1579537150695529
4,Bakery,2024-12-19,19.792933949060522,19.762620456343225,19.814735921538187,0.05211546519496224
4,Bakery,2024-12-20,19.98638331932037,19.94924161793128,20.004575646938147,0.055334029006868235
4,Bakery,2024-12-21,21.84546591470793,21.74939934755978,21.858331195014376,0.1089318474545955
4,Bakery,2024-12-22,21.84806772449376,21.64510080615108,21.85789488197824,0.21279407582715848
4,Bakery,2024-12-23,17.797683764512474,17.827692485105416,17.809316221973546,0.03000872059294224
4,Bakery,2024-12-24,20.258817219161976,20.150490126629975,20.27502220023312,0.12453207360314522
4,Bakery,2024-12-25,20.179608711175515,20.107228530266767,20.196522545123194,0.08929401485642785
4,Bakery,2024-12-26,20.135452436996538,20.237126352527646,20.150925237761026,0.1016739155311086
4,Bakery,2024-12-27,20.154183727287823,20.09067888842148,20.16397667506709,0.07329778664561104
4,Bakery,2024-12-28,21.939659127866783,21.89856317780047,21.94715608925476,0.048592911454292675
4,Bakery,2024-12-29,21.560018077798652,21.961626226878096,21.56905522841894,0.4016081490794434
4,Bakery,2024-12-30,19.97367255917054,20.623160959725844,19.983839498329466,0.6494884005553025
4,Bakery,2024-12-31,27.667966230778124,28.223601503148807,27.677567638938868,0.555635272370683
4,Chocolate & Milk,2024-11-01,9.429896174298717,8.972015719964135,10.451167964800367,1.4791522448362322
4,Chocolate & Milk,2024-11-02,10.446848876605241,9.98501412491354,11.815234159939438,1.8302200350258975
4,Chocolate & Milk,2024-11-03,10.256189368051976,9.798750635463103,10.288616254995395,0.48986561953229213
4,Chocolate & Milk,2024-11-04,9.6671101348319,8.841505564352861,9.565222544956525,0.8256045704790385
4,Chocolate & Milk,2024-11-05,9.6958753324913,8.915650142033053,9.471970637688672,0.7802251904582462
4,Chocolate & Milk,2024-11-06,9.672224524488959,8.988146535995906,9.532066753106575,0.684077988493053
4,Chocolate & Milk,2024-11-07,9.558977371460447,8.990290558120975,9.58251919974086,0.5922286416198848
4,Chocolate & Milk,2024-11-08,11.691988952431336,11.533810685074139,11.713764654197492,0.17995396912335337
4,Chocolate & Milk,2024-11-09,12.584166457095387,12.72543260367149,12.60505269992399,0.14126614657610226
4,Chocolate & Milk,2024-11-10,12.485213147264728,12.687309166172474,12.508745717709386,0.20209601890774564
4,Chocolate & Milk,2024-11-11,10.88823027709295,10.526098241853283,10.910389613678948,0.38429137182566464
4,Chocolate & Milk,2024-11-12,11.12625885434793,10.827741935261425,11.145772358011385,0.31803042274995974
4,Chocolate & Milk,2024-11-13,13.740165901111816,14.085437777297388,13.75812680918266,0.3452718761855724
4,Chocolate & Milk,2024-11-14,14.005118306448766,15.1855939392911,14.02572497677165,1.1804756328423345
4,Chocolate & Milk,2024-11-15,17.380043347372794,17.505748889844448,17.400166914144343,0.12570554247165333
4,Chocolate & Milk,2024-11-16,15.167703717580139,15.336353388339782,15.184154114342281,0.16864967075964366
4,Chocolate & Milk,2024-11-17,14.960259950258246,15.144741823011307,14.97352282470039,0.18448187275306083
4,Chocolate & Milk,2024-11-18,14.111267475109901,14.03133530065165,14.125369632433216,0.0940343317815664
4,Chocolate & Milk,2024-11-19,10.906091490538845,10.48686345765735,10.921422077862324,0.4345586202049745
4,Chocolate & Milk,2024-11-20,11.087125593789061,10.909635081263481,11.104340398035557,0.19470531677207603
4,Chocolate & Milk,2024-11-21,10.738478596197803,10.471736483330025,10.755769936597911,0.2840334532678863
4,Chocolate & Milk,2024-11-22,10.472741089007844,10.529345167948467,10.491678557409896,0.056604078940623026
4,Chocolate & Milk,2024-11-23,12.251031856157216,12.657212653107404,12.27210693056703,0.4061807969501885
4,Chocolate & Milk,2024-11-24,20.229766907111873,21.484915036917144,20.25323234057968,1.2551481298052707
4,Chocolate & Milk,2024-11-25,11.122056023523049,12.02461301618652,11.145024042662873,0.9025569926634702
4,Chocolate & Milk,2024-11-26,11.08742666392377,11.344528480994594,11.11109039882005,0.2571018170708239
4,Chocolate & Milk,2024-11-27,10.94367205032583,11.27464522176132,10.96549824616563,0.33097317143549
4,Chocolate & Milk,2024-11-28,10.943193969278784,10.964480901547327,10.961936387095452,0.02128693226854317
4,Chocolate & Milk,2024-11-29,11.467283194624292,12.032102458398652,11.484203974247421,0.5648192637743605
4,Chocolate & Milk,2024-11-30,12.997834249545768,12.921679197539687,13.016142715145207,0.09446351760552041
4,Chocolate & Milk,2024-12-01,12.16714661226419,12.067410068465259,12.185693802819216,0.11828373435395712
4,Chocolate & Milk,2024-12-02,11.32407497054287,11.15102391055071,11.344485883575349,0.19346197302463786
4,Chocolate & Milk,2024-12-03,11.205777782964692,10.959678635377518,11.227283028719881,0.2676043933423635
4,Chocolate & Milk,2024-12-04,11.206919285200764,11.00673345885831,11.230354542364234,0.22362108350592358
4,Chocolate & Milk,2024-12-05,16.043490807946064,15.91554262557934,16.065371243396115,0.14982861781677492
4,Chocolate & Milk,2024-12-06,11.13398228927042,11.063635721735025,11.153834516649727,0.09019879491470206
4,Chocolate & Milk,2024-12-07,12.006193200629315,11.905475114153536,12.02475763478682,0.11928252063328415
4,Chocolate & Milk,2024-12-08,12.294045455310878,12.255824380490026,12.314835303574819,0.059010923084793276
4,Chocolate & Milk,2024-12-09,11.267227897197648,11.140862092432382,11.28676235466493,0.14590026223254782
4,Chocolate & Milk,2024-12-10,16.164827567124483,16.217325828438053,16.18139047132573,0.05249826131356983
4,Chocolate & Milk,2024-12-11,11.200934010324628,11.111320230959134,11.21483426202387,0.10351403106473711
4,Chocolate & Milk,2024-12-12,11.303906677524882,11.069524151508295,11.317290681207373,0.24776652969907786
4,Chocolate & Milk,2024-12-13,11.19678148173366,10.958838571581893,11.208864653486739,0.25002608190484565
4,Chocolate & Milk,2024-12-14,12.164100994859105,11.96984202996738,12.177034827444167,0.20719279747678776
4,Chocolate & Milk,2024-12-15,14.182256838076432,13.809861381216534,14.197449865267863,0.38758848405132973
4,Chocolate & Milk,2024-12-16,11.024332955359208,10.899583010269156,11.044239457684013,0.14465644741485661
4,Chocolate & Milk,2024-12-17,11.051298426495428,11.085396412871031,11.074555275976726,0.034097986375602574
4,Chocolate & Milk,2024-12-18,10.98898495829649,10.827641027839302,11.013843590039757,0.18620256220045484
4,Chocolate & Milk,2024-12-19,11.104263020188046,11.019707104281103,11.126761221830899,0.10705411754979544
4,Chocolate & Milk,2024-12-20,11.27880137984488,11.157155186913155,11.301018277554718,0.14386309064156322
4,Chocolate & Milk,2024-12-21,12.24871244129255,12.119618564492567,12.268080116375227,0.14846155188265975
4,Chocolate & Milk,2024-12-22,12.221117072221947,12.055990474186709,12.236509672910888,0.18051919872417876
4,Chocolate & Milk,2024-12-23,10.092321135798345,9.928948437044022,10.105204297633508,0.17625586058948528
4,Chocolate & Milk,2024-12-24,11.435910393323653,11.255844857699763,11.451028933806025,0.19518407610626198
4,Chocolate & Milk,2024-12-25,11.407936101756482,11.317894088177013,11.423634847059873,0.10574075888285961
4,Chocolate & Milk,2024-12-26,11.370987172867205,11.298588774495839,11.385798155325089,0.08720938082925045
4,Chocolate & Milk,2024-12-27,11.252392211442638,11.160192172316531,11.265424276025412,0.10523210370888059
4,Chocolate & Milk,2024-12-28,12.251185750183279,12.15338932061291,12.26633679909655,0.1129474784836404
4,Chocolate & Milk,2024-12-29,11.997589418152776,12.148547056654541,12.014197198122764,0.15095763850176525
4,Chocolate & Milk,2024-12-30,10.909928817444374,11.215971530484545,10.927100123996919,0.3060427130401706
4,Chocolate & Milk,2024-12-31,15.38469677513673,16.026514260878677,15.401484411534183,0.6418174857419476
4,Coffee,2024-11-01,74.5731864590858,70.46144208880622,73.51136498645714,4.111744370279581
4,Coffee,2024-11-02,78.9486461782072,76.06899183144648,78.09443380812381,2.8796543467607165
4,Coffee,2024-11-03,78.9755318535607,75.25154706592795,78.34446417152435,3.7239847876327445
4,Coffee,2024-11-04,75.1613002190507,71.6677673698025,73.21495813184644,3.493532849248197
4,Coffee,2024-11-05,74.88247556597582,71.07471657174344,72.76255476810266,3.807758994232387
4,Coffee,2024-11-06,74.74854344604667,72.24621966148224,72.95259700713613,2.5023237845644246
4,Coffee,2024-11-07,73.27414746577493,72.94613726112496,73.31133614140877,0.3651988802838133
4,Coffee,2024-11-08,80.15028304480632,82.32700323138874,80.16465207198948,2.176720186582429
4,Coffee,2024-11-09,83.03268196857029,85.07119979259099,83.04804902675203,2.038517824020701
4,Coffee,2024-11-10,83.08418710757101,84.35307290913806,83.12404013113697,1.2688858015670519
4,Coffee,2024-11-11,71.20420252920016,71.46324361261404,71.24063359258363,0.25904108341387655
4,Coffee,2024-11-12,70.09324177616543,70.88981168141086,70.11353624591058,0.796569905245434
4,Coffee,2024-11-13,101.43318792351562,104.99298107064554,101.4495551627823,3.5597931471299233
4,Coffee,2024-11-14,101.77494757957383,106.49027104253298,101.81779137327474,4.715323462959148
4,Coffee,2024-11-15,123.75655348408002,124.68589782933614,123.81889817019466,0.9293443452561263
4,Coffee,2024-11-16,108.93462877482241,112.58736414232796,109.00212897711762,3.6527353675055423
4,Coffee,2024-11-17,108.84791534153514,112.04028885834518,108.90712168340518,3.1923735168100364
4,Coffee,2024-11-18,103.06275880103226,105.49594875185772,103.1221918792827,2.433189950825465
4,Coffee,2024-11-19,78.23200201666444,80.29327207413576,78.29986577901789,2.0612700574713188
4,Coffee,2024-11-20,80.29430578886132,81.60776179137484,80.36662707117605,1.3134560025135187
4,Coffee,2024-11-21,79.91882039903886,80.27358381046872,80.00044999161865,0.35476341142985746
4,Coffee,2024-11-22,78.42849681597403,78.7309080623333,78.54979061544438,0.3024112463592701
4,Coffee,2024-11-23,89.54421792212219,92.98552004837268,89.6801080715433,3.4413021262504913
4,Coffee,2024-11-24,139.3203635505547,144.05902665743412,139.44288563572718,4.7386631068794145
4,Coffee,2024-11-25,84.15738979750928,87.89853146883758,84.25676522564106,3.7411416713282932
4,Coffee,2024-11-26,84.14793451102045,86.12182053022079,84.24363505062816,1.9738860192003358
4,Coffee,2024-11-27,85.48960428665586,87.20413358248999,85.56012008281041,1.7145292958341258
4,Coffee,2024-11-28,84.69924695600535,84.78945794391538,84.74734477893487,0.09021098791002657
4,Coffee,2024-11-29,88.78008973928004,91.9593340340908,88.80916086157072,3.1792442948107578
4,Coffee,2024-11-30,95.34491532185808,95.23992511486205,95.3586946389898,0.11876952412775665
4,Coffee,2024-12-01,89.58691107153187,89.37510043075105,89.58358899263419,0.21181064078082557
4,Coffee,2024-12-02,83.20472176032612,83.29451983884405,83.18543626747378,0.10908357137027735
4,Coffee,2024-12-03,83.07344781277055,83.81661205978243,83.04903143199962,0.7675806277828059
4,Coffee,2024-12-04,82.07259505255917,81.73692370722765,82.05992957789618,0.33567134533151943
4,Coffee,2024-12-05,113.77801965556135,114.65557796313466,113.75931624972696,0.8962617134076964
4,Coffee,2024-12-06,81.42333779916683,80.85995734748192,81.39045633291103,0.5633804516849068
4,Coffee,2024-12-07,87.01578103635293,87.64726766559359,86.97430430665595,0.6729633589376363
4,Coffee,2024-12-08,86.98653037104145,88.23358689902557,86.96009701379693,1.273489885228642
4,Coffee,2024-12-09,81.60282631433276,81.84175943760798,81.5849974072621,0.2567620303458824
4,Coffee,2024-12-10,112.28548383922802,113.77354699744183,112.26565769738583,1.507889300055993
4,Coffee,2024-12-11,80.10276252289492,80.56834762829357,80.06466064694277,0.5036869813507963
4,Coffee,2024-12-12,80.22604470538111,80.38390965302963,80.17996190430121,0.20394774872842447
4,Coffee,2024-12-13,80.54852985692031,80.71261463045397,80.51621738170188,0.19639724875209197
4,Coffee,2024-12-14,86.48593374932146,86.69647589558656,86.47636469221892,0.22011120336763668
4,Coffee,2024-12-15,100.00836189079149,98.90266677527684,100.01903257396297,1.1163657986861324
4,Coffee,2024-12-16,81.3960321582004,81.55753765829198,81.44872588846818,0.16150550009157882
4,Coffee,2024-12-17,81.87709480863296,82.24353517617001,81.95806901579596,0.3664403675370522
4,Coffee,2024-12-18,83.48462379532863,84.0814932111467,83.58305904933133,0.5968694158180625
4,Coffee,2024-12-19,82.95741252485267,82.84098180738475,83.05804692628286,0.21706511889810542
4,Coffee,2024-12-20,83.09664164691631,83.1259390847112,83.20700225721615,0.11036061029983557
4,Coffee,2024-12-21,89.82477645456758,89.37037926565193,89.91532871010338,0.5449494444514471
4,Coffee,2024-12-22,90.19590940987266,90.25058830406988,90.26844003241445,0.07253062254179099
4,Coffee,2024-12-23,76.23602751101176,76.84162900632091,76.28617495263515,0.6056014953091591
4,Coffee,2024-12-24,84.26246627776804,84.48607227865892,84.2924388726332,0.22360600089088223
4,Coffee,2024-12-25,83.6780128412498,83.47714080031858,83.68223287439882,0.2050920740802411
4,Coffee,2024-12-26,83.22107218339444,83.98370339808207,83.20404369483909,0.7796597032429844
4,Coffee,2024-12-27,82.14470930956017,81.98835235960289,82.13234299009562,0.156356949957285
4,Coffee,2024-12-28,88.55956187676802,89.01749748164801,88.57788413092845,0.4579356048799923
4,Coffee,2024-12-29,86.66295900544777,88.94130350744783,86.67920095331803,2.278344502000053
4,Coffee,2024-12-30,81.23208086779171,84.12984239012573,81.23160823971601,2.8982341504097207
4,Coffee,2024-12-31,115.06960153959118,117.70811726156674,115.06203323558329,2.6460840259834555
4,Juice & Smoothie,2024-11-01,5.885375838221055,5.713772215404894,6.026927036572084,0.3131548211671893
4,Juice & Smoothie,2024-11-02,6.287452525631346,6.0013997308696885,6.580399398608164,0.5789996677384757
4,Juice & Smoothie,2024-11-03,6.245094058629847,5.865723529864423,6.478829928339833,0.6131063984754102
4,Juice & Smoothie,2024-11-04,5.663667902745676,5.371586852321318,5.862670223185824,0.49108337086450593
4,Juice & Smoothie,2024-11-05,5.6394319460157885,5.58172535757592,5.599970049645834,0.05770658843986887
4,Juice & Smoothie,2024-11-06,5.575468959603768,5.427379284161173,5.6349363424920025,0.2075570583308295
4,Juice & Smoothie,2024-11-07,5.683324060676578,5.491980964633143,5.701880220098861,0.20989925546571797
4,Juice & Smoothie,2024-11-08,6.435784236936367,6.289925443363047,6.453373523592957,0.16344808022990964
4,Juice & Smoothie,2024-11-09,7.128404971338155,7.082678520758459,7.144632769437754,0.061954248679295
4,Juice & Smoothie,2024-11-10,7.069773123854534,6.9523261656927415,7.0857637384432985,0.133437572750557
4,Juice & Smoothie,2024-11-11,5.617070600136075,5.521695128629105,5.63266605674347,0.11097092811436493
4,Juice & Smoothie,2024-11-12,5.586595722482126,5.417190768899806,5.602561642777679,0.185370873877873
4,Juice & Smoothie,2024-11-13,8.669678142690323,8.65707328601064,8.685906778720028,0.02883349270938851
4,Juice & Smoothie,2024-11-14,8.684417167097042,8.859210385792395,8.701545838643751,0.1747932186953527
4,Juice & Smoothie,2024-11-15,10.98952672363152,10.76262695903758,11.006254963166175,0.24362800412859542
4,Juice & Smoothie,2024-11-16,9.64970715024799,9.621613084637875,9.6679850675841,0.04637198294622458
4,Juice & Smoothie,2024-11-17,9.574888753618652,9.499109050523096,9.593859096964778,0.09475004644168195
4,Juice & Smoothie,2024-11-18,8.834099762580795,8.570932278995546,8.853189979222504,0.2822577002269586
4,Juice & Smoothie,2024-11-19,6.495397025250069,6.049091161353901,6.513341175307792,0.4642500139538912
4,Juice & Smoothie,2024-11-20,6.609338284701733,6.200370773291372,6.628712806100402,0.42834203280902994
4,Juice & Smoothie,2024-11-21,6.526688510334517,6.266891779286733,6.547368797937935,0.2804770186512018
4,Juice & Smoothie,2024-11-22,6.271921033821907,6.3108384732536615,6.2934656463326855,0.03891743943175463
4,Juice & Smoothie,2024-11-23,7.057960104018626,7.00500069125791,7.078713119026498,0.07371242776858722
4,Juice & Smoothie,2024-11-24,12.818142795197108,12.689565572863362,12.837970390334675,0.14840481747131307
4,Juice & Smoothie,2024-11-25,6.3539524326078265,6.670534521840033,6.373377131233019,0.3165820892322069
4,Juice & Smoothie,2024-11-26,6.240538919755386,6.477559231678972,6.261076389565238,0.23702031192358586
4,Juice & Smoothie,2024-11-27,6.3513359378854615,6.620941948599531,6.371534834641298,0.2696060107140692
4,Juice & Smoothie,2024-11-28,6.317165706138507,6.413118566360698,6.3367909165097664,0.09595286022219085
4,Juice & Smoothie,2024-11-29,6.619407096714474,7.075185552607904,6.637940632023815,0.45577845589343013
4,Juice & Smoothie,2024-11-30,7.91943425376155,7.978807155411383,7.93791140130356,0.05937290164983278
4,Juice & Smoothie,2024-12-01,7.4639650197667935,7.450719251029874,7.481259404315046,0.030540153285172345
4,Juice & Smoothie,2024-12-02,6.694024284163143,6.576640919161999,6.71146170830999,0.1348207891479909
4,Juice & Smoothie,2024-12-03,6.687508575630701,6.666464147436438,6.705437655268963,0.03897350783252573
4,Juice & Smoothie,2024-12-04,6.631078552715637,6.569101427555212,6.650070595987085,0.08096916843187252
4,Juice & Smoothie,2024-12-05,10.12043892095375,9.966729061326557,10.139116087341765,0.17238702601520828
4,Juice & Smoothie,2024-12-06,6.645746881796948,6.563501734283051,6.664048310466116,0.10054657618306528
4,Juice & Smoothie,2024-12-07,7.339920100767013,7.304592939743425,7.358306061797169,0.05371312205374412
4,Juice & Smoothie,2024-12-08,7.356093355189673,7.384409115731993,7.376117617452808,0.02831576054231988
4,Juice & Smoothie,2024-12-09,6.684721617560398,6.597449978406841,6.704497556771251,0.10704757836441026
4,Juice & Smoothie,2024-12-10,10.030102209310272,9.938933246683604,10.051131494804059,0.11219824812045509
4,Juice & Smoothie,2024-12-11,6.678794928207209,6.644499214797359,6.700046166599847,0.05554695180248803
4,Juice & Smoothie,2024-12-12,6.7174858244629405,6.627635231055354,6.738813511655519,0.1111782806001651
4,Juice & Smoothie,2024-12-13,6.777857319584173,6.710866660989992,6.7980521745594835,0.08718551356949167
4,Juice & Smoothie,2024-12-14,7.5563815078036205,7.4321303731023,7.5764176982483065,0.1442873251460064
4,Juice & Smoothie,2024-12-15,9.06279970225931,8.768291660653805,9.08242599701071,0.31413433635690424
4,Juice & Smoothie,2024-12-16,6.713308923901031,6.611227854608142,6.733426935756353,0.12219908114821099
4,Juice & Smoothie,2024-12-17,6.755315876890929,6.701110502660732,6.775425115125111,0.07431461246437898
4,Juice & Smoothie,2024-12-18,6.844823602837871,6.847305815173873,6.864023095423786,0.01919949258591469
4,Juice & Smoothie,2024-12-19,6.784980355896833,6.710064723661236,6.802588668495896,0.0925239448346602
4,Juice & Smoothie,2024-12-20,6.716188566273048,6.679111455460539,6.7343288659112694,0.05521741045073014
4,Juice & Smoothie,2024-12-21,7.361999054916092,7.288577823021888,7.380978861943449,0.09240103892156082
4,Juice & Smoothie,2024-12-22,7.398929223780678,7.451251695161441,7.419648573714173,0.05232247138076307
4,Juice & Smoothie,2024-12-23,5.7598658847384,5.998645406639096,5.780377970194951,0.23877952190069607
4,Juice & Smoothie,2024-12-24,6.693540596293879,6.692916391563609,6.71452054249125,0.021604150927641008
4,Juice & Smoothie,2024-12-25,6.781045216450008,6.77986985435026,6.800896470790652,0.021026616440392054
4,Juice & Smoothie,2024-12-26,6.716289803060203,6.703776691989662,6.735062049870576,0.0312853578809138
4,Juice & Smoothie,2024-12-27,6.753168843974294,6.745237993330675,6.770503202717744,0.025265209387068666
4,Juice & Smoothie,2024-12-28,7.466416547445882,7.418861467872323,7.483882165476396,0.06502069760407281
4,Juice & Smoothie,2024-12-29,7.420586403200714,7.538172168096779,7.438347564109646,0.11758576489606476
4,Juice & Smoothie,2024-12-30,6.667256385706782,6.886012729481914,6.685663492149688,0.21875634377513187
4,Juice & Smoothie,2024-12-31,9.765008150047475,10.620918963605414,9.783345412551302,0.855910813557939
4,Merchandise,2024-11-01,3.531866217629222,3.231841465737185,3.2538732167428925,0.30002475189203714
4,Merchandise,2024-11-02,3.925044082808135,3.7708730586056407,3.788436232832985,0.1541710242024945
4,Merchandise,2024-11-03,3.751797386058377,3.4886092873563457,3.7195311479761783,0.2631880987020314
4,Merchandise,2024-11-04,3.333574614256437,3.1303988912048504,3.2896215410636698,0.2031757230515865
4,Merchandise,2024-11-05,3.278512358423199,3.0812382051874945,3.2140034026220086,0.19727415323570474
4,Merchandise,2024-11-06,3.2980176892576316,3.249793339687575,3.2240684038677445,0.0739492853898871
4,Merchandise,2024-11-07,3.350342680033878,3.223779112132584,3.360961209751474,0.13718209761889
4,Merchandise,2024-11-08,3.9366891025342765,3.9620345006257556,3.9466660683912624,0.025345398091479066
4,Merchandise,2024-11-09,4.351150369132062,4.306453438741574,4.360390555994085,0.05393711725251116
4,Merchandise,2024-11-10,4.329896915706875,4.194275494020115,4.339648800217784,0.1453733061976692
4,Merchandise,2024-11-11,3.3596137574393667,3.1352987165985775,3.369439062059147,0.2341403454605695
4,Merchandise,2024-11-12,3.3080642795004738,3.1450443953844642,3.317461249932879,0.17241685454841482
4,Merchandise,2024-11-13,5.113823745624641,5.304985107255144,5.122653107974138,0.19116136163050257
4,Merchandise,2024-11-14,5.146587656784866,5.3878466531979665,5.155905616064997,0.24125899641310067
4,Merchandise,2024-11-15,6.890547009516441,6.8920256344895305,6.899847023890801,0.00930001437436001
4,Merchandise,2024-11-16,5.882249221096474,5.964019009502491,5.892188154466602,0.08176978840601645
4,Merchandise,2024-11-17,5.8217835683299235,5.7643311160940645,5.832174070522883,0.06784295442881838
4,Merchandise,2024-11-18,5.390102823543727,5.45281154834101,5.401028592814046,0.0627087247972824
4,Merchandise,2024-11-19,3.9039696471496095,3.7991965111821875,3.91449742284982,0.11530091166763246
4,Merchandise,2024-11-20,3.93943493953374,3.7475528174191877,3.9502520600998556,0.20269924268066797
4,Merchandise,2024-11-21,3.8955665036064993,3.771614181308358,3.9057986319622406,0.13418445065388251
4,Merchandise,2024-11-22,3.7280335110588574,3.50836513262069,3.7377803904141444,0.2294152577934545
4,Merchandise,2024-11-23,4.287981142126671,4.01662110783535,4.297353538751547,0.2807324309161965
4,Merchandise,2024-11-24,7.70406137455115,6.946429321787101,7.713491020782124,0.7670616989950227
4,Merchandise,2024-11-25,3.754840875643969,3.5833339477284407,3.763814634222178,0.18048068649373716
4,Merchandise,2024-11-26,3.7558636031630646,3.7000057470286616,3.764732755662764,0.0647270086341023
4,Merchandise,2024-11-27,3.6786858951562147,3.5648606281536117,3.686503513004973,0.1216428848513611
4,Merchandise,2024-11-28,3.758553359491996,3.7178883623044188,3.7659507786237194,0.04806241631930064
4,Merchandise,2024-11-29,4.343067396872908,4.656410763631648,4.350231247655545,0.3133433667587395
4,Merchandise,2024-11-30,6.268605574482938,6.604663554264742,6.276203768987624,0.3360579797818044
4,Merchandise,2024-12-01,5.724249314120236,5.728124821455491,5.7319226361781865,0.007673322057950571
4,Merchandise,2024-12-02,5.366522905397215,5.367997805885086,5.3743640926744485,0.007841187277233708
4,Merchandise,2024-12-03,5.318246447700174,5.407375159750013,5.325350554668729,0.08912871204983919
4,Merchandise,2024-12-04,5.254717179168711,5.168710607470352,5.262081286395133,0.09337067892478057
4,Merchandise,2024-12-05,6.150390494903686,5.7764185236948595,6.1577084006936085,0.38128987699874894
4,Merchandise,2024-12-06,3.9476933402520133,3.769795681353545,3.9545908799283924,0.1847951985748475
4,Merchandise,2024-12-07,4.348862789861938,4.199729769125799,4.355216960469919,0.15548719134412003
4,Merchandise,2024-12-08,4.358733921672199,4.232272368758819,4.365946501578622,0.13367413281980323
4,Merchandise,2024-12-09,3.9390618197890026,3.7580806874390458,3.94658110357932,0.18850041614027413
4,Merchandise,2024-12-10,6.141012794162451,5.907702797670866,6.1483681967704005,0.24066539909953466
4,Merchandise,2024-12-11,3.8105208173203593,3.6800959920380953,3.816829238462415,0.1367332464243196
4,Merchandise,2024-12-12,3.8647280345727175,3.7103786926156017,3.8709463126946457,0.16056762007904402
4,Merchandise,2024-12-13,3.896066080577174,3.7086214663698294,3.9015848589067073,0.1929633925368779
4,Merchandise,2024-12-14,4.3550494960463695,4.173287301711532,4.3601657359905746,0.18687843427904216
4,Merchandise,2024-12-15,5.342273434602869,5.144837778681747,5.346093422939543,0.2012556442577953
4,Merchandise,2024-12-16,3.822653098108465,3.6661069074341985,3.8262583502033207,0.1601514427691222
4,Merchandise,2024-12-17,3.7679374188066355,3.650883063734924,3.771949896389073,0.12106683265414908
4,Merchandise,2024-12-18,3.7773612062774418,3.6767129158755014,3.781798268365451,0.10508535248994955
4,Merchandise,2024-12-19,3.7746086051093513,3.6556631496897034,3.7782520403479225,0.1225888906582191
4,Merchandise,2024-12-20,3.7965696747970754,3.6811313602826496,3.799691535992728,0.11856017571007849
4,Merchandise,2024-12-21,4.283648485874501,4.189072124201024,4.286455306840109,0.09738318263908496
4,Merchandise,2024-12-22,4.276649065234006,4.2220873106621655,4.280196130302313,0.05810881964014758
4,Merchandise,2024-12-23,3.4043850658612045,3.25878207765648,3.4076164880720348,0.14883441041555479
4,Merchandise,2024-12-24,3.8157132531876186,3.670592484962229,3.818710571380533,0.14811808641830382
4,Merchandise,2024-12-25,3.81090696734611,3.676219948690907,3.813370056320021,0.13715010762911417
4,Merchandise,2024-12-26,3.828630865812994,3.6769724584260848,3.8311181268428127,0.15414566841672794
4,Merchandise,2024-12-27,3.8262810300458856,3.713899607898823,3.8274467960746072,0.11354718817578435
4,Merchandise,2024-12-28,4.3241338941150795,4.19779565804902,4.325209232549609,0.1274135745005891
4,Merchandise,2024-12-29,4.245679336611922,4.2171242017263335,4.247085484027648,0.029961282301314895
4,Merchandise,2024-12-30,3.827944360272534,3.9254824691419516,3.8296267454075066,0.0975381088694176
4,Merchandise,2024-12-31,5.627096373489906,5.976444245983161,5.628197440767878,0.3493478724932544
4,Savory Bakery,2024-11-01,13.95823344707416,13.662960009759693,14.077244982401334,0.41428497264164044
4,Savory Bakery,2024-11-02,15.114133455322879,14.866386823835988,15.083604658921141,0.24774663148689058
4,Savory Bakery,2024-11-03,14.912529977859858,14.824502741807091,14.946343475843987,0.12184073403689588
4,Savory Bakery,2024-11-04,14.0180489589082,13.930423798885744,13.871627101578053,0.14642185733014657
4,Savory Bakery,2024-11-05,13.842365875556343,13.553230736489198,13.626316478751853,0.2891351390671453
4,Savory Bakery,2024-11-06,13.823780779413156,13.851520399422972,13.443283986155858,0.40823641326711346
4,Savory Bakery,2024-11-07,14.010398368200036,14.06386477233729,14.023153914540107,0.053466404137253676
4,Savory Bakery,2024-11-08,15.43102282174204,15.864334393913092,15.443994764974157,0.43331157217105165
4,Savory Bakery,2024-11-09,16.72484893555313,17.225100097002233,16.738616237938167,0.5002511614491034
4,Savory Bakery,2024-11-10,16.948122583111665,17.732716269493054,16.964502541477735,0.7845936863813883
4,Savory Bakery,2024-11-11,13.790186694561289,13.911137169543574,13.804819038183147,0.12095047498228517
4,Savory Bakery,2024-11-12,13.812475053812548,14.134192349034619,13.825933281637289,0.3217172952220704
4,Savory Bakery,2024-11-13,20.353399709236523,20.95516704927605,20.368718443734704,0.601767340039526
4,Savory Bakery,2024-11-14,20.649722349104394,21.79340596270471,20.667518050735985,1.1436836136003166
4,Savory Bakery,2024-11-15,25.39915889338846,25.38504527241147,25.415130841548383,0.030085569136911516
4,Savory Bakery,2024-11-16,22.455913031773377,23.065954246617615,22.471164219846678,0.6100412148442373
4,Savory Bakery,2024-11-17,22.3751080002434,22.92297822583051,22.393512811694613,0.5478702255871077
4,Savory Bakery,2024-11-18,21.066423717631032,20.943188331290834,21.089343411587375,0.14615508029654123
4,Savory Bakery,2024-11-19,15.880551134929416,16.068059213738607,15.901967573266834,0.1875080788091914
4,Savory Bakery,2024-11-20,16.273719592017823,16.18325450435208,16.29210076222033,0.10884625786824742
4,Savory Bakery,2024-11-21,16.022684163879003,15.914161307730474,16.037513037797357,0.12335173006688294
4,Savory Bakery,2024-11-22,15.263691958387813,15.124234188110242,15.277077474472833,0.15284328636259126
4,Savory Bakery,2024-11-23,17.528975749532414,17.534387078746022,17.54058042399216,0.011604674459746889
4,Savory Bakery,2024-11-24,31.704788597129017,31.222366668649233,31.716824575378197,0.4944579067289645
4,Savory Bakery,2024-11-25,16.353793519098776,16.918704689720226,16.366987521202677,0.5649111706214498
4,Savory Bakery,2024-11-26,16.376146679402193,16.746204994106293,16.390944015100107,0.37005831470409944
4,Savory Bakery,2024-11-27,16.025168353252198,16.285366694768882,16.038518705463094,0.2601983415166842
4,Savory Bakery,2024-11-28,16.132255706185138,16.11089692740687,16.142710452427846,0.031813525020975675
4,Savory Bakery,2024-11-29,17.88807413412911,19.43062259958058,17.896008157061704,1.5425484654514712
4,Savory Bakery,2024-11-30,24.11313873741079,24.810987008280552,24.124638317580068,0.6978482708697626
4,Savory Bakery,2024-12-01,22.495412403300648,22.349517996773656,22.509531990091318,0.16001399331766208
4,Savory Bakery,2024-12-02,21.311638273556106,21.218956167601856,21.328513754481733,0.10955758687987682
4,Savory Bakery,2024-12-03,21.069948476471907,20.992535183634082,21.086550990374647,0.09401580674056476
4,Savory Bakery,2024-12-04,20.862183359869235,20.45993343120633,20.88057664869503,0.42064321748869915
4,Savory Bakery,2024-12-05,23.51238615306842,23.291303728055194,23.527031409977386,0.2357276819221923
4,Savory Bakery,2024-12-06,16.16451098001145,15.987338818433829,16.175315676334808,0.1879768579009795
4,Savory Bakery,2024-12-07,17.51624570412759,17.336520530608123,17.52676168915109,0.19024115854296753
4,Savory Bakery,2024-12-08,17.699587828729236,17.780186427926157,17.713493750284737,0.08059859919692158
4,Savory Bakery,2024-12-09,16.22117767230094,16.13589343725202,16.23510981776257,0.09921638051055126
4,Savory Bakery,2024-12-10,23.22923183561589,23.10847706090215,23.241382245455448,0.13290518455329803
4,Savory Bakery,2024-12-11,15.862708618131645,15.844198330942874,15.874409024748706,0.030210693805832634
4,Savory Bakery,2024-12-12,15.917941982152538,15.770544457066125,15.930137464330754,0.159593007264629
4,Savory Bakery,2024-12-13,15.938820030130515,15.857656806876273,15.948659358909516,0.09100255203324359
4,Savory Bakery,2024-12-14,17.405049280403787,17.215792299207436,17.414776760249836,0.19898446104240008
4,Savory Bakery,2024-12-15,20.86653476739452,20.498650196488068,20.87836095439467,0.3797107579066008
4,Savory Bakery,2024-12-16,16.157718602585362,16.189183003599254,16.1737293402731,0.03146440101389203
4,Savory Bakery,2024-12-17,15.844411639767118,15.779030172334888,15.85863681751314,0.07960664517825222
4,Savory Bakery,2024-12-18,16.048678340564557,16.08204490015028,16.061019469721412,0.033366559585722655
4,Savory Bakery,2024-12-19,15.861592784486277,15.756405752369924,15.873073714888978,0.11666796251905431
4,Savory Bakery,2024-12-20,15.993554670079675,15.832217830151496,16.00575564040491,0.1735378102534142
4,Savory Bakery,2024-12-21,17.47012240383888,17.204758245639034,17.48243840175236,0.27768015611332686
4,Savory Bakery,2024-12-22,17.614007816482403,17.608466049742955,17.62737068464849,0.01890463490553529
4,Savory Bakery,2024-12-23,14.286100939216688,14.52911984782806,14.29992878505167,0.2430189086113721
4,Savory Bakery,2024-12-24,16.349353178704497,16.272251356782625,16.365698817526752,0.09344746074412669
4,Savory Bakery,2024-12-25,16.29083066491123,16.25950800627601,16.306233236442637,0.046725230166625664
4,Savory Bakery,2024-12-26,16.347353960189878,16.38652661402805,16.36183482102065,0.03917265383817181
4,Savory Bakery,2024-12-27,16.201323049836557,16.10060000759112,16.212159930044713,0.11155992245359414
4,Savory Bakery,2024-12-28,17.73169759612304,17.727646432566416,17.74245992693139,0.014813494364972257
4,Savory Bakery,2024-12-29,17.29845050501528,17.546778167769446,17.3068632135677,0.24832766275416773
4,Savory Bakery,2024-12-30,16.047954332057145,16.61560951954533,16.053969490191868,0.5676551874881852
4,Savory Bakery,2024-12-31,22.517331417007536,23.999294720446166,22.52343085917389,1.4819633034386293
4,Tea,2024-11-01,19.684424275405064,20.2316287023536,20.339231455456513,0.6548071800514492
4,Tea,2024-11-02,21.44448146375704,21.825915138727247,22.064153184349497,0.6196717205924571
4,Tea,2024-11-03,21.538473922956506,22.003746631795263,22.12572135819091,0.5872474352344028
4,Tea,2024-11-04,19.86223295305443,20.25223802538843,20.28256617026088,0.4203332172064478
4,Tea,2024-11-05,19.764694683517682,20.202179506319162,19.998584520554132,0.4374848228014798
4,Tea,2024-11-06,19.82600247983055,20.555958792106683,19.78051473374914,0.775444058357543
4,Tea,2024-11-07,19.67747391010941,20.438904813031105,19.71363726363742,0.7614309029216955
4,Tea,2024-11-08,22.125783520713178,23.572354566443103,22.163291336019803,1.4465710457299252
4,Tea,2024-11-09,23.366295492657922,24.68346668751257,23.40345279417701,1.317171194854648
4,Tea,2024-11-10,23.950280838344646,25.33002122881909,23.98998466513079,1.379740390474442
4,Tea,2024-11-11,19.734263351889986,20.71217046035963,19.776479293224654,0.977907108469644
4,Tea,2024-11-12,19.564472292554065,20.14361130802764,19.60957239369167,0.5791390154735758
4,Tea,2024-11-13,28.518833075936335,31.460247996406174,28.561698924124094,2.941414920469839
4,Tea,2024-11-14,28.292005180481738,31.07437225816177,28.332900172928,2.782367077680032
4,Tea,2024-11-15,34.9130979567448,36.5916778616284,34.95617040133871,1.6785799048835983
4,Tea,2024-11-16,30.74096360069548,32.903287495566346,30.791201928819184,2.162323894870866
4,Tea,2024-11-17,30.199737752790035,32.03688862490087,30.25436163122324,1.8371508721108327
4,Tea,2024-11-18,28.61168246755505,30.26939433560671,28.668230704328877,1.6577118680516598
4,Tea,2024-11-19,22.62091530775011,23.2100740171553,22.677055107127643,0.58915870940519
4,Tea,2024-11-20,22.817283030019027,23.145271245483865,22.876295034612063,0.32798821546483836
4,Tea,2024-11-21,22.918307899080332,23.270855127709073,22.97619102075334,0.35254722862874033
4,Tea,2024-11-22,22.281333260385665,22.777446138511987,22.334706068126668,0.496112878126322
4,Tea,2024-11-23,25.45397372383761,26.69310603504962,25.503162492022042,1.2391323112120105
4,Tea,2024-11-24,41.18975457308335,43.291744032077446,41.23837500300855,2.1019894589940975
4,Tea,2024-11-25,23.25145207497505,24.21224511871197,23.29547315901316,0.9607930437369205
4,Tea,2024-11-26,22.996297568243808,24.04027394258664,23.034778724738853,1.043976374342833
4,Tea,2024-11-27,23.070700873047436,24.079644861573637,23.102296187177014,1.0089439885262017
4,Tea,2024-11-28,22.903506704790274,23.520272241108888,22.93081765329521,0.6167655363186135
4,Tea,2024-11-29,25.34135351077385,27.598836985422,25.36468919569403,2.2574834746481507
4,Tea,2024-11-30,33.54209123401607,34.584199372673794,33.56594915607928,1.0421081386577242
4,Tea,2024-12-01,31.698547202464358,32.31096194567375,31.724192104183796,0.6124147432093956
4,Tea,2024-12-02,29.720994333743114,29.932134391454316,29.7539300807572,0.21114005771120148
4,Tea,2024-12-03,29.82395504022925,30.281541564872878,29.85903495147899,0.45758652464362726
4,Tea,2024-12-04,29.460510354196057,29.27042071849736,29.494948284286036,0.2245275657886765
4,Tea,2024-12-05,32.702353843630604,33.357245598709255,32.73363602682619,0.6548917550786513
4,Tea,2024-12-06,23.012815703223335,23.029100676636535,23.04272931732309,0.029913614099754682
4,Tea,2024-12-07,25.039676299951182,25.28626095997608,25.068163289251462,0.24658466002489732
4,Tea,2024-12-08,25.237215407593464,25.549982862989662,25.265309414599443,0.3127674553961981
4,Tea,2024-12-09,23.236169348161468,23.402632754359328,23.2636496423139,0.1664634061978596
4,Tea,2024-12-10,32.80892892444065,33.672751391512335,32.835668100219245,0.8638224670716852
4,Tea,2024-12-11,23.47030694468482,23.667488975157188,23.493702600684532,0.19718203047236926
4,Tea,2024-12-12,23.35369109648883,23.3721651740966,23.37186220149258,0.01847407760777031
4,Tea,2024-12-13,23.298783995979473,23.37885426648964,23.31161060782819,0.08007027051016635
4,Tea,2024-12-14,25.382224478430853,25.40894261777228,25.39769496947971,0.026718139341426195
4,Tea,2024-12-15,29.641484732693154,29.201191211816017,29.660305084075556,0.4591138722595396
4,Tea,2024-12-16,23.077698857278314,23.224276151146533,23.099560495333925,0.14657729386821927
4,Tea,2024-12-17,23.206742485648725,23.553310126385465,23.228348784284208,0.3465676407367404
4,Tea,2024-12-18,23.271840719469264,23.5931866326729,23.29717552843715,0.32134591320363626
4,Tea,2024-12-19,23.21922997861659,23.3711698281084,23.24634318107293,0.15193984949181072
4,Tea,2024-12-20,23.269939061519807,23.34703880689731,23.301157905216193,0.07709974537750242
4,Tea,2024-12-21,25.26106189319335,25.409568771547395,25.295633701453163,0.14850687835404486
4,Tea,2024-12-22,25.078734983607507,25.370214132967295,25.11605462974498,0.29147914935978747
4,Tea,2024-12-23,21.002353214404636,20.471216478366184,21.03694886579189,0.5657323874257045
4,Tea,2024-12-24,23.637983824009787,23.90283398893803,23.665930479167265,0.2648501649282444
4,Tea,2024-12-25,23.697221313175053,23.835133120423684,23.714723621756608,0.1379118072486314
4,Tea,2024-12-26,23.712928453912614,24.147445459986397,23.72737719099629,0.43451700607378285
4,Tea,2024-12-27,23.742741755581243,23.960729578208742,23.760260047644344,0.21798782262749938
4,Tea,2024-12-28,25.78569576010373,25.99788325826857,25.811494948653337,0.2121874981648375
4,Tea,2024-12-29,25.22783482614929,26.015666512848412,25.255918397659052,0.7878316866991213
4,Tea,2024-12-30,23.34731924811533,24.229457775258663,23.376074257945067,0.8821385271433329
4,Tea,2024-12-31,32.37845215770739,34.08961461310841,32.405633058794265,1.7111624554010163
5,Bakery,2024-11-01,73.95816379946231,78.81285233000477,75.60138150446886,4.854688530542461
5,Bakery,2024-11-02,52.77617854729803,52.6831609170476,54.28778809663257,1.6046271795849663
5,Bakery,2024-11-03,51.39924037295866,52.523215632683446,53.12205516071363,1.7228147877549702
5,Bakery,2024-11-04,41.215981053283855,42.207848998460236,41.769132527631996,0.9918679451763808
5,Bakery,2024-11-05,40.69572022387567,41.33402148955538,40.81765830278557,0.6383012656797149
5,Bakery,2024-11-06,41.40128149179007,41.904041167172224,41.51375154184102,0.5027596753821513
5,Bakery,2024-11-07,35.9303031578782,36.50416647226288,35.97334117704719,0.5738633143846812
5,Bakery,2024-11-08,35.810579365001445,36.43489974802226,35.84771426251535,0.6243203830208159
5,Bakery,2024-11-09,47.55856021494779,48.26842348306506,47.615769198348076,0.7098632681172674
5,Bakery,2024-11-10,46.5420632289433,47.4409050043333,46.61682124890702,0.8988417753900038
5,Bakery,2024-11-11,36.09764426476346,36.62393111348298,36.15748408189907,0.526286848719522
5,Bakery,2024-11-12,35.50978200490552,35.789749216254265,35.561128704354125,0.27996721134874747
5,Bakery,2024-11-13,36.09949151025091,36.50311990652423,36.16205290376398,0.4036283962733265
5,Bakery,2024-11-14,36.06587645690632,36.74493009466275,36.12670593817919,0.6790536377564322
5,Bakery,2024-11-15,44.65392652141177,45.25015134953263,44.7048315270082,0.5962248281208602
5,Bakery,2024-11-16,46.8434010461058,47.03572627623483,46.89947999894254,0.19232523012903613
5,Bakery,2024-11-17,45.77460800929793,45.475860941223715,45.83569362239723,0.35983268117351486
5,Bakery,2024-11-18,36.59392777980716,36.71035206977007,36.6438383416384,0.11642428996290732
5,Bakery,2024-11-19,36.759829465325275,36.799002857955195,36.80320936846895,0.04337990314367346
5,Bakery,2024-11-20,36.35835134651392,36.513604160257415,36.40302456074606,0.15525281374349476
5,Bakery,2024-11-21,84.16841685798643,88.3520223578233,84.21646505185026,4.183605499836872
5,Bakery,2024-11-22,36.77452619135244,36.66376286220668,36.83542933512644,0.17166647291976034
5,Bakery,2024-11-23,48.733746659732205,47.0556628281291,48.802575164654236,1.746912336525135
5,Bakery,2024-11-24,47.88851491699287,47.49413500340357,47.95099041778039,0.4568554143768182
5,Bakery,2024-11-25,37.50714670802,37.53504924676295,37.55681772614529,0.04967101812528796
5,Bakery,2024-11-26,37.516412497072245,37.12752599472523,37.57864212817567,0.45111613345044077
5,Bakery,2024-11-27,38.26362939095469,38.218925680496,38.34172063909434,0.122794958598341
5,Bakery,2024-11-28,38.87213772303419,38.891808900545996,38.94343965026859,0.07130192723439421
5,Bakery,2024-11-29,40.815512728897346,40.92690436885455,40.88337276170893,0.1113916399572048
5,Bakery,2024-11-30,61.09043247124491,60.1998546065948,61.17755440463703,0.9776997980422308
5,Bakery,2024-12-01,57.57267480546412,57.763244651962744,57.664369437017704,0.19056984649862585
5,Bakery,2024-12-02,46.9876624631013,47.132633384092884,47.05422370231001,0.14497092099158237
5,Bakery,2024-12-03,46.98504432400223,46.74855143792853,47.04987351039347,0.30132207246493437
5,Bakery,2024-12-04,47.533788518836744,47.32257791431869,47.615930642229124,0.2933527279104311
5,Bakery,2024-12-05,66.94802977540198,66.3245775889245,67.0194812768753,0.6949036879507986
5,Bakery,2024-12-06,79.60042562507961,85.6492814866856,79.66092334394281,6.048855861605986
5,Bakery,2024-12-07,58.38262155848741,58.63586954729438,58.447731337153925,0.25324798880696875
5,Bakery,2024-12-08,57.894722942968045,58.2920267787093,57.952415863696814,0.39730383574125483
5,Bakery,2024-12-09,46.673163062106156,46.77922812372852,46.71159844015043,0.10606506162236684
5,Bakery,2024-12-10,66.82805667999114,65.6014361919788,66.86210337554947,1.2606671835706607
5,Bakery,2024-12-11,46.21507380429652,46.632854766533306,46.25738911560619,0.4177809622367832
5,Bakery,2024-12-12,45.9779133960315,46.31121689242198,46.02799349407716,0.33330349639048507
5,Bakery,2024-12-13,45.63280590161857,45.72336430770886,45.70268603011941,0.09055840609029531
5,Bakery,2024-12-14,56.46672164084074,56.77623884617691,56.54991865623397,0.3095172053361708
5,Bakery,2024-12-15,65.76637615793508,65.06465856661039,65.83671653649067,0.7720579698802794
5,Bakery,2024-12-16,45.42566819387457,45.197609829875006,45.49670864734543,0.2990988174704228
5,Bakery,2024-12-17,44.61207712652638,44.000030096862005,44.70826488949403,0.7082347926320267
5,Bakery,2024-12-18,45.23520399079195,44.90788860327485,45.34994205208691,0.4420534488120609
5,Bakery,2024-12-19,44.66707622387437,44.151387590200386,44.77555409719201,0.6241665069916209
5,Bakery,2024-12-20,44.364066155353626,43.54116081277921,44.47320699118139,0.9320461784021816
5,Bakery,2024-12-21,54.95365048295839,54.57066606660331,55.071467749262226,0.500801682658917
5,Bakery,2024-12-22,54.3527904997539,54.26343130356632,54.45977881608313,0.19634751251680882
5,Bakery,2024-12-23,44.26568057718755,43.84640270569346,44.35543018132593,0.5090274756324717
5,Bakery,2024-12-24,44.306748564303405,43.61164117398647,44.404147541220865,0.7925063672343953
5,Bakery,2024-12-25,44.313249396766295,43.51438939926411,44.420318685615854,0.9059292863517427
5,Bakery,2024-12-26,48.04216109213192,46.18640357320628,48.13324867579337,1.9468451025870905
5,Bakery,2024-12-27,44.344346189785455,43.90304346368476,44.431880295798386,0.5288368321136261
5,Bakery,2024-12-28,55.358907368941516,54.99350186256547,55.45532764675051,0.46182578418503795
5,Bakery,2024-12-29,55.7308704852571,56.071440655488644,55.81412316925805,0.340570170231544
5,Bakery,2024-12-30,44.82863812800241,44.90752357019001,44.90462240368619,0.07888544218759819
5,Bakery,2024-12-31,53.650829213858295,53.9295793010026,53.737468685983515,0.27875008714430294
5,Chocolate & Milk,2024-11-01,45.98684081271142,47.754118458196594,46.522181568128445,1.7672776454851729
5,Chocolate & Milk,2024-11-02,31.778033529613207,32.14733970482884,32.16006471210775,0.38203118249453993
5,Chocolate & Milk,2024-11-03,31.57229892731486,32.081244795367944,31.653178584572192,0.5089458680530825
5,Chocolate & Milk,2024-11-04,25.055402392386018,25.059356845292942,25.21770077765387,0.162298385267853
5,Chocolate & Milk,2024-11-05,24.97325572771017,24.794078516699702,24.914468697421512,0.1791772110104688
5,Chocolate & Milk,2024-11-06,25.016276376915936,24.830103721758544,25.178005907557004,0.34790218579846055
5,Chocolate & Milk,2024-11-07,21.928481764279493,21.728578902376874,21.978187814108193,0.24960891173131827
5,Chocolate & Milk,2024-11-08,21.8987196395234,22.05016237064221,21.9499032812892,0.15144273111880935
5,Chocolate & Milk,2024-11-09,28.900925806873687,28.87125059152362,28.951058786077684,0.07980819455406518
5,Chocolate & Milk,2024-11-10,28.761547320023972,29.192302483121857,28.810070983632396,0.430755163097885
5,Chocolate & Milk,2024-11-11,21.969424314224206,21.95139584822788,22.013278957046886,0.06188310881900705
5,Chocolate & Milk,2024-11-12,21.747231334064942,21.58800048919376,21.78945008429076,0.20144959509699945
5,Chocolate & Milk,2024-11-13,21.834019111326388,21.886901197399723,21.875075798921145,0.052882086073335444
5,Chocolate & Milk,2024-11-14,22.005762831397668,22.41409938974714,22.04620525525848,0.4083365583494718
5,Chocolate & Milk,2024-11-15,27.023576868308314,27.47840808791414,27.06751137613654,0.4548312196058255
5,Chocolate & Milk,2024-11-16,27.773661170150042,27.766432903168553,27.826494417352016,0.06006151418346306
5,Chocolate & Milk,2024-11-17,27.512568835353306,27.474124842409314,27.579321686478032,0.10519684406871832
5,Chocolate & Milk,2024-11-18,21.388331452383287,21.436848765916228,21.462831387715077,0.07449993533179011
5,Chocolate & Milk,2024-11-19,21.62293830552654,21.647670645619627,21.699983915576553,0.07704561005001409
5,Chocolate & Milk,2024-11-20,21.483587224296908,21.596288227757285,21.560582092374716,0.11270100346037637
5,Chocolate & Milk,2024-11-21,50.40505065786788,53.38270537148286,50.48369928543417,2.9776547136149745
5,Chocolate & Milk,2024-11-22,21.536220693123443,21.44575140826747,21.617850232887854,0.1720988246203845
5,Chocolate & Milk,2024-11-23,28.869999130998345,28.107033824723477,28.949229794892823,0.842195970169346
5,Chocolate & Milk,2024-11-24,28.258361806757406,28.067399064041165,28.338885854936358,0.27148679089519234
5,Chocolate & Milk,2024-11-25,21.822405357137516,21.817002247389716,21.899181177124042,0.08217892973432583
5,Chocolate & Milk,2024-11-26,21.769865351905477,21.322537695031773,21.8354743646286,0.5129366695968258
5,Chocolate & Milk,2024-11-27,22.13795026774627,21.853594983335437,22.19021557113083,0.3366205877953945
5,Chocolate & Milk,2024-11-28,22.317714748622674,21.963419360139476,22.366130094200646,0.40271073406117
5,Chocolate & Milk,2024-11-29,23.751802159641766,23.868916565129766,23.800294332853706,0.11711440548799956
5,Chocolate & Milk,2024-11-30,36.07070868738218,35.67806992668923,36.11391440470116,0.43584447801192994
5,Chocolate & Milk,2024-12-01,33.55051235664024,33.80365614192254,33.58800995942401,0.25314378528229753
5,Chocolate & Milk,2024-12-02,27.168393375813523,26.90785395185197,27.20424400852763,0.2963900566756621
5,Chocolate & Milk,2024-12-03,27.26077804314464,27.040174468975565,27.293108362202567,0.2529338932270022
5,Chocolate & Milk,2024-12-04,27.306962540734013,26.68405268154922,27.33799679547372,0.6539441139245028
5,Chocolate & Milk,2024-12-05,39.80437368921436,38.972701619949845,39.83159997334279,0.8588983533929451
5,Chocolate & Milk,2024-12-06,47.713699652314936,50.79988030950578,47.74036134266812,3.0861806571908446
5,Chocolate & Milk,2024-12-07,34.14772679746394,34.12444807077243,34.17285729520517,0.04840922443273854
5,Chocolate & Milk,2024-12-08,33.913713607438176,34.14961689589172,33.939051003784385,0.23590328845354236
5,Chocolate & Milk,2024-12-09,27.61913886491642,27.359417786918694,27.646365685051595,0.286947898132901
5,Chocolate & Milk,2024-12-10,40.012166064209,38.8370968834022,40.04175649543678,1.2046596120345825
5,Chocolate & Milk,2024-12-11,27.25295155482907,27.366148739269395,27.282879044967284,0.1131971844403239
5,Chocolate & Milk,2024-12-12,27.40634803943376,27.24642834620081,27.433834554838647,0.18740620863783874
5,Chocolate & Milk,2024-12-13,27.332372490258674,27.242109222741956,27.358686848238744,0.11657762549678807
5,Chocolate & Milk,2024-12-14,34.04945483072623,34.06542372788351,34.07161192036382,0.022157089637588
5,Chocolate & Milk,2024-12-15,39.808690924846125,39.08326760730718,39.82741900064372,0.7441513933365442
5,Chocolate & Milk,2024-12-16,27.133139287524813,26.683450585778704,27.157077170250318,0.47362658447161365
5,Chocolate & Milk,2024-12-17,26.8487498135677,26.34879298025275,26.876882663776996,0.5280896835242466
5,Chocolate & Milk,2024-12-18,26.811508760900473,26.626212602728277,26.845916999453976,0.21970439672569952
5,Chocolate & Milk,2024-12-19,26.68863629129504,26.321005697633886,26.721827794529123,0.4008220968952365
5,Chocolate & Milk,2024-12-20,26.657264241302997,26.371226804079257,26.685680103075583,0.3144532989963267
5,Chocolate & Milk,2024-12-21,33.311685283268154,33.31953113879997,33.33873075445338,0.027045471185225267
5,Chocolate & Milk,2024-12-22,32.60354198438547,32.63769858315067,32.63838278038513,0.03484079599965639
5,Chocolate & Milk,2024-12-23,26.751784607379218,26.45777640584,26.79318380328636,0.3354073974463603
5,Chocolate & Milk,2024-12-24,26.643374644236754,26.134997533496062,26.682877448267195,0.5478799147711335
5,Chocolate & Milk,2024-12-25,26.829769596429134,26.477164670541057,26.8669388057449,0.38977413520384374
5,Chocolate & Milk,2024-12-26,29.069409463710848,27.466031081304287,29.1064256877671,1.640394606462813
5,Chocolate & Milk,2024-12-27,26.89970760154171,26.38310289097029,26.93684983185113,0.553746940880842
5,Chocolate & Milk,2024-12-28,33.966808879182395,33.6031265597842,34.006022418237485,0.40289585845328446
5,Chocolate & Milk,2024-12-29,34.007431427587385,33.829691896501444,34.04524241565019,0.21555051914874923
5,Chocolate & Milk,2024-12-30,27.008047818059392,26.979186690338306,27.044545589588022,0.06535889924971627
5,Chocolate & Milk,2024-12-31,32.462855241079495,33.11264090647548,32.49288305381416,0.6497856653959815
5,Coffee,2024-11-01,304.1065202581861,325.4499387054302,314.78422799286204,21.34341844724412
5,Coffee,2024-11-02,205.87523667637328,220.6132421181784,221.61306371794217,15.737827041568892
5,Coffee,2024-11-03,205.08314626655638,223.25891781383572,215.85746965919608,18.17577154727934
5,Coffee,2024-11-04,164.6677227219082,177.18161138013014,168.54587890749679,12.51388865822193
5,Coffee,2024-11-05,163.0757441199939,172.11714279223293,166.09777628338415,9.041398672239012
5,Coffee,2024-11-06,165.61674948720693,174.87076186600834,166.91929754040203,9.254012378801406
5,Coffee,2024-11-07,144.27849580408656,147.68659470836928,144.05558227900494,3.631012429364347
5,Coffee,2024-11-08,144.32714934242165,146.5341018585641,144.05938938841464,2.4747124701494556
5,Coffee,2024-11-09,189.27558231816343,194.9769842697862,189.02407902758702,5.952905242199165
5,Coffee,2024-11-10,189.82048641148504,198.14421745593737,189.5749536609272,8.569263795010158
5,Coffee,2024-11-11,146.11391455149104,148.19685118399622,145.8491794038057,2.347671780190524
5,Coffee,2024-11-12,144.59079480611146,143.6483924100781,144.34357591535814,0.9424023960333727
5,Coffee,2024-11-13,147.23552719492105,148.27168067474616,147.02861084141693,1.2430698333292298
5,Coffee,2024-11-14,146.37304464721066,145.23463422902176,146.13964453290774,1.1384104181888972
5,Coffee,2024-11-15,179.22809303711824,178.97710759814112,178.99673321927384,0.2509854389771249
5,Coffee,2024-11-16,191.2006811449812,197.13398599276763,191.0597291797072,6.07425681306043
5,Coffee,2024-11-17,187.52226130585922,192.72966338274392,187.56937856692372,5.207402076884705
5,Coffee,2024-11-18,147.98736085121652,151.60295780320297,148.20211319046413,3.615596951986447
5,Coffee,2024-11-19,149.4663203009757,151.8498858733222,149.8133355263656,2.383565572346498
5,Coffee,2024-11-20,149.29038836768964,149.69748202533978,149.67799123725746,0.4070936576501367
5,Coffee,2024-11-21,336.2433392864468,352.05647875468134,336.687081492194,15.81313946823451
5,Coffee,2024-11-22,150.05346504948474,151.01313468938037,150.5788102039808,0.9596696398956226
5,Coffee,2024-11-23,195.80345783093395,195.21873244526208,196.36773957092902,1.149007125666941
5,Coffee,2024-11-24,194.1188481822471,195.12061674187476,194.67785377351282,1.0017685596276635
5,Coffee,2024-11-25,155.82304615454305,157.2339846883844,156.32885257483161,1.410938533841346
5,Coffee,2024-11-26,156.83638023516244,153.94321612543837,157.27154250427407,3.3283263788356976
5,Coffee,2024-11-27,160.6941858340547,157.71219810343806,161.09142219945556,3.3792240960175093
5,Coffee,2024-11-28,161.74050718539507,157.6094258700596,162.09499087587818,4.485565005818586
5,Coffee,2024-11-29,170.89990698149435,170.20376436176835,171.22603366956122,1.0222693077928682
5,Coffee,2024-11-30,250.62316530755353,248.3172970520009,250.95968057933493,2.642383527334033
5,Coffee,2024-12-01,240.17185598292704,241.08077929466685,240.52360220141506,0.9089233117398123
5,Coffee,2024-12-02,199.3785283426741,196.45827266715827,199.63634964733842,3.178076980180151
5,Coffee,2024-12-03,199.5240683990317,195.1510719618513,199.7245809836295,4.573509021778193
5,Coffee,2024-12-04,201.28837404966444,194.5985487184312,201.42682687451654,6.828278156085332
5,Coffee,2024-12-05,284.9398499158412,277.0871140666047,284.98358710062206,7.896473034017333
5,Coffee,2024-12-06,339.2357055191885,358.7532586180495,339.24401816807847,19.517553098860958
5,Coffee,2024-12-07,242.07945279336718,242.20963262432164,242.10552671295596,0.13017983095446084
5,Coffee,2024-12-08,239.8942465874889,242.1871446737395,239.8528771266549,2.3342675470846075
5,Coffee,2024-12-09,197.04723034604476,194.1343379854544,196.91220381598228,2.912892360590348
5,Coffee,2024-12-10,281.0488291872768,271.90179836117113,280.8775200162899,9.147030826105663
5,Coffee,2024-12-11,194.7313973425458,192.82067388865036,194.58979553394016,1.9107234538954287
5,Coffee,2024-12-12,193.76876269053213,191.74511892819908,193.65158708393318,2.0236437623330517
5,Coffee,2024-12-13,191.0925419045541,190.52827722129837,191.00007593634214,0.5642646832557432
5,Coffee,2024-12-14,234.3969413931044,237.90657088869474,234.29853718214315,3.608033706551595
5,Coffee,2024-12-15,268.64292234825047,267.3658448963173,268.5611322980796,1.2770774519331667
5,Coffee,2024-12-16,187.58676536767797,185.23302704538662,187.51614126308192,2.353738322291349
5,Coffee,2024-12-17,183.5713877726474,182.2708102780287,183.49717087527017,1.3005774946186932
5,Coffee,2024-12-18,184.38660340669182,184.92961767399692,184.32342549321018,0.606192180786735
5,Coffee,2024-12-19,183.05231229908048,182.5377745925341,183.0010932848191,0.5145377065463776
5,Coffee,2024-12-20,181.03626979071348,180.22338378776865,181.01197110723544,0.8128860029448219
5,Coffee,2024-12-21,224.8607822676155,229.42934988844496,224.90551287185107,4.568567620829469
5,Coffee,2024-12-22,221.3042156836448,225.68484682737923,221.38263345342463,4.380631143734433
5,Coffee,2024-12-23,183.68306271125977,184.35661350176872,183.74817177870378,0.6735507905089548
5,Coffee,2024-12-24,181.65499444459948,179.92202321213722,181.73719879077606,1.8151755786388435
5,Coffee,2024-12-25,182.77009711124123,181.78522379712066,182.8970810644068,1.1118572672861262
5,Coffee,2024-12-26,214.15467563672686,204.1820701817866,214.24984455226675,10.067774370480151
5,Coffee,2024-12-27,184.649157190721,183.62780602181442,184.71504918852,1.0872431667055764
5,Coffee,2024-12-28,228.88474306746377,231.34947765866693,228.91724748473345,2.464734591203154
5,Coffee,2024-12-29,230.34079878633156,234.24270882059994,230.32828526503909,3.914423555560859
5,Coffee,2024-12-30,185.54552605493876,185.42232736769208,185.53166050313283,0.12319868724668481
5,Coffee,2024-12-31,220.98294999174811,225.88358182415135,221.0218737697093,4.900631832403235
5,Juice & Smoothie,2024-11-01,26.79794362344311,28.460082937426055,27.74145850956164,1.6621393139829443
5,Juice & Smoothie,2024-11-02,18.111036556581602,18.616249946363048,18.677582202074717,0.5665456454931146
5,Juice & Smoothie,2024-11-03,17.875326138429394,18.06401959914831,18.387294571031717,0.5119684326023233
5,Juice & Smoothie,2024-11-04,14.27595614070427,14.377971903975194,14.578444523022437,0.30248838231816677
5,Juice & Smoothie,2024-11-05,14.113612785387504,14.002512076246301,14.436537840153973,0.43402576390767145
5,Juice & Smoothie,2024-11-06,14.260682631909757,14.331912395985029,14.436721511274541,0.1760388793647838
5,Juice & Smoothie,2024-11-07,12.387747622138386,12.36134884073595,12.377014962553094,0.026398781402436455
5,Juice & Smoothie,2024-11-08,12.407727236093388,12.268482408991435,12.396877297854058,0.13924482710195285
5,Juice & Smoothie,2024-11-09,16.495915254841066,16.481238833894462,16.48634773318828,0.014676420946603486
5,Juice & Smoothie,2024-11-10,16.360409064561733,16.385487389349983,16.350437801720222,0.03504958762976074
5,Juice & Smoothie,2024-11-11,12.452367805014642,12.443157546105834,12.442760045033484,0.009607759981157926
5,Juice & Smoothie,2024-11-12,12.319754700820999,12.263812925610818,12.307410291113108,0.05594177521018118
5,Juice & Smoothie,2024-11-13,12.43803337258544,12.5262689735484,12.42601197799841,0.10025699554998901
5,Juice & Smoothie,2024-11-14,12.527854117250694,12.420340882868176,12.517189962588082,0.10751323438251781
5,Juice & Smoothie,2024-11-15,15.597731496206833,15.630709445917674,15.590118581838212,0.04059086407946211
5,Juice & Smoothie,2024-11-16,16.463659064977005,16.547107845754823,16.4577123277812,0.08939551797362455
5,Juice & Smoothie,2024-11-17,16.16100205558671,16.405132920709384,16.158344580036392,0.2467883406729925
5,Juice & Smoothie,2024-11-18,12.434382395822489,12.29395431071268,12.435875537098376,0.14192122638569593
5,Juice & Smoothie,2024-11-19,12.500955578516704,12.618305291231275,12.50471093413248,0.11734971271457084
5,Juice & Smoothie,2024-11-20,12.45204601776279,12.53107908203653,12.454927658490922,0.0790330642737409
5,Juice & Smoothie,2024-11-21,29.90846363242342,30.849421095851547,29.913157438970273,0.940957463428127
5,Juice & Smoothie,2024-11-22,12.388471227121357,12.433111549493205,12.394159796089134,0.044640322371847674
5,Juice & Smoothie,2024-11-23,16.78492758576421,16.824238586509352,16.791261880137874,0.03931100074514404
5,Juice & Smoothie,2024-11-24,16.473124023113655,16.856636087398538,16.478887443131654,0.3835120642848828
5,Juice & Smoothie,2024-11-25,12.692841900126192,12.638700838040988,12.702163446983791,0.0634626089428032
5,Juice & Smoothie,2024-11-26,12.574073756036253,12.44924547095026,12.583644714020114,0.13439924306985418
5,Juice & Smoothie,2024-11-27,12.739716607393403,12.486858875044897,12.751968125312933,0.26510925026803633
5,Juice & Smoothie,2024-11-28,12.874779119927243,12.684056182136345,12.891708925479108,0.20765274334276285
5,Juice & Smoothie,2024-11-29,13.73147346498871,13.832198264269515,13.751977719952766,0.10072479928080469
5,Juice & Smoothie,2024-11-30,21.03753279161058,20.926828682886672,21.057946371774065,0.13111768888739306
5,Juice & Smoothie,2024-12-01,19.449995438890507,19.33613375303466,19.471882872536113,0.13574911950145463
5,Juice & Smoothie,2024-12-02,15.647013530791504,15.467204837702615,15.669616275547227,0.2024114378446118
5,Juice & Smoothie,2024-12-03,15.708623928828144,15.576170969199985,15.730650700156291,0.15447973095630552
5,Juice & Smoothie,2024-12-04,16.002148664776108,15.561826858731312,16.022481103186514,0.46065424445520264
5,Juice & Smoothie,2024-12-05,23.533282440249028,22.956158769475003,23.554244946589066,0.5980861771140624
5,Juice & Smoothie,2024-12-06,28.545810118722322,30.453957253298004,28.566518558261745,1.9081471345756817
5,Juice & Smoothie,2024-12-07,20.096620462524594,20.073152501134427,20.115672368788083,0.04251986765365601
5,Juice & Smoothie,2024-12-08,19.78602793403121,19.88311029748761,19.801788943620718,0.09708236345640131
5,Juice & Smoothie,2024-12-09,15.911951375966904,15.826385206903522,15.925286557517694,0.09890135061417205
5,Juice & Smoothie,2024-12-10,23.483840187918098,22.707934919871214,23.49206432582015,0.784129405948935
5,Juice & Smoothie,2024-12-11,15.683931425882289,15.747850447635278,15.686741125356669,0.06391902175298902
5,Juice & Smoothie,2024-12-12,15.771484254109962,15.755193731821874,15.77207308606672,0.016879354244846212
5,Juice & Smoothie,2024-12-13,15.475723166339499,15.453427283090306,15.474686391999974,0.022295883249192627
5,Juice & Smoothie,2024-12-14,19.46321264988823,19.5545329064227,19.459611153225012,0.09492175319768847
5,Juice & Smoothie,2024-12-15,23.00263367004604,22.864134731846853,22.99900712142081,0.1384989381991879
5,Juice & Smoothie,2024-12-16,15.469643361206545,15.304890106276824,15.464395086013662,0.16475325492972104
5,Juice & Smoothie,2024-12-17,15.250360753707174,15.093316327609095,15.243472572646777,0.15704442609807856
5,Juice & Smoothie,2024-12-18,15.461489924511442,15.417595801663872,15.453620172107465,0.043894122847570216
5,Juice & Smoothie,2024-12-19,15.439659662311561,15.287150238911963,15.43626190682615,0.15250942339959828
5,Juice & Smoothie,2024-12-20,15.392955939709795,15.293737679778204,15.390005572360202,0.09921825993159139
5,Juice & Smoothie,2024-12-21,19.247597809315614,19.346513302540444,19.243544490541,0.10296881199944252
5,Juice & Smoothie,2024-12-22,18.979902035435323,19.152407045936158,18.974962586641446,0.17744445929471198
5,Juice & Smoothie,2024-12-23,15.259082448403554,15.168906860458902,15.2555159801474,0.09017558794465153
5,Juice & Smoothie,2024-12-24,15.14523237748445,15.05796011487098,15.140930645228078,0.08727226261347099
5,Juice & Smoothie,2024-12-25,15.16173216072854,15.070992175404477,15.159129084516094,0.09073998532406335
5,Juice & Smoothie,2024-12-26,16.432609908193566,15.294482501019779,16.431664113490434,1.138127407173787
5,Juice & Smoothie,2024-12-27,15.307609879064898,15.0539108757288,15.307404918543806,0.2536990033360986
5,Juice & Smoothie,2024-12-28,19.648765239745977,19.456679033393048,19.647713279040097,0.19208620635292917
5,Juice & Smoothie,2024-12-29,19.501513461965292,19.42144580039941,19.50220848763714,0.08076268723772984
5,Juice & Smoothie,2024-12-30,15.426880637504091,15.334985043366805,15.427730187224832,0.09274514385802668
5,Juice & Smoothie,2024-12-31,18.763276710620502,18.973070859714113,18.763151672509203,0.20991918720491043
5,Merchandise,2024-11-01,14.587082465430875,15.436544356381907,15.28020369221105,0.8494618909510319
5,Merchandise,2024-11-02,11.196098746611515,11.343868003107993,11.641672077105108,0.44557333049359293
5,Merchandise,2024-11-03,11.071157341182895,11.207217292871285,11.32544044930944,0.2542831081265451
5,Merchandise,2024-11-04,8.81903378197499,8.948832465931561,9.083720632420855,0.26468685044586415
5,Merchandise,2024-11-05,8.729754101862538,8.74645423711203,8.97095539809132,0.24120129622878217
5,Merchandise,2024-11-06,8.803770341035252,8.881285723309034,8.929732556411933,0.12596221537668129
5,Merchandise,2024-11-07,7.491211730903252,7.5272714088018855,7.49826587748367,0.03605967789863307
5,Merchandise,2024-11-08,7.474298955780316,7.424318566365237,7.4824297097604715,0.0581111433952346
5,Merchandise,2024-11-09,10.125423110939538,10.151346695919319,10.135567573172656,0.025923584979780756
5,Merchandise,2024-11-10,10.067630806586244,10.276409637106944,10.080279883184437,0.2087788305206999
5,Merchandise,2024-11-11,7.516961130561262,7.597262911039319,7.526182347164421,0.0803017804780577
5,Merchandise,2024-11-12,7.4423180817979855,7.523000529975777,7.449101910144879,0.08068244817779124
5,Merchandise,2024-11-13,7.389766194685478,7.555256224498131,7.397561454330825,0.16549002981265293
5,Merchandise,2024-11-14,7.38822142750413,7.492692122381214,7.395763617255118,0.10447069487708482
5,Merchandise,2024-11-15,9.482721457124141,9.55508914905202,9.490378517986395,0.0723676919278784
5,Merchandise,2024-11-16,10.173243377567736,10.189918047021624,10.182436176825215,0.016674669453887958
5,Merchandise,2024-11-17,9.682345299409107,9.644204041262157,9.69194705749517,0.04774301623301369
5,Merchandise,2024-11-18,7.533226747921796,7.530576620396362,7.546857601399255,0.016280981002893213
5,Merchandise,2024-11-19,7.502215500800798,7.473477839479705,7.518698550953543,0.04522071147383766
5,Merchandise,2024-11-20,7.47473763145714,7.440057338648805,7.489380905891857,0.04932356724305187
5,Merchandise,2024-11-21,17.007286417607613,17.362154605413977,17.018420927440012,0.354868187806364
5,Merchandise,2024-11-22,7.655469675838712,7.505031437178965,7.667747665730081,0.16271622855111634
5,Merchandise,2024-11-23,10.130609323775646,9.893473614629418,10.14431496718278,0.25084135255336193
5,Merchandise,2024-11-24,10.008383966453296,9.809409541102136,10.021569685538363,0.21216014443622733
5,Merchandise,2024-11-25,7.771527525522385,7.774961800540012,7.783874791530086,0.012347266007701307
5,Merchandise,2024-11-26,7.6515672591002595,7.48362265926024,7.662476126725172,0.1788534674649327
5,Merchandise,2024-11-27,7.6305829135243926,7.564616231246278,7.641455587913018,0.07683935666674024
5,Merchandise,2024-11-28,7.700142936552203,7.723052803478772,7.711757713664561,0.022909866926569045
5,Merchandise,2024-11-29,8.129179437141236,8.28765134982825,8.139186725595023,0.15847191268701444
5,Merchandise,2024-11-30,12.782347373400954,12.519655236366633,12.792217806180028,0.27256256981339533
5,Merchandise,2024-12-01,11.815888256319894,11.790930364565126,11.82521706297311,0.03428669840798371
5,Merchandise,2024-12-02,9.396290921337723,9.410148482399496,9.405869828908882,0.013857561061772827
5,Merchandise,2024-12-03,9.41815653413605,9.2425269184242,9.42882781295791,0.18630089453371035
5,Merchandise,2024-12-04,9.500196279348499,9.40312940941433,9.51457414849876,0.11144473908442976
5,Merchandise,2024-12-05,14.32549532917236,13.69457259020816,14.33862697047274,0.6440543802645795
5,Merchandise,2024-12-06,16.131002837565728,16.807600687668206,16.142528686765488,0.6765978501024783
5,Merchandise,2024-12-07,11.880393177079062,11.858008677788593,11.890556407484512,0.0325477296959189
5,Merchandise,2024-12-08,11.939516016618594,12.021488939652926,11.948725922835411,0.08197292303433201
5,Merchandise,2024-12-09,9.578289822215531,9.483800779420118,9.588270778676122,0.10446999925600409
5,Merchandise,2024-12-10,14.43549013546645,13.666403073257644,14.445909263362843,0.7795061901051987
5,Merchandise,2024-12-11,9.48320233138284,9.432035514929858,9.489632109292334,0.057596594362475884
5,Merchandise,2024-12-12,9.526482039384156,9.474210591148083,9.532473151028444,0.058262559880361664
5,Merchandise,2024-12-13,9.39982692099914,9.35020746497132,9.406528501630367,0.05632103665904786
5,Merchandise,2024-12-14,11.973372569172096,11.859196804176266,11.978330618404057,0.11913381422779068
5,Merchandise,2024-12-15,14.17023628431756,14.03857681606008,14.173105446572357,0.1345286305122766
5,Merchandise,2024-12-16,9.498974060672623,9.462554042838843,9.505040457075989,0.042486414237146164
5,Merchandise,2024-12-17,9.300473498324727,9.120836538211341,9.309723627102965,0.1888870888916241
5,Merchandise,2024-12-18,9.342703390314785,9.27415596990616,9.352291275505104,0.07813530559894488
5,Merchandise,2024-12-19,9.311341096651136,9.099620946144872,9.32002224230656,0.2204012961616879
5,Merchandise,2024-12-20,9.327418394167848,9.072864023109087,9.334395630121156,0.2615316070120688
5,Merchandise,2024-12-21,11.918800457638449,11.701862666965836,11.926118418980247,0.22425575201441106
5,Merchandise,2024-12-22,11.570375931094837,11.395547776297677,11.57941533323758,0.1838675569399033
5,Merchandise,2024-12-23,9.44784587232985,9.310554502558784,9.45461817822066,0.14406367566187583
5,Merchandise,2024-12-24,9.370214962501327,9.095840459955928,9.37585806769592,0.28001760773999074
5,Merchandise,2024-12-25,9.33446354709664,9.201545114292994,9.339385615162056,0.1378405008690624
5,Merchandise,2024-12-26,10.15181593555662,9.451016393051084,10.158183135219193,0.7071667421681092
5,Merchandise,2024-12-27,9.242363036442786,9.009854115615376,9.250542919913606,0.24068880429823025
5,Merchandise,2024-12-28,11.847653396965102,11.571513069457641,11.858200897746453,0.28668782828881234
5,Merchandise,2024-12-29,11.783779710979555,11.810280607629277,11.792238183403912,0.026500896649721994
5,Merchandise,2024-12-30,9.432656693226384,9.26735471475686,9.439977729579468,0.17262301482260867
5,Merchandise,2024-12-31,11.450652930565521,11.368665123647514,11.45767222701803,0.0890071033705162
5,Savory Bakery,2024-11-01,59.436464025435114,62.80560244506692,61.934796296995,3.3691384196318026
5,Savory Bakery,2024-11-02,40.75708978316316,40.887578504695036,42.47317914130883,1.7160893581456733
5,Savory Bakery,2024-11-03,39.853349634631485,41.35090769835854,41.132541910801365,1.4975580637270554
5,Savory Bakery,2024-11-04,31.677232204945973,32.57949879665321,31.88778727530133,0.9022665917072388
5,Savory Bakery,2024-11-05,31.605921958107874,32.365678770713174,31.626290701699425,0.7597568126052998
5,Savory Bakery,2024-11-06,32.385607862789826,33.31837284980724,32.09837636246075,1.2199964873464921
5,Savory Bakery,2024-11-07,28.26570417059881,29.018987381201995,28.25028775689905,0.7686996243029469
5,Savory Bakery,2024-11-08,27.95777998822462,28.29088313250417,27.93487223661141,0.3560108958927586
5,Savory Bakery,2024-11-09,36.42771778399734,36.92494308455393,36.40307565160044,0.521867432953492
5,Savory Bakery,2024-11-10,36.58725112198209,37.47548007076748,36.56766899843821,0.9078110723292738
5,Savory Bakery,2024-11-11,28.534191866237386,28.996130778926343,28.520139672289297,0.47599110663704636
5,Savory Bakery,2024-11-12,28.22200005788497,28.188528192266517,28.205920710089018,0.03347186561845206
5,Savory Bakery,2024-11-13,28.57835126419242,28.532792161583995,28.563031642523235,0.04555910260842566
5,Savory Bakery,2024-11-14,28.384503755323802,28.313599558531134,28.36107095260135,0.07090419679266802
5,Savory Bakery,2024-11-15,35.132928482881766,35.661785810626085,35.101660776193945,0.56012503443214
5,Savory Bakery,2024-11-16,36.7643105159163,36.681462659866995,36.74524830711212,0.08284785604930534
5,Savory Bakery,2024-11-17,36.17091864640655,35.78193469858081,36.18117768851499,0.39924298993418006
5,Savory Bakery,2024-11-18,28.836252385638225,28.39686516264085,28.883385538865756,0.48652037622490596
5,Savory Bakery,2024-11-19,29.13988531681782,29.24273067413496,29.221887342493314,0.10284535731713973
5,Savory Bakery,2024-11-20,28.860078691132426,28.09631983287456,28.94956748905955,0.8532476561849904
5,Savory Bakery,2024-11-21,67.07138860199332,69.15181874893518,67.15957344690479,2.0804301469418647
5,Savory Bakery,2024-11-22,28.863885060265524,28.580189440539037,28.9525301238884,0.3723406833493641
5,Savory Bakery,2024-11-23,37.60294360278288,36.927793726040136,37.684015260721104,0.756221534680968
5,Savory Bakery,2024-11-24,36.87331807921828,36.34779270690184,36.941720425102766,0.5939277182009235
5,Savory Bakery,2024-11-25,29.36319527487816,29.512521916578066,29.433810083409618,0.14932664169990773
5,Savory Bakery,2024-11-26,29.621160893231803,29.18011024671867,29.692100320318623,0.5119900735999536
5,Savory Bakery,2024-11-27,30.030065912018763,29.854724696239618,30.08995917689946,0.23523448065984098
5,Savory Bakery,2024-11-28,30.159608721457005,29.838237541262,30.208458106962492,0.37022056570049244
5,Savory Bakery,2024-11-29,32.29971575004529,32.166095149242494,32.34288225628403,0.1767871070415339
5,Savory Bakery,2024-11-30,48.28584660768464,47.71759313019645,48.32144050722954,0.603847377033091
5,Savory Bakery,2024-12-01,45.85997783852122,45.70592320567864,45.8912617533085,0.18533854762986124
5,Savory Bakery,2024-12-02,37.85292822401003,37.342959707316,37.87181271442788,0.5288530071118842
5,Savory Bakery,2024-12-03,37.815116769024286,37.271784669783045,37.82645695985158,0.5546722900685381
5,Savory Bakery,2024-12-04,38.254555938332025,37.74864121418244,38.26335488179058,0.5147136676081416
5,Savory Bakery,2024-12-05,54.14632289999658,52.85694784885186,54.15328188174188,1.296334032890023
5,Savory Bakery,2024-12-06,64.34574606286164,68.72362753870888,64.34880505628071,4.377881475847246
5,Savory Bakery,2024-12-07,46.175384845010825,46.33541417715724,46.1760304295921,0.16002933214641502
5,Savory Bakery,2024-12-08,45.38871643734225,45.85571445945253,45.37399948303324,0.4817149764192905
5,Savory Bakery,2024-12-09,36.770816169713356,36.89879381063621,36.73940304669658,0.15939076393962637
5,Savory Bakery,2024-12-10,52.75147572734169,51.697859620000365,52.722526692008906,1.0536161073413268
5,Savory Bakery,2024-12-11,36.04274087342636,36.0568146096421,36.036535682447465,0.02027892719463864
5,Savory Bakery,2024-12-12,36.203414106014996,36.60791325917978,36.232642331568044,0.40449915316478524
5,Savory Bakery,2024-12-13,36.10523379771138,36.51228385876086,36.16807259931493,0.4070500610494818
5,Savory Bakery,2024-12-14,44.59566486824474,45.00290633439474,44.659854877463786,0.4072414661499977
5,Savory Bakery,2024-12-15,51.6512252768452,51.28929632729264,51.70183198558502,0.41253565829237715
5,Savory Bakery,2024-12-16,35.16855622442713,35.42389045986472,35.20901483664071,0.25533423543759426
5,Savory Bakery,2024-12-17,34.42679135683429,34.36510836772821,34.450201331247655,0.08509296351944329
5,Savory Bakery,2024-12-18,34.590071672423285,35.09767963795478,34.59630836646873,0.5076079655314985
5,Savory Bakery,2024-12-19,34.242035976202935,34.48117268738246,34.257937034904835,0.23913671117952617
5,Savory Bakery,2024-12-20,34.067146317255755,34.21646802715009,34.08880490379515,0.14932170989433757
5,Savory Bakery,2024-12-21,42.287546557742274,42.301492533456084,42.2929975013886,0.013945975713809844
5,Savory Bakery,2024-12-22,41.675606402750994,41.854625962490445,41.66411394710201,0.19051201538843543
5,Savory Bakery,2024-12-23,34.208884685760154,34.278381914453746,34.19815538048431,0.08022653396943724
5,Savory Bakery,2024-12-24,34.37203801954111,34.37656037217168,34.36766480036729,0.00889557180439482
5,Savory Bakery,2024-12-25,34.75773353726869,34.63633276023028,34.76528947929689,0.12895671906660766
5,Savory Bakery,2024-12-26,37.39939072553834,35.76042656271096,37.40276931528477,1.6423427525738106
5,Savory Bakery,2024-12-27,34.49213235230333,34.59688677389188,34.48939318349472,0.10749359039716211
5,Savory Bakery,2024-12-28,43.349101365474255,43.44972154590788,43.34420925883465,0.1055122870732248
5,Savory Bakery,2024-12-29,43.05807346959106,43.940405663191,43.05343795314571,0.8869677100452904
5,Savory Bakery,2024-12-30,35.059175825780905,35.177456019993656,35.05454076590174,0.1229152540919145
5,Savory Bakery,2024-12-31,41.892646996369976,42.63994998316699,41.88048361671662,0.7594663664503756
5,Tea,2024-11-01,101.13179947177191,103.70107586857354,101.53648947268988,2.5692763968016266
5,Tea,2024-11-02,69.4019162459082,69.50872360414112,70.0171309690543,0.61521472314611
5,Tea,2024-11-03,67.34123802552286,68.23698823081787,68.40232836953254,1.0610903440096848
5,Tea,2024-11-04,53.06757549725443,53.466082886663365,52.06626130840356,1.3998215782598038
5,Tea,2024-11-05,52.617571514691285,52.88619072747834,52.09906249115712,0.7871282363212231
5,Tea,2024-11-06,53.359217636257505,54.05144974115295,52.538982087747684,1.5124676534052668
5,Tea,2024-11-07,47.1141264318742,46.54961198082058,47.04941510914823,0.5645144510536184
5,Tea,2024-11-08,46.97948112830953,45.90254153790719,46.91405051996925,1.0769395904023398
5,Tea,2024-11-09,62.86232754610719,62.162730456588825,62.807253050507455,0.6995970895183632
5,Tea,2024-11-10,61.4014660997449,61.612444923212685,61.351065055750524,0.2613798674621606
5,Tea,2024-11-11,47.807202577436165,46.26151053609413,47.75679848562139,1.5456920413420363
5,Tea,2024-11-12,46.82641078038518,45.58939591246808,46.776726736139835,1.2370148679171038
5,Tea,2024-11-13,47.25149935725844,46.66700147705564,47.19241278708009,0.5844978802027967
5,Tea,2024-11-14,47.27655585000003,46.822234513349464,47.21559029854527,0.4543213366505654
5,Tea,2024-11-15,58.86006273928157,58.83913147457495,58.80726382258775,0.05279891669381698
5,Tea,2024-11-16,61.233263690195955,61.386756498907936,61.212673853752776,0.1740826451551598
5,Tea,2024-11-17,61.353426759268444,61.912869000571455,61.38947618846706,0.5594422413030102
5,Tea,2024-11-18,47.32673578754199,46.96729058173046,47.42945038283153,0.46215980110107324
5,Tea,2024-11-19,47.545382819772215,47.18741248067812,47.689872365369936,0.5024598846918167
5,Tea,2024-11-20,47.224534952089265,47.45774324479935,47.392518621237905,0.23320829271008847
5,Tea,2024-11-21,109.8510954877635,115.3255406279981,110.02918268153708,5.474445140234593
5,Tea,2024-11-22,47.761528793649994,48.00527860405832,47.93883193562576,0.24374981040832466
5,Tea,2024-11-23,63.34736963650437,61.852566579869986,63.51160067678591,1.6590340969159243
5,Tea,2024-11-24,62.38673305944212,61.5598375023183,62.556637998375216,0.9968004960569132
5,Tea,2024-11-25,48.50649393905735,48.324238049023066,48.694703706333364,0.370465657310298
5,Tea,2024-11-26,48.15041216883025,47.46921096025229,48.35332233584901,0.8841113755967172
5,Tea,2024-11-27,50.08412513066609,49.362189325470105,50.278265194484774,0.9160758690146693
5,Tea,2024-11-28,50.718527394612565,49.66823434358625,50.90220276708896,1.2339684235027093
5,Tea,2024-11-29,54.62884854801074,54.23729459600058,54.810342443036056,0.5730478470354754
5,Tea,2024-11-30,82.19468758019184,80.14405808279311,82.39102664642888,2.2469685636357752
5,Tea,2024-12-01,77.41586867705763,77.06175668279312,77.6233467649004,0.561590082107287
5,Tea,2024-12-02,63.747803885390184,62.93404079601676,63.973252303287005,1.0392115072702452
5,Tea,2024-12-03,63.695246426483784,62.467314860704036,63.936494364354985,1.469179503650949
5,Tea,2024-12-04,63.844519108864965,62.78998658914088,64.0711763685278,1.2811897793869207
5,Tea,2024-12-05,91.51010563876353,89.68814936516115,91.68135352356023,1.993204158399081
5,Tea,2024-12-06,109.26778975717683,115.63638765662357,109.38735575145618,6.3685978994467405
5,Tea,2024-12-07,78.91402153528979,78.46886877220112,78.99086013538606,0.521991363184938
5,Tea,2024-12-08,78.37947702986918,77.88534760835742,78.43581446604703,0.5504668576896137
5,Tea,2024-12-09,63.324292134388436,63.052358869485225,63.369548457548156,0.31718958806293074
5,Tea,2024-12-10,89.44628997811316,87.43416089808913,89.47945483579225,2.0452939377031214
5,Tea,2024-12-11,61.79120483681571,61.69672254420266,61.80010104358481,0.10337849938215271
5,Tea,2024-12-12,61.233754457225125,60.828059829881106,61.221827193068535,0.40569462734401895
5,Tea,2024-12-13,60.998214924698964,61.11163295421341,60.95675561429092,0.15487733992249275
5,Tea,2024-12-14,75.70592589892081,75.73756121709793,75.64787330181305,0.08968791528488396
5,Tea,2024-12-15,87.63900975813023,85.9444374822641,87.58209171216623,1.694572275866122
5,Tea,2024-12-16,58.9887537127675,58.99241854833335,58.940269747804514,0.052148800528833306
5,Tea,2024-12-17,57.801884755295134,57.40475689427977,57.7477672753009,0.39712786101536324
5,Tea,2024-12-18,57.77738444644133,58.3614023181388,57.7266275694153,0.6347747487235011
5,Tea,2024-12-19,57.44798408263673,57.18302942265231,57.40576757934814,0.2649546599844186
5,Tea,2024-12-20,56.857650310062915,56.88479950819913,56.817416032966776,0.06738347523235433
5,Tea,2024-12-21,72.07154304266795,72.59309200789406,72.02150849907666,0.5715835088173975
5,Tea,2024-12-22,70.28708192259889,70.5128352295559,70.23823221918795,0.2746030103679544
5,Tea,2024-12-23,57.290761818345004,56.93784604926165,57.26747532755883,0.35291576908335287
5,Tea,2024-12-24,56.82190401614841,56.07364213408421,56.8308832760234,0.7572411419391898
5,Tea,2024-12-25,57.66139108080993,57.78962221744072,57.682722013832176,0.1282311366307951
5,Tea,2024-12-26,67.52496622991522,63.49501044879106,67.55575378768256,4.0607433388915055
5,Tea,2024-12-27,58.23583059716884,58.20537440824633,58.27095444140983,0.06558003316349925
5,Tea,2024-12-28,73.76493671880337,73.53310199501385,73.78732143572881,0.2542194407149623
5,Tea,2024-12-29,74.26985961883702,74.34962616429718,74.25759290368342,0.0920332606137606
5,Tea,2024-12-30,58.46765191816647,59.17386803688584,58.43549588903967,0.7383721478461709
5,Tea,2024-12-31,70.0673133408275,70.67300884904608,70.017322990632,0.6556858584140883
6,Bakery,2024-11-01,73.75894142521263,76.35226876636852,72.79285860487863,3.559410161489893
6,Bakery,2024-11-02,106.71887970235315,100.24593311005565,105.64987932894346,6.472946592297504
6,Bakery,2024-11-03,80.08352272547378,79.01719757668874,79.56274400609603,1.0663251487850403
6,Bakery,2024-11-04,41.10940325881575,40.59036999371688,40.65284226719007,0.5190332650988765
6,Bakery,2024-11-05,40.226519839390406,40.02299414174503,41.18124258781636,1.158248446071326
6,Bakery,2024-11-06,41.034817310516694,41.6700551719484,41.73362756197553,0.6988102514588377
6,Bakery,2024-11-07,40.59862218633754,41.171670152269755,40.6265099195145,0.5730479659322114
6,Bakery,2024-11-08,72.60457925243941,70.10794660999684,72.65244938588353,2.5445027758866843
6,Bakery,2024-11-09,121.56645565076519,118.05173038281391,121.64570538564958,3.5939750028356627
6,Bakery,2024-11-10,121.29834841028716,118.23845356700971,121.36371754390856,3.12526397689885
6,Bakery,2024-11-11,72.31511415911339,68.20449613408556,72.35015559536302,4.145659461277461
6,Bakery,2024-11-12,71.08002378938397,68.22371137501699,71.08966655809809,2.8659551830810983
6,Bakery,2024-11-13,72.85994262394797,71.34622659859207,72.86400482439923,1.517778225807163
6,Bakery,2024-11-14,71.81891462213954,69.47461060380432,71.83456098696458,2.3599503831602533
6,Bakery,2024-11-15,94.11637306290125,91.847649112725,94.14986591506441,2.302216802339416
6,Bakery,2024-11-16,120.19166414986694,117.30832991672057,120.24808926613031,2.9397593494097407
6,Bakery,2024-11-17,233.9407281285483,251.28868712322347,233.99989159472068,17.347958994675167
6,Bakery,2024-11-18,71.21731971839768,70.34120855116245,71.28040280197432,0.939194250811866
6,Bakery,2024-11-19,70.96606302464073,70.07117188860856,71.04940328773405,0.978231399125491
6,Bakery,2024-11-20,71.40412718706766,70.89437677322736,71.51507851557125,0.6207017423438828
6,Bakery,2024-11-21,41.07127867276161,40.63971619366232,41.21212239542729,0.57240620176497
6,Bakery,2024-11-22,41.38999794764846,41.10501675761169,41.54967962917106,0.4446628715593661
6,Bakery,2024-11-23,81.93913395557647,80.82910102809592,82.10792584396881,1.2788248158728948
6,Bakery,2024-11-24,121.27099735011986,117.42228022239324,121.43930955514884,4.017029332755598
6,Bakery,2024-11-25,72.44554525901437,68.23268795526633,72.61136178859178,4.3786738333254505
6,Bakery,2024-11-26,72.09931434806902,68.2654428133377,72.25207839116626,3.986635577828565
6,Bakery,2024-11-27,71.20126970222081,68.43738546553561,71.32282033338953,2.885434867853917
6,Bakery,2024-11-28,76.99355165267845,65.96213133393194,77.10159466472695,11.13946333079501
6,Bakery,2024-11-29,77.81655476709932,78.90037183660512,77.92934928836928,1.0838170695057983
6,Bakery,2024-11-30,152.46507305627205,150.83427299929969,152.5778326399742,1.7435596406745049
6,Bakery,2024-12-01,141.80223088660338,140.23509104505408,141.9150811191301,1.6799900740760165
6,Bakery,2024-12-02,89.16196934873378,88.03180473808226,89.2837126086547,1.2519078705724382
6,Bakery,2024-12-03,89.47373129211996,89.33089137718028,89.61441826785982,0.2835268906795392
6,Bakery,2024-12-04,91.21784543886258,90.51739313055069,91.34559796044596,0.8282048298952702
6,Bakery,2024-12-05,122.78008166910072,116.88788781163632,122.8858726244137,5.997984812777375
6,Bakery,2024-12-06,88.82921025826465,86.91265201869206,88.93135637542285,2.018704356730794
6,Bakery,2024-12-07,200.71579495459483,211.91924182779536,200.81019815132058,11.203446873200534
6,Bakery,2024-12-08,111.7038851046836,111.38984651732295,111.7753088243797,0.38546230705675555
6,Bakery,2024-12-09,59.7906604008269,59.042112086323996,59.83135204441037,0.7892399580863767
6,Bakery,2024-12-10,85.09471088812734,82.91135209336734,85.12026441407149,2.208912320704144
6,Bakery,2024-12-11,144.35733308167607,149.06550874809074,144.37290201729678,4.708175666414661
6,Bakery,2024-12-12,64.18863962783486,63.62531103376829,64.21201097217912,0.586699938410824
6,Bakery,2024-12-13,64.42991068096154,63.58914011015006,64.47094933957659,0.8818092294265298
6,Bakery,2024-12-14,109.71158533969425,108.91158433680616,109.77268642449192,0.8611020876857651
6,Bakery,2024-12-15,111.15443411387996,113.02444244945644,111.22711558601704,1.870008335576486
6,Bakery,2024-12-16,52.67580259173815,53.83370631321942,52.73714729525186,1.1579037214812757
6,Bakery,2024-12-17,52.1787447677534,53.97023343678908,52.22959403704683,1.7914886690356795
6,Bakery,2024-12-18,52.7260502657431,54.36416599356675,52.775470871790894,1.638115727823653
6,Bakery,2024-12-19,52.870891325889744,54.24737730639668,52.93694126995403,1.376485980506935
6,Bakery,2024-12-20,53.52839526651204,54.61923803564984,53.60693586319586,1.0908427691378009
6,Bakery,2024-12-21,95.49226539483442,96.25030376791143,95.55152517538292,0.7580383730770137
6,Bakery,2024-12-22,95.64011752751573,96.92376565404811,95.67598235725526,1.283648126532384
6,Bakery,2024-12-23,53.283329316208835,54.606395412275454,53.30890172732478,1.3230660960666185
6,Bakery,2024-12-24,52.59217867917123,54.309225600281685,52.61253122880541,1.7170469211104589
6,Bakery,2024-12-25,52.685697118267754,53.739480511525905,52.709510375631794,1.0537833932581506
6,Bakery,2024-12-26,52.83988432371679,53.92984936412905,52.88793858758583,1.0899650404122596
6,Bakery,2024-12-27,54.11360564262841,55.32398286261007,54.201312157438736,1.210377219981666
6,Bakery,2024-12-28,95.96357483914747,97.24804158379736,96.0549771820764,1.2844667446498903
6,Bakery,2024-12-29,96.07918217522446,101.74204757552891,96.15438481779502,5.6628654003044545
6,Bakery,2024-12-30,54.15654118829946,59.1686953613516,54.220187994253926,5.012154173052146
6,Bakery,2024-12-31,67.52390728612792,73.02119609190765,67.57981022739139,5.497288805779732
6,Chocolate & Milk,2024-11-01,53.99510247696823,52.8040797411326,54.19792695979588,1.3938472186632822
6,Chocolate & Milk,2024-11-02,81.70876385072202,78.92184760569953,81.7156682973763,2.793820691676771
6,Chocolate & Milk,2024-11-03,68.03763778820687,65.86572163058041,67.90584685274337,2.1719161576264554
6,Chocolate & Milk,2024-11-04,37.718681355469286,34.99087729157,37.704865034254304,2.727804063899285
6,Chocolate & Milk,2024-11-05,37.19603542629976,34.58496126429599,37.59033626961536,3.0053750053193653
6,Chocolate & Milk,2024-11-06,37.66637048251093,35.2413729103138,37.75925639146949,2.5178834811556925
6,Chocolate & Milk,2024-11-07,27.23927294952905,27.301843227908872,27.210863310509172,0.09097991739970013
6,Chocolate & Milk,2024-11-08,49.01848683055904,47.67513942491245,48.99486498833926,1.3433474056465897
6,Chocolate & Milk,2024-11-09,81.9369035820952,78.89318001084887,81.91612361735456,3.043723571246332
6,Chocolate & Milk,2024-11-10,82.16188575199712,80.23936302247898,82.14102487042354,1.9225227295181355
6,Chocolate & Milk,2024-11-11,48.746122521448115,46.066716773893674,48.73164558645969,2.6794057475544406
6,Chocolate & Milk,2024-11-12,48.08862042251016,46.113348619296055,48.06987871363772,1.9752718032141061
6,Chocolate & Milk,2024-11-13,48.756496930365074,46.903392989215604,48.74120038616567,1.8531039411494703
6,Chocolate & Milk,2024-11-14,48.50413219897894,46.619300099466194,48.49002461017953,1.8848320995127423
6,Chocolate & Milk,2024-11-15,63.448142526743425,59.25618710026051,63.440673381019856,4.191955426482913
6,Chocolate & Milk,2024-11-16,81.65933384359845,80.08597424416146,81.65445273141843,1.5733595994369836
6,Chocolate & Milk,2024-11-17,161.19460816577057,173.77218258336308,161.18970095138638,12.582481631976691
6,Chocolate & Milk,2024-11-18,48.432521667351864,48.44023904359945,48.42741640249354,0.01282264110590603
6,Chocolate & Milk,2024-11-19,47.73982962644828,46.91252953558769,47.74524811775666,0.8327185821689724
6,Chocolate & Milk,2024-11-20,48.23966213038146,47.531145384807864,48.23927190242911,0.708516745573597
6,Chocolate & Milk,2024-11-21,27.432471445039585,26.704543225434698,27.429788138450792,0.7279282196048875
6,Chocolate & Milk,2024-11-22,27.649980587567427,27.055233218026405,27.654937396139523,0.599704178113118
6,Chocolate & Milk,2024-11-23,54.27315046495663,53.34335604605488,54.295551376576306,0.9521953305214268
6,Chocolate & Milk,2024-11-24,54.91220842659736,54.52513853872436,54.937284814144576,0.41214627542021276
6,Chocolate & Milk,2024-11-25,27.12582224674746,26.355762792631893,27.15888851899147,0.8031257263595784
6,Chocolate & Milk,2024-11-26,26.78553983776029,25.79132275841208,26.815648730271704,1.024325971859625
6,Chocolate & Milk,2024-11-27,26.826461968147857,26.45680748048141,26.84693001154866,0.39012253106725225
6,Chocolate & Milk,2024-11-28,31.49896753701663,28.571628995193464,31.50906452214513,2.937435526951667
6,Chocolate & Milk,2024-11-29,29.23121399909788,29.86756221926777,29.235064074213124,0.6363482201698929
6,Chocolate & Milk,2024-11-30,70.44109649718293,70.3875768457135,70.43073914256782,0.053519651469429164
6,Chocolate & Milk,2024-12-01,63.742311347789325,61.70725328120854,63.736845546235884,2.0350580665807882
6,Chocolate & Milk,2024-12-02,34.070660865991655,34.701532928525936,34.077316275500195,0.6308720625342801
6,Chocolate & Milk,2024-12-03,34.316978597859574,34.77780194988861,34.332281667610005,0.46082335202903835
6,Chocolate & Milk,2024-12-04,34.190013310824405,34.010128638204485,34.2036327884058,0.1935041502013135
6,Chocolate & Milk,2024-12-05,56.97762754073017,55.36075584987121,56.993074825158644,1.6323189752874327
6,Chocolate & Milk,2024-12-06,34.89270959208122,35.21212398376374,34.902343915640785,0.31941439168252117
6,Chocolate & Milk,2024-12-07,128.4093048827655,133.4735292460976,128.42042964218322,5.064224363332102
6,Chocolate & Milk,2024-12-08,72.50306768506287,71.92026283648062,72.50601984435463,0.5857570078740082
6,Chocolate & Milk,2024-12-09,42.40798986495463,42.93706866065361,42.3953297249459,0.5417389357077056
6,Chocolate & Milk,2024-12-10,65.55786653925601,64.14056918104565,65.52643818032375,1.4172973582103623
6,Chocolate & Milk,2024-12-11,94.52110726885053,99.76377210012953,94.47860243957822,5.285169660551304
6,Chocolate & Milk,2024-12-12,42.73778429574772,42.138625619863085,42.69750080483509,0.5991586758846381
6,Chocolate & Milk,2024-12-13,42.69287169183377,42.11543930286946,42.66966830057461,0.5774323889643114
6,Chocolate & Milk,2024-12-14,74.29035110634558,73.8541656538464,74.2690621486236,0.4361854524991884
6,Chocolate & Milk,2024-12-15,83.72313793367391,85.66128002678386,83.70772719233128,1.95355283445258
6,Chocolate & Milk,2024-12-16,41.70685049367387,42.058200048912894,41.70516192577216,0.3530381231407347
6,Chocolate & Milk,2024-12-17,41.52259980529948,41.74545043278283,41.53723155898639,0.2228506274833535
6,Chocolate & Milk,2024-12-18,42.206311536023875,42.032060028921805,42.214262104275626,0.18220207535382116
6,Chocolate & Milk,2024-12-19,42.45473789280496,42.43338515727834,42.4660747326316,0.03268957535325967
6,Chocolate & Milk,2024-12-20,36.073982265297175,36.876206906468425,36.0891456882553,0.8022246411712501
6,Chocolate & Milk,2024-12-21,63.431004083280584,63.189007678251656,63.44863742730841,0.2596297490567565
6,Chocolate & Milk,2024-12-22,64.95197675857074,65.72782924001507,64.969738003399,0.7758524814443319
6,Chocolate & Milk,2024-12-23,36.47766779001849,37.29745476557895,36.49367757694686,0.8197869755604614
6,Chocolate & Milk,2024-12-24,36.17803119232394,36.78509521374151,36.178514083101106,0.6070640214175711
6,Chocolate & Milk,2024-12-25,35.69346922808178,36.02947382983844,35.690065500657866,0.3394083291805714
6,Chocolate & Milk,2024-12-26,35.95826277694752,37.24973357335405,35.95825364117606,1.2914799321779924
6,Chocolate & Milk,2024-12-27,36.05117398665418,37.26160153495782,36.05518524288018,1.2104275483036417
6,Chocolate & Milk,2024-12-28,64.8667618427018,65.7101931120122,64.8696474413729,0.8434312693104005
6,Chocolate & Milk,2024-12-29,65.04447980956894,68.49874238767211,65.05013615721282,3.454262578103169
6,Chocolate & Milk,2024-12-30,36.21273820203455,39.9032331595856,36.21480614916001,3.6904949575510457
6,Chocolate & Milk,2024-12-31,45.61882052722655,49.199946703548946,45.627475854990934,3.5811261763223925
6,Coffee,2024-11-01,339.0966860754621,327.30466695500854,344.9392449036255,17.634577948616936
6,Coffee,2024-11-02,499.96645382407854,485.76669320476225,501.71964685574335,15.952953650981101
6,Coffee,2024-11-03,393.2200521378759,384.2819320253848,395.0179025210154,10.735970495630625
6,Coffee,2024-11-04,224.73492273989575,209.44447055060337,226.1210122118004,16.676541661197035
6,Coffee,2024-11-05,221.4061783094813,208.09250235847173,224.72945449868845,16.63695214021672
6,Coffee,2024-11-06,224.12747848841596,212.88069373410195,226.05160787469651,13.170914140594562
6,Coffee,2024-11-07,163.83066564079854,163.2459362054028,163.570598498493,0.5847294353957295
6,Coffee,2024-11-08,286.5213828984072,281.8233016775143,286.1921544886042,4.698081220892902
6,Coffee,2024-11-09,473.3068486650626,469.90950810503085,473.0256731605273,3.3973405600317506
6,Coffee,2024-11-10,472.41672239329586,470.1882242771811,472.2407279965223,2.2284981161147357
6,Coffee,2024-11-11,287.9229251043994,279.66472090041935,287.80671729408516,8.258204203980029
6,Coffee,2024-11-12,283.57513918527104,274.5007678692134,283.4126531303551,9.074371316057636
6,Coffee,2024-11-13,284.07440267847886,276.5961554365389,283.9076314673208,7.478247241939982
6,Coffee,2024-11-14,285.5826884030732,278.6213137240892,285.5350971981414,6.9613746789839865
6,Coffee,2024-11-15,356.9871941244935,345.5245733774527,357.0889269078719,11.564353530419169
6,Coffee,2024-11-16,468.9568622323908,465.33232310714493,469.0108090310082,3.6784859238632635
6,Coffee,2024-11-17,959.4372679831147,1032.332924949016,959.4569479599303,72.89565696590125
6,Coffee,2024-11-18,282.48626613114493,280.02064226530626,282.57210993030895,2.55146766500269
6,Coffee,2024-11-19,281.3723444346265,277.7156607484656,281.4985022478818,3.782841499416179
6,Coffee,2024-11-20,282.77299731365486,280.1901578707253,282.8137658140142,2.623607943288903
6,Coffee,2024-11-21,164.53580181196165,160.30274580484465,164.4793517318357,4.233056007117
6,Coffee,2024-11-22,165.30375599520326,163.5722438671713,165.22932845824997,1.7315121280319659
6,Coffee,2024-11-23,317.8523316643415,317.5720781248241,317.81762839144113,0.28025353951738907
6,Coffee,2024-11-24,472.14199916695907,468.2671553921225,472.1061452502528,3.874843774836563
6,Coffee,2024-11-25,284.33182529316946,277.82324855042805,284.28005714301173,6.508576742741411
6,Coffee,2024-11-26,282.6645421725814,275.4092446705338,282.58878003309474,7.255297502047597
6,Coffee,2024-11-27,282.0274692947127,278.42759524112813,281.95573080151246,3.5998740535845855
6,Coffee,2024-11-28,288.7543084142774,275.88791984843556,288.6418302769887,12.866388565841817
6,Coffee,2024-11-29,307.70841370316964,318.88179083329965,307.6143711160103,11.267419717289329
6,Coffee,2024-11-30,593.0203072458495,586.0110244319884,592.9815821301796,7.009282813861091
6,Coffee,2024-12-01,556.6864774203202,552.7489121093088,556.6769259946223,3.93756531101144
6,Coffee,2024-12-02,357.6099886872506,359.78546201781563,357.5611133782598,2.224348639555842
6,Coffee,2024-12-03,355.33176640831334,357.37692316303094,355.22617409868985,2.1507490643410847
6,Coffee,2024-12-04,357.68713548650555,356.41738304247116,357.6167406134233,1.2697524440343955
6,Coffee,2024-12-05,500.292107199776,496.0856522606339,500.2466152885588,4.206454939142134
6,Coffee,2024-12-06,362.6388863673415,365.1713923100788,362.5225234545707,2.6488688555080557
6,Coffee,2024-12-07,747.0598795778067,793.0622288983876,746.8608578767823,46.20137102160527
6,Coffee,2024-12-08,432.18046387331026,431.67569348566326,432.0254768418181,0.5047703876469996
6,Coffee,2024-12-09,263.8041362264818,263.1715454154146,263.74961185156525,0.632590811067189
6,Coffee,2024-12-10,391.7181864000587,385.80976381245125,391.5136964356817,5.908422587607447
6,Coffee,2024-12-11,546.514477454667,573.0693427390098,546.1236769766374,26.945665762372414
6,Coffee,2024-12-12,258.9018387080312,248.62717824327197,258.48277170904896,10.27466046475925
6,Coffee,2024-12-13,257.08299779345043,248.12588186194714,256.6856428839926,8.957115931503296
6,Coffee,2024-12-14,433.1141532713121,428.53127205659655,432.67760117562625,4.582881214715542
6,Coffee,2024-12-15,494.3463923272933,494.59140440609184,493.9258410338719,0.6655633722199354
6,Coffee,2024-12-16,256.33441762966913,248.39544573592033,256.01469837563593,7.9389718937488
6,Coffee,2024-12-17,258.0496297215426,251.57427565233994,257.8444219574247,6.475354069202666
6,Coffee,2024-12-18,259.2305328337507,251.00798572302676,259.1148701364307,8.222547110723951
6,Coffee,2024-12-19,260.6582140779067,252.95107096291528,260.58440514726277,7.707143114991396
6,Coffee,2024-12-20,216.55168088503996,213.30907485061053,216.48431231337779,3.2426060344294285
6,Coffee,2024-12-21,380.1605480154607,377.6376799532184,380.08302564344365,2.522868062242253
6,Coffee,2024-12-22,380.1349655159413,381.9785886760744,380.0053215044469,1.9732671716275263
6,Coffee,2024-12-23,216.5573631722753,215.14238158723816,216.44609699836823,1.4149815850371397
6,Coffee,2024-12-24,213.76725174416254,211.36839801718776,213.6263285377446,2.398853726974778
6,Coffee,2024-12-25,214.329313331388,211.3670500671824,214.07164847364245,2.9622632642056033
6,Coffee,2024-12-26,217.69533386756137,215.50563536684655,217.39540900094966,2.189698500714826
6,Coffee,2024-12-27,217.54401672736697,216.37977668912902,217.31688541136373,1.1642400382379492
6,Coffee,2024-12-28,378.6340866294167,380.2739010302638,378.5629198510854,1.7109811791784182
6,Coffee,2024-12-29,382.299999966974,397.40925632600016,382.3213175371685,15.109256359026176
6,Coffee,2024-12-30,218.20813676998583,224.90683044391017,218.22121226777858,6.698693673924339
6,Coffee,2024-12-31,269.47516736153113,275.2470359110011,269.4832813842304,5.771868549469957
6,Juice & Smoothie,2024-11-01,28.27344218208855,27.371229228946394,26.825617191823515,1.4478249902650369
6,Juice & Smoothie,2024-11-02,44.12757105085008,39.4082905469102,42.935970571349834,4.719280503939878
6,Juice & Smoothie,2024-11-03,33.943528180681675,31.59539972884433,33.3430555462487,2.3481284518373435
6,Juice & Smoothie,2024-11-04,18.464839080611878,16.531144982451004,17.677668748797206,1.9336940981608741
6,Juice & Smoothie,2024-11-05,17.74156524711835,15.936333679584198,17.641344256320995,1.8052315675341504
6,Juice & Smoothie,2024-11-06,17.780827041766422,16.1346458521111,17.640381425788462,1.646181189655323
6,Juice & Smoothie,2024-11-07,17.888052906303738,16.078293614825828,17.890179744483735,1.811886129657907
6,Juice & Smoothie,2024-11-08,30.424236706486344,27.11761910338415,30.417909353339457,3.306617603102193
6,Juice & Smoothie,2024-11-09,49.40044941305244,46.50469454054959,49.38647293859646,2.895754872502849
6,Juice & Smoothie,2024-11-10,49.06409513480363,46.08142555497313,49.04739710298587,2.9826695798304996
6,Juice & Smoothie,2024-11-11,31.064556096335735,28.506978257579405,31.06371010351895,2.5575778387563304
6,Juice & Smoothie,2024-11-12,30.987278961642755,29.557117660782755,31.012749005777792,1.4556313449950373
6,Juice & Smoothie,2024-11-13,30.79203788617366,28.68671294776945,30.82783080197139,2.1411178542019407
6,Juice & Smoothie,2024-11-14,30.242548234714548,27.580730331941485,30.267852292917183,2.6871219609756984
6,Juice & Smoothie,2024-11-15,38.82493689694137,36.297462990265814,38.835214256332264,2.5377512660664507
6,Juice & Smoothie,2024-11-16,48.67172182502972,46.175253421003276,48.670556098942214,2.4964684040264444
6,Juice & Smoothie,2024-11-17,93.713512700345,99.84687221926114,93.71066722721801,6.136204992043133
6,Juice & Smoothie,2024-11-18,29.94414732259258,28.349541665031733,29.95608683604395,1.6065451710122183
6,Juice & Smoothie,2024-11-19,30.032359332500874,28.81399502677432,30.072845366677804,1.258850339903482
6,Juice & Smoothie,2024-11-20,29.63918711847916,28.14008352898052,29.701975313200965,1.561891784220446
6,Juice & Smoothie,2024-11-21,17.76023390663641,16.47625389513776,17.820373975561004,1.3441200804232452
6,Juice & Smoothie,2024-11-22,17.712641998220448,16.33891387829607,17.756861568508345,1.4179476902122765
6,Juice & Smoothie,2024-11-23,33.05193029326865,31.673181323678715,33.0834339642923,1.4102526406135816
6,Juice & Smoothie,2024-11-24,48.350284830099966,47.70716412875051,48.378676838575075,0.6715127098245617
6,Juice & Smoothie,2024-11-25,29.779344003688784,28.160018086784298,29.825250587681403,1.6652325008971047
6,Juice & Smoothie,2024-11-26,29.2269903288732,27.89808600717197,29.29781354307415,1.39972753590218
6,Juice & Smoothie,2024-11-27,29.317776372206975,28.104417804737547,29.39783398810833,1.293416183370784
6,Juice & Smoothie,2024-11-28,32.36752720356995,30.870394885203265,32.4402535191526,1.569858633949334
6,Juice & Smoothie,2024-11-29,32.2431429394935,32.30436481108373,32.30789887067207,0.06475593117856704
6,Juice & Smoothie,2024-11-30,61.928487265278335,60.84203227775918,61.97783939596464,1.1358071182054559
6,Juice & Smoothie,2024-12-01,56.776999278613125,56.02540515376841,56.80925103370081,0.7838458799324002
6,Juice & Smoothie,2024-12-02,36.70948505446178,36.40170127450786,36.745771721040015,0.34407044653215735
6,Juice & Smoothie,2024-12-03,36.53808295678883,36.22621593565755,36.59358039153487,0.3673644558773219
6,Juice & Smoothie,2024-12-04,36.624874558501084,36.146620550382515,36.68668557797565,0.5400650275931369
6,Juice & Smoothie,2024-12-05,50.860796835721736,50.06063369757018,50.911135703056914,0.8505020054867316
6,Juice & Smoothie,2024-12-06,37.995877070848614,37.929293168688794,38.02916145731303,0.09986828862423636
6,Juice & Smoothie,2024-12-07,72.62601222899048,74.96152616878297,72.64215187495267,2.3355139397924916
6,Juice & Smoothie,2024-12-08,42.744205143863546,41.1769950497057,42.75040858124522,1.573413531539515
6,Juice & Smoothie,2024-12-09,25.21405340232552,24.192022159716583,25.229351836171745,1.0373296764551618
6,Juice & Smoothie,2024-12-10,36.25199674580696,35.89286843339458,36.28338185545032,0.39051342205574
6,Juice & Smoothie,2024-12-11,51.33682509134809,54.288861704877654,51.368923864009595,2.9520366135295646
6,Juice & Smoothie,2024-12-12,22.490862863275044,22.21385810509463,22.508431173869752,0.29457306877512224
6,Juice & Smoothie,2024-12-13,22.35968587589929,22.14595318502019,22.36497275732011,0.21901957229992064
6,Juice & Smoothie,2024-12-14,39.266259747192805,38.59747689596287,39.260274309768434,0.6687828512299347
6,Juice & Smoothie,2024-12-15,45.3616293459038,45.04004871726523,45.34740351009314,0.3215806286385714
6,Juice & Smoothie,2024-12-16,22.894511600599095,22.797558397845023,22.89257675536396,0.09695320275407227
6,Juice & Smoothie,2024-12-17,22.58524556433419,23.176861859639054,22.606436881236952,0.5916162953048634
6,Juice & Smoothie,2024-12-18,23.105434104246957,23.066848383919197,23.129432457442125,0.0625840735229275
6,Juice & Smoothie,2024-12-19,22.786445309297903,22.598780762818713,22.796463745932495,0.19768298311378274
6,Juice & Smoothie,2024-12-20,23.612646904667578,23.477815825747044,23.607463095156405,0.13483107892053425
6,Juice & Smoothie,2024-12-21,39.54433738722152,38.75850875222039,39.526135538154385,0.7858286350011241
6,Juice & Smoothie,2024-12-22,40.50687262629977,39.9980785772108,40.48506345162327,0.5087940490889693
6,Juice & Smoothie,2024-12-23,23.29622182463532,22.919202669278995,23.291299423844883,0.3770191553563258
6,Juice & Smoothie,2024-12-24,23.343174044529697,23.09383587136223,23.353793128415084,0.25995725705285366
6,Juice & Smoothie,2024-12-25,23.54698013472817,23.2694068245696,23.55389895618028,0.2844921316106799
6,Juice & Smoothie,2024-12-26,24.082349997599852,23.522386795453485,24.075836579577125,0.559963202146367
6,Juice & Smoothie,2024-12-27,23.963389349982847,23.451145111112183,23.94563516574033,0.5122442388706645
6,Juice & Smoothie,2024-12-28,40.65392257892877,40.058236086778585,40.622385251771355,0.5956864921501861
6,Juice & Smoothie,2024-12-29,41.130067960811324,42.20608787832926,41.09790187588231,1.1081860024469492
6,Juice & Smoothie,2024-12-30,24.835908477631875,25.502643825232717,24.82506814291262,0.6775756823200965
6,Juice & Smoothie,2024-12-31,29.813906819675765,30.772521423960274,29.82415740714209,0.9586146042845094
6,Merchandise,2024-11-01,17.394791433341965,16.69378832227193,17.33030394698139,0.7010031110700332
6,Merchandise,2024-11-02,26.758301208145966,24.707195887997344,26.435219310691153,2.051105320148622
6,Merchandise,2024-11-03,22.253279202667493,21.02716165233565,22.057512437435804,1.2261175503318427
6,Merchandise,2024-11-04,12.612816243947082,11.558978432602249,12.568797741410876,1.0538378113448328
6,Merchandise,2024-11-05,12.586561738417073,11.620712580523774,12.603435584626048,0.9827230041022741
6,Merchandise,2024-11-06,12.575535130702725,11.705403869984233,12.610288906401,0.9048850364167667
6,Merchandise,2024-11-07,8.842713917811121,8.80755580086325,8.847328572354906,0.03977277149165559
6,Merchandise,2024-11-08,8.800104175195738,8.743394218238784,8.80076431710359,0.05737009886480671
6,Merchandise,2024-11-09,17.746556199948177,17.617261391429693,17.746582913509606,0.12932152207991265
6,Merchandise,2024-11-10,17.813254656134983,17.897383702484333,17.813234281384737,0.08414942109959611
6,Merchandise,2024-11-11,8.887112255976831,8.843042540650707,8.88510194728625,0.044069715326124026
6,Merchandise,2024-11-12,8.53396839608465,8.50784966280034,8.53028011351855,0.026118733284310025
6,Merchandise,2024-11-13,8.705331887875802,8.63500759825543,8.701488304435635,0.07032428962037152
6,Merchandise,2024-11-14,8.721230562940754,9.016006455459898,8.715725305425261,0.3002811500346372
6,Merchandise,2024-11-15,11.788401312746304,11.836496804525051,11.78383623676144,0.05266056776361161
6,Merchandise,2024-11-16,17.545388919643536,17.303310389545302,17.54235421378799,0.2420785300982331
6,Merchandise,2024-11-17,33.36556238661508,35.46163364196387,33.363410812989486,2.098222828974386
6,Merchandise,2024-11-18,8.775260742873225,8.550731702812538,8.772217660731469,0.22452904006068763
6,Merchandise,2024-11-19,8.58762067193948,8.607702917624115,8.588087480106145,0.02008224568463568
6,Merchandise,2024-11-20,8.96181551179322,8.806458429439123,8.966361344958411,0.1599029155192877
6,Merchandise,2024-11-21,8.809769634410852,8.658431234814847,8.81410357017352,0.1556723353586733
6,Merchandise,2024-11-22,8.790137617966549,8.651590403967804,8.796514914792413,0.1449245108246089
6,Merchandise,2024-11-23,17.03166710767529,16.226584755116285,17.042412298180892,0.8158275430646071
6,Merchandise,2024-11-24,26.823156061391828,26.286914725462093,26.83792639700087,0.5510116715387774
6,Merchandise,2024-11-25,16.28508268055121,15.477216139488053,16.30291126617163,0.825695126683577
6,Merchandise,2024-11-26,16.4994712338122,15.914406580893907,16.516213618858593,0.6018070379646865
6,Merchandise,2024-11-27,16.15875781184995,15.683516671181758,16.170094775657038,0.4865781044752797
6,Merchandise,2024-11-28,18.372922549023716,17.45897056576426,18.38207217019923,0.9231016044349687
6,Merchandise,2024-11-29,17.707143091361036,17.763772143993712,17.720385773474128,0.056629052632676036
6,Merchandise,2024-11-30,34.78552844275292,34.330171077013524,34.80055142526497,0.4703803482514459
6,Merchandise,2024-12-01,31.257207172624902,31.10355102665123,31.269803295996965,0.1662522693457369
6,Merchandise,2024-12-02,20.294532028036834,20.280116007221825,20.30439250160969,0.024276494387866165
6,Merchandise,2024-12-03,20.395838085227417,20.219021475094298,20.40404820403064,0.18502672893634298
6,Merchandise,2024-12-04,20.75669339125682,20.75220658974215,20.764240651518826,0.01203406177667432
6,Merchandise,2024-12-05,28.33967482479267,26.320076336105025,28.343133099067142,2.023056762962117
6,Merchandise,2024-12-06,19.21762973046942,19.052051881586948,19.219884988935135,0.16783310734818713
6,Merchandise,2024-12-07,40.72723334137375,43.60587994062536,40.728455826388284,2.87864659925161
6,Merchandise,2024-12-08,24.587333732890126,24.422062674698605,24.58262127954518,0.16527105819152155
6,Merchandise,2024-12-09,13.758983468110717,13.709094671282235,13.750924263950608,0.049888796828481574
6,Merchandise,2024-12-10,21.911240250655943,20.707142232895727,21.902150395414477,1.2040980177602165
6,Merchandise,2024-12-11,28.622533968636148,30.12662802908831,28.612287733125367,1.514340295962942
6,Merchandise,2024-12-12,13.942558840811635,13.328202272351882,13.92919436296932,0.614356568459753
6,Merchandise,2024-12-13,13.969667774214798,13.403927912217974,13.959447771194956,0.5657398619968248
6,Merchandise,2024-12-14,24.44198691466894,24.045181159418444,24.435091193642464,0.3968057552504973
6,Merchandise,2024-12-15,27.655562693387044,27.93138837067714,27.645946716817097,0.28544165386004394
6,Merchandise,2024-12-16,13.859269646347743,13.685458565870846,13.85086211885328,0.17381108047689686
6,Merchandise,2024-12-17,13.588744194500222,13.384588893036911,13.586519554756396,0.2041553014633113
6,Merchandise,2024-12-18,14.033330639134647,13.898409166319654,14.036666947890309,0.13825778157065471
6,Merchandise,2024-12-19,13.740556323944702,13.380026149417924,13.747278689804531,0.36725254038660715
6,Merchandise,2024-12-20,11.46754900333353,11.495822964504793,11.47514357829332,0.02827396117126213
6,Merchandise,2024-12-21,20.640139899693025,20.407355511001988,20.646735885504828,0.23938037450284
6,Merchandise,2024-12-22,21.047065105045874,21.19911510081192,21.054051380517873,0.1520499957660455
6,Merchandise,2024-12-23,11.883592768094607,11.886898321087944,11.894891246262347,0.0112984781677401
6,Merchandise,2024-12-24,11.573887473931542,11.51814763494992,11.584847504859145,0.06669986990922538
6,Merchandise,2024-12-25,11.707689491505715,11.517198202273114,11.712455145587406,0.19525694331429122
6,Merchandise,2024-12-26,11.655443680395262,11.70055526286666,11.65511564691636,0.04543961595029877
6,Merchandise,2024-12-27,11.562549651001007,11.493710232570947,11.561129757295227,0.06883941843005914
6,Merchandise,2024-12-28,21.20530412717671,21.316091746232686,21.205564018435357,0.11078761905597645
6,Merchandise,2024-12-29,21.273928325862215,22.442620978121525,21.27261483362993,1.1700061444915946
6,Merchandise,2024-12-30,11.880596104380674,12.703933100050735,11.881529267941774,0.8233369956700614
6,Merchandise,2024-12-31,14.927278639444134,15.861995955341092,14.93224990871369,0.9347173158969575
6,Savory Bakery,2024-11-01,61.910041160273266,61.5403494742953,59.8695187364948,2.0405224237784694
6,Savory Bakery,2024-11-02,97.69527776751121,94.90570794741653,96.24821128654303,2.789569820094684
6,Savory Bakery,2024-11-03,81.1503333700604,77.5267836522633,80.29232355946027,3.62354971779709
6,Savory Bakery,2024-11-04,45.4526624342662,41.38559550583642,44.27665368959112,4.067066928429782
6,Savory Bakery,2024-11-05,44.369331049935184,41.090847052827876,43.97055966967082,3.2784839971073083
6,Savory Bakery,2024-11-06,44.78721500390899,41.66967022904849,45.31564939115291,3.6459791621044175
6,Savory Bakery,2024-11-07,32.937215692062836,32.978044551255294,32.88718244036255,0.09086211089274343
6,Savory Bakery,2024-11-08,57.20926471711697,54.56754032997713,57.20062487668821,2.6417243871398455
6,Savory Bakery,2024-11-09,96.3249763636216,93.83504542293954,96.34052580971029,2.505480386770742
6,Savory Bakery,2024-11-10,95.74522588515009,93.60855769582321,95.76981788569888,2.1612601898756765
6,Savory Bakery,2024-11-11,57.126851778103294,53.94534300298602,57.170541717138974,3.2251987141529526
6,Savory Bakery,2024-11-12,56.32065286669301,53.29351745425274,56.4056701054097,3.112152651156954
6,Savory Bakery,2024-11-13,56.550027453278574,53.97269807682131,56.6427381922284,2.6700401154070903
6,Savory Bakery,2024-11-14,56.420664394697376,54.07330906283272,56.46720279883288,2.393893736000159
6,Savory Bakery,2024-11-15,73.19110554135315,71.31289649198327,73.2094082518513,1.8965117598680337
6,Savory Bakery,2024-11-16,93.46148922003619,90.16552440283476,93.50067563752613,3.3351512346913665
6,Savory Bakery,2024-11-17,185.31701402909852,200.18179394722014,185.38129111742,14.864779918121627
6,Savory Bakery,2024-11-18,56.07026580122808,55.26645846360299,56.15815983858339,0.8917013749803999
6,Savory Bakery,2024-11-19,56.132743220486994,54.91933758767965,56.30128886490203,1.3819512772223774
6,Savory Bakery,2024-11-20,55.64119263871484,54.140781149748214,55.87505237897108,1.7342712292228626
6,Savory Bakery,2024-11-21,31.49571471276542,30.978319667516605,31.735910587856434,0.7575909203398297
6,Savory Bakery,2024-11-22,31.228109366416398,31.776546506797015,31.473035053582976,0.5484371403806172
6,Savory Bakery,2024-11-23,62.90882446784143,63.4353891749361,63.13345351893998,0.5265647070946713
6,Savory Bakery,2024-11-24,95.00871857710018,95.47986439086151,95.19647549415728,0.4711458137613249
6,Savory Bakery,2024-11-25,56.57664936935135,55.459424684530084,56.76319247760662,1.3037677930765383
6,Savory Bakery,2024-11-26,56.948473934300395,55.31732018533166,57.122867998902464,1.8055478135708043
6,Savory Bakery,2024-11-27,56.74080804724319,55.85998565358476,56.834802862171045,0.9748172085862876
6,Savory Bakery,2024-11-28,61.49708950538075,56.948512284418726,61.545807325320084,4.597295040901358
6,Savory Bakery,2024-11-29,61.97297082343456,62.722242597980056,62.04566486167962,0.7492717745454982
6,Savory Bakery,2024-11-30,122.6993008479278,121.3075032931866,122.76860090600616,1.4610976128195574
6,Savory Bakery,2024-12-01,114.31885754840863,113.83339563602024,114.35721587100483,0.5238202349845835
6,Savory Bakery,2024-12-02,72.57466778549346,71.82249244270206,72.58686254058924,0.7643700978871806
6,Savory Bakery,2024-12-03,72.32445741426758,71.64666336918782,72.31137563051738,0.6777940450797644
6,Savory Bakery,2024-12-04,72.9096335910146,71.3591758816867,72.88111871757502,1.550457709327901
6,Savory Bakery,2024-12-05,100.39209855167849,93.79668362615799,100.36231131345693,6.595414925520501
6,Savory Bakery,2024-12-06,68.99946595335001,67.8727044232385,68.99211887785115,1.1267615301115086
6,Savory Bakery,2024-12-07,156.5939170241231,166.39458336736703,156.5736317214706,9.820951645896429
6,Savory Bakery,2024-12-08,89.14698649182746,89.82891902866157,89.07070807203506,0.7582109566265132
6,Savory Bakery,2024-12-09,50.970162680037255,52.32624177403555,50.87830742506867,1.4479343489668821
6,Savory Bakery,2024-12-10,78.06556385106751,76.8459884703829,78.01004069289102,1.2195753806846028
6,Savory Bakery,2024-12-11,110.51362657950595,116.17136327835286,110.46990679580941,5.701456482543449
6,Savory Bakery,2024-12-12,49.970736339314165,49.23327756950661,49.94103457393463,0.737458769807553
6,Savory Bakery,2024-12-13,49.611243062171994,49.25413056395323,49.66678298435893,0.41265242040569916
6,Savory Bakery,2024-12-14,83.84656080420118,83.91683397329771,83.96879244610793,0.12223164190675107
6,Savory Bakery,2024-12-15,97.7021142649977,100.39083046950577,97.79498480510632,2.6887162045080686
6,Savory Bakery,2024-12-16,50.251239858105365,51.35755728733818,50.303606282279986,1.106317429232817
6,Savory Bakery,2024-12-17,49.96196562622782,51.37345381246214,49.96077901762325,1.4126747948388854
6,Savory Bakery,2024-12-18,50.37820278849588,51.34898757727771,50.31730626913274,1.031681308144968
6,Savory Bakery,2024-12-19,49.53372630552476,50.616792438639656,49.47924091042906,1.1375515282105937
6,Savory Bakery,2024-12-20,43.335497356334514,44.23308469341054,43.27084702086205,0.9622376725484898
6,Savory Bakery,2024-12-21,77.54691605511717,77.95979141465872,77.397972308399,0.5618191062597191
6,Savory Bakery,2024-12-22,77.29093811806567,78.95460752172826,77.08604356562552,1.8685639561027472
6,Savory Bakery,2024-12-23,44.07221871022223,44.9972027419407,43.88985574338997,1.1073469985507245
6,Savory Bakery,2024-12-24,43.62016057507731,44.82742094542202,43.44520135082148,1.3822195946005422
6,Savory Bakery,2024-12-25,44.276502167133714,45.33114045969823,44.1017560110896,1.2293844486086343
6,Savory Bakery,2024-12-26,44.194833615848005,45.32330205261602,44.04539044328608,1.2779116093299407
6,Savory Bakery,2024-12-27,43.58361975508487,44.98164213945713,43.47087418196544,1.5107679574916872
6,Savory Bakery,2024-12-28,76.42156952854518,78.1756675950307,76.33999764814551,1.83566994688519
6,Savory Bakery,2024-12-29,76.7277784138858,81.93529479058934,76.66985710498602,5.265437685603317
6,Savory Bakery,2024-12-30,43.33625507958891,47.6821625543469,43.30875492461857,4.373407629728334
6,Savory Bakery,2024-12-31,53.489812112050885,58.438326536069134,53.46794107567736,4.970385460391775
6,Tea,2024-11-01,104.19251418757528,107.80472895847068,104.26435913746475,3.612214770895392
6,Tea,2024-11-02,183.60038824372478,177.42688125640282,183.7232524060417,6.296371149638873
6,Tea,2024-11-03,144.30371247233361,142.24717746295488,143.70237803738573,2.0565350093787345
6,Tea,2024-11-04,80.35282607093667,77.0494107916855,78.97271296191062,3.303415279251169
6,Tea,2024-11-05,79.05710208651399,76.39949453307358,79.10412256388253,2.704628030808948
6,Tea,2024-11-06,80.43730808381403,77.339673055789,80.6779170429786,3.3382439871895997
6,Tea,2024-11-07,58.78437231262349,60.20376652184933,58.793665499399786,1.4193942092258425
6,Tea,2024-11-08,103.84115435850455,101.9640487021758,103.86223047182591,1.8981817696501082
6,Tea,2024-11-09,175.3674715546056,171.78448340045836,175.40130162751362,3.616818227055262
6,Tea,2024-11-10,175.47217676806184,171.7009553242481,175.4921333617812,3.7911780375331148
6,Tea,2024-11-11,104.50878961927648,100.39794006405904,104.52555893171072,4.127618867651677
6,Tea,2024-11-12,103.46749057436644,100.19816374546558,103.49422575222741,3.2960620067618294
6,Tea,2024-11-13,103.92985842085717,101.0484895509236,103.97173024962301,2.923240698699402
6,Tea,2024-11-14,104.37496802136752,102.64937704499344,104.42756955805226,1.778192513058812
6,Tea,2024-11-15,132.17544369598608,128.27403848211597,132.26041668411094,3.9863782019949667
6,Tea,2024-11-16,173.94446183557028,170.33041879875594,174.02941548591053,3.6989966871545903
6,Tea,2024-11-17,348.7214041095078,372.838306532369,348.79804803754627,24.116902422861244
6,Tea,2024-11-18,103.41804617675126,101.75908206898963,103.50139617223907,1.7423141032494414
6,Tea,2024-11-19,103.38849331646308,100.92939953006051,103.50612644152693,2.576726911466423
6,Tea,2024-11-20,104.01507934885377,102.07059485760774,104.13546948949512,2.0648746318873776
6,Tea,2024-11-21,59.46448403527618,59.00665304279811,59.59254160751611,0.5858885647179974
6,Tea,2024-11-22,59.89352859216389,59.74499411774216,60.03038209386152,0.2853879761193596
6,Tea,2024-11-23,119.46610873229427,118.95584641697975,119.60015963649353,0.6443132195137764
6,Tea,2024-11-24,176.84073572690602,171.4428654845367,176.94853006341344,5.505664578876747
6,Tea,2024-11-25,106.66701841080769,103.98908409712224,106.7572858081052,2.76820171098295
6,Tea,2024-11-26,104.41293972757134,99.27655621814057,104.50062000554185,5.224063787401278
6,Tea,2024-11-27,103.82396787881002,100.1254145899881,103.91877620231547,3.7933616123273737
6,Tea,2024-11-28,110.20826114874308,100.81214352321051,110.2965519481992,9.484408424988686
6,Tea,2024-11-29,112.00558506175074,115.20967401810233,112.09669641521951,3.2040889563515975
6,Tea,2024-11-30,219.8788504704529,216.10020535710282,219.96948390438774,3.869278547284921
6,Tea,2024-12-01,205.36976962225364,201.8140537056559,205.46483417140522,3.650780465749307
6,Tea,2024-12-02,128.70535865033148,128.70690518676645,128.77754936282795,0.07219071249647868
6,Tea,2024-12-03,128.0484982177452,127.5412511915964,128.12803452585348,0.5867833342570776
6,Tea,2024-12-04,130.6687634517277,129.31163032369565,130.75581663296867,1.4441863092730216
6,Tea,2024-12-05,182.3130894780594,181.34652235898614,182.4093916454261,1.0628692864399625
6,Tea,2024-12-06,129.42990806829275,128.6567407781891,129.52241450479423,0.865673726605138
6,Tea,2024-12-07,279.1564347398843,289.6625460786204,279.2370235759836,10.506111338736105
6,Tea,2024-12-08,158.43284444749554,157.24953454852283,158.49639945789252,1.246864909369691
6,Tea,2024-12-09,94.11495322377726,95.16327992183054,94.18871547659103,1.0483266980532733
6,Tea,2024-12-10,145.52497772685874,142.78011507675978,145.58787801511954,2.807762938359758
6,Tea,2024-12-11,207.0933527933529,215.62137055546597,207.12715524085434,8.52801776211308
6,Tea,2024-12-12,94.61622469230394,91.57603783240526,94.64055335193348,3.0645155195282143
6,Tea,2024-12-13,94.2673702809427,91.16209760776295,94.32339011637514,3.161292508612192
6,Tea,2024-12-14,162.0469087192685,159.0919346821937,162.09953511881918,3.0076004366254665
6,Tea,2024-12-15,182.5596317375139,182.73161355392824,182.59503645859743,0.17198181641433052
6,Tea,2024-12-16,91.84498367154858,89.3568966369341,91.87965562872235,2.522758991788251
6,Tea,2024-12-17,92.26794311856068,90.06900053656378,92.33727114829944,2.268270611735659
6,Tea,2024-12-18,93.12674438251537,90.9948943352278,93.21908161340151,2.2241872781737158
6,Tea,2024-12-19,92.10284293319218,89.90338916802037,92.20231062683632,2.298921458815954
6,Tea,2024-12-20,77.1281017658016,77.12634760601412,77.21792715659369,0.09157955057956713
6,Tea,2024-12-21,140.2747594210718,138.4093921139672,140.34992538985782,1.9405332758906297
6,Tea,2024-12-22,139.91553228526425,139.96172431567877,139.9536525838154,0.046192030414516694
6,Tea,2024-12-23,78.8430910933454,78.49722648087243,78.864486970748,0.36726048987557647
6,Tea,2024-12-24,78.17497623660908,77.46453947509869,78.19367311178803,0.7291336366893404
6,Tea,2024-12-25,77.97961549202519,76.67665609585258,78.006111019484,1.3294549236314168
6,Tea,2024-12-26,78.29279284935892,77.14907010113828,78.31983259732752,1.1707624961892407
6,Tea,2024-12-27,78.4657226765152,78.51881907544872,78.50916362837526,0.05309639893351914
6,Tea,2024-12-28,140.28787544925058,139.88114461007584,140.32996551872847,0.44882090865263535
6,Tea,2024-12-29,141.6967112765508,147.6407511555442,141.73733167439818,5.944039878993408
6,Tea,2024-12-30,78.52955992908228,85.10320091158985,78.57758946097664,6.57364098250757
6,Tea,2024-12-31,99.47744560249942,105.8170145417413,99.55236466921407,6.339568939241886
7,Bakery,2024-11-01,25.39356892621765,23.387893577300375,24.957203368540032,2.0056753489172756
7,Bakery,2024-11-02,23.231512889530347,21.17473902597484,23.01323232516235,2.056773863555506
7,Bakery,2024-11-03,23.474258460529402,21.149062691043497,23.217283007545188,2.325195769485905
7,Bakery,2024-11-04,23.44080468025516,22.093715236235717,22.839010346410127,1.347089444019442
7,Bakery,2024-11-05,24.741503363228617,23.001984102576408,24.075765552654033,1.7395192606522087
7,Bakery,2024-11-06,41.170988201434575,39.15975200335661,40.72208850207723,2.0112361980779667
7,Bakery,2024-11-07,23.922371637472537,22.70948387424546,23.941124722403085,1.2316408481576246
7,Bakery,2024-11-08,23.726591519435345,21.916080201297923,23.727740887464858,1.8116606861669347
7,Bakery,2024-11-09,21.615578519761723,19.102233853675486,21.60335022012958,2.513344666086237
7,Bakery,2024-11-10,21.739872275552543,19.275022315541214,21.72202834717737,2.4648499600113283
7,Bakery,2024-11-11,23.759134457749035,21.584139708342775,23.744541884909097,2.1749947494062596
7,Bakery,2024-11-12,24.508064193264634,22.592771131512738,24.500546341923314,1.9152930617518962
7,Bakery,2024-11-13,23.905733490224396,21.806997443438128,23.898399636484843,2.098736046786268
7,Bakery,2024-11-14,23.607356674113042,21.73153820620135,23.594993735401218,1.8758184679116923
7,Bakery,2024-11-15,27.963947086846524,26.39486146595363,27.949898554605554,1.5690856208928956
7,Bakery,2024-11-16,21.509802761850903,19.45131338031232,21.49823545509366,2.058489381538582
7,Bakery,2024-11-17,21.496426296671647,19.783525483717515,21.489227904653813,1.7129008129541319
7,Bakery,2024-11-18,25.827578911866674,24.02196908519968,25.823335312930556,1.8056098266669949
7,Bakery,2024-11-19,24.323552380598098,22.665586881567613,24.322560822732243,1.6579654990304853
7,Bakery,2024-11-20,23.34231192444293,21.902385851160584,23.344405959742318,1.4420201085817332
7,Bakery,2024-11-21,23.322090469499994,21.75851210753113,23.323899870655367,1.5653877631242388
7,Bakery,2024-11-22,23.169701039491315,22.306670843957704,23.16944314121343,0.8630301955336108
7,Bakery,2024-11-23,21.27153374100652,20.0095379730611,21.27486845760128,1.2653304845401792
7,Bakery,2024-11-24,21.135537253473544,19.72384545850613,21.147120327536452,1.4232748690303225
7,Bakery,2024-11-25,23.187430365105538,22.64422706915581,23.206432436358593,0.5622053672027825
7,Bakery,2024-11-26,23.929254546275445,23.39593619302067,23.95384989782959,0.557913704808918
7,Bakery,2024-11-27,23.170725896260485,22.362300453111747,23.194179694884443,0.8318792417726968
7,Bakery,2024-11-28,23.382390038242455,23.01414319859514,23.39876157448248,0.38461837588734227
7,Bakery,2024-11-29,24.02765673682528,24.03746684159554,24.040181187589923,0.012524450764644257
7,Bakery,2024-11-30,26.09741335739479,26.000829471738665,26.111883630785563,0.11105415904689764
7,Bakery,2024-12-01,26.477994269139202,26.79828201224726,26.491564160822975,0.3202877431080573
7,Bakery,2024-12-02,26.8734458546029,26.48555489459536,26.881955538024087,0.39640064342872705
7,Bakery,2024-12-03,28.247418870760683,28.146218223233298,28.24764098411006,0.10142276087676194
7,Bakery,2024-12-04,27.094489933610497,26.707691683772705,27.085436483804358,0.386798249837792
7,Bakery,2024-12-05,37.43095026148839,36.72554760132037,37.41521695836031,0.7054026601680192
7,Bakery,2024-12-06,26.29904360549982,26.488226106379376,26.283058025481083,0.20516808089829297
7,Bakery,2024-12-07,24.686069993289372,24.035676833793044,24.673197633497544,0.6503931594963284
7,Bakery,2024-12-08,24.840702285267845,24.345558220401145,24.83208092819045,0.49514406486670026
7,Bakery,2024-12-09,26.878640013060625,26.876402643570376,26.874922493705714,0.0037175193549110475
7,Bakery,2024-12-10,45.65372551720195,54.550849593570824,45.65313211808089,8.897717475489934
7,Bakery,2024-12-11,26.396093192045388,26.201325856578475,26.39291998750345,0.1947673354669135
7,Bakery,2024-12-12,26.52010184906994,26.659774631012272,26.511272706325272,0.1485019246870003
7,Bakery,2024-12-13,26.03914535837449,26.068484970416183,26.028991761953918,0.03949320846226456
7,Bakery,2024-12-14,24.023131533722825,23.436938283114493,24.020300171223067,0.586193250608332
7,Bakery,2024-12-15,28.66020491809479,28.1067287407679,28.66663551088022,0.5599067701123204
7,Bakery,2024-12-16,26.139941146439266,26.43200979829118,26.153505142521787,0.29206865185191333
7,Bakery,2024-12-17,26.936066826776983,26.753198436619602,26.956788082775606,0.20358964615600428
7,Bakery,2024-12-18,31.808468974922135,32.273516595307996,31.831825976000008,0.4650476203858602
7,Bakery,2024-12-19,26.31638163912759,26.329967598642913,26.33424476248357,0.017863123355979837
7,Bakery,2024-12-20,45.929758805096064,48.51171015930178,45.94260737682239,2.5819513542057138
7,Bakery,2024-12-21,24.63244167663789,24.14523297520121,24.64510487969239,0.49987190449117946
7,Bakery,2024-12-22,24.75458628634069,23.78351424432827,24.76946047697051,0.9859462326422417
7,Bakery,2024-12-23,26.368588083895204,26.135201609805684,26.391136702066955,0.25593509226127154
7,Bakery,2024-12-24,27.102078493681393,26.81805798473204,27.132690374863483,0.3146323901314432
7,Bakery,2024-12-25,26.488252081391693,26.362277337217915,26.514922821692434,0.15264548447451887
7,Bakery,2024-12-26,26.273237313032517,26.052263338097415,26.287233744611292,0.23497040651387735
7,Bakery,2024-12-27,25.94942213825754,25.608639421679637,25.950151958849347,0.3415125371697094
7,Bakery,2024-12-28,24.742539324615823,24.22300410862216,24.736333587319887,0.5195352159936633
7,Bakery,2024-12-29,25.082923869037838,24.97624712317269,25.0769123438156,0.10667674586514764
7,Bakery,2024-12-30,26.759894444055735,27.551372450182956,26.758847220745533,0.7925252294374232
7,Bakery,2024-12-31,32.76619566966598,33.18759477523986,32.771335537098935,0.42139910557387594
7,Chocolate & Milk,2024-11-01,13.629857684362198,13.911935444302463,14.547900397773969,0.9180427134117704
7,Chocolate & Milk,2024-11-02,12.440859080767698,12.126322343843206,12.906692641922776,0.7803702980795695
7,Chocolate & Milk,2024-11-03,12.621753849921232,12.258820346483894,13.629720403786168,1.3709000573022738
7,Chocolate & Milk,2024-11-04,13.058584933102365,12.54206232133593,13.460923008510436,0.9188606871745062
7,Chocolate & Milk,2024-11-05,13.633802331360904,13.110843449626563,13.914733996718743,0.8038905470921804
7,Chocolate & Milk,2024-11-06,22.478873242412135,21.757131696855303,22.740270301758432,0.9831386049031288
7,Chocolate & Milk,2024-11-07,13.015303858606055,12.702678597476565,13.028247661830681,0.3255690643541165
7,Chocolate & Milk,2024-11-08,12.879951359661838,12.569090051071992,12.897155835700922,0.32806578462892944
7,Chocolate & Milk,2024-11-09,11.43926862067664,10.518508606265762,11.458166988479089,0.9396583822133273
7,Chocolate & Milk,2024-11-10,11.382891822381184,10.478392099243209,11.400094427092618,0.9217023278494096
7,Chocolate & Milk,2024-11-11,12.87310922508679,12.578984794879016,12.886775701025163,0.30779090614614724
7,Chocolate & Milk,2024-11-12,13.384887973880502,13.109069777481936,13.396228984974108,0.28715920749217183
7,Chocolate & Milk,2024-11-13,13.016812815762021,12.48320682303334,13.024462718129124,0.5412558950957838
7,Chocolate & Milk,2024-11-14,12.979908063929798,12.751823860313785,12.9863494288773,0.23452556856351592
7,Chocolate & Milk,2024-11-15,15.366690934578163,15.446629317043302,15.377288773414236,0.07993838246513896
7,Chocolate & Milk,2024-11-16,11.450529465591623,10.818299263249889,11.465488518573089,0.6471892553231999
7,Chocolate & Milk,2024-11-17,11.48590466400873,10.81718099595115,11.501756680519964,0.6845756845688147
7,Chocolate & Milk,2024-11-18,13.869505927132069,13.494261191110665,13.885084559685914,0.3908233685752496
7,Chocolate & Milk,2024-11-19,13.436896673218728,13.24757971449087,13.450091574589655,0.20251186009878452
7,Chocolate & Milk,2024-11-20,13.091425885187522,12.812184155707957,13.10263981612172,0.2904556604137625
7,Chocolate & Milk,2024-11-21,13.061597966951542,12.954100116983872,13.07536838663476,0.12126826965088888
7,Chocolate & Milk,2024-11-22,12.398126871502068,12.468428007039433,12.417054840305505,0.07030113553736506
7,Chocolate & Milk,2024-11-23,11.44513816771792,11.122542144654158,11.46461018250501,0.3420680378508525
7,Chocolate & Milk,2024-11-24,12.970091925766225,13.08220801239357,12.988100562332114,0.11211608662734562
7,Chocolate & Milk,2024-11-25,15.141812634435402,15.565405767326524,15.157118903756027,0.42359313289112244
7,Chocolate & Milk,2024-11-26,14.992465403238258,15.251455591117853,15.002178104096544,0.25899018787959527
7,Chocolate & Milk,2024-11-27,14.9901513637548,15.281576906848045,14.99341011073413,0.2914255430932453
7,Chocolate & Milk,2024-11-28,14.581279569235647,14.575858513465679,14.584132578356623,0.008274064890944288
7,Chocolate & Milk,2024-11-29,15.0557124433513,15.63054588493731,15.062878522460892,0.5748334415860104
7,Chocolate & Milk,2024-11-30,16.1450255041133,16.354104146945303,16.156283921609322,0.2090786428320044
7,Chocolate & Milk,2024-12-01,14.356404852662417,15.330636445258406,14.365944966075295,0.9742315925959897
7,Chocolate & Milk,2024-12-02,14.854071211181806,14.785368127136133,14.85770592489781,0.07233779776167637
7,Chocolate & Milk,2024-12-03,15.748674156456099,15.711954329568258,15.744160003805607,0.03671982688784148
7,Chocolate & Milk,2024-12-04,15.02463660016855,14.759332948203836,15.016200485007994,0.2653036519647145
7,Chocolate & Milk,2024-12-05,20.994784691859632,20.582520309419593,20.98729189595466,0.41226438244003916
7,Chocolate & Milk,2024-12-06,14.83888325299103,14.96350726720782,14.835504655981842,0.12800261122597867
7,Chocolate & Milk,2024-12-07,13.535104563080049,13.096944510675607,13.532313265241303,0.43816005240444156
7,Chocolate & Milk,2024-12-08,13.449821658631167,13.29611300525723,13.445031357561986,0.15370865337393802
7,Chocolate & Milk,2024-12-09,14.696684248851444,14.734601958435045,14.688443347188777,0.046158611246267967
7,Chocolate & Milk,2024-12-10,26.360918745533546,33.416129359845776,26.34881431781966,7.067315042026117
7,Chocolate & Milk,2024-12-11,15.438625993825646,15.292182822436178,15.423873127126916,0.1464431713894676
7,Chocolate & Milk,2024-12-12,14.903778536007845,14.845760178727625,14.89180773810014,0.0580183572802202
7,Chocolate & Milk,2024-12-13,14.708139510215277,14.65068785646881,14.700172417811737,0.0574516537464671
7,Chocolate & Milk,2024-12-14,13.592211034820968,13.241138356946585,13.584703523475852,0.3510726778743827
7,Chocolate & Milk,2024-12-15,16.3198472698458,16.12751248549562,16.311868949476366,0.1923347843501766
7,Chocolate & Milk,2024-12-16,14.601451853041755,14.599557052744094,14.59332739899504,0.008124454046715357
7,Chocolate & Milk,2024-12-17,15.555285740682635,15.33415173757331,15.543679766606058,0.2211340031093254
7,Chocolate & Milk,2024-12-18,18.315029475413724,18.022149368219935,18.303673238517888,0.2928801071937883
7,Chocolate & Milk,2024-12-19,15.062470340147584,15.063240560025715,15.057371907968992,0.005868652056722823
7,Chocolate & Milk,2024-12-20,24.586734399083596,27.023759121747858,24.588509098177248,2.437024722664262
7,Chocolate & Milk,2024-12-21,13.590022158892358,13.101813395623859,13.59449660962558,0.49268321400172077
7,Chocolate & Milk,2024-12-22,13.43755739863505,12.905179464078007,13.443425945936298,0.538246481858291
7,Chocolate & Milk,2024-12-23,14.740928796351822,14.68748735405171,14.746003921995156,0.05851656794344606
7,Chocolate & Milk,2024-12-24,15.472836518276711,15.203040195531868,15.476050438452821,0.27301024292095377
7,Chocolate & Milk,2024-12-25,15.10964680806953,14.769282933771818,15.11125649008871,0.3419735563168924
7,Chocolate & Milk,2024-12-26,14.826023415715397,14.54185659608619,14.830106142282542,0.28824954619635257
7,Chocolate & Milk,2024-12-27,14.433793087814879,14.358534648255317,14.441993755933101,0.08345910767778442
7,Chocolate & Milk,2024-12-28,13.71680578994606,13.553163373011857,13.72881977724529,0.17565640423343254
7,Chocolate & Milk,2024-12-29,13.664326468861395,13.664877137655653,13.677467994864163,0.013141526002767634
7,Chocolate & Milk,2024-12-30,14.944828895104726,15.4108917489289,14.958258903276594,0.4660628538241749
7,Chocolate & Milk,2024-12-31,18.525752809280338,18.959016583804658,18.536633728953436,0.4332637745243204
7,Coffee,2024-11-01,107.75496115958255,101.52587821676663,106.99876988661269,6.229082942815921
7,Coffee,2024-11-02,93.82561869845301,83.32026471248955,89.66986766649951,10.505353985963467
7,Coffee,2024-11-03,93.81288923034487,85.63911285569603,94.50152905124506,8.86241619554903
7,Coffee,2024-11-04,103.13201956259654,98.9365122041741,103.58424000555567,4.647727801381578
7,Coffee,2024-11-05,108.35238159449264,105.24156546543203,109.37459240235322,4.133026936921183
7,Coffee,2024-11-06,159.61001483661084,156.73800519152292,159.19653959982622,2.872009645087928
7,Coffee,2024-11-07,104.23576170632775,98.71894841593564,104.32571432223898,5.6067659063033375
7,Coffee,2024-11-08,100.35214014446052,94.83286456403656,100.43031216349999,5.597447599463436
7,Coffee,2024-11-09,86.89696153805562,78.02746838979843,86.92458648535147,8.89711809555304
7,Coffee,2024-11-10,87.1493997647854,78.9451689055417,87.23712985523926,8.291960949697554
7,Coffee,2024-11-11,102.2624957403468,92.00610894929703,102.2930983496858,10.286989400388777
7,Coffee,2024-11-12,108.24750852478606,103.04980076270182,108.27483980785411,5.225039045152286
7,Coffee,2024-11-13,103.28318086981388,95.03891141224273,103.31723286849531,8.278321456252584
7,Coffee,2024-11-14,101.80217056269242,94.47641712826314,101.79807790885101,7.325753434429288
7,Coffee,2024-11-15,114.76887469849605,111.9920723200028,114.76988527634664,2.777812956343837
7,Coffee,2024-11-16,85.2219868633028,79.43695973806675,85.22171557349236,5.785027125236056
7,Coffee,2024-11-17,85.44575971921067,78.83016224721655,85.5379879998205,6.707825752603952
7,Coffee,2024-11-18,113.90171904071715,108.21038749086874,113.97008780201872,5.7597003111499845
7,Coffee,2024-11-19,104.37344232413892,100.6845037144121,104.43696329501333,3.7524595806012258
7,Coffee,2024-11-20,100.14335069453455,95.45170946332829,100.21351220602679,4.761802742698507
7,Coffee,2024-11-21,100.59251103115733,96.00447734950285,100.62275145461538,4.618274105112533
7,Coffee,2024-11-22,96.51457897285297,95.30704176643003,96.56868124628777,1.2616394798577346
7,Coffee,2024-11-23,82.29430644814849,77.09322642830884,82.35971992182425,5.266493493515412
7,Coffee,2024-11-24,82.6966534866001,78.03423412433565,82.86540693590526,4.831172811569601
7,Coffee,2024-11-25,117.40162178364656,116.64204442875392,117.52089514123578,0.8788507124818636
7,Coffee,2024-11-26,104.40191807046293,101.39353871782505,104.50160728699367,3.1080685691686227
7,Coffee,2024-11-27,102.32574356522383,101.14260121046087,102.41924159401864,1.2766403835577762
7,Coffee,2024-11-28,100.71627135932764,99.42425134918027,100.76944602670952,1.3451946775292498
7,Coffee,2024-11-29,102.02985347170299,103.02677287628302,102.07408536414782,0.9969194045800265
7,Coffee,2024-11-30,102.63822821085049,101.89501591399093,102.66513111705291,0.7701152030619767
7,Coffee,2024-12-01,106.13155352719129,107.7585348961435,106.21500684099423,1.6269813689522152
7,Coffee,2024-12-02,114.91533726183822,113.29660771877562,114.92697941700258,1.6303716982269663
7,Coffee,2024-12-03,121.96524716593586,120.41107996844343,121.93306716017327,1.5541671974924327
7,Coffee,2024-12-04,115.6464249161912,113.7529914565622,115.61018395367842,1.8934334596289943
7,Coffee,2024-12-05,154.2565550385567,150.41537302178483,154.18718315754367,3.8411820167718815
7,Coffee,2024-12-06,112.99629608634345,112.95603431752863,112.95762143980949,0.04026176881481547
7,Coffee,2024-12-07,99.38226356397647,97.40900565607316,99.33566231396036,1.973257907903303
7,Coffee,2024-12-08,99.65754768601553,99.07026746410419,99.67755041513202,0.6072829510278268
7,Coffee,2024-12-09,115.65186891822903,114.61850256994988,115.61594679116357,1.033366348279145
7,Coffee,2024-12-10,190.92262841767996,238.25730054463057,190.89040925668695,47.366891287943616
7,Coffee,2024-12-11,114.86045074143144,114.13870002870304,114.85095653033326,0.7217507127283938
7,Coffee,2024-12-12,113.95656897306567,113.94341580866008,113.94376707726835,0.013153164405593998
7,Coffee,2024-12-13,110.56035791293442,111.50332635570409,110.57508680542657,0.9429684427696685
7,Coffee,2024-12-14,96.99132554369447,94.95785709762399,96.99469475804136,2.036837660417376
7,Coffee,2024-12-15,113.45638095066091,112.39577346084089,113.51458193767516,1.1188084768342748
7,Coffee,2024-12-16,111.68358402387089,111.77475273913889,111.70284373587768,0.09116871526799741
7,Coffee,2024-12-17,115.46511887987872,115.05531736664615,115.5063167081033,0.45099934145714826
7,Coffee,2024-12-18,131.1092451944933,133.43168849006955,131.18782601278323,2.3224432955762495
7,Coffee,2024-12-19,110.29744296404584,110.63001765009389,110.33756728637101,0.33257468604804785
7,Coffee,2024-12-20,168.73405594365192,185.93260683411017,168.76877358124972,17.19855089045825
7,Coffee,2024-12-21,96.26491853121365,94.25212545987426,96.269532322526,2.0174068626517396
7,Coffee,2024-12-22,96.05766940256453,93.30376267293859,96.12732562513148,2.823562952192887
7,Coffee,2024-12-23,111.22418595177035,110.80498576611092,111.2389777723113,0.43399200620038414
7,Coffee,2024-12-24,116.42095406515803,115.88937162644307,116.4409586588093,0.5515870323662284
7,Coffee,2024-12-25,112.38637121285228,111.80810578959876,112.40599823821066,0.5978924486119013
7,Coffee,2024-12-26,112.08177260818115,111.77124773738916,112.05258051940298,0.3105248707919941
7,Coffee,2024-12-27,107.85251260831895,107.68635660942823,107.8091994653868,0.16615599889071575
7,Coffee,2024-12-28,97.07975511601981,96.39396700327138,97.02106235795742,0.6857881127484262
7,Coffee,2024-12-29,98.12104646963678,99.09504141413859,98.13670902791985,0.9739949445018112
7,Coffee,2024-12-30,114.1228522835514,116.4126097551817,114.10323364859951,2.3093761065821923
7,Coffee,2024-12-31,135.56559485792147,138.09168435725024,135.53475172359586,2.556932633654384
7,Juice & Smoothie,2024-11-01,8.378346406302546,8.15928733629633,8.887887282879841,0.7285999465835111
7,Juice & Smoothie,2024-11-02,7.7114910650382384,7.287098431896157,8.323339146037824,1.036240714141667
7,Juice & Smoothie,2024-11-03,7.660570163937113,7.382014272164574,8.001351197615202,0.6193369254506278
7,Juice & Smoothie,2024-11-04,7.548272693654871,7.389607332155436,7.617557268760343,0.22794993660490626
7,Juice & Smoothie,2024-11-05,7.879555680300806,7.598251999981226,7.6871675872237315,0.28130368031957964
7,Juice & Smoothie,2024-11-06,13.569862070165145,13.306595982429572,13.477766541230352,0.26326608773557325
7,Juice & Smoothie,2024-11-07,7.673658581374504,7.333014762648045,7.673720829245237,0.3407060665971926
7,Juice & Smoothie,2024-11-08,7.786323997650718,7.415404950293738,7.785587769032908,0.37091904735698034
7,Juice & Smoothie,2024-11-09,6.915387143983184,6.197419033636176,6.9178212695759695,0.7204022359397939
7,Juice & Smoothie,2024-11-10,6.84682146012058,6.2431451993027345,6.853341228606418,0.6101960293036832
7,Juice & Smoothie,2024-11-11,7.457667416085811,7.14679090261186,7.465754795305553,0.3189638926936933
7,Juice & Smoothie,2024-11-12,7.975377892060328,7.541809853996985,7.98007571325277,0.4382658592557851
7,Juice & Smoothie,2024-11-13,7.75500446225086,7.441244222539414,7.756962987385856,0.31571876484644257
7,Juice & Smoothie,2024-11-14,7.662917409288122,7.461167208482449,7.662656725450219,0.20175020080567307
7,Juice & Smoothie,2024-11-15,9.290898921632204,9.39728290673047,9.290283458337848,0.10699944839262265
7,Juice & Smoothie,2024-11-16,7.041360034398578,6.826262087058782,7.042965339057785,0.21670325199900287
7,Juice & Smoothie,2024-11-17,6.854831286749132,6.770253773186181,6.860754299708563,0.09050052652238172
7,Juice & Smoothie,2024-11-18,8.290078533139623,8.280620855141581,8.297497582917192,0.016876727775610334
7,Juice & Smoothie,2024-11-19,7.820588162572973,7.909980129611117,7.827020488947015,0.08939196703814467
7,Juice & Smoothie,2024-11-20,7.786595340705054,7.88658410321416,7.790050542953816,0.09998876250910627
7,Juice & Smoothie,2024-11-21,7.633284866993461,7.658907207117757,7.635048185478376,0.025622340124296095
7,Juice & Smoothie,2024-11-22,7.458233330348373,7.550505390292482,7.460153382067738,0.0922720599441087
7,Juice & Smoothie,2024-11-23,6.831064919040485,6.828653244953711,6.836396187482781,0.0077429425290702625
7,Juice & Smoothie,2024-11-24,6.883698695337859,7.036102335595388,6.892093360781733,0.1524036402575284
7,Juice & Smoothie,2024-11-25,7.404973520242947,7.736251772400878,7.415038800500206,0.3312782521579303
7,Juice & Smoothie,2024-11-26,7.838700516688019,8.01096749051684,7.84694165037559,0.1722669738288216
7,Juice & Smoothie,2024-11-27,7.585764862765549,7.564000806430661,7.59093622433419,0.026935417903528602
7,Juice & Smoothie,2024-11-28,7.681265703046488,7.430525515493317,7.683011315965308,0.252485800471991
7,Juice & Smoothie,2024-11-29,7.863241895098123,7.930304552879523,7.864290365271455,0.06706265778139997
7,Juice & Smoothie,2024-11-30,8.789910317305873,8.816082439096105,8.792633745167292,0.026172121790231984
7,Juice & Smoothie,2024-12-01,8.616951554615778,9.096964218395925,8.623086616784233,0.4800126637801476
7,Juice & Smoothie,2024-12-02,8.841365627902592,8.80374563320126,8.848108776046196,0.044363142844936476
7,Juice & Smoothie,2024-12-03,9.32804274934162,9.243905841368367,9.333354085102592,0.08944824373422477
7,Juice & Smoothie,2024-12-04,8.791225049697529,8.686000998147088,8.794599463341253,0.10859846519416472
7,Juice & Smoothie,2024-12-05,12.769721884035377,12.57631242088136,12.77197617007318,0.19566374919182117
7,Juice & Smoothie,2024-12-06,8.696616532058572,8.744235321403053,8.698395328994348,0.04761878934448127
7,Juice & Smoothie,2024-12-07,8.217018203646557,8.036655603153012,8.222251813085931,0.18559620993291936
7,Juice & Smoothie,2024-12-08,8.127943923453834,7.938382021149687,8.137314148886134,0.19893212773644642
7,Juice & Smoothie,2024-12-09,8.817562532103366,8.883837901351217,8.828464149808111,0.06627536924785105
7,Juice & Smoothie,2024-12-10,16.098153397599894,18.974582942189038,16.107189249519053,2.8764295445891435
7,Juice & Smoothie,2024-12-11,8.844986790922784,8.808393807001497,8.850967931589768,0.04257412458827048
7,Juice & Smoothie,2024-12-12,8.917214535356074,8.964941498384764,8.91940078302354,0.047726963028690506
7,Juice & Smoothie,2024-12-13,8.907276644037712,8.919291923155793,8.908809122028831,0.012015279118081423
7,Juice & Smoothie,2024-12-14,8.198447259218526,7.911059274192273,8.20238733229223,0.291328058099956
7,Juice & Smoothie,2024-12-15,9.884326116115643,9.685615286355151,9.892534483370362,0.20691919701521044
7,Juice & Smoothie,2024-12-16,8.821304421474096,8.849875194022012,8.831133850228287,0.028570772547915624
7,Juice & Smoothie,2024-12-17,9.167024943264474,9.088761508697042,9.176337180183921,0.08757567148687961
7,Juice & Smoothie,2024-12-18,11.173476603795574,10.941511519822338,11.180208282295737,0.2386967624733991
7,Juice & Smoothie,2024-12-19,8.889645466346735,8.882654634566656,8.894385547050705,0.011730912484049227
7,Juice & Smoothie,2024-12-20,15.296591904887515,16.603843760168118,15.29977623424619,1.3072518552806027
7,Juice & Smoothie,2024-12-21,8.169413632832432,7.857214764605781,8.173842557699555,0.3166277930937733
7,Juice & Smoothie,2024-12-22,8.151559796656766,7.890329682524457,8.158062833939425,0.26773315141496834
7,Juice & Smoothie,2024-12-23,8.783314203813081,8.666125689032707,8.791060890080212,0.12493520104750466
7,Juice & Smoothie,2024-12-24,9.261083125192457,9.101893095545108,9.266979190057581,0.16508609451247303
7,Juice & Smoothie,2024-12-25,8.934925907561919,8.889049347786296,8.938889393184498,0.04984004539820219
7,Juice & Smoothie,2024-12-26,9.004380342128268,8.93208927448002,9.006170497351727,0.07408122287170649
7,Juice & Smoothie,2024-12-27,8.754991907132535,8.681167309268258,8.757518346651686,0.07635103738342863
7,Juice & Smoothie,2024-12-28,8.329261905475704,8.138518019580037,8.335382129488927,0.19686410990889058
7,Juice & Smoothie,2024-12-29,8.392960764117447,8.378954896103181,8.403667731950918,0.02471283584773687
7,Juice & Smoothie,2024-12-30,9.075598849123548,9.240675354076378,9.087059862496684,0.16507650495283066
7,Juice & Smoothie,2024-12-31,11.223763014076669,11.434814191497612,11.23469993155784,0.21105117742094315
7,Merchandise,2024-11-01,4.757873520256866,5.047167805596333,6.118963700255568,1.361090179998702
7,Merchandise,2024-11-02,4.410088093846712,4.454408543404353,4.932792524534124,0.522704430687412
7,Merchandise,2024-11-03,4.454888401971915,4.316566852386236,4.750179619061813,0.43361276667557647
7,Merchandise,2024-11-04,4.3854440948087285,4.475128361465331,4.79731463258063,0.4118705377719012
7,Merchandise,2024-11-05,4.607370480370266,4.632404780782906,5.256643276689762,0.6492727963194964
7,Merchandise,2024-11-06,7.905981383087143,7.790660577762761,8.230448653526597,0.43978807576383616
7,Merchandise,2024-11-07,4.568637596893713,4.782993748923376,4.562640463192889,0.22035328573048663
7,Merchandise,2024-11-08,4.548319345861197,4.664280377968593,4.540728253203456,0.123552124765137
7,Merchandise,2024-11-09,3.979655789061013,4.011495671592195,3.970493660386497,0.04100201120569835
7,Merchandise,2024-11-10,3.9063872176886347,4.024836143031016,3.8968463489981136,0.12798979403290245
7,Merchandise,2024-11-11,4.372527330757421,4.618388443787267,4.362707597869441,0.25568084591782547
7,Merchandise,2024-11-12,4.608653469845292,4.781831941224996,4.5995319204582055,0.18230002076679064
7,Merchandise,2024-11-13,4.464968179194522,4.532752934493626,4.457151001935389,0.07560193255823666
7,Merchandise,2024-11-14,4.426500031670954,4.629460780929625,4.419768643991521,0.20969213693810396
7,Merchandise,2024-11-15,5.535586686419909,5.80704078284423,5.528527822754247,0.2785129600899827
7,Merchandise,2024-11-16,3.9568965379929226,4.1582683009393335,3.949374176266457,0.20889412467287638
7,Merchandise,2024-11-17,3.9374789264643684,4.036164399413269,3.930911674614201,0.105252724799068
7,Merchandise,2024-11-18,4.875086443764165,5.039353563787767,4.869971464367328,0.1693820994204387
7,Merchandise,2024-11-19,4.6393322920058555,4.618289239904042,4.6348378801712595,0.02104305210181323
7,Merchandise,2024-11-20,4.445330189465974,4.532300540017774,4.440902689883105,0.09139785013466906
7,Merchandise,2024-11-21,4.388961529490509,4.620700094936593,4.38334412092378,0.2373559740128135
7,Merchandise,2024-11-22,4.319803396017855,4.557950547012376,4.312667427917163,0.2452831190952125
7,Merchandise,2024-11-23,3.868296318221047,4.062789468441391,3.859520280059046,0.20326918838234498
7,Merchandise,2024-11-24,4.669865556403747,4.879938733782607,4.660501099629444,0.21943763415316297
7,Merchandise,2024-11-25,5.437401536014514,5.52886927265358,5.427912651247758,0.10095662140582196
7,Merchandise,2024-11-26,5.387915250288376,5.40885692244931,5.3790515555610465,0.029805366888263407
7,Merchandise,2024-11-27,5.217868506274885,5.467427078238693,5.209549562906112,0.25787751533258074
7,Merchandise,2024-11-28,5.2090601216181085,5.546958497769763,5.2012967469622895,0.34566175080747374
7,Merchandise,2024-11-29,5.461160796296246,5.86639165100857,5.4531860380320545,0.41320561297651537
7,Merchandise,2024-11-30,6.114355427537122,6.236539648891098,6.1062861737147145,0.1302534751763833
7,Merchandise,2024-12-01,5.070570709993079,5.588183599310939,5.062394191966458,0.5257894073444813
7,Merchandise,2024-12-02,5.343483753015738,5.344344399110668,5.335964062474859,0.008380336635808838
7,Merchandise,2024-12-03,5.591131943043187,5.535361353775105,5.583771178572451,0.055770589268082205
7,Merchandise,2024-12-04,5.30820234411105,5.2875566961849625,5.3015859689684905,0.020645647926087918
7,Merchandise,2024-12-05,8.199223594831668,7.9012444876487065,8.192325191747017,0.29797910718296183
7,Merchandise,2024-12-06,5.317738223562387,5.383218945611815,5.310463656924425,0.07275528868739034
7,Merchandise,2024-12-07,4.810850131620754,4.6353394541377275,4.803199344595743,0.17551067748302618
7,Merchandise,2024-12-08,4.874454076515795,4.802933099314803,4.867636150001172,0.07152097720099171
7,Merchandise,2024-12-09,5.368486625055328,5.340495411271435,5.363172367635865,0.02799121378389291
7,Merchandise,2024-12-10,10.01666897310898,12.357447413931656,10.012875510683758,2.344571903247898
7,Merchandise,2024-12-11,5.433186124787542,5.393022182086215,5.430807178270438,0.04016394270132739
7,Merchandise,2024-12-12,5.411412989291772,5.364928177020229,5.409397058790411,0.046484812271543774
7,Merchandise,2024-12-13,5.3576249622060255,5.292885764125809,5.354155471019985,0.06473919808021655
7,Merchandise,2024-12-14,4.832642131298673,4.744711446253349,4.827852714485624,0.08793068504532453
7,Merchandise,2024-12-15,5.981149346392359,5.854129906336379,5.975101782223217,0.12701944005597987
7,Merchandise,2024-12-16,5.313892202547194,5.373089474963703,5.30802910174019,0.06506037322351332
7,Merchandise,2024-12-17,5.561646268765498,5.634085845983266,5.556118809058113,0.07796703692515372
7,Merchandise,2024-12-18,6.591288532305301,6.643732077300234,6.586847923074018,0.056884154226215955
7,Merchandise,2024-12-19,5.380573309779189,5.369894744741567,5.375386492540182,0.010678565037622434
7,Merchandise,2024-12-20,8.762573897364641,9.46997458050626,8.755662611966521,0.7143119685397394
7,Merchandise,2024-12-21,4.840756688257076,4.687252241728055,4.832682129952653,0.15350444652902073
7,Merchandise,2024-12-22,4.821449094620789,4.659738324492508,4.813977390697585,0.1617107701282805
7,Merchandise,2024-12-23,5.327349594544883,5.34664695283605,5.321017482804693,0.025629470031356405
7,Merchandise,2024-12-24,5.56674789225486,5.465607098349997,5.561659643658473,0.10114079390486275
7,Merchandise,2024-12-25,5.388335469158331,5.260221665877236,5.383774145072008,0.12811380328109578
7,Merchandise,2024-12-26,5.358445176384043,5.2318901176250465,5.353447520762673,0.12655505875899653
7,Merchandise,2024-12-27,5.269506307946855,5.198974769527304,5.262486394334862,0.07053153841955151
7,Merchandise,2024-12-28,4.9176682836180134,4.809789549346085,4.909474279745316,0.10787873427192807
7,Merchandise,2024-12-29,4.947609287282827,4.9260723594441735,4.93887058888531,0.02153692783865324
7,Merchandise,2024-12-30,5.4595411130110545,5.629688857860205,5.451578100385614,0.17811075747459082
7,Merchandise,2024-12-31,6.888842921709358,7.041879294049814,6.88207728223176,0.1598020118180532
7,Savory Bakery,2024-11-01,19.577242518721103,19.582072504982058,20.042019834029595,0.464777315308492
7,Savory Bakery,2024-11-02,18.0345755338994,17.394798293363785,18.24194640946927,0.8471481161054868
7,Savory Bakery,2024-11-03,18.171487954186567,17.32305796120026,18.277178302154788,0.9541203409545282
7,Savory Bakery,2024-11-04,18.202188507422335,18.24747317181709,18.18538958149616,0.06208359032093114
7,Savory Bakery,2024-11-05,18.68331061682714,18.59010017065611,18.999391778566544,0.40929160791043273
7,Savory Bakery,2024-11-06,32.87833827811548,31.966509501072235,32.961101998891635,0.9945924978194007
7,Savory Bakery,2024-11-07,18.470466636968187,18.213948122376593,18.47763438346147,0.263686261084878
7,Savory Bakery,2024-11-08,18.23233873573687,17.69074985441886,18.23139482606716,0.5415888813180096
7,Savory Bakery,2024-11-09,16.644501947660473,15.610686821911443,16.64056805385605,1.0338151257490296
7,Savory Bakery,2024-11-10,16.56895814993092,15.598806966420193,16.570735925747243,0.9719289593270499
7,Savory Bakery,2024-11-11,17.905145934648807,17.456788972991074,17.913114577470868,0.45632560447979387
7,Savory Bakery,2024-11-12,18.535205476730038,18.078511030967487,18.544749049915467,0.4662380189479798
7,Savory Bakery,2024-11-13,18.081815402477275,17.517740713274804,18.090607534060663,0.5728668207858583
7,Savory Bakery,2024-11-14,18.002878996982076,17.58726437856538,18.006534322850303,0.4192699442849239
7,Savory Bakery,2024-11-15,21.38146983787488,21.3403549970985,21.382286192183827,0.04193119508532561
7,Savory Bakery,2024-11-16,16.53316603052928,15.676059673121442,16.537595228285447,0.8615355551640054
7,Savory Bakery,2024-11-17,16.547209523694743,15.83778505010531,16.558377103628104,0.7205920535227932
7,Savory Bakery,2024-11-18,19.784717621827173,19.534828184718094,19.802513053974685,0.2676848692565912
7,Savory Bakery,2024-11-19,18.461474788673186,18.043063578928695,18.482838744184946,0.4397751652562505
7,Savory Bakery,2024-11-20,17.993719466641487,17.856938241286333,18.013190143876766,0.15625190259043364
7,Savory Bakery,2024-11-21,18.103819843252502,17.967425336356577,18.118195548607044,0.1507702122504675
7,Savory Bakery,2024-11-22,18.03189837203601,18.455787007016923,18.041444593616642,0.4238886349809121
7,Savory Bakery,2024-11-23,16.890002242887356,16.31292275710702,16.900495725168366,0.5875729680613446
7,Savory Bakery,2024-11-24,16.770458888786155,16.20130369164012,16.787389376680093,0.586085685039972
7,Savory Bakery,2024-11-25,21.885155479390246,21.86657718231762,21.908320397688566,0.041743215370946274
7,Savory Bakery,2024-11-26,18.749370018191424,18.551910177587658,18.772206859777928,0.22029668219026988
7,Savory Bakery,2024-11-27,18.20867200784793,17.96159477314309,18.22986695250666,0.26827217936357073
7,Savory Bakery,2024-11-28,18.07126742871448,17.81579400746347,18.088320931863127,0.2725269243996564
7,Savory Bakery,2024-11-29,19.033019371849022,19.3039666012699,19.043052898146904,0.27094722942087657
7,Savory Bakery,2024-11-30,20.666100849884344,20.33190843791879,20.67347506310566,0.34156662518686787
7,Savory Bakery,2024-12-01,20.932048793115822,21.48894137297124,20.946238462219608,0.5568925798554183
7,Savory Bakery,2024-12-02,20.861438008914533,20.720014086631743,20.882758130783245,0.162744044151502
7,Savory Bakery,2024-12-03,21.771172574232924,21.851197719752843,21.79545846633735,0.0800251455199188
7,Savory Bakery,2024-12-04,20.737455229679018,20.745174255661986,20.75939042782128,0.021935198142262635
7,Savory Bakery,2024-12-05,29.07369867635424,28.35045303077505,29.088927489257266,0.7384744584822158
7,Savory Bakery,2024-12-06,20.638915177995916,20.798738114962227,20.64790199365113,0.1598229369663109
7,Savory Bakery,2024-12-07,19.47509381987612,19.086708089091584,19.48460058577312,0.3978924966815356
7,Savory Bakery,2024-12-08,19.430430923961886,19.020841596736673,19.447041604622903,0.42620000788623
7,Savory Bakery,2024-12-09,20.64229909588982,20.799003160540607,20.666507806191202,0.15670406465078912
7,Savory Bakery,2024-12-10,35.747287456763665,42.6491872050119,35.77397809171193,6.901899748248233
7,Savory Bakery,2024-12-11,20.753017858400028,20.755299328335298,20.772007716783854,0.01898985838382572
7,Savory Bakery,2024-12-12,20.8113246618807,20.971697976029724,20.822071957710094,0.16037331414902312
7,Savory Bakery,2024-12-13,20.61802094868751,20.656147037440867,20.623565769410497,0.038126088753358545
7,Savory Bakery,2024-12-14,19.08165807729607,18.40440862753943,19.085515735152875,0.6811071076134461
7,Savory Bakery,2024-12-15,22.98074517496084,22.420078729979362,22.989487689670845,0.5694089596914829
7,Savory Bakery,2024-12-16,20.69176949861197,20.808948550252808,20.707608631486963,0.1171790516408393
7,Savory Bakery,2024-12-17,21.40871209125372,21.45156498784504,21.43117415789463,0.04285289659132019
7,Savory Bakery,2024-12-18,25.223406267556463,25.989585171489644,25.24726863262402,0.7661789039331808
7,Savory Bakery,2024-12-19,20.74787302204949,20.87554195968116,20.766468053352618,0.12766893763167175
7,Savory Bakery,2024-12-20,36.566588370225524,37.62093683950955,36.57643304973081,1.0543484692840224
7,Savory Bakery,2024-12-21,19.333610763679967,18.64328756479648,19.343360209055724,0.7000726442592438
7,Savory Bakery,2024-12-22,19.402031078591506,18.57615928598088,19.42054203685918,0.8443827508783031
7,Savory Bakery,2024-12-23,20.7790307974757,20.630355782131282,20.803822587112677,0.17346680498139477
7,Savory Bakery,2024-12-24,21.355077866223215,21.139058501725415,21.382054527853352,0.24299602612793691
7,Savory Bakery,2024-12-25,20.821006920212213,20.581337622992294,20.847458334810156,0.26612071181786234
7,Savory Bakery,2024-12-26,20.640695023124152,20.32621596475886,20.661005403785257,0.33478943902639813
7,Savory Bakery,2024-12-27,20.683774891855446,20.510403265360303,20.69789224355554,0.1874889781952369
7,Savory Bakery,2024-12-28,19.51430710240532,19.088357272500062,19.528985535546166,0.44062826304610425
7,Savory Bakery,2024-12-29,19.77726294555572,19.73770453738436,19.79809076318562,0.06038622580125974
7,Savory Bakery,2024-12-30,21.24943633498544,21.90910993062163,21.276071731976632,0.659673595636189
7,Savory Bakery,2024-12-31,25.581555112535554,26.11437105965325,25.610712106052784,0.5328159471176974
7,Tea,2024-11-01,31.615996980953195,29.516915925041836,33.20831187157662,3.691395946534783
7,Tea,2024-11-02,28.42091313286394,25.65000201699373,28.78791309129294,3.1379110742992076
7,Tea,2024-11-03,28.571136836461168,26.373384608664676,28.79717372728221,2.4237891186175347
7,Tea,2024-11-04,29.615906441977742,27.560495848246095,30.056087595746355,2.49559174750026
7,Tea,2024-11-05,31.22482377324818,28.69081784236386,31.31228956396311,2.6214717215992493
7,Tea,2024-11-06,47.70140510765588,46.08932932327781,47.196184683095424,1.6120757843780709
7,Tea,2024-11-07,30.030175223565056,27.464355703958063,30.081645732988804,2.617290029030741
7,Tea,2024-11-08,29.18353056295956,26.664041756380644,29.212562570931283,2.5485208145506384
7,Tea,2024-11-09,26.199825365150247,23.29911757925455,26.175294435510764,2.9007077858956976
7,Tea,2024-11-10,26.580703581402826,23.077115828987672,26.56341547540363,3.5035877524151537
7,Tea,2024-11-11,29.620131482831855,27.130264134251505,29.632587825793543,2.5023236915420384
7,Tea,2024-11-12,30.911523336232577,28.58380657277181,30.939991146381416,2.3561845736096068
7,Tea,2024-11-13,29.916641424764332,27.857129080189925,29.938369293070693,2.0812402128807683
7,Tea,2024-11-14,29.263046326133495,27.140390494498913,29.280273568068488,2.1398830735695746
7,Tea,2024-11-15,34.09715916561427,32.774592439175166,34.102578779093676,1.3279863399185103
7,Tea,2024-11-16,26.092770952296526,23.897200620208352,26.063330823656663,2.195570332088174
7,Tea,2024-11-17,26.350379973561537,24.20552787998149,26.34385049483216,2.144852093580049
7,Tea,2024-11-18,31.791817911629465,29.458543431684372,31.82304660009663,2.3645031684122593
7,Tea,2024-11-19,30.466839297593125,28.8001055844155,30.507233149946234,1.7071275655307332
7,Tea,2024-11-20,29.161973707013516,28.06509602057108,29.193661587727448,1.1285655671563681
7,Tea,2024-11-21,29.550781323985085,28.0282999619682,29.602976176034318,1.5746762140661161
7,Tea,2024-11-22,28.134097330669654,27.937295169404344,28.19427878330218,0.2569836138978374
7,Tea,2024-11-23,25.105673320513866,24.012674743482883,25.130168093283523,1.1174933498006396
7,Tea,2024-11-24,28.690665920364133,28.836092701317643,28.730595307593624,0.14542678095351036
7,Tea,2024-11-25,32.2723919191468,32.299946097302474,32.335489272677016,0.0630973535302175
7,Tea,2024-11-26,33.55741032990846,33.069473029578056,33.61310185257694,0.5436288229988833
7,Tea,2024-11-27,32.77900569104025,32.951210664362875,32.82020071936721,0.17220497332262852
7,Tea,2024-11-28,32.83984787056616,32.70847161997095,32.885314079794725,0.17684245982377433
7,Tea,2024-11-29,33.67302656584763,34.31982869404416,33.70526614013363,0.6468021281965335
7,Tea,2024-11-30,34.911279427560714,35.70649105726561,34.90243756635246,0.804053490913148
7,Tea,2024-12-01,31.113623719955687,32.40798779539226,31.120592128019368,1.2943640754365724
7,Tea,2024-12-02,32.5021042684593,32.58927733124911,32.52447075747893,0.08717306278980885
7,Tea,2024-12-03,34.77021999406082,34.98434792812958,34.78619289392015,0.21412793406876318
7,Tea,2024-12-04,33.13344504054482,33.38086879129911,33.12981579473622,0.2510529965628905
7,Tea,2024-12-05,44.47562549946936,44.266797447470296,44.47559536874451,0.2088280519990633
7,Tea,2024-12-06,32.323587583399366,33.00202315531259,32.32840593826431,0.6784355719132265
7,Tea,2024-12-07,29.65227259485682,29.56203449838843,29.623084622720576,0.09023809646838998
7,Tea,2024-12-08,29.579568182872016,29.7187094360593,29.555472868187103,0.16323656787219676
7,Tea,2024-12-09,32.55459150432572,32.56739255567446,32.552888063796125,0.014504491878334136
7,Tea,2024-12-10,53.955753448437136,68.59119039168857,53.95782885276505,14.635436943251435
7,Tea,2024-12-11,33.02629289589383,33.51333498315493,33.01965087890712,0.49368410424780507
7,Tea,2024-12-12,32.821360485795395,33.302655650642436,32.828040919456285,0.48129516484704027
7,Tea,2024-12-13,32.126768355328664,32.754707323305595,32.13648671932292,0.6279389679769309
7,Tea,2024-12-14,29.49774893464101,29.144731418352674,29.46920105209087,0.353017516288336
7,Tea,2024-12-15,34.74967216968123,34.43778780763414,34.74714420186602,0.31188436204709546
7,Tea,2024-12-16,32.34796814827505,32.86832598933418,32.390573746486034,0.5203578410591305
7,Tea,2024-12-17,33.65785564291469,33.890942062736045,33.71028430938878,0.2330864198213547
7,Tea,2024-12-18,38.9587575422239,38.631339413323886,38.99854817746543,0.36720876414154446
7,Tea,2024-12-19,33.220475310741335,33.43372564416768,33.25713897935758,0.2132503334263447
7,Tea,2024-12-20,51.05937055384479,55.62938531149815,51.086225466292234,4.570014757653354
7,Tea,2024-12-21,29.39085976340213,28.889879968761537,29.3843560464425,0.5009797946405925
7,Tea,2024-12-22,29.121212049852527,28.379203329203932,29.133736450588977,0.7545331213850446
7,Tea,2024-12-23,32.50891798791428,32.86647937011951,32.543293378631525,0.35756138220522615
7,Tea,2024-12-24,33.83659486744998,33.74892231056437,33.874041332297914,0.12511902173354628
7,Tea,2024-12-25,32.47380054614342,32.456546562363464,32.500661786043075,0.044115223679611404
7,Tea,2024-12-26,32.90756916645946,33.16800782092686,32.92830874699062,0.2604386544674
7,Tea,2024-12-27,32.32848154369218,32.54051811290262,32.337703202687216,0.21203656921044
7,Tea,2024-12-28,29.89554672757091,29.823713351856654,29.862260487230312,0.07183337571425596
7,Tea,2024-12-29,30.300290315320417,30.667180261695364,30.285779508884595,0.38140075281076946
7,Tea,2024-12-30,33.16982885734732,34.26059980417766,33.201378438034176,1.0907709468303395
7,Tea,2024-12-31,39.76023606485508,41.0914673668462,39.805829275088904,1.3312313019911244
8,Bakery,2024-11-01,35.72506848196201,34.403306637082196,36.4405759253591,2.037269288276903
8,Bakery,2024-11-02,41.057783570543165,40.25494675347759,41.16112621122953,0.9061794577519393
8,Bakery,2024-11-03,40.98414848114963,40.75411664126831,41.188278213863725,0.4341615725954142
8,Bakery,2024-11-04,35.03509048960787,34.93134404677899,34.75133781594827,0.283752673659599
8,Bakery,2024-11-05,36.389732169126596,35.46733338190889,35.16607318783157,1.2236589812950243
8,Bakery,2024-11-06,36.36582514466241,36.180468612396155,36.41823273241199,0.23776412001583225
8,Bakery,2024-11-07,32.033842535917415,31.970525925689824,32.06085108077404,0.09032515508421923
8,Bakery,2024-11-08,31.493865561986063,30.81382524897103,31.51580389034882,0.7019786413777922
8,Bakery,2024-11-09,36.497501573343726,35.93012061224795,36.51471319499691,0.5845925827489609
8,Bakery,2024-11-10,49.01197064816853,49.392561483549215,49.017802564647035,0.38059083538068705
8,Bakery,2024-11-11,31.131260805890264,31.577673699613953,31.155706061210886,0.4464128937236893
8,Bakery,2024-11-12,33.06579914382221,32.24629486906639,33.12615058213915,0.8798557130727573
8,Bakery,2024-11-13,54.313779106837835,54.43455261332909,54.367943544433956,0.12077350649125407
8,Bakery,2024-11-14,32.334621769746406,32.20044989871473,32.37298012748181,0.17253022876708002
8,Bakery,2024-11-15,37.57898087182805,36.97572033986021,37.60235986794715,0.6266395280869403
8,Bakery,2024-11-16,36.37204240504083,35.586840766615225,36.37763840387082,0.7907976372555936
8,Bakery,2024-11-17,36.86812568514996,36.69680829464075,36.866543909653345,0.17131739050920913
8,Bakery,2024-11-18,31.30814659127965,31.96079497505976,31.32438907853114,0.6526483837801074
8,Bakery,2024-11-19,32.6746998372853,31.784586716915488,32.71865379126084,0.9340670743453536
8,Bakery,2024-11-20,36.192199398323325,35.158550011869934,36.24065833265193,1.0821083207819981
8,Bakery,2024-11-21,35.64291199010677,34.71367224408135,35.700337808028195,0.9866655639468433
8,Bakery,2024-11-22,35.16902925422913,33.99088392489804,35.2317414793906,1.2408575544925569
8,Bakery,2024-11-23,41.14522143276613,41.11839643649145,41.21265845233542,0.09426201584396665
8,Bakery,2024-11-24,41.78744297851294,41.60295595315785,41.85647425386401,0.2535183007061548
8,Bakery,2024-11-25,35.819376785699035,35.889082556256,35.8992461822373,0.07986939653826397
8,Bakery,2024-11-26,36.001468947191185,36.328761979151906,36.09305934444428,0.32729303196072124
8,Bakery,2024-11-27,34.058809233332795,32.565767879114105,34.129278157016365,1.5635102779022603
8,Bakery,2024-11-28,32.945997899327125,31.858654857866796,32.99574874446475,1.1370938865979525
8,Bakery,2024-11-29,33.40530165603124,33.339667435108424,33.447927868701655,0.10826043359323023
8,Bakery,2024-11-30,44.97665431715793,44.82970906732402,45.0107263008255,0.18101723350148546
8,Bakery,2024-12-01,43.642965261833645,42.78410813193315,43.672115182069895,0.8880070501367427
8,Bakery,2024-12-02,37.66123915203516,37.48779823995122,37.721148949293344,0.2333507093421261
8,Bakery,2024-12-03,39.19997859806935,38.80600954656008,39.29358234713171,0.487572800571634
8,Bakery,2024-12-04,38.58335773519194,38.34440771786957,38.66376418658194,0.3193564687123711
8,Bakery,2024-12-05,53.33310819719147,53.43911634268196,53.404189460027595,0.10600814549049176
8,Bakery,2024-12-06,37.284027313985014,37.36584464932213,37.350341510479716,0.08181733533711366
8,Bakery,2024-12-07,42.35253656006715,41.06703694986997,42.40317914170899,1.3361421918390164
8,Bakery,2024-12-08,43.05644646584187,41.9333259273024,43.092991961510265,1.1596660342078664
8,Bakery,2024-12-09,37.17156638700742,36.97801659257843,37.214612500885,0.23659590830657606
8,Bakery,2024-12-10,53.769801623626975,53.38997348979034,53.82280338175396,0.432829891963614
8,Bakery,2024-12-11,38.00999088571335,37.76797270447084,38.04354916474013,0.27557646026928495
8,Bakery,2024-12-12,37.581225628548744,37.16874428986212,37.59868413842369,0.42993984856157397
8,Bakery,2024-12-13,36.93050622972655,36.874740730131364,36.9303397588261,0.05576549959518218
8,Bakery,2024-12-14,42.29965775083443,41.18542192430217,42.29361366950819,1.1142358265322585
8,Bakery,2024-12-15,50.91925639874536,49.59019066138201,50.93549204196951,1.3453013805875003
8,Bakery,2024-12-16,37.763778825242355,37.398335683285126,37.82583160823955,0.427495924954421
8,Bakery,2024-12-17,39.76374119542999,38.673603671213456,39.873591457642284,1.199987786428828
8,Bakery,2024-12-18,39.4393693880412,38.593319402059315,39.550666558152415,0.9573471560930997
8,Bakery,2024-12-19,39.21401181989051,38.43428368177833,39.30946667705505,0.8751829952767167
8,Bakery,2024-12-20,38.24656668392521,37.54366520496914,38.31703762055801,0.7733724155888737
8,Bakery,2024-12-21,67.97352595534352,65.6304433849509,68.01497177459166,2.3845283896407636
8,Bakery,2024-12-22,44.03557489571686,42.499844316498326,44.06224969359292,1.562405377094592
8,Bakery,2024-12-23,38.03715307830769,37.55154214099722,38.08977438903221,0.538232248034987
8,Bakery,2024-12-24,63.28830785058324,61.865190625731714,63.37126390345456,1.506073277722848
8,Bakery,2024-12-25,39.271203568092076,38.28184379074543,39.34405139516316,1.0622076044177362
8,Bakery,2024-12-26,39.06082612162898,38.44779862385184,39.13133409652741,0.6835354726755725
8,Bakery,2024-12-27,38.542291367599866,37.94714243189116,38.596269003508425,0.6491265716172663
8,Bakery,2024-12-28,43.3949036289132,42.35442522190789,43.4137424180679,1.0593171961600092
8,Bakery,2024-12-29,44.30865628607589,43.640383554896545,44.31779306258284,0.677409507686292
8,Bakery,2024-12-30,38.267274780799475,38.44414898119337,38.29896222482173,0.17687420039389679
8,Bakery,2024-12-31,46.032612271309965,45.78571248292476,46.08494895101486,0.2992364680901005
8,Chocolate & Milk,2024-11-01,21.368899914075683,19.492322886574208,20.678576511776768,1.876577027501476
8,Chocolate & Milk,2024-11-02,24.65688905065527,23.014319287399893,24.33326340365275,1.642569763255377
8,Chocolate & Milk,2024-11-03,25.525868537435095,23.828060060479178,24.921537150382083,1.6978084769559167
8,Chocolate & Milk,2024-11-04,21.508259084770174,19.86390700724294,20.827802661291383,1.644352077527234
8,Chocolate & Milk,2024-11-05,21.39807582321896,19.908382862918128,20.699439120926925,1.4896929603008324
8,Chocolate & Milk,2024-11-06,21.41560248099868,20.278675681495002,21.689712963558616,1.4110372820636137
8,Chocolate & Milk,2024-11-07,18.976186996191114,18.433205097333726,19.013259342310896,0.5800542449771697
8,Chocolate & Milk,2024-11-08,18.64012870653163,18.161933465085397,18.661493379705675,0.4995599146202778
8,Chocolate & Milk,2024-11-09,22.145450223227527,21.665489755574406,22.148921500407774,0.4834317448333678
8,Chocolate & Milk,2024-11-10,30.731617898238085,29.782989708305116,30.734749520366915,0.9517598120617983
8,Chocolate & Milk,2024-11-11,19.218649724608415,18.405805850814644,19.237926905172355,0.8321210543577102
8,Chocolate & Milk,2024-11-12,18.917803208115114,17.9728386144639,18.958187797741193,0.9853491832772932
8,Chocolate & Milk,2024-11-13,32.33744687805198,32.07495394073077,32.384002740654395,0.3090487999236231
8,Chocolate & Milk,2024-11-14,19.164028172854422,18.376529764726143,19.20297136812165,0.8264416033955051
8,Chocolate & Milk,2024-11-15,22.67198672496495,21.768947057354257,22.69535164576974,0.9264045884154832
8,Chocolate & Milk,2024-11-16,22.031371043783718,21.205864879190614,22.039865868992205,0.8340009898015914
8,Chocolate & Milk,2024-11-17,22.75789017828703,21.3800794676581,22.765634287911773,1.3855548202536738
8,Chocolate & Milk,2024-11-18,19.124192792577798,18.451358952588286,19.15189811917127,0.7005391665829848
8,Chocolate & Milk,2024-11-19,19.160734612542385,18.586414781023855,19.20760113369503,0.6211863526711738
8,Chocolate & Milk,2024-11-20,20.849961977950368,20.601729666874537,20.904496732420668,0.3027670655461314
8,Chocolate & Milk,2024-11-21,20.898363416880553,20.461398966678807,20.948610649048923,0.48721168237011625
8,Chocolate & Milk,2024-11-22,20.686289409001922,20.204590905189793,20.730880535107218,0.5262896299174251
8,Chocolate & Milk,2024-11-23,24.50414688465387,24.035103808666847,24.53640964371236,0.501305835045514
8,Chocolate & Milk,2024-11-24,25.056703495567284,24.442918196997343,25.082791149512715,0.6398729525153719
8,Chocolate & Milk,2024-11-25,20.97043728231277,20.706517299487707,21.003104715009048,0.2965874155213406
8,Chocolate & Milk,2024-11-26,20.10047250246585,19.26575864708422,20.145093902451244,0.8793352553670246
8,Chocolate & Milk,2024-11-27,19.395559849083426,18.65262411801907,19.443210680885077,0.7905865628660074
8,Chocolate & Milk,2024-11-28,19.085864186241544,18.40286938926385,19.12740352639971,0.724534137135862
8,Chocolate & Milk,2024-11-29,19.72473666250658,20.095274620210084,19.747616562540315,0.3705379577035046
8,Chocolate & Milk,2024-11-30,26.686209464789194,27.02610002898068,26.689321926234413,0.3398905641914851
8,Chocolate & Milk,2024-12-01,26.053587591535507,25.519041314202074,26.05049914481374,0.5345462773334333
8,Chocolate & Milk,2024-12-02,21.848488312674174,22.01093514965917,21.860949782603107,0.1624468369849943
8,Chocolate & Milk,2024-12-03,21.96159331652101,22.13714305001393,21.987026696990185,0.17554973349291814
8,Chocolate & Milk,2024-12-04,22.211410343132016,21.94661414260493,22.241568364965154,0.29495422236022506
8,Chocolate & Milk,2024-12-05,31.427748757791548,31.574868691208753,31.453031152073898,0.14711993341720486
8,Chocolate & Milk,2024-12-06,21.698833739600005,21.797394830377428,21.7162112022532,0.09856109077742303
8,Chocolate & Milk,2024-12-07,30.795761375291956,31.153361051880626,30.799418766578977,0.35759967658867
8,Chocolate & Milk,2024-12-08,31.97157623065224,31.977590981233664,31.973662956835003,0.006014750581424977
8,Chocolate & Milk,2024-12-09,27.381168488644025,27.600176179866633,27.39821511016026,0.21900769122260755
8,Chocolate & Milk,2024-12-10,36.85531297236031,37.513817515057454,36.88635327980464,0.6585045426971448
8,Chocolate & Milk,2024-12-11,28.47066890460819,27.69536014901417,28.503809222975907,0.8084490739617358
8,Chocolate & Milk,2024-12-12,25.73785459976041,25.610073724789423,25.768350488314496,0.15827676352507325
8,Chocolate & Milk,2024-12-13,25.265941009824914,25.23045329037463,25.283365735497668,0.052912445123038054
8,Chocolate & Milk,2024-12-14,29.151901974291896,29.18394920911623,29.15671360515944,0.032047234824332804
8,Chocolate & Milk,2024-12-15,34.01732840726526,33.6833619231747,34.0243376408047,0.3409757176300019
8,Chocolate & Milk,2024-12-16,25.824613243051683,25.92815972426877,25.850051988512266,0.1035464812170872
8,Chocolate & Milk,2024-12-17,25.518747774822913,25.58345519272484,25.554073177549242,0.06470741790192847
8,Chocolate & Milk,2024-12-18,25.50076815929887,25.19871202190571,25.53666812705765,0.33795610515193886
8,Chocolate & Milk,2024-12-19,25.463393117618978,25.38168568948583,25.491177641704702,0.10949195221887109
8,Chocolate & Milk,2024-12-20,24.9271562802106,25.062489084696793,24.941105002401155,0.13533280448619323
8,Chocolate & Milk,2024-12-21,40.696493679770505,40.30956034088729,40.695120241969505,0.38693333888321746
8,Chocolate & Milk,2024-12-22,26.291814671134958,25.474279449676928,26.288519799981792,0.81753522145803
8,Chocolate & Milk,2024-12-23,22.072135980289232,22.05771215797852,22.07862659799236,0.020914440013839908
8,Chocolate & Milk,2024-12-24,37.047939748627854,37.51428765208069,37.06856584131778,0.46634790345283506
8,Chocolate & Milk,2024-12-25,22.17736261130567,21.884969357582946,22.2056795469199,0.3207101893369533
8,Chocolate & Milk,2024-12-26,21.929179188947188,21.710094726645217,21.955159798540198,0.24506507189498095
8,Chocolate & Milk,2024-12-27,21.858498733572812,21.81056254438996,21.864622232578025,0.05405968818806528
8,Chocolate & Milk,2024-12-28,25.4872674354077,25.10368217943472,25.480635795073216,0.383585255972978
8,Chocolate & Milk,2024-12-29,26.785443373734623,26.244293422040577,26.783151755975155,0.5411499516940452
8,Chocolate & Milk,2024-12-30,22.274577229823997,22.85667521387155,22.289799754260784,0.5820979840475538
8,Chocolate & Milk,2024-12-31,26.11838460664298,26.626154843788978,26.14019304124938,0.5077702371459978
8,Coffee,2024-11-01,155.3545673900477,146.65058560548067,147.0205807876692,8.70398178456702
8,Coffee,2024-11-02,174.77392193875122,173.16059620756647,170.1666311705868,4.607290768164404
8,Coffee,2024-11-03,178.0984457879782,175.06798723842707,172.4856758879209,5.6127699000572875
8,Coffee,2024-11-04,154.40098059644532,156.68026115453677,148.46631905562933,8.213942098907438
8,Coffee,2024-11-05,154.66145189308367,146.1716181395944,150.11045529860286,8.489833753489279
8,Coffee,2024-11-06,154.81238875061814,149.33056905847442,152.13447104087516,5.481819692143716
8,Coffee,2024-11-07,138.80683549886882,132.86177330403174,138.9381446121298,6.076371308098061
8,Coffee,2024-11-08,135.90732840162315,130.21040416751464,136.0858565054724,5.875452337957768
8,Coffee,2024-11-09,155.8510716880539,153.35336498085925,156.04466150940303,2.6912965285437735
8,Coffee,2024-11-10,213.10076520238073,210.35499136584994,213.25424702194937,2.8992556560994274
8,Coffee,2024-11-11,136.58387043374543,130.59854158477012,136.66957601346516,6.071034428695043
8,Coffee,2024-11-12,137.59812775237947,132.7312474991021,137.63153421299083,4.9002867138887325
8,Coffee,2024-11-13,221.18579363242537,219.71719549730005,221.26132257719934,1.5441270798992832
8,Coffee,2024-11-14,139.8977718259862,133.63554608044006,139.99460842587487,6.359062345434808
8,Coffee,2024-11-15,160.23659127920047,154.66521890006544,160.40547726338494,5.740258363319498
8,Coffee,2024-11-16,158.54193314525875,154.18524145981968,158.75465087138454,4.5694094115648625
8,Coffee,2024-11-17,164.40094653941281,156.79667654094055,164.58227303175954,7.785596490818989
8,Coffee,2024-11-18,140.06812442653512,133.1030011838076,140.20034325800412,7.0973420741965185
8,Coffee,2024-11-19,139.44323870654628,131.60401539676084,139.53193548737883,7.927920090617988
8,Coffee,2024-11-20,154.40490454247134,147.08374337481388,154.54976413922049,7.466020764406608
8,Coffee,2024-11-21,154.25688568675236,146.75155666546289,154.390955221548,7.639398556085126
8,Coffee,2024-11-22,151.19284533015377,146.54927393860993,151.35932971782503,4.810055779215105
8,Coffee,2024-11-23,173.46406209232953,171.26249710353392,173.65471877968548,2.3922216761515642
8,Coffee,2024-11-24,177.7151742920197,174.10065966278023,177.8918502036418,3.791190540861578
8,Coffee,2024-11-25,153.21002650628236,148.8623372720504,153.29753812231363,4.4352008502632145
8,Coffee,2024-11-26,156.63456023938738,152.08578031406952,156.65147861581593,4.565698301746409
8,Coffee,2024-11-27,141.4055200043892,135.13069972194472,141.46088625853605,6.330186536591327
8,Coffee,2024-11-28,140.643608738337,135.6479697783908,140.71360790663857,5.06563812824777
8,Coffee,2024-11-29,143.19263462857654,141.79088599922505,143.30561984333312,1.5147338441080649
8,Coffee,2024-11-30,186.87166220763592,188.17675875585476,187.02283920922412,1.3050965482188417
8,Coffee,2024-12-01,183.70616077557932,179.2108330320867,183.8267795832206,4.615946551133902
8,Coffee,2024-12-02,159.08635142529522,158.17273615711449,159.13547397517803,0.9627378180635446
8,Coffee,2024-12-03,158.99779493448432,156.43863206332432,158.99827436044663,2.559642297122309
8,Coffee,2024-12-04,159.88858985961164,156.18561173787765,159.9629276839823,3.777315946104636
8,Coffee,2024-12-05,220.19279253794423,217.68613210508707,220.27133501733852,2.5852029122514466
8,Coffee,2024-12-06,157.17620277156004,154.80124189678537,157.29577115989565,2.4945292631102802
8,Coffee,2024-12-07,214.52494650192727,216.13296662174668,214.66308073509924,1.6080201198194004
8,Coffee,2024-12-08,220.95286552297063,220.8895051325017,221.04982867940214,0.16032354690042894
8,Coffee,2024-12-09,190.61052660689245,189.2969217007784,190.60324588342718,1.3136049061140511
8,Coffee,2024-12-10,255.84761907794837,254.10444138065523,255.7626266815701,1.7431776972931345
8,Coffee,2024-12-11,192.56379423213667,189.9733483375832,192.52161368085441,2.5904458945534827
8,Coffee,2024-12-12,159.7374761492827,155.662069354522,159.69559933370329,4.07540679476071
8,Coffee,2024-12-13,157.48087760767297,154.50101630745053,157.4736482512751,2.9798613002224386
8,Coffee,2024-12-14,179.40826613184447,174.28823844830873,179.44437643577135,5.156137987462614
8,Coffee,2024-12-15,213.50805331962027,207.53011882286683,213.50926826243168,5.97914943956485
8,Coffee,2024-12-16,159.6819552584373,156.6875450855872,159.5856181846678,2.9944101728501096
8,Coffee,2024-12-17,160.41179464676262,155.63080679140117,160.23793573489434,4.780987855361445
8,Coffee,2024-12-18,160.3647883287607,155.74876282044366,160.2545888468474,4.616025508317051
8,Coffee,2024-12-19,162.73587578010068,158.4055343128889,162.60314923355975,4.330341467211781
8,Coffee,2024-12-20,159.58266907808203,155.64466732416912,159.48454309035677,3.938001753912914
8,Coffee,2024-12-21,276.64431413476774,267.8428348852934,276.5945074351033,8.801479249474312
8,Coffee,2024-12-22,188.05000267673324,180.69300086112835,187.9875313893806,7.357001815604889
8,Coffee,2024-12-23,162.33524547297134,158.51922399679304,162.17563980562917,3.8160214761782925
8,Coffee,2024-12-24,253.171022072289,249.13610612081646,252.9600984712707,4.034915951472527
8,Coffee,2024-12-25,162.94368337006927,158.2999359772964,162.79487967588466,4.643747392772866
8,Coffee,2024-12-26,162.78538959610094,158.8732735015779,162.62533279190606,3.912116094523043
8,Coffee,2024-12-27,160.95174502010164,157.3812672661619,160.84446824987796,3.570477753939741
8,Coffee,2024-12-28,182.66604352182273,178.39049078456193,182.62929745738057,4.275552737260796
8,Coffee,2024-12-29,188.90009898580337,184.33193909678172,188.83865206199755,4.5681598890216435
8,Coffee,2024-12-30,161.98290532344672,160.434627741488,161.82686110611044,1.5482775819587289
8,Coffee,2024-12-31,186.96235884905144,184.3154471492945,186.7428174919152,2.6469116997569415
8,Juice & Smoothie,2024-11-01,11.564020884990235,10.996329248558517,11.9579306420704,0.9616013935118826
8,Juice & Smoothie,2024-11-02,13.71574564104464,13.560943240652236,14.556324542576146,0.99538130192391
8,Juice & Smoothie,2024-11-03,14.034965238450345,13.070816128183099,14.08205592381434,1.0112397956312407
8,Juice & Smoothie,2024-11-04,11.799279314940458,10.760145752451002,12.108319114089714,1.348173361638711
8,Juice & Smoothie,2024-11-05,12.095061595482873,11.021101481250204,13.204187122068069,2.1830856408178647
8,Juice & Smoothie,2024-11-06,12.314965617304189,11.368834016389886,12.714517658593504,1.3456836422036176
8,Juice & Smoothie,2024-11-07,10.687215623568733,10.148866872994883,10.698969715624507,0.5501028426296237
8,Juice & Smoothie,2024-11-08,10.21465856148947,10.02145413243343,10.223685964104671,0.20223183167124148
8,Juice & Smoothie,2024-11-09,11.956933097369701,11.660779695419684,11.967493980466287,0.3067142850466027
8,Juice & Smoothie,2024-11-10,18.50672502491015,18.438556647948097,18.520615956103786,0.08205930815568863
8,Juice & Smoothie,2024-11-11,10.201860234914662,10.364036021793494,10.218475423176498,0.16217578687883183
8,Juice & Smoothie,2024-11-12,10.483703377856951,10.580901317393172,10.503650395059907,0.0971979395362208
8,Juice & Smoothie,2024-11-13,19.6700515596651,19.567574962512296,19.689081398739038,0.12150643622674195
8,Juice & Smoothie,2024-11-14,10.904930206537133,10.9156137109775,10.920039408812546,0.015109202275413125
8,Juice & Smoothie,2024-11-15,12.655818571454635,12.629968862333056,12.668320313971426,0.03835145163836984
8,Juice & Smoothie,2024-11-16,12.017195278101235,11.81286261057063,12.032961220919873,0.22009861034924327
8,Juice & Smoothie,2024-11-17,12.547537523958171,12.325952614241052,12.566105342585132,0.2401527283440803
8,Juice & Smoothie,2024-11-18,10.392025365384876,10.550004831303138,10.411217652185778,0.1579794659182614
8,Juice & Smoothie,2024-11-19,10.726086909719257,10.56789321596462,10.747343585709205,0.1794503697445844
8,Juice & Smoothie,2024-11-20,12.010761369835864,11.632053953608473,12.031843436236938,0.39978948262846536
8,Juice & Smoothie,2024-11-21,11.960955048311275,11.592065895365263,11.978084596461528,0.38601870109626546
8,Juice & Smoothie,2024-11-22,11.50831275220325,11.314959631678802,11.523980878903942,0.20902124722513982
8,Juice & Smoothie,2024-11-23,13.425705957854099,13.37034812403674,13.445526578563618,0.07517845452687766
8,Juice & Smoothie,2024-11-24,13.729429749830684,13.135309653410292,13.750302805947765,0.6149931525374726
8,Juice & Smoothie,2024-11-25,11.512379450050929,11.595292318923542,11.531833043142043,0.08291286887261329
8,Juice & Smoothie,2024-11-26,11.195706337384904,11.044718206229097,11.217397365585981,0.17267915935688372
8,Juice & Smoothie,2024-11-27,10.668832607714585,11.159207809881243,10.69060720528108,0.49037520216665875
8,Juice & Smoothie,2024-11-28,10.629955355260655,11.056791474937459,10.64725438764369,0.42683611967680335
8,Juice & Smoothie,2024-11-29,10.601005786620096,11.048602324597564,10.61361190397322,0.4475965379774678
8,Juice & Smoothie,2024-11-30,14.924515079925184,15.346153764915538,14.938685560201908,0.42163868499035395
8,Juice & Smoothie,2024-12-01,14.514835663654672,14.184894999914706,14.531421142225266,0.34652614231056056
8,Juice & Smoothie,2024-12-02,12.148661979556548,12.326080900973356,12.167688343812797,0.17741892141680715
8,Juice & Smoothie,2024-12-03,12.474167877829544,12.590306897561566,12.493692096590188,0.11613901973202267
8,Juice & Smoothie,2024-12-04,12.674919352545968,12.63371413921846,12.693328328569319,0.05961418935085838
8,Juice & Smoothie,2024-12-05,18.764694308696093,18.878865925203286,18.779902543275643,0.11417161650719265
8,Juice & Smoothie,2024-12-06,12.04067636074106,12.156812177760997,12.053370999074813,0.1161358170199378
8,Juice & Smoothie,2024-12-07,13.8414506799698,13.58169113942638,13.85555626802618,0.27386512859979995
8,Juice & Smoothie,2024-12-08,14.772624322389447,14.3363746770878,14.787829255892193,0.4514545788043929
8,Juice & Smoothie,2024-12-09,12.031579313225174,12.081387121725296,12.047829037536568,0.04980780850012145
8,Juice & Smoothie,2024-12-10,18.58393198399088,18.61832216043217,18.601762663480336,0.03439017644129194
8,Juice & Smoothie,2024-12-11,12.702632288520732,12.663797571346782,12.718558420434835,0.05476084908805312
8,Juice & Smoothie,2024-12-12,12.668697070989085,12.643701491491303,12.680017592667713,0.0363161011764106
8,Juice & Smoothie,2024-12-13,12.097260836590472,12.177821342715022,12.106351220276284,0.08056050612455046
8,Juice & Smoothie,2024-12-14,13.98873575231309,13.76053134515102,14.000820038919766,0.24028869376874695
8,Juice & Smoothie,2024-12-15,17.417510188486844,17.09198536735624,17.428601111586673,0.33661574423043206
8,Juice & Smoothie,2024-12-16,12.111125120550803,12.17527762822204,12.122400990822127,0.06415250767123659
8,Juice & Smoothie,2024-12-17,12.336132898258828,12.319054711555262,12.35008785296839,0.031033141413127296
8,Juice & Smoothie,2024-12-18,12.3767881428112,12.31163304784517,12.39020007038641,0.0785670225412396
8,Juice & Smoothie,2024-12-19,12.501126913630454,12.465134962928015,12.50960972544334,0.044474762515324784
8,Juice & Smoothie,2024-12-20,12.081451185343663,12.147946340061196,12.087011067386987,0.06649515471753276
8,Juice & Smoothie,2024-12-21,24.28170578037729,24.02735644809598,24.28938026272527,0.26202381462929125
8,Juice & Smoothie,2024-12-22,14.538306562216547,14.133742733640277,14.546589658882757,0.41284692524248
8,Juice & Smoothie,2024-12-23,12.108914990233814,12.196395036605534,12.118065401395205,0.08748004637172002
8,Juice & Smoothie,2024-12-24,22.433330190731734,22.5747604804282,22.445508731768225,0.14143028969646565
8,Juice & Smoothie,2024-12-25,12.648998121686455,12.488231149726646,12.66221085533764,0.17397970561099463
8,Juice & Smoothie,2024-12-26,12.615655881819052,12.460636530834945,12.627296086725067,0.1666595558901225
8,Juice & Smoothie,2024-12-27,12.264001331520408,12.256994601586333,12.269792810162704,0.012798208576370484
8,Juice & Smoothie,2024-12-28,14.275635134821307,14.100687346584143,14.282686148005432,0.18199880142128855
8,Juice & Smoothie,2024-12-29,14.879004329261072,14.652089628814915,14.888083332918953,0.23599370410403786
8,Juice & Smoothie,2024-12-30,12.038866347182152,12.553164209986589,12.049984460730395,0.5142978628044368
8,Juice & Smoothie,2024-12-31,14.816929847053375,15.107119263121024,14.83017376719332,0.2901894160676495
8,Merchandise,2024-11-01,7.698868718778642,7.014956657871416,7.117891043635025,0.6839120609072262
8,Merchandise,2024-11-02,9.0163879427059,8.530215876024723,8.560869453443651,0.48617206668117774
8,Merchandise,2024-11-03,9.243360906375209,8.729492110853446,8.953322074965833,0.5138687955217627
8,Merchandise,2024-11-04,7.5961649201073245,7.205939930077924,7.524778101604103,0.3902249900294006
8,Merchandise,2024-11-05,7.509506460410876,7.077391227100235,7.369785677644204,0.4321152333106406
8,Merchandise,2024-11-06,7.506613333535848,7.116196992870965,7.3670027283138735,0.3904163406648822
8,Merchandise,2024-11-07,6.526892082877107,6.303754117377361,6.531192388814535,0.22743827143717432
8,Merchandise,2024-11-08,6.402362835805523,6.306766929401795,6.408331591888926,0.1015646624871307
8,Merchandise,2024-11-09,7.743285362740807,7.549948064703195,7.751284718928945,0.20133665422574953
8,Merchandise,2024-11-10,10.954965039973146,10.674054124767906,10.962327803610345,0.2882736788424385
8,Merchandise,2024-11-11,6.54473032535239,6.337850468033258,6.549768314780167,0.21191784674690872
8,Merchandise,2024-11-12,6.514801123213297,6.219456699660501,6.51838770913267,0.29893100947216844
8,Merchandise,2024-11-13,11.008573500891679,10.469104539091479,11.013892651147797,0.5447881120563185
8,Merchandise,2024-11-14,6.5686852824330435,6.118943350725504,6.577245902287914,0.45830255156240973
8,Merchandise,2024-11-15,7.936303333847183,7.5026986868013665,7.947938260889226,0.44523957408785986
8,Merchandise,2024-11-16,7.927674427086291,7.394365266919259,7.941601119051417,0.5472358521321583
8,Merchandise,2024-11-17,8.217772642062359,7.562882903070826,8.231574068017792,0.6686911649469662
8,Merchandise,2024-11-18,6.642536203992969,6.205538141069775,6.653976355085821,0.4484382140160461
8,Merchandise,2024-11-19,6.45591725752065,6.0947489728011455,6.465244073694933,0.37049510089378757
8,Merchandise,2024-11-20,7.305768809056242,6.870727141568161,7.314690415080933,0.44396327351277165
8,Merchandise,2024-11-21,7.2585737122113905,6.859077682505752,7.269038502372363,0.4099608198666118
8,Merchandise,2024-11-22,7.103662410994315,6.852918073145611,7.114940901223309,0.26202282807769794
8,Merchandise,2024-11-23,8.651423514947817,8.372755823782462,8.66261704858409,0.2898612248016281
8,Merchandise,2024-11-24,9.026756485742332,8.739134600341515,9.03718107228533,0.29804647194381495
8,Merchandise,2024-11-25,7.217327915433039,7.031832849796561,7.226013536800115,0.19418068700355384
8,Merchandise,2024-11-26,6.827200904042978,6.558111145228434,6.832682826052398,0.2745716808239642
8,Merchandise,2024-11-27,6.455923319743209,6.3807979135875215,6.458618125936494,0.07782021234897218
8,Merchandise,2024-11-28,6.487857671192488,6.3671605513261404,6.492429880546222,0.12526932922008172
8,Merchandise,2024-11-29,6.740476589751027,6.835582981272015,6.749748390448081,0.09510639152098843
8,Merchandise,2024-11-30,9.69469497154696,9.840170906029854,9.707213954988482,0.14547593448289398
8,Merchandise,2024-12-01,9.54508846944281,9.163268139785753,9.557789003959188,0.394520864173435
8,Merchandise,2024-12-02,7.835242969734222,7.78970952353505,7.846054251602745,0.05634472806769519
8,Merchandise,2024-12-03,7.779999524756135,7.710532581799574,7.7887398971029524,0.07820731530337888
8,Merchandise,2024-12-04,7.770071333421738,7.6211803936212,7.778380892262253,0.15720049864105246
8,Merchandise,2024-12-05,11.481981552417324,11.139823988590805,11.491901689353726,0.352077700762921
8,Merchandise,2024-12-06,7.595731225113659,7.559050228008152,7.608153508274049,0.049103280265897276
8,Merchandise,2024-12-07,11.14112777835806,11.053950602496927,11.155779246336184,0.10182864383925683
8,Merchandise,2024-12-08,11.654648058727608,11.481028661189798,11.66968400025237,0.18865533906257248
8,Merchandise,2024-12-09,9.804807509125977,9.738510992397694,9.817777196284798,0.07926620388710326
8,Merchandise,2024-12-10,13.789954705325407,13.448395009963503,13.79902760391248,0.3506325939489763
8,Merchandise,2024-12-11,10.299059922894108,9.995012121854502,10.304408485270745,0.30939636341624244
8,Merchandise,2024-12-12,9.104051061304974,8.97694923456336,9.109333816706924,0.13238458214356363
8,Merchandise,2024-12-13,9.054897122836701,8.991178693660459,9.062556335256968,0.07137764159650928
8,Merchandise,2024-12-14,10.641247834002378,10.636043772435302,10.651609152746563,0.015565380311260313
8,Merchandise,2024-12-15,12.614496211966022,12.413292441948306,12.626191656033019,0.2128992140847128
8,Merchandise,2024-12-16,9.188396392400064,9.10465133755256,9.198484114944026,0.09383277739146578
8,Merchandise,2024-12-17,9.044111391411326,8.961199771262894,9.052023146031875,0.09082337476898061
8,Merchandise,2024-12-18,9.089592630971557,8.97786011201908,9.097742433330119,0.11988232131103871
8,Merchandise,2024-12-19,9.005522715476655,8.941237856279828,9.016807024650356,0.07556916837052796
8,Merchandise,2024-12-20,8.877431004580334,8.852303384233814,8.889964376685128,0.03766099245131471
8,Merchandise,2024-12-21,13.995589033220138,13.369349732705084,14.007691168622653,0.6383414359175692
8,Merchandise,2024-12-22,9.4788967283123,9.14950668770986,9.490959294890805,0.34145260718094583
8,Merchandise,2024-12-23,7.771362469463174,7.762572086285912,7.783529406749925,0.020957320464012774
8,Merchandise,2024-12-24,12.31446684393995,12.135961397448813,12.325231256853836,0.18926985940502306
8,Merchandise,2024-12-25,7.771016803760416,7.646275977694031,7.7807651760289716,0.13448919833494077
8,Merchandise,2024-12-26,7.708374901609336,7.617811872744452,7.720070186977839,0.10225831423338683
8,Merchandise,2024-12-27,7.616507050120407,7.537027919449426,7.631180947485402,0.0941530280359757
8,Merchandise,2024-12-28,9.160227224723167,8.939330704091276,9.176116540938951,0.23678583684767496
8,Merchandise,2024-12-29,9.59673589855634,9.301494364218385,9.612317551295618,0.3108231870772329
8,Merchandise,2024-12-30,7.9266374369399,7.951069641421144,7.940873855461927,0.02443220448124439
8,Merchandise,2024-12-31,9.32149009034573,9.327005436942272,9.33460874248905,0.01311865214331931
8,Savory Bakery,2024-11-01,30.102180289304087,26.49215107262497,30.46281652265963,3.9706654500346588
8,Savory Bakery,2024-11-02,34.15766871149954,31.04917590983129,33.45228579606486,3.1084928016682483
8,Savory Bakery,2024-11-03,34.535717652341006,31.625823400175946,34.235325910839364,2.90989425216506
8,Savory Bakery,2024-11-04,29.27376408201933,26.997528864283815,29.682407805015515,2.6848789407317
8,Savory Bakery,2024-11-05,29.05989828210623,26.98540525706997,27.989914629458504,2.074493025036258
8,Savory Bakery,2024-11-06,29.04178793688022,26.803274434141965,28.460968248068657,2.238513502738254
8,Savory Bakery,2024-11-07,25.893875091899574,23.966382173008377,25.93192577546585,1.9655436024574726
8,Savory Bakery,2024-11-08,25.47891755967726,24.07741046510969,25.51080912861125,1.4333986635015599
8,Savory Bakery,2024-11-09,29.908597467353395,28.275148622285002,29.932780521906967,1.6576318996219648
8,Savory Bakery,2024-11-10,40.90735823555503,38.96423253564268,40.93034148358271,1.9661089479400289
8,Savory Bakery,2024-11-11,25.835681835497056,24.97635155285762,25.863345622567678,0.8869940697100596
8,Savory Bakery,2024-11-12,25.672112516464022,24.418738281870358,25.709483740862932,1.2907454589925749
8,Savory Bakery,2024-11-13,43.216414172704894,42.55976277284494,43.26143634664282,0.7016735737978763
8,Savory Bakery,2024-11-14,26.100968186167904,24.71312052414488,26.152103228826192,1.4389827046813117
8,Savory Bakery,2024-11-15,30.749582370854338,29.523731576088682,30.799859762055302,1.2761281859666198
8,Savory Bakery,2024-11-16,30.144184053913307,28.648381298219935,30.19194249820585,1.5435611999859162
8,Savory Bakery,2024-11-17,31.351398291503184,29.822517375435854,31.409017787167084,1.5865004117312296
8,Savory Bakery,2024-11-18,26.41829357272188,25.186483131185945,26.49103661347485,1.304553482288906
8,Savory Bakery,2024-11-19,26.233213042222204,24.635393089136105,26.31702421732711,1.681631128191004
8,Savory Bakery,2024-11-20,28.830235737228335,27.100792977562815,28.923078124474014,1.8222851469111987
8,Savory Bakery,2024-11-21,28.908820217480013,27.071997073631014,29.002154493061518,1.930157419430504
8,Savory Bakery,2024-11-22,28.51624839162471,27.316800578320994,28.60969747349104,1.2928968951700455
8,Savory Bakery,2024-11-23,33.430759721857925,32.741475249468905,33.520506220189205,0.7790309707202994
8,Savory Bakery,2024-11-24,34.25124876923778,33.539740614388236,34.34069159686076,0.8009509824725214
8,Savory Bakery,2024-11-25,29.10493621921964,28.591767538443964,29.19408540147185,0.6023178630278849
8,Savory Bakery,2024-11-26,28.335990907631697,27.73937143419706,28.427699138142515,0.6883277039454541
8,Savory Bakery,2024-11-27,26.826198486846625,26.373423954507537,26.90674528268672,0.5333213281791842
8,Savory Bakery,2024-11-28,26.272996264396227,25.259256331746453,26.336934956695192,1.0776786249487387
8,Savory Bakery,2024-11-29,26.71661494887418,26.8654254582342,26.7699204771116,0.14881050936001827
8,Savory Bakery,2024-11-30,36.20502650738467,36.617458602931364,36.251661143677886,0.41243209554669136
8,Savory Bakery,2024-12-01,35.61411792275111,34.39057623318096,35.658158907201276,1.2675826740203178
8,Savory Bakery,2024-12-02,30.515334804276343,30.2726222067939,30.56887835343103,0.2962561466371305
8,Savory Bakery,2024-12-03,30.2157662410463,30.34969624276681,30.27330925308665,0.13393000172051117
8,Savory Bakery,2024-12-04,30.166188751017337,30.02333177464672,30.221433211876334,0.1981014372296137
8,Savory Bakery,2024-12-05,42.749050642279904,42.928930508182674,42.79642327277584,0.1798798659027696
8,Savory Bakery,2024-12-06,29.66121780845836,29.764449977674044,29.705308272800295,0.10323216921568346
8,Savory Bakery,2024-12-07,34.201077652044695,33.54854376393951,34.23696706687442,0.6884233029349076
8,Savory Bakery,2024-12-08,35.89843510960793,34.746033716122824,35.936757770879936,1.190724054757112
8,Savory Bakery,2024-12-09,30.39060224928396,30.344331386726957,30.442528161715586,0.09819677498862944
8,Savory Bakery,2024-12-10,42.57088719144572,42.319184766180776,42.6359678020312,0.31678303585042755
8,Savory Bakery,2024-12-11,30.50072675859692,30.08551493575697,30.57450257081632,0.4889876350593525
8,Savory Bakery,2024-12-12,30.446941954170807,30.177740165004472,30.518324944696104,0.3405847796916319
8,Savory Bakery,2024-12-13,29.977203866817486,29.903069163279696,30.038876024335657,0.1358068610559613
8,Savory Bakery,2024-12-14,34.355158035826136,33.5563350916475,34.41278011867392,0.8564450270264246
8,Savory Bakery,2024-12-15,41.849304167108826,40.391705168591685,41.906760346790094,1.5150551781984092
8,Savory Bakery,2024-12-16,30.666204393393702,30.56789750507,30.734350493482953,0.16645298841295286
8,Savory Bakery,2024-12-17,30.391551834648915,30.254518865378383,30.469160883189478,0.21464201781109438
8,Savory Bakery,2024-12-18,30.515141688319535,30.11097089988919,30.598357811131272,0.48738691124208344
8,Savory Bakery,2024-12-19,30.359843295739548,30.17045222951147,30.42977552290226,0.25932329339079274
8,Savory Bakery,2024-12-20,29.975037048647547,29.78135142895219,30.027494142270225,0.2461427133180365
8,Savory Bakery,2024-12-21,54.4855257822248,52.53708031385784,54.51696394718323,1.979883633325386
8,Savory Bakery,2024-12-22,35.323926870740074,34.36557158858199,35.34587912599024,0.980307537408244
8,Savory Bakery,2024-12-23,30.058944027412984,30.05736375276016,30.090013518668037,0.03264976590787683
8,Savory Bakery,2024-12-24,49.10310493345254,48.416779886602306,49.14322439393153,0.7264445073292265
8,Savory Bakery,2024-12-25,30.08967449842485,29.725528125971138,30.131084478564652,0.4055563525935142
8,Savory Bakery,2024-12-26,30.03342540181427,29.855619205846427,30.074985600318296,0.21936639447186934
8,Savory Bakery,2024-12-27,29.78913223409291,29.637339661145003,29.822275029832483,0.18493536868747995
8,Savory Bakery,2024-12-28,34.330370597544324,33.58155923197809,34.35560534234647,0.7740461103683813
8,Savory Bakery,2024-12-29,35.74258115019872,35.1672792119798,35.7674271706224,0.6001479586425944
8,Savory Bakery,2024-12-30,30.221404359971505,30.54680471913342,30.258766044129842,0.32540035916191457
8,Savory Bakery,2024-12-31,35.27638945260321,35.442867024535005,35.31720033797502,0.16647757193179302
8,Tea,2024-11-01,45.88284419509437,45.03313760309657,46.280700094073445,1.2475624909768754
8,Tea,2024-11-02,53.197187532331554,52.80805006716195,53.764500773275444,0.9564507061134933
8,Tea,2024-11-03,54.84693272035907,54.401080758867735,54.69892646731587,0.44585196149133566
8,Tea,2024-11-04,47.03691848361503,46.80616080463567,47.16601253362322,0.35985172898755025
8,Tea,2024-11-05,46.25061592496138,45.66422472697222,45.5582678092875,0.6923481156738802
8,Tea,2024-11-06,46.65972675950945,46.15231096010418,46.114431160384655,0.5452955991247919
8,Tea,2024-11-07,41.676931345650836,41.836559142193025,41.73208128727024,0.15962779654218906
8,Tea,2024-11-08,41.0886543158694,41.7445452675983,41.125518788586746,0.6558909517288996
8,Tea,2024-11-09,48.125129278123886,48.771576852592936,48.14338526809235,0.6464475744690503
8,Tea,2024-11-10,67.14130332656694,66.96836992608814,67.15888832582993,0.19051839974179074
8,Tea,2024-11-11,41.29130312641548,41.71896649026226,41.318649541408135,0.42766336384678283
8,Tea,2024-11-12,41.319628917590194,41.52209516932929,41.36597030296747,0.2024662517390965
8,Tea,2024-11-13,68.22912884758676,70.22927529284996,68.28239163568713,2.000146445263198
8,Tea,2024-11-14,41.6985377858008,42.22178356730714,41.74867254544129,0.5232457815063398
8,Tea,2024-11-15,48.37508166104532,48.83547521732125,48.40522129907761,0.4603935562759318
8,Tea,2024-11-16,47.71448176964529,47.744208566300976,47.7354206561764,0.029726796655687338
8,Tea,2024-11-17,49.23472602576968,49.06904768920843,49.26190597886924,0.19285828966080487
8,Tea,2024-11-18,41.66107441053921,42.269775113694514,41.705840240997645,0.6087007031553071
8,Tea,2024-11-19,41.396178034671344,41.632463947254365,41.46180842711556,0.23628591258302123
8,Tea,2024-11-20,45.98763445378137,45.35269252227465,46.07055480526808,0.7178622829934298
8,Tea,2024-11-21,45.43895026862421,44.85676596687254,45.51788180679012,0.6611158399175849
8,Tea,2024-11-22,44.59620600459061,44.61647828125112,44.667501871744584,0.07129586715397096
8,Tea,2024-11-23,53.105462624706504,53.33700715818982,53.1645489447776,0.23154453348331572
8,Tea,2024-11-24,54.642657537200535,54.60951155029907,54.696462235909934,0.08695068561086572
8,Tea,2024-11-25,45.60329892500104,45.66837434797504,45.65557699127713,0.06507542297399738
8,Tea,2024-11-26,47.16381059239869,47.00713453914221,47.23054136444067,0.22340682529846134
8,Tea,2024-11-27,42.41695839901113,42.15347656005214,42.48108549128437,0.327608931232227
8,Tea,2024-11-28,42.0175823131015,41.60499783189303,42.06828507534329,0.4632872434502602
8,Tea,2024-11-29,42.92364069601278,43.55284166913887,42.95472228005508,0.629200973126089
8,Tea,2024-11-30,57.62984022001106,58.23582103114834,57.65035655425362,0.6059808111372789
8,Tea,2024-12-01,56.65233944182993,55.48338340705771,56.67156924014513,1.1881858330874238
8,Tea,2024-12-02,48.27709902271201,48.61944469735734,48.31023986706861,0.3423456746453297
8,Tea,2024-12-03,48.07139766256297,48.71786005321034,48.1233734129669,0.6464623906473648
8,Tea,2024-12-04,48.61874188281364,48.65112295938439,48.685656302339794,0.06691441952615662
8,Tea,2024-12-05,67.67683906898873,68.49010020191693,67.73789633801562,0.8132611329282042
8,Tea,2024-12-06,47.60800002954623,47.994420033043546,47.654043113204,0.38642000349731376
8,Tea,2024-12-07,66.77631304633168,66.5919912986744,66.80248130751878,0.2104900088443742
8,Tea,2024-12-08,68.32873587844634,67.61712396573797,68.353745053053,0.7366210873150294
8,Tea,2024-12-09,59.59909115448153,59.262581027047545,59.629089419074845,0.3665083920272991
8,Tea,2024-12-10,80.28297761702771,80.53334422892289,80.32680614284017,0.2503666118951742
8,Tea,2024-12-11,62.19013544346924,61.5559701797964,62.23509094264084,0.6791207628444411
8,Tea,2024-12-12,55.94854315804795,55.7944759345064,55.98203624430042,0.18756030979401572
8,Tea,2024-12-13,55.26705886240204,55.24704085237394,55.28165030731922,0.034609454945275786
8,Tea,2024-12-14,63.38870857114591,62.92761318858607,63.392840137770676,0.46522694918460417
8,Tea,2024-12-15,72.43045984193037,72.1630608449635,72.424717596551,0.2673989969668753
8,Tea,2024-12-16,55.781942472291576,55.52713072037085,55.78372074191972,0.2565900215488739
8,Tea,2024-12-17,55.22968296382687,55.408250134385426,55.249298622566464,0.17856717055855853
8,Tea,2024-12-18,55.91244392171802,55.61047115823503,55.94525761263287,0.33478645439784316
8,Tea,2024-12-19,55.47993258656267,55.472942446096404,55.50297432459712,0.03003187850071498
8,Tea,2024-12-20,54.85739570852166,54.90001419357237,54.86777379845364,0.042618485050709864
8,Tea,2024-12-21,86.89989423497076,87.92384331907095,86.89470594265839,1.0291373764125638
8,Tea,2024-12-22,56.98139134837921,55.74371102662159,56.97953680985053,1.2376803217576224
8,Tea,2024-12-23,48.19714312015988,48.80174387661187,48.21288311450675,0.604600756451994
8,Tea,2024-12-24,78.36218080979415,80.30226942837976,78.40206342354236,1.9400886185856052
8,Tea,2024-12-25,48.49731489137946,48.12702454412591,48.54404564956471,0.4170211054387991
8,Tea,2024-12-26,48.64031140930957,48.69520294807555,48.67963204168543,0.054891538765978964
8,Tea,2024-12-27,48.264493883446896,48.295598315888185,48.283869947449624,0.03110443244128902
8,Tea,2024-12-28,55.62370432041398,55.14536798863428,55.635519978767135,0.4901519901328584
8,Tea,2024-12-29,58.356429594636055,57.555509720701565,58.368869955496834,0.8133602347952689
8,Tea,2024-12-30,49.06180399332314,49.911537972008254,49.08504342837607,0.8497339786851157
8,Tea,2024-12-31,56.85976131686067,57.63191292953837,56.894040173496236,0.7721516126777033
9,Bakery,2024-11-01,36.723589411320106,38.84610557120625,38.1214836214951,2.122516159886146
9,Bakery,2024-11-02,53.936327478430385,55.074288921422834,54.12336749467983,1.1379614429924487
9,Bakery,2024-11-03,51.7405859405097,52.63126540745724,53.16006172446307,1.4194757839533665
9,Bakery,2024-11-04,40.88744604581335,45.34802668058141,40.6846947522521,4.663331928329313
9,Bakery,2024-11-05,41.16701885829272,43.810471759478524,40.595378724605254,3.21509303487327
9,Bakery,2024-11-06,40.835315285518334,44.37925182351419,39.62414156042815,4.7551102630860385
9,Bakery,2024-11-07,40.67092573318405,45.26327068388861,40.73024693879014,4.5923449507045575
9,Bakery,2024-11-08,77.64719473121895,83.87710528387956,77.67678948652657,6.229910552660613
9,Bakery,2024-11-09,57.60297295558501,59.31863097494974,57.61745169560245,1.7156580193647315
9,Bakery,2024-11-10,57.806773078213226,60.192731768044524,57.825944656806726,2.3859586898312983
9,Bakery,2024-11-11,40.499294285731054,43.39460116751561,40.52667592277796,2.895306881784556
9,Bakery,2024-11-12,41.07504362981255,44.25471991893176,41.11530696420747,3.1796762891192145
9,Bakery,2024-11-13,40.76967175507507,43.23451606338773,40.80930166868478,2.4648443083126566
9,Bakery,2024-11-14,40.79701533645797,43.138919361458456,40.81662632663066,2.3419040250004883
9,Bakery,2024-11-15,45.5786231863101,47.522998619067906,45.57658801689065,1.9464106021772523
9,Bakery,2024-11-16,52.055528050034134,52.60904147108383,52.044699670317705,0.5643418007661225
9,Bakery,2024-11-17,52.234178790928645,52.54116143928812,52.238774624901694,0.3069826483594724
9,Bakery,2024-11-18,45.86975351612302,45.65029378479867,45.89706288152861,0.24676909672994185
9,Bakery,2024-11-19,54.00588903784572,52.059834678294315,54.04280731947328,1.9829726411789679
9,Bakery,2024-11-20,41.93968126323756,42.77876778449772,41.97507509504432,0.8390865212601568
9,Bakery,2024-11-21,37.02171280852555,36.595440777419164,37.05115852364842,0.4557177462292543
9,Bakery,2024-11-22,36.609962414189766,35.67567653543465,36.62357774899896,0.9479012135643146
9,Bakery,2024-11-23,52.75271787911449,52.00902831302536,52.754036435059376,0.7450081220340152
9,Bakery,2024-11-24,71.22831453246943,72.5251274413126,71.25300894928858,1.2968129088431795
9,Bakery,2024-11-25,52.22787657293104,53.38970733337234,52.28049016720483,1.1618307604413047
9,Bakery,2024-11-26,101.31254551375223,103.2071933588377,101.37213075175458,1.8946478450854727
9,Bakery,2024-11-27,52.88672478250699,53.35574970454919,52.93335813936743,0.4690249220422018
9,Bakery,2024-11-28,53.00642020438393,54.448721737851095,53.033565432861906,1.442301533467166
9,Bakery,2024-11-29,54.641108611172626,57.05399475915851,54.64912867551119,2.412886147985887
9,Bakery,2024-11-30,64.45503030686335,64.32800756543631,64.45821282873958,0.13020526330326732
9,Bakery,2024-12-01,60.72795189798505,59.04577279037343,60.7386172649994,1.6928444746259714
9,Bakery,2024-12-02,44.39772487521453,43.659773064246565,44.422674973040294,0.7629019087937294
9,Bakery,2024-12-03,44.83395011464756,45.51241425450452,44.86517531818325,0.6784641398569633
9,Bakery,2024-12-04,44.21965701514429,44.49316557492904,44.24886760652741,0.2735085597847444
9,Bakery,2024-12-05,66.72249236206275,68.14640883744354,66.73438731060133,1.4239164753807927
9,Bakery,2024-12-06,43.03975384024889,43.45938288071213,43.03901120898347,0.42037167172865963
9,Bakery,2024-12-07,69.86618944661109,70.89671225472833,69.8598012759334,1.0369109787949213
9,Bakery,2024-12-08,70.66073688491183,71.92454210407834,70.66507061373238,1.263805219166514
9,Bakery,2024-12-09,51.69845793999141,52.759576012302105,51.72315026896315,1.0611180723106983
9,Bakery,2024-12-10,159.18047033479556,171.0580144462386,159.22074202058013,11.87754411144303
9,Bakery,2024-12-11,52.5123409692928,52.876827911806885,52.55934050246923,0.364486942514084
9,Bakery,2024-12-12,52.725608809545534,53.570731212282205,52.76274872420646,0.8451224027366706
9,Bakery,2024-12-13,51.9886523346894,52.954072248992794,52.00280826137563,0.9654199143033964
9,Bakery,2024-12-14,70.90710963840849,71.87096580981719,70.91549957294694,0.9638561714087075
9,Bakery,2024-12-15,72.58784555383451,71.83270171655789,72.62394411444592,0.791242397888027
9,Bakery,2024-12-16,45.0574231461339,44.95057246768407,45.122051017456286,0.17147854977221755
9,Bakery,2024-12-17,45.50430690879086,45.12126118807614,45.5734817905775,0.4522206025013631
9,Bakery,2024-12-18,45.516023239083175,45.34825443528291,45.589710119738946,0.24145568445603516
9,Bakery,2024-12-19,45.18920869601656,44.83025833982012,45.24494972511554,0.41469138529541993
9,Bakery,2024-12-20,44.797490471422115,44.941403905065194,44.82052167686914,0.1439134336430783
9,Bakery,2024-12-21,124.0624308911744,126.07021700503607,124.07020153804861,2.0077861138616697
9,Bakery,2024-12-22,62.38087524275785,61.4500953923529,62.40986227386384,0.9597668815109373
9,Bakery,2024-12-23,92.26537243615051,94.1505293604799,92.31861061800893,1.8851569243293795
9,Bakery,2024-12-24,45.25212892875482,44.726156528533835,45.3148600710018,0.5887035424679681
9,Bakery,2024-12-25,44.99529665566637,44.49549333476605,45.04911654393555,0.5536232091694941
9,Bakery,2024-12-26,41.95773698715577,41.440431646138805,41.99417859715794,0.5537469510191357
9,Bakery,2024-12-27,44.189899384340244,43.29543511040853,44.20211875224653,0.9066836418379935
9,Bakery,2024-12-28,61.516324142927346,60.6341140240103,61.51691644917884,0.8828024251685349
9,Bakery,2024-12-29,114.16415605520704,107.87977032401206,114.1685810068993,6.288810682887245
9,Bakery,2024-12-30,51.267061044656195,49.84489037656081,51.29214444350928,1.4472540669484673
9,Bakery,2024-12-31,56.4524564318902,56.75226548189237,56.49106651233912,0.2998090500021746
9,Chocolate & Milk,2024-11-01,22.19334946632011,23.761012314551817,22.902681932501796,1.5676628482317057
9,Chocolate & Milk,2024-11-02,33.68423515058662,34.07953010591325,33.99773535357602,0.3952949553266265
9,Chocolate & Milk,2024-11-03,33.22000825283751,33.14962614171122,33.310212342917715,0.1605862012064989
9,Chocolate & Milk,2024-11-04,25.33302318929299,25.6717787063128,25.132941949371773,0.5388367569410271
9,Chocolate & Milk,2024-11-05,25.235213445467593,25.37891323076834,25.01150830748602,0.36740492328231866
9,Chocolate & Milk,2024-11-06,24.621562935302553,25.116483034241313,24.58752820092152,0.5289548333197942
9,Chocolate & Milk,2024-11-07,24.560043958867677,25.79689732158308,24.5917545830669,1.2368533627154044
9,Chocolate & Milk,2024-11-08,48.38280306194301,50.987014770965104,48.4030237707954,2.6042117090220955
9,Chocolate & Milk,2024-11-09,35.45821113254177,35.66563969723562,35.46405121789713,0.20742856469384918
9,Chocolate & Milk,2024-11-10,35.806805688827914,37.40047421894114,35.81476414613157,1.5936685301132272
9,Chocolate & Milk,2024-11-11,24.508760916423142,25.907244259115537,24.53231444666125,1.3984833426923942
9,Chocolate & Milk,2024-11-12,24.602401931793448,26.021157740809436,24.634412187237583,1.4187558090159875
9,Chocolate & Milk,2024-11-13,24.225484275231246,25.0985890510682,24.25624948951646,0.8731047758369535
9,Chocolate & Milk,2024-11-14,24.308090894730398,25.401758717237875,24.346775593304194,1.0936678225074772
9,Chocolate & Milk,2024-11-15,27.868432751629033,28.014463276936024,27.90862650210902,0.14603052530699046
9,Chocolate & Milk,2024-11-16,32.64241957820242,32.8758593528221,32.67608430099609,0.2334397746196757
9,Chocolate & Milk,2024-11-17,32.492318268454255,31.3723019829257,32.52290297062933,1.1506009877036334
9,Chocolate & Milk,2024-11-18,27.96793754827381,27.492968858648602,28.0149930637946,0.5220242051459962
9,Chocolate & Milk,2024-11-19,32.794194543080835,31.92896854635265,32.852051450682175,0.9230829043295259
9,Chocolate & Milk,2024-11-20,24.55501603155997,25.635880986209013,24.6110952667964,1.0808649546490443
9,Chocolate & Milk,2024-11-21,22.174874570121418,22.38283797008435,22.223035159198616,0.20796339996293156
9,Chocolate & Milk,2024-11-22,22.035743152107067,22.046245504933687,22.075731141830058,0.03998798972299156
9,Chocolate & Milk,2024-11-23,32.63041774417029,32.31711538160316,32.66387052500295,0.34675514339978974
9,Chocolate & Milk,2024-11-24,43.51656458319273,44.577455561491945,43.54966650212358,1.0608909782992129
9,Chocolate & Milk,2024-11-25,31.233328481438157,31.71931250036654,31.267060935560437,0.4859840189283844
9,Chocolate & Milk,2024-11-26,61.416187672382065,61.45377332619068,61.45194227072591,0.03758565380861256
9,Chocolate & Milk,2024-11-27,31.70719288471397,32.01046645635505,31.741196447491497,0.3032735716410784
9,Chocolate & Milk,2024-11-28,31.647818190126642,32.520650757689765,31.681543363000138,0.8728325675631226
9,Chocolate & Milk,2024-11-29,33.39607847168507,35.72455430052172,33.42434050788124,2.3284758288366447
9,Chocolate & Milk,2024-11-30,40.25212360122236,39.933591394731856,40.280190877109334,0.34659948237747784
9,Chocolate & Milk,2024-12-01,37.89853274568735,37.21370283632935,37.93059580328094,0.7168929669515904
9,Chocolate & Milk,2024-12-02,27.059385243616614,27.032916196760922,27.091576115937055,0.058659919176133
9,Chocolate & Milk,2024-12-03,27.590042209441723,27.82764892471514,27.615447586492785,0.2376067152734187
9,Chocolate & Milk,2024-12-04,27.167846484758403,27.010621974141294,27.192470306184628,0.18184833204333373
9,Chocolate & Milk,2024-12-05,41.65318989048727,42.77093125574211,41.68518799305575,1.1177413652548438
9,Chocolate & Milk,2024-12-06,26.90980767017907,27.183182043396243,26.94128026564108,0.27337437321717317
9,Chocolate & Milk,2024-12-07,43.7895688715798,44.43146904354175,43.81179103333528,0.6419001719619502
9,Chocolate & Milk,2024-12-08,44.540240912391994,45.53910762770228,44.5728324105448,0.9988667153102853
9,Chocolate & Milk,2024-12-09,31.918107961400423,32.62338299830549,31.96289010342508,0.7052750369050642
9,Chocolate & Milk,2024-12-10,94.7369456509536,100.43320384733536,94.78078987384536,5.696258196381763
9,Chocolate & Milk,2024-12-11,32.06719336880544,32.46351750670167,32.096297410706285,0.39632413789622944
9,Chocolate & Milk,2024-12-12,32.22004306929585,32.82669163394351,32.24367889336013,0.6066485646476636
9,Chocolate & Milk,2024-12-13,32.02592241764801,32.557725716500855,32.03709824401853,0.5318032988528429
9,Chocolate & Milk,2024-12-14,44.57455704011398,45.29530692458121,44.57151127803284,0.7237956465483748
9,Chocolate & Milk,2024-12-15,45.72643675221003,44.419806785689275,45.72427605472924,1.3066299665207524
9,Chocolate & Milk,2024-12-16,28.043384099515514,28.02214445419416,28.052557006256592,0.030412552062433207
9,Chocolate & Milk,2024-12-17,27.96587568112529,27.447746471261254,27.97857166461597,0.5308251933547155
9,Chocolate & Milk,2024-12-18,27.85760056002087,27.656944106543296,27.8659967303809,0.2090526238376036
9,Chocolate & Milk,2024-12-19,28.20894608610756,27.743214682438005,28.206359828446065,0.46573140366955457
9,Chocolate & Milk,2024-12-20,27.741147217532138,27.43876480577947,27.731253729076908,0.3023824117526672
9,Chocolate & Milk,2024-12-21,78.11484137078838,78.98228590634349,78.10530010619517,0.8769858001483186
9,Chocolate & Milk,2024-12-22,38.93932584846354,38.41338183636688,38.94715439571696,0.5337725593500764
9,Chocolate & Milk,2024-12-23,57.273414096949075,57.21798279697306,57.288078008168576,0.07009521119551465
9,Chocolate & Milk,2024-12-24,27.4838917912328,26.847133172058154,27.50028748723495,0.6531543151767956
9,Chocolate & Milk,2024-12-25,27.19859834522602,26.7499292715859,27.213167966892925,0.46323869530702666
9,Chocolate & Milk,2024-12-26,25.037963375532875,24.362642843080568,25.046769181615844,0.6841263385352754
9,Chocolate & Milk,2024-12-27,27.32082109010685,26.761142783700347,27.317182351506055,0.5596783064065036
9,Chocolate & Milk,2024-12-28,38.41726532633741,37.99331106828669,38.4086216982849,0.4239542580507205
9,Chocolate & Milk,2024-12-29,69.89234313351902,66.91848925677239,69.89270855791841,2.9742193011460216
9,Chocolate & Milk,2024-12-30,31.48073683555181,30.690105677996154,31.48570620927205,0.7956005312758947
9,Chocolate & Milk,2024-12-31,34.69170983598217,34.83345346843896,34.69081680915293,0.1426366592860333
9,Coffee,2024-11-01,143.3212369133094,158.3663429232422,155.58856106727757,15.045106009932795
9,Coffee,2024-11-02,211.54064629433896,220.54137866701586,220.87832993223392,9.337683637894969
9,Coffee,2024-11-03,207.3618957855624,218.27073258532022,216.85719749568636,10.908836799757808
9,Coffee,2024-11-04,164.59817769883975,180.53094514111325,164.67931052385825,15.932767442273502
9,Coffee,2024-11-05,168.69829096640248,182.8143899027554,172.05657756869323,14.116098936352927
9,Coffee,2024-11-06,170.0496068158364,181.79740917301478,171.36239802429515,11.747802357178387
9,Coffee,2024-11-07,169.39734893344908,182.71225332670133,169.99902560116448,13.314904393252249
9,Coffee,2024-11-08,315.33960536280824,331.2909723355131,315.9045118876425,15.951366972704875
9,Coffee,2024-11-09,235.3124448286113,239.12565874422603,235.62719108692795,3.813213915614739
9,Coffee,2024-11-10,237.1781098603053,244.59451166631152,237.56609587300346,7.416401806006206
9,Coffee,2024-11-11,170.12512980404202,180.44564961182724,170.69353482238682,10.320519807785217
9,Coffee,2024-11-12,172.88246792112898,181.41753431144497,173.47168666408197,8.53506639031599
9,Coffee,2024-11-13,172.1045936934881,181.8773272935441,172.71349852620997,9.772733600056
9,Coffee,2024-11-14,172.39295195696462,177.37747026622824,172.94019905236757,4.9845183092636205
9,Coffee,2024-11-15,185.5729625978704,190.23729681980956,186.05339154959412,4.664334221939157
9,Coffee,2024-11-16,210.00001368216783,212.04325130573602,210.17418317627903,2.0432376235681886
9,Coffee,2024-11-17,208.38070010873847,205.35486600262806,208.53851889767952,3.183652895051466
9,Coffee,2024-11-18,188.37971890548062,182.55687175034637,188.70897800398438,6.15210625363801
9,Coffee,2024-11-19,237.67579289284527,232.69601081125325,238.01839609838837,5.32238528713512
9,Coffee,2024-11-20,195.20602501752228,187.65531974204188,195.56674422901756,7.911424486975676
9,Coffee,2024-11-21,152.02807604070614,151.0006255920464,152.30966623864484,1.3090406465984472
9,Coffee,2024-11-22,149.5299216241496,147.07008150672465,149.86230419409895,2.7922226873743057
9,Coffee,2024-11-23,212.67076266274995,208.68713116969738,212.789527141883,4.102395972185633
9,Coffee,2024-11-24,282.6776301928316,288.8610211962957,282.8445201490507,6.1833910034641235
9,Coffee,2024-11-25,205.84187938873293,215.26484392154435,206.1541953884793,9.42296453281142
9,Coffee,2024-11-26,411.63892970331904,419.17397856974725,412.0168389245032,7.5350488664282125
9,Coffee,2024-11-27,212.70876479106374,217.72699458106902,213.11712207939271,5.018229790005279
9,Coffee,2024-11-28,213.4006182690268,222.58707057468266,213.73247747770395,9.186452305655848
9,Coffee,2024-11-29,224.06394197754736,239.12383117120024,224.40631079429983,15.059889193652879
9,Coffee,2024-11-30,262.4063074868719,260.79035802488187,262.5828452710101,1.7924872461282462
9,Coffee,2024-12-01,250.55283484579581,248.06998245865896,250.78566703799436,2.7156845793354023
9,Coffee,2024-12-02,182.223227264547,180.0181836914221,182.5705002653928,2.5523165739706997
9,Coffee,2024-12-03,187.70931850832636,186.39646005928336,188.08517923569653,1.6887191764131728
9,Coffee,2024-12-04,189.5053648172178,185.78880598802633,190.01615386001973,4.227347871993402
9,Coffee,2024-12-05,285.26545410019565,287.3502857726022,285.7639457585027,2.084831672406551
9,Coffee,2024-12-06,184.09927273605862,184.34467378087186,184.59215704390047,0.4928843078418481
9,Coffee,2024-12-07,289.2649760667096,289.1789684851326,289.4745363417231,0.29556785659048046
9,Coffee,2024-12-08,293.0761878027113,293.41960039483024,293.3457721572811,0.34341259211896613
9,Coffee,2024-12-09,215.80263538128787,216.6637561164718,216.22213833823224,0.8611207351839312
9,Coffee,2024-12-10,658.6145665941674,706.6100120971967,659.0944715424579,47.99544550302926
9,Coffee,2024-12-11,219.99974369568582,219.45614069502716,220.5363071573634,1.0801664623362512
9,Coffee,2024-12-12,221.82206254420657,220.0573925244293,222.30071335192685,2.2433208274975414
9,Coffee,2024-12-13,218.815160442381,217.0884228244073,219.259316926053,2.1708941016457004
9,Coffee,2024-12-14,290.84533011986827,290.1189635064777,290.99716782060125,0.8782043141235363
9,Coffee,2024-12-15,294.74534292145944,288.84286120977254,294.89216662855614,6.049305418783604
9,Coffee,2024-12-16,185.73369404369515,184.49267464919888,186.102309909871,1.6096352606721211
9,Coffee,2024-12-17,188.7949508104883,186.94506381197363,189.3083213407925,2.3632575288188775
9,Coffee,2024-12-18,188.99760246662245,186.31771970039145,189.6900678664465,3.3723481660550476
9,Coffee,2024-12-19,186.67713329364832,185.86148817164369,187.30582310894388,1.444334937300198
9,Coffee,2024-12-20,183.65126082058237,183.08162363262252,184.2649176452239,1.1832940126013796
9,Coffee,2024-12-21,528.7310106322961,518.2042714160323,529.0556667202485,10.851395304216226
9,Coffee,2024-12-22,253.15042489561122,250.19638004447603,253.51678549210843,3.320405447632396
9,Coffee,2024-12-23,391.02833625531736,380.3301091207696,391.52835882561584,11.198249704846262
9,Coffee,2024-12-24,188.29025439235423,186.07157671760697,188.8476925839417,2.7761158663347203
9,Coffee,2024-12-25,186.98676821986703,183.68267430207385,187.61076383773923,3.9280895356653787
9,Coffee,2024-12-26,190.39455409475133,183.52285727413548,190.94813418262888,7.425276908493402
9,Coffee,2024-12-27,184.96599055531956,180.8628395284567,185.54497967242384,4.682140143967132
9,Coffee,2024-12-28,254.61056079628742,249.77017641728617,254.98094902701712,5.210772609730952
9,Coffee,2024-12-29,464.6226830156071,442.7382032982712,464.9939445853922,22.255741287121054
9,Coffee,2024-12-30,232.6093459549461,231.25397810181246,233.1056735304465,1.8516954286340308
9,Coffee,2024-12-31,233.84678131377245,237.0541231408097,234.39555803684468,3.2073418270372542
9,Juice & Smoothie,2024-11-01,14.880383389678853,14.189077768152487,13.97910698074486,0.9012764089339935
9,Juice & Smoothie,2024-11-02,21.430448247411658,20.63706957472649,20.58516481494471,0.845283432466946
9,Juice & Smoothie,2024-11-03,20.72392097784783,19.596646268340095,20.252860090498785,1.1272747095077342
9,Juice & Smoothie,2024-11-04,16.20520304240136,15.743293496074353,15.809234200648582,0.46190954632700887
9,Juice & Smoothie,2024-11-05,16.175470503788294,15.84816506240345,16.00283351757959,0.3273054413848442
9,Juice & Smoothie,2024-11-06,15.993660401215314,16.008655257705364,15.600488552104904,0.4081667056004594
9,Juice & Smoothie,2024-11-07,15.8741077735637,16.053364414551957,15.930679802306052,0.17925664098825678
9,Juice & Smoothie,2024-11-08,31.001723245129586,31.917372100216905,31.04418656886699,0.9156488550873192
9,Juice & Smoothie,2024-11-09,22.723636947298555,22.713896513963476,22.751367914053077,0.03747140008960059
9,Juice & Smoothie,2024-11-10,22.853141264164282,23.14418108833107,22.880176934309233,0.29103982416678775
9,Juice & Smoothie,2024-11-11,15.55634541468758,15.97825053630686,15.588554831847482,0.42190512161927884
9,Juice & Smoothie,2024-11-12,15.755248046488264,15.81361067518006,15.792786396636428,0.0583626286917962
9,Juice & Smoothie,2024-11-13,15.635658170133345,15.713770697038417,15.674596630868692,0.07811252690507153
9,Juice & Smoothie,2024-11-14,15.691965278659346,15.88835785049194,15.727917400800884,0.19639257183259318
9,Juice & Smoothie,2024-11-15,17.71920131454332,17.679211579061644,17.743612702636973,0.06440112357532968
9,Juice & Smoothie,2024-11-16,20.468032646193972,19.881782669624364,20.483645359720533,0.6018626900961692
9,Juice & Smoothie,2024-11-17,20.255425046668236,19.546075778211886,20.274196468898662,0.7281206906867759
9,Juice & Smoothie,2024-11-18,17.443240075505173,16.93711133941239,17.47365031354856,0.536538974136171
9,Juice & Smoothie,2024-11-19,22.721802827083078,21.356202269400782,22.75748476172082,1.401282492320039
9,Juice & Smoothie,2024-11-20,15.725577989412006,15.214835283287949,15.761538571436244,0.5467032881482954
9,Juice & Smoothie,2024-11-21,14.278243379126172,14.139428474667094,14.311699835870618,0.17227136120352426
9,Juice & Smoothie,2024-11-22,13.877683178447889,13.694627734389591,13.905530468589566,0.21090273419997452
9,Juice & Smoothie,2024-11-23,20.120355142871674,19.811953430867643,20.13992879991645,0.32797536904880786
9,Juice & Smoothie,2024-11-24,26.777641401086537,27.21030184640327,26.800121424396462,0.4326604453167313
9,Juice & Smoothie,2024-11-25,19.095728426636086,19.566124854362574,19.127656883160313,0.47039642772648804
9,Juice & Smoothie,2024-11-26,38.43409635683154,39.350019301265064,38.47106181429798,0.9159229444335253
9,Juice & Smoothie,2024-11-27,19.213318369021597,19.79163146160618,19.246824296251997,0.5783130925845832
9,Juice & Smoothie,2024-11-28,19.645389675906397,20.244408816559368,19.673704143242446,0.5990191406529703
9,Juice & Smoothie,2024-11-29,20.526210008398753,22.154280379686853,20.545637600281253,1.6280703712881
9,Juice & Smoothie,2024-11-30,25.405375686904854,25.493341914893353,25.419841028839954,0.08796622798849896
9,Juice & Smoothie,2024-12-01,23.689097006316935,23.011155404928488,23.703460829659612,0.6923054247311242
9,Juice & Smoothie,2024-12-02,16.935737972363444,16.773137637082137,16.952716163832378,0.179578526750241
9,Juice & Smoothie,2024-12-03,17.238911856206684,17.43747601905174,17.25743278659773,0.19856416284505585
9,Juice & Smoothie,2024-12-04,16.992470896538805,17.009417991551548,17.014033022575553,0.021562126036748452
9,Juice & Smoothie,2024-12-05,26.008740640013258,26.66265447850148,26.025894638419594,0.6539138384882222
9,Juice & Smoothie,2024-12-06,16.773892642795605,17.112700532598673,16.78217936227356,0.33880788980306775
9,Juice & Smoothie,2024-12-07,23.621637810124852,23.332648305599548,23.6226223289743,0.2899740233747501
9,Juice & Smoothie,2024-12-08,23.958857541661736,23.779495581236652,23.961500197520778,0.18200461628412512
9,Juice & Smoothie,2024-12-09,16.440977268436676,16.35268399805065,16.44803730492284,0.09535330687218746
9,Juice & Smoothie,2024-12-10,47.83323408492092,50.41148442108253,47.84597255329947,2.5782503361616094
9,Juice & Smoothie,2024-12-11,16.764676817263553,16.703791338877572,16.78252928473547,0.07873794585789895
9,Juice & Smoothie,2024-12-12,16.92912194316046,16.97559289918435,16.94971528044216,0.04647095602388873
9,Juice & Smoothie,2024-12-13,16.924805303165865,17.06886093676809,16.935331247846506,0.14405563360222473
9,Juice & Smoothie,2024-12-14,23.802097353840683,23.597939202805307,23.803075527778105,0.20513632497279843
9,Juice & Smoothie,2024-12-15,28.024296933118954,27.48577290431302,28.028570231368803,0.5427973270557835
9,Juice & Smoothie,2024-12-16,16.659638856785584,16.665467575441888,16.673951920832046,0.014313064046461932
9,Juice & Smoothie,2024-12-17,16.852502377226013,16.640452884370028,16.870531576935,0.23007869256497315
9,Juice & Smoothie,2024-12-18,16.80994326313772,16.57746545360216,16.830333166677573,0.252867713075414
9,Juice & Smoothie,2024-12-19,16.900876098103247,16.870953442139594,16.91901752344371,0.04806408130411555
9,Juice & Smoothie,2024-12-20,16.824683478709826,16.849799290492477,16.834020545499502,0.02511581178265132
9,Juice & Smoothie,2024-12-21,48.41201356934192,49.03518550798353,48.41185706151194,0.6233284464715894
9,Juice & Smoothie,2024-12-22,23.733039394841974,23.612649406721623,23.73381003728186,0.12116063056023663
9,Juice & Smoothie,2024-12-23,35.382986292599064,35.21713617517907,35.386468591816275,0.16933241663720366
9,Juice & Smoothie,2024-12-24,17.025843425691377,16.81332056920491,17.03706149452558,0.22374092532066925
9,Juice & Smoothie,2024-12-25,16.770599661785397,16.346463993678004,16.788138584854668,0.44167459117666397
9,Juice & Smoothie,2024-12-26,15.564906940157979,14.590329587505845,15.579653044450254,0.9893234569444083
9,Juice & Smoothie,2024-12-27,16.759655873414914,16.399146517869546,16.761549300912158,0.36240278304261153
9,Juice & Smoothie,2024-12-28,23.7673432730109,23.522344058790218,23.762286113754442,0.24499921422068383
9,Juice & Smoothie,2024-12-29,44.80749707251253,42.95903020078573,44.802194841029056,1.8484668717267994
9,Juice & Smoothie,2024-12-30,21.617543952722368,21.4848321548007,21.61649294448231,0.13271179792166876
9,Juice & Smoothie,2024-12-31,21.38799523394397,21.561934131455295,21.388762703927842,0.17393889751132718
9,Merchandise,2024-11-01,7.988767612015138,7.809162789805326,8.148955400911257,0.3397926111059313
9,Merchandise,2024-11-02,12.009637585023707,11.170238035185493,12.259717032348293,1.0894789971628
9,Merchandise,2024-11-03,11.75428396721263,10.911849332361308,12.177144841267314,1.2652955089060054
9,Merchandise,2024-11-04,9.190334714228209,9.012833119562506,9.07331456279241,0.1775015946657028
9,Merchandise,2024-11-05,9.138922209515387,9.325307537875206,9.460745101474558,0.3218228919591706
9,Merchandise,2024-11-06,9.09506069416861,9.379478418004446,9.382066018064354,0.28700532389574285
9,Merchandise,2024-11-07,8.945023775629995,9.328869500689164,8.972034553277686,0.38384572505916914
9,Merchandise,2024-11-08,16.437870086958586,16.597158536442286,16.456649347516056,0.15928844948370013
9,Merchandise,2024-11-09,12.772279818508565,12.640825404494377,12.784081641739427,0.14325623724504943
9,Merchandise,2024-11-10,12.91235331817859,12.981029306220673,12.924613842572196,0.06867598804208264
9,Merchandise,2024-11-11,8.910269991626759,8.970808525633194,8.928106904904617,0.06053853400643483
9,Merchandise,2024-11-12,8.9578330302722,9.067501158019212,8.98351108005252,0.10966812774701218
9,Merchandise,2024-11-13,8.829618231221625,8.876586845748541,8.855877800314603,0.04696861452691614
9,Merchandise,2024-11-14,8.789604825158044,8.82529340057924,8.813236117619876,0.03568857542119552
9,Merchandise,2024-11-15,10.072099049670694,9.92512197401603,10.089725797737948,0.16460382372191873
9,Merchandise,2024-11-16,11.73552552394788,11.5051204668628,11.745880380954592,0.24075991409179132
9,Merchandise,2024-11-17,11.772045665652875,11.502892759457747,11.781232399712412,0.2783396402546643
9,Merchandise,2024-11-18,10.144081646149436,9.624016274088806,10.16215029328454,0.5381340191957342
9,Merchandise,2024-11-19,11.519019045770557,11.225118974394933,11.544600096222904,0.3194811218279714
9,Merchandise,2024-11-20,9.186696398235252,9.044644003449928,9.212123647951355,0.1674796445014266
9,Merchandise,2024-11-21,7.885208993680086,7.959497990133447,7.9057459996353545,0.07428899645336084
9,Merchandise,2024-11-22,7.7992527767462,7.655655621931683,7.816536293366686,0.1608806714350024
9,Merchandise,2024-11-23,11.547552795646073,11.359500868201522,11.558685553897261,0.1991846856957391
9,Merchandise,2024-11-24,15.62524000369232,15.759530523856432,15.633865873496752,0.1342905201641127
9,Merchandise,2024-11-25,11.032514261936871,11.143857366479967,11.045846942702559,0.1113431045430957
9,Merchandise,2024-11-26,20.363907573723086,20.964416403830754,20.38668088687116,0.6005088301076675
9,Merchandise,2024-11-27,11.267362911773636,11.457203447335067,11.290368673761716,0.1898405355614301
9,Merchandise,2024-11-28,11.23888624201077,11.772967329368594,11.255666966864888,0.5340810873578246
9,Merchandise,2024-11-29,11.69113412995211,12.612849257590344,11.701843538965978,0.9217151276382349
9,Merchandise,2024-11-30,14.342275438560335,14.254593446474324,14.347846584237672,0.09325313776334809
9,Merchandise,2024-12-01,13.173200750723433,13.082863236299776,13.174772918373366,0.09190968207358985
9,Merchandise,2024-12-02,9.460837132455271,9.388544012030255,9.468561726767613,0.08001771473735708
9,Merchandise,2024-12-03,9.51900822580436,9.601401525595433,9.53656184702362,0.08239329979107346
9,Merchandise,2024-12-04,9.591895707059702,9.532032191301477,9.617826940180109,0.08579474887863192
9,Merchandise,2024-12-05,14.956857076331207,14.527797723923955,14.98333145802274,0.4555337340987844
9,Merchandise,2024-12-06,9.476656156335398,9.499983020675952,9.500472867660037,0.023816711324638362
9,Merchandise,2024-12-07,13.584517257974484,13.413753752511074,13.601368925007046,0.18761517249597226
9,Merchandise,2024-12-08,13.658797385686935,13.583181111731342,13.67469955561227,0.09151844388092734
9,Merchandise,2024-12-09,9.44399469892688,9.38298849807021,9.465071437424527,0.08208293935431676
9,Merchandise,2024-12-10,25.240717799115828,23.858733382577093,25.26793036078731,1.4091969782102183
9,Merchandise,2024-12-11,9.53148725361762,9.30109212397101,9.562629678316231,0.26153755434522097
9,Merchandise,2024-12-12,9.810366931449957,9.778966245980396,9.845049553570698,0.06608330759030245
9,Merchandise,2024-12-13,9.6902357058145,9.649014961389614,9.720860721321397,0.071845759931783
9,Merchandise,2024-12-14,13.705569233276368,13.570760473758748,13.726830913981647,0.15607044022289962
9,Merchandise,2024-12-15,16.12558976898221,15.900224060890075,16.143136081488798,0.2429120205987232
9,Merchandise,2024-12-16,9.725333642338093,9.635516496335445,9.752006392024665,0.11648989568922019
9,Merchandise,2024-12-17,9.609944163950368,9.468265426472763,9.643118093001886,0.174852666529123
9,Merchandise,2024-12-18,9.532723310517126,9.384361193866141,9.56695001196364,0.18258881809749816
9,Merchandise,2024-12-19,9.605973870137442,9.438898072889867,9.635783010870977,0.1968849379811104
9,Merchandise,2024-12-20,9.538730343399514,9.454555243186373,9.564168794512213,0.10961355132583961
9,Merchandise,2024-12-21,26.591837881419423,27.01792658778922,26.609221177856398,0.42608870636979645
9,Merchandise,2024-12-22,13.550699938026412,13.485824343709766,13.564351977758886,0.07852763404912011
9,Merchandise,2024-12-23,19.25537376163528,19.697224518927847,19.273988099502436,0.44185075729256695
9,Merchandise,2024-12-24,9.649844659061062,9.451989654508079,9.676441461689864,0.2244518071817847
9,Merchandise,2024-12-25,9.41644663232439,9.138107249622067,9.4438813153071,0.30577406568503385
9,Merchandise,2024-12-26,8.728576744276731,8.42118574178912,8.753670732583462,0.3324849907943417
9,Merchandise,2024-12-27,9.319976256080722,9.065865279586564,9.33881263581658,0.2729473562300164
9,Merchandise,2024-12-28,13.545154854444174,13.39543664420748,13.559541578685318,0.16410493447783736
9,Merchandise,2024-12-29,23.974447214610624,22.580695592874463,23.986702972452484,1.4060073795780212
9,Merchandise,2024-12-30,10.925360951214863,10.856057569716137,10.943747646515025,0.08769007679888752
9,Merchandise,2024-12-31,12.194596456321948,12.180905312134692,12.218785276452664,0.03787996431797147
9,Savory Bakery,2024-11-01,31.748414361080087,28.69578497002105,29.152859096906447,3.0526293910590354
9,Savory Bakery,2024-11-02,44.77465270122223,42.10429162040967,43.13371279730382,2.6703610808125617
9,Savory Bakery,2024-11-03,42.70825860217802,39.79731826774805,41.75936698280935,2.9109403344299736
9,Savory Bakery,2024-11-04,32.647080636436094,32.34488169478672,31.638121303940608,1.0089593324954862
9,Savory Bakery,2024-11-05,32.35865191973322,32.23546345731485,31.883816750802286,0.4748351689309338
9,Savory Bakery,2024-11-06,31.71189909385797,32.22316435644739,31.56485087781379,0.6583134786336018
9,Savory Bakery,2024-11-07,31.755210533808004,32.49851475938418,31.75397309703881,0.7445416623453696
9,Savory Bakery,2024-11-08,62.02347708324072,65.19413893148362,62.0197429326802,3.174395998803419
9,Savory Bakery,2024-11-09,45.115315846736195,44.902669613616425,45.11180862173043,0.21264623311977005
9,Savory Bakery,2024-11-10,46.012052111348176,46.93264028010065,46.01031874103093,0.9223215390697206
9,Savory Bakery,2024-11-11,31.52912815667785,32.56222800048184,31.51765030473385,1.0445776957479893
9,Savory Bakery,2024-11-12,31.50436701881625,32.033658196405305,31.484783236903727,0.5488749595015783
9,Savory Bakery,2024-11-13,31.265315673545317,31.830919059959324,31.236097143959746,0.594821915999578
9,Savory Bakery,2024-11-14,31.378814844756963,31.703841035562302,31.34659301405011,0.35724802151219137
9,Savory Bakery,2024-11-15,36.0230527512008,35.976734630663756,36.00052905816937,0.04631812053704465
9,Savory Bakery,2024-11-16,42.326696390541215,40.95206729604597,42.319205716478166,1.3746290944952477
9,Savory Bakery,2024-11-17,42.72787012814747,40.91563523742221,42.74186040821111,1.8262251707889021
9,Savory Bakery,2024-11-18,36.64062814192633,34.98708232704928,36.674669904928464,1.6875875778791851
9,Savory Bakery,2024-11-19,43.32761661966106,39.48244068195538,43.38139930785894,3.8989586259035605
9,Savory Bakery,2024-11-20,32.613433267191986,31.192991041540164,32.67807402357108,1.4850829820309137
9,Savory Bakery,2024-11-21,29.180846479220172,28.35563385699582,29.249544195751746,0.8939103387559264
9,Savory Bakery,2024-11-22,29.181218007737886,27.81105761543412,29.255435448678604,1.4443778332444843
9,Savory Bakery,2024-11-23,43.245012434017085,42.28850266246355,43.32244039213729,1.0339377296737382
9,Savory Bakery,2024-11-24,42.704974583853,42.447353014590504,42.786262939849394,0.3389099252588892
9,Savory Bakery,2024-11-25,28.331409830255637,27.571207527793998,28.39440244657279,0.8231949187787926
9,Savory Bakery,2024-11-26,59.467448657423986,60.75381626377793,59.50757932313397,1.2863676063539415
9,Savory Bakery,2024-11-27,27.982186347747124,27.750209530701554,27.99657747635524,0.24636794565368803
9,Savory Bakery,2024-11-28,27.92594841173097,28.157473663043845,27.91727090636281,0.24020275668103608
9,Savory Bakery,2024-11-29,29.19496694084428,30.349429576320045,29.17743188119363,1.1719976951264144
9,Savory Bakery,2024-11-30,51.19718754768694,51.50854585982071,51.18767798195137,0.3208678778693397
9,Savory Bakery,2024-12-01,48.77754485870968,48.42765719781261,48.781883611393766,0.35422641358115925
9,Savory Bakery,2024-12-02,34.7506923560653,35.030942413939435,34.76110056830523,0.2802500578741345
9,Savory Bakery,2024-12-03,34.54436291068749,35.38567990683478,34.55884619450915,0.8413169961472917
9,Savory Bakery,2024-12-04,34.3923169904967,34.72047378441259,34.408835679352855,0.3281567939158876
9,Savory Bakery,2024-12-05,53.12181256467195,54.94682446356744,53.13211370640366,1.8250118988954895
9,Savory Bakery,2024-12-06,33.989460867800474,34.698139554579555,33.99558093282041,0.7086786867790806
9,Savory Bakery,2024-12-07,55.96907057174073,56.44359223793163,55.95893989051963,0.4846523474120019
9,Savory Bakery,2024-12-08,56.08204986569257,57.528385119888256,56.06248099907472,1.4659041208135335
9,Savory Bakery,2024-12-09,40.50619113210817,41.69718631702602,40.49444250763823,1.2027438093877905
9,Savory Bakery,2024-12-10,128.20230505086707,138.4214996251336,128.20572278410478,10.219194574266538
9,Savory Bakery,2024-12-11,41.20093525756235,41.74946533084901,41.2185923030159,0.5485300732866634
9,Savory Bakery,2024-12-12,41.4838790089132,42.19747078140382,41.511591093736264,0.7135917724906236
9,Savory Bakery,2024-12-13,41.58872884987093,42.18614652708216,41.62387700812475,0.5974176772112259
9,Savory Bakery,2024-12-14,56.91147113780221,57.36113170531489,56.95365372190865,0.44966056751268013
9,Savory Bakery,2024-12-15,58.35931454972685,57.38832138250379,58.41075740107209,1.0224360185682997
9,Savory Bakery,2024-12-16,35.476734985258794,35.696953876421105,35.54149426496167,0.22021889116231108
9,Savory Bakery,2024-12-17,35.835968252942024,35.68678161970941,35.908882736354784,0.22210111664537635
9,Savory Bakery,2024-12-18,35.46413271603178,35.61715760158177,35.54699570099491,0.15302488554999627
9,Savory Bakery,2024-12-19,35.32554998234982,35.35250078405038,35.392754038657195,0.06720405630737503
9,Savory Bakery,2024-12-20,34.84744214664499,35.174503654709916,34.89103369340942,0.3270615080649293
9,Savory Bakery,2024-12-21,99.96687364183221,105.04479597886306,99.98579049699698,5.077922337030856
9,Savory Bakery,2024-12-22,48.6453841873896,48.90309927831662,48.64713353837972,0.2577150909270145
9,Savory Bakery,2024-12-23,72.78790028687885,77.90143749972796,72.78043624727059,5.121001252457376
9,Savory Bakery,2024-12-24,34.54287797698312,34.24410215728114,34.53752604963911,0.2987758197019801
9,Savory Bakery,2024-12-25,34.40158813707015,34.43601101400383,34.40119234907209,0.03481866493174124
9,Savory Bakery,2024-12-26,31.423798624567958,30.82721825800111,31.42200292962652,0.5965803665668474
9,Savory Bakery,2024-12-27,34.33873062359112,33.99106707294912,34.33973154640184,0.3486644734527218
9,Savory Bakery,2024-12-28,48.97343360200172,48.749545008455506,48.97960160904027,0.23005660058476707
9,Savory Bakery,2024-12-29,89.18335546153043,84.66666458563512,89.18977329975485,4.523108714119729
9,Savory Bakery,2024-12-30,40.47356069546842,38.80197241782324,40.47928703666054,1.6773146188373005
9,Savory Bakery,2024-12-31,43.71859017657659,44.47115800104224,43.712305910142916,0.7588520908993246
9,Tea,2024-11-01,54.9656294823378,52.541781908480935,52.881217101666586,2.423847573856868
9,Tea,2024-11-02,77.71369109683934,75.70664029361856,76.45369674159858,2.0070508032207783
9,Tea,2024-11-03,74.3571523194428,73.20756450927806,74.60759467573124,1.4000301664531776
9,Tea,2024-11-04,57.04078229555597,59.894600781201504,55.91512778145779,3.979472999743713
9,Tea,2024-11-05,56.91855614572082,57.867556148974394,54.58962383169693,3.277932317277461
9,Tea,2024-11-06,56.72323006340954,57.88590172172266,56.027706997570334,1.8581947241523267
9,Tea,2024-11-07,56.66607243574191,58.32399396616611,56.806508996469496,1.657921530424197
9,Tea,2024-11-08,106.66779762138158,109.82437002949418,106.82017681462963,3.156572408112595
9,Tea,2024-11-09,82.21017374760935,82.76521196224111,82.37867974465125,0.5550382146317645
9,Tea,2024-11-10,80.98280628156117,80.66054308705236,81.13481043286053,0.47426734580817254
9,Tea,2024-11-11,57.26531197028372,57.89733223747391,57.37698246303995,0.6320202671901924
9,Tea,2024-11-12,57.7158442406344,56.882387945223,57.7993331349982,0.9169451897751983
9,Tea,2024-11-13,57.74633744744236,57.07445183092984,57.8094855736869,0.7350337427570608
9,Tea,2024-11-14,58.183754360607935,57.13771331830502,58.26112604038334,1.1234127220783208
9,Tea,2024-11-15,64.95887348476435,63.28894979774471,65.07214885913048,1.7831990613857656
9,Tea,2024-11-16,75.14553874113045,72.94742632980919,75.28754863788348,2.3401223080742852
9,Tea,2024-11-17,74.45714636105492,72.16282904203905,74.61082593339611,2.4479968913570644
9,Tea,2024-11-18,65.92713599287374,62.785568915318464,66.07739725063117,3.291828335312701
9,Tea,2024-11-19,76.46016708378292,77.23247935985253,76.59377753053778,0.7723122760696128
9,Tea,2024-11-20,65.68518715211174,61.77313305338819,65.80955496168356,4.036421908295367
9,Tea,2024-11-21,53.86068147826508,51.65582538565174,54.00158859396101,2.345763208309272
9,Tea,2024-11-22,53.50986765853895,49.918157249553154,53.69330873729476,3.775151487741603
9,Tea,2024-11-23,76.17181868575088,74.04273269633434,76.38912526383417,2.3463925674998336
9,Tea,2024-11-24,97.38201662513262,97.81579621339725,97.61346833091872,0.4337795882646276
9,Tea,2024-11-25,71.86866216714877,72.46901657661687,72.08628102461165,0.6003544094680962
9,Tea,2024-11-26,137.80403593899945,140.2058931338541,138.00586458843608,2.4018571948546423
9,Tea,2024-11-27,70.83904523005512,71.58015249170958,71.00878183349118,0.741107261654463
9,Tea,2024-11-28,70.95740476406111,71.71754215810722,71.10761530791017,0.7601373940461116
9,Tea,2024-11-29,74.40000432425013,78.62906750271094,74.55113308558046,4.229063178460805
9,Tea,2024-11-30,89.846582210605,88.39972330194773,90.00289233418447,1.6031690322367353
9,Tea,2024-12-01,85.24197426825054,84.53705284693095,85.38092818650806,0.8438753395771101
9,Tea,2024-12-02,62.28462496531482,62.20459400235781,62.40194912782099,0.1973551254631829
9,Tea,2024-12-03,62.43194463534158,63.07088712285497,62.525195135566264,0.6389424875133898
9,Tea,2024-12-04,62.67692293154077,62.28659250098406,62.75596652729306,0.46937402630900493
9,Tea,2024-12-05,93.64433019691887,95.99989445337594,93.7248205082256,2.355564256457072
9,Tea,2024-12-06,61.97532339926374,62.215857766277885,62.07590605721202,0.240534367014142
9,Tea,2024-12-07,97.52647911340134,97.68821330770587,97.62618594324746,0.16173419430452896
9,Tea,2024-12-08,98.7706509396204,99.55318391430758,98.86734691868214,0.7825329746871859
9,Tea,2024-12-09,71.71471297686331,72.39911651587848,71.80860150844055,0.6844035390151646
9,Tea,2024-12-10,216.28518691591,237.15430704423696,216.37961336542241,20.869120128326955
9,Tea,2024-12-11,72.7893017278663,72.77701592507427,72.88440334051299,0.10738741543872266
9,Tea,2024-12-12,73.10064116755098,73.5380906995612,73.19744908962429,0.43744953201021985
9,Tea,2024-12-13,73.14695289599617,73.64949062607278,73.23367981316584,0.502537730076611
9,Tea,2024-12-14,99.07006697661949,99.47782027139877,99.15312299546306,0.40775329477928324
9,Tea,2024-12-15,102.16243336333162,98.48872132563265,102.25308485790251,3.7643635322698543
9,Tea,2024-12-16,63.979649331181655,63.52107070491794,64.08576867733747,0.5646979724195305
9,Tea,2024-12-17,64.09462806182947,63.316636927278125,64.2055256877662,0.8888887604880722
9,Tea,2024-12-18,63.62753849362455,62.80340424647028,63.74759748305099,0.9441932365807091
9,Tea,2024-12-19,63.840667922205164,63.04114951610439,63.97176961872845,0.9306201026240615
9,Tea,2024-12-20,63.37809373209536,62.48606809984443,63.53190211557314,1.0458340157287083
9,Tea,2024-12-21,179.51696489829038,176.76018824548606,179.67390067596182,2.913712430475755
9,Tea,2024-12-22,85.24140911025751,84.32926151296105,85.37862802136918,1.0493665084081272
9,Tea,2024-12-23,131.60664079395403,128.57201000332526,131.7093672372469,3.137357233921648
9,Tea,2024-12-24,62.41940062715989,61.87315344292396,62.496791584792454,0.6236381418684971
9,Tea,2024-12-25,61.45335691994209,59.796666225712976,61.51564761967542,1.7189813939624443
9,Tea,2024-12-26,62.9598643051425,59.03862274771847,63.0409653740152,4.0023426262967305
9,Tea,2024-12-27,62.06757423035159,60.58366655420511,62.16493485735279,1.5812683031476809
9,Tea,2024-12-28,86.01868987475245,84.64505238964077,86.10503890210816,1.4599865124673954
9,Tea,2024-12-29,156.0436151195306,150.20266014067806,156.096646752089,5.893986611410924
9,Tea,2024-12-30,71.49297761165037,75.36972155397692,71.51524233182245,3.8767439423265415
9,Tea,2024-12-31,77.56435069620892,77.35402098274494,77.56366983734412,0.21032971346397744
10,Bakery,2024-11-01,58.63162939741266,57.21281917429933,54.98285872940833,3.6487706680043317
10,Bakery,2024-11-02,79.21079857444293,79.78351886239717,76.98007593300582,2.803442929391352
10,Bakery,2024-11-03,79.68944646848882,76.85162551218085,78.05481667448645,2.8378209563079793
10,Bakery,2024-11-04,60.305535320004154,58.95449844171246,58.77695971388527,1.5285756061188849
10,Bakery,2024-11-05,59.98011261472732,58.16958389569144,58.17725185701213,1.8105287190358794
10,Bakery,2024-11-06,72.93972802108048,73.91024466944182,71.6415294055899,2.2687152638519166
10,Bakery,2024-11-07,58.295074840545134,59.994041104303214,58.436634573421934,1.6989662637580807
10,Bakery,2024-11-08,58.684869648949885,60.00167081065349,58.819752858568044,1.3168011617036086
10,Bakery,2024-11-09,80.72050697121612,82.66740441590628,80.84655888155847,1.9468974446901512
10,Bakery,2024-11-10,80.41720006268947,82.77835000213597,80.53909559941258,2.3611499394464914
10,Bakery,2024-11-11,59.73826524424517,60.56537542415498,59.86296407858718,0.8271101799098091
10,Bakery,2024-11-12,43.173666963419876,42.32146255619497,43.25896147935697,0.9374989231619963
10,Bakery,2024-11-13,43.0605429103816,43.13421516140171,43.10273991664506,0.07367225102011332
10,Bakery,2024-11-14,42.876067295407104,43.21558036989502,42.91453231846557,0.33951307448791823
10,Bakery,2024-11-15,57.340017455728,58.280077351476436,57.38397286399287,0.9400598957484334
10,Bakery,2024-11-16,63.96875639358317,66.91328699530519,64.0125316016995,2.9445306017220148
10,Bakery,2024-11-17,63.27307815611912,66.13130017500767,63.30732911498642,2.858222018888547
10,Bakery,2024-11-18,45.690223687697596,48.13613248332942,45.715529955475276,2.445908795631823
10,Bakery,2024-11-19,44.881119747335035,45.8544819434787,44.89040660319611,0.9733621961436683
10,Bakery,2024-11-20,45.2367622943792,46.35689597136874,45.23328361920267,1.1236123521660701
10,Bakery,2024-11-21,87.19403527932798,85.83519135502837,87.18148658526765,1.358843924299606
10,Bakery,2024-11-22,45.44322143211389,46.412957415187314,45.436293258601815,0.9766641565854997
10,Bakery,2024-11-23,60.930296996788286,63.20874780872746,60.94614433165411,2.278450811939173
10,Bakery,2024-11-24,60.83476412579946,62.77355578980798,60.85489316207872,1.9387916640085194
10,Bakery,2024-11-25,41.87469992367381,41.909796370688596,41.90301074296213,0.0350964470147872
10,Bakery,2024-11-26,41.491149126811514,41.67446463809015,41.534499281403605,0.18331551127863577
10,Bakery,2024-11-27,42.195156699554964,41.61569291638529,42.23117352041142,0.6154806040261249
10,Bakery,2024-11-28,42.499263395409855,41.350114175002886,42.54042329759858,1.1903091225956928
10,Bakery,2024-11-29,45.34791509495523,45.66896595628634,45.420989819403005,0.32105086133110916
10,Bakery,2024-11-30,74.79602829815538,75.28537303330835,74.89925463531314,0.4893447351529687
10,Bakery,2024-12-01,118.65823785344931,117.44670127902174,118.78347015980421,1.336768880782472
10,Bakery,2024-12-02,53.642942109357485,54.30466358395125,53.790082576181234,0.6617214745937687
10,Bakery,2024-12-03,53.70395072034164,54.545422337642606,53.867415629692196,0.841471617300968
10,Bakery,2024-12-04,53.535599440883146,54.23589440822495,53.69602631166694,0.7002949673418044
10,Bakery,2024-12-05,76.26220451157769,77.4367719955301,76.41524632604411,1.1745674839524014
10,Bakery,2024-12-06,51.95172746554839,52.17603277509136,52.06698460783914,0.22430530954297012
10,Bakery,2024-12-07,71.70320279179133,72.56384898661275,71.78733156030937,0.8606461948214275
10,Bakery,2024-12-08,71.69152542430017,72.46757493960911,71.7789379136482,0.7760495153089408
10,Bakery,2024-12-09,51.710758771145876,51.88588595026392,51.797793619336275,0.17512717911804287
10,Bakery,2024-12-10,83.36116130954152,84.54792831089638,83.44277954351546,1.1867670013548661
10,Bakery,2024-12-11,57.56399909248833,58.123843259432626,57.620203386194746,0.5598441669442948
10,Bakery,2024-12-12,56.77493197682724,57.94341623723232,56.80071386026835,1.16848426040508
10,Bakery,2024-12-13,56.724186281793486,58.1388775609061,56.71742463178575,1.4214529291203561
10,Bakery,2024-12-14,77.5870244687475,79.83274854194372,77.56539514604296,2.2673533959007557
10,Bakery,2024-12-15,90.97401015186699,92.61677409949777,90.96533136789628,1.6514427316014917
10,Bakery,2024-12-16,59.24585109326133,62.12717020170264,59.25909107951983,2.8813191084413106
10,Bakery,2024-12-17,59.03187059893947,61.052129484740014,59.065374895921764,2.020258885800544
10,Bakery,2024-12-18,59.59748673055423,61.42428943679711,59.60772415463215,1.82680270624288
10,Bakery,2024-12-19,59.58223813240707,60.961933581251586,59.586543705781295,1.3796954488445152
10,Bakery,2024-12-20,59.340182102232625,61.42317936657201,59.35846935042519,2.082997264339383
10,Bakery,2024-12-21,81.7828501471653,85.05228737677511,81.79373708750998,3.2694372296098066
10,Bakery,2024-12-22,81.53048885729518,83.89379790309826,81.53183762308036,2.363309045803078
10,Bakery,2024-12-23,59.278109931947995,60.95183209184946,59.28186512400377,1.673722159901466
10,Bakery,2024-12-24,58.45311348444407,59.17673461879951,58.45997153407129,0.7236211343554402
10,Bakery,2024-12-25,49.5779203540026,49.34875770537137,49.57872470645954,0.2299670010881698
10,Bakery,2024-12-26,49.905965930405195,49.71699269156853,49.892833699525305,0.18897323883666672
10,Bakery,2024-12-27,50.10626849627893,50.03545575950939,50.07743547784811,0.0708127367695397
10,Bakery,2024-12-28,112.35692133058058,111.37689972757273,112.3237870489907,0.9800216030078417
10,Bakery,2024-12-29,71.893102111015,73.32184409598412,71.9027596453785,1.4287419849691219
10,Bakery,2024-12-30,52.60154843198658,53.69857213992551,52.626900122800784,1.0970237079389307
10,Bakery,2024-12-31,62.719030201808636,65.7097232974698,62.73611191598082,2.9906930956611575
10,Chocolate & Milk,2024-11-01,33.729423109280496,34.04206685141504,33.97421844747484,0.31264374213454715
10,Chocolate & Milk,2024-11-02,47.54890961174701,47.552971271685365,47.590659035212425,0.041749423465418545
10,Chocolate & Milk,2024-11-03,46.77007646708528,47.0875300389486,47.10127664950555,0.33120018242026816
10,Chocolate & Milk,2024-11-04,32.59871706849603,33.165741621758116,32.96187002963752,0.5670245532620868
10,Chocolate & Milk,2024-11-05,32.66280747959561,34.3717032792701,33.288096078164955,1.7088957996744938
10,Chocolate & Milk,2024-11-06,41.98612090454216,45.42649343150153,42.077409299316514,3.440372526959365
10,Chocolate & Milk,2024-11-07,33.19520211262061,36.01084154049279,33.210661997363204,2.8156394278721777
10,Chocolate & Milk,2024-11-08,33.338434259872784,36.166227163285306,33.355136719796484,2.827792903412522
10,Chocolate & Milk,2024-11-09,47.99845354754804,50.528133050607785,48.00912701841051,2.5296795030597465
10,Chocolate & Milk,2024-11-10,48.15237383902066,50.494925664792405,48.15765121292205,2.342551825771743
10,Chocolate & Milk,2024-11-11,34.160923452574124,35.556607384621344,34.16340313542702,1.3956839320472199
10,Chocolate & Milk,2024-11-12,24.147996983778626,24.141274020507964,24.156736964811866,0.015462944303902049
10,Chocolate & Milk,2024-11-13,24.45385458693345,24.42444697122253,24.465174339714835,0.040727368492305516
10,Chocolate & Milk,2024-11-14,24.11688891272496,23.88790567441474,24.13121155552737,0.2433058811126294
10,Chocolate & Milk,2024-11-15,32.96516204448862,33.49211137510817,32.99289258230834,0.5269493306195514
10,Chocolate & Milk,2024-11-16,37.56888048559689,37.90953589245723,37.60392655089723,0.3406554068603356
10,Chocolate & Milk,2024-11-17,38.09954454886374,39.705615210658024,38.139696598385314,1.6060706617942841
10,Chocolate & Milk,2024-11-18,26.143818747215143,26.727103122278404,26.191482931389487,0.5832843750632613
10,Chocolate & Milk,2024-11-19,25.472457468896287,25.751849310364918,25.526166709914378,0.2793918414686303
10,Chocolate & Milk,2024-11-20,25.69532276040721,26.309110499587852,25.753889827672147,0.6137877391806441
10,Chocolate & Milk,2024-11-21,53.30388786471681,51.35528328080405,53.36520430810088,2.0099210272968264
10,Chocolate & Milk,2024-11-22,25.491492433556488,26.34797227955317,25.55026659668495,0.8564798459966809
10,Chocolate & Milk,2024-11-23,35.792875224096896,36.824352902298294,35.844833299984565,1.031477678201398
10,Chocolate & Milk,2024-11-24,35.928630200338866,36.71265098869791,35.98045393171162,0.7840207883590438
10,Chocolate & Milk,2024-11-25,24.277658444613145,24.58376821924623,24.326388458360945,0.30610977463308586
10,Chocolate & Milk,2024-11-26,23.858111516933402,24.186313406424972,23.899209333986867,0.32820188949157014
10,Chocolate & Milk,2024-11-27,24.19169426972159,24.23037227549045,24.23213062972821,0.040436360006619765
10,Chocolate & Milk,2024-11-28,24.040734939977455,23.836420784899115,24.081672971860357,0.24525218696124185
10,Chocolate & Milk,2024-11-29,25.46127866310466,26.347341473531586,25.49709642829298,0.8860628104269246
10,Chocolate & Milk,2024-11-30,44.62858435069098,44.62776168108144,44.65772595224457,0.029964271163130718
10,Chocolate & Milk,2024-12-01,71.46379797686244,70.67716290207917,71.48540378841676,0.8082408863375861
10,Chocolate & Milk,2024-12-02,31.228568525270504,32.134881935093986,31.24759411874941,0.9063134098234826
10,Chocolate & Milk,2024-12-03,31.1605636183052,31.561530202230088,31.17632745193369,0.4009665839248875
10,Chocolate & Milk,2024-12-04,31.377139078504282,31.559199368635866,31.385651655782215,0.18206029013158442
10,Chocolate & Milk,2024-12-05,45.93459500718889,46.765110755723484,45.93620446340408,0.8305157485345944
10,Chocolate & Milk,2024-12-06,30.147463957132672,30.43595838499346,30.155830808549744,0.28849442786078683
10,Chocolate & Milk,2024-12-07,43.161722147053744,43.542574790978875,43.176588416497886,0.38085264392513096
10,Chocolate & Milk,2024-12-08,43.74585154161652,44.09059094875234,43.76084278270244,0.34473940713582607
10,Chocolate & Milk,2024-12-09,30.625013134632493,30.667134789063155,30.6446156061364,0.0421216544306624
10,Chocolate & Milk,2024-12-10,50.613183486693956,51.13886113374115,50.63473663162783,0.5256776470471962
10,Chocolate & Milk,2024-12-11,34.54578639880189,34.80492468589709,34.56809941595051,0.2591382870952046
10,Chocolate & Milk,2024-12-12,33.89600965523595,34.338719546164896,33.92205050950974,0.4427098909289455
10,Chocolate & Milk,2024-12-13,33.27481596586149,34.39885947017042,33.298675508820594,1.1240435043089292
10,Chocolate & Milk,2024-12-14,46.60069424547556,47.88155822659019,46.61732618568711,1.2808639811146278
10,Chocolate & Milk,2024-12-15,56.81695139486232,57.2960994226353,56.82854340729186,0.47914802777297893
10,Chocolate & Milk,2024-12-16,35.769252228028364,36.94424059258391,35.779334873137955,1.1749883645555457
10,Chocolate & Milk,2024-12-17,35.392417735758016,36.47304016050753,35.39937263078663,1.0806224247495138
10,Chocolate & Milk,2024-12-18,36.170996317978165,36.86505575955699,36.18319890614326,0.6940594415788226
10,Chocolate & Milk,2024-12-19,35.79621725588606,36.703747460109994,35.81273582896544,0.9075302042239315
10,Chocolate & Milk,2024-12-20,35.34818882768685,36.3991466513998,35.36843947800065,1.050957823712956
10,Chocolate & Milk,2024-12-21,49.473909175064726,51.51717209523687,49.50011394303652,2.043262920172147
10,Chocolate & Milk,2024-12-22,49.0192355375182,50.532034356988156,49.044307526822735,1.5127988194699569
10,Chocolate & Milk,2024-12-23,35.23312134072067,36.02882219065215,35.25672457848883,0.7957008499314782
10,Chocolate & Milk,2024-12-24,35.21972758031558,34.94555455240916,35.245621704492095,0.30006715208293144
10,Chocolate & Milk,2024-12-25,29.79646184456416,29.899930817431805,29.819791148956817,0.10346897286764545
10,Chocolate & Milk,2024-12-26,29.267921987581573,29.11218786552259,29.287040863464526,0.17485299794193665
10,Chocolate & Milk,2024-12-27,29.314504298273537,29.174999737500944,29.327847698997154,0.15284796149621016
10,Chocolate & Milk,2024-12-28,71.23246770207426,70.26074884168418,71.24171203294753,0.9809631912633563
10,Chocolate & Milk,2024-12-29,43.89670440917058,44.53707145791212,43.899185096259885,0.6403670487415383
10,Chocolate & Milk,2024-12-30,30.836393617988552,31.55392377962882,30.83934741200745,0.7175301616402692
10,Chocolate & Milk,2024-12-31,37.519925386300955,39.36653470294553,37.521963763043814,1.8466093166445745
10,Coffee,2024-11-01,245.0688804092618,236.4746652169582,227.68485535867887,17.38402505058292
10,Coffee,2024-11-02,323.79872905941653,324.76080791403893,306.3513375950606,18.40947031897832
10,Coffee,2024-11-03,329.84128508058586,322.25046409997935,316.0381983233822,13.803086757203687
10,Coffee,2024-11-04,246.11912723976576,238.603877605825,233.03118207770987,13.087945162055888
10,Coffee,2024-11-05,244.6180886291928,238.59881494360647,235.92604781615714,8.692040813035675
10,Coffee,2024-11-06,296.8956705005509,301.0341716594903,288.58679875878255,12.447372900707762
10,Coffee,2024-11-07,235.94745893174814,246.38995527937257,235.29393451413608,11.096020765236489
10,Coffee,2024-11-08,240.12626690882408,248.36383282684994,239.2356483509147,9.128184475935257
10,Coffee,2024-11-09,328.8096492312535,343.61383210156174,327.76396845866276,15.849863642898981
10,Coffee,2024-11-10,322.47723260718396,343.35720267199423,321.6098069150711,21.74739575692314
10,Coffee,2024-11-11,236.29366764047887,248.87058661526106,235.63301763319822,13.23756898206284
10,Coffee,2024-11-12,173.32502478636832,169.89396010874154,172.85597005816592,3.431064677626779
10,Coffee,2024-11-13,173.82605970724916,172.95584556238418,173.47836481625572,0.8702141448649741
10,Coffee,2024-11-14,173.659707525563,175.528859827946,173.35400376381003,2.17485606413598
10,Coffee,2024-11-15,233.0270861940395,238.70908463970486,232.7772282231401,5.931856416564756
10,Coffee,2024-11-16,258.8585201309144,276.2685802041901,258.7529011024877,17.515679101702347
10,Coffee,2024-11-17,259.9917904803912,279.6424018996885,260.0314670147983,19.650611419297263
10,Coffee,2024-11-18,187.6708877624089,190.94100994768425,187.8277953972952,3.2701221852753406
10,Coffee,2024-11-19,185.80167324637475,184.48770568402472,186.0311543766951,1.5434486926703812
10,Coffee,2024-11-20,188.78642724680188,183.88217590555698,189.12052128662359,5.238345381066608
10,Coffee,2024-11-21,350.77093745748454,340.2502106512369,351.12354825597316,10.873337604736264
10,Coffee,2024-11-22,193.7449340044733,184.34556023867913,193.99652368589346,9.650963447214338
10,Coffee,2024-11-23,257.0775662776425,247.97097097551418,257.225364105161,9.254393129646843
10,Coffee,2024-11-24,259.2050010688073,257.07200191953183,259.4407248282109,2.3687229086790467
10,Coffee,2024-11-25,185.5839139156061,166.9259864291389,185.8615975259416,18.93561109680269
10,Coffee,2024-11-26,182.5351922589836,165.15415654090546,182.6952199051487,17.54106336424323
10,Coffee,2024-11-27,185.1524505150386,166.68404887073643,185.245391402396,18.561342531659562
10,Coffee,2024-11-28,185.51700133957286,170.40857494300406,185.57194690160816,15.163371958604102
10,Coffee,2024-11-29,194.62513653139766,188.7432880891801,194.55763012195018,5.881848442217546
10,Coffee,2024-11-30,306.8204213320306,304.6192074127821,306.77786198018464,2.2012139192485165
10,Coffee,2024-12-01,478.5463232175181,477.8886462706107,478.5937411332936,0.7050948626828699
10,Coffee,2024-12-02,222.99633722756394,222.5823326468809,223.03242718258963,0.4500945357087289
10,Coffee,2024-12-03,221.93907351978834,223.40055907005527,221.85229706574276,1.5482620043125053
10,Coffee,2024-12-04,218.2386447454952,218.61963320135325,218.08442052883072,0.5352126725225332
10,Coffee,2024-12-05,310.289017497454,314.0484827152177,309.96501592519405,4.083466790023635
10,Coffee,2024-12-06,210.47574123449147,209.43784477197119,210.01210938303547,1.0378964625202798
10,Coffee,2024-12-07,288.86132089610487,293.91665966030786,288.36853635780903,5.548123302498823
10,Coffee,2024-12-08,287.4841421833029,292.81638002493014,287.08347226371325,5.732907761216893
10,Coffee,2024-12-09,206.8286020271869,208.98894751256208,206.54261663245467,2.4463308801074106
10,Coffee,2024-12-10,327.6725739727506,336.0436073279814,327.49776993231717,8.54583739566425
10,Coffee,2024-12-11,224.24392068341268,231.1182896317376,224.08646828465234,7.03182134708527
10,Coffee,2024-12-12,223.27893938802464,231.27884400433976,222.98108192029997,8.297762084039789
10,Coffee,2024-12-13,227.28794128760808,234.8311236473203,226.7669955196905,8.0641281276298
10,Coffee,2024-12-14,308.75848605338786,321.8799170162913,308.18326753288466,13.696649483406645
10,Coffee,2024-12-15,373.3933789563536,375.94171231495443,372.97622015510206,2.9654921598523742
10,Coffee,2024-12-16,244.88978793021832,250.83102104676354,244.63703964811862,6.193981398644922
10,Coffee,2024-12-17,247.43368604110316,254.91282086954652,247.18458819826486,7.72823267128166
10,Coffee,2024-12-18,252.6929467864627,257.6141226758773,252.44395190139008,5.170170774487218
10,Coffee,2024-12-19,250.67378901954154,257.49694407997833,250.3031958001572,7.193748279821136
10,Coffee,2024-12-20,255.4987494622301,258.5468784391297,254.89575319720083,3.651125241928895
10,Coffee,2024-12-21,339.1862778372112,353.33158912395606,338.52462692405663,14.80696219989943
10,Coffee,2024-12-22,337.881902836663,349.2789231398121,337.364841117874,11.9140820219381
10,Coffee,2024-12-23,251.13683928579678,255.38574965000115,250.72139557846452,4.664354071536621
10,Coffee,2024-12-24,246.64126363361518,246.21405733490442,246.34718497654333,0.42720629871075744
10,Coffee,2024-12-25,209.48561508753198,207.6443529659657,209.2401742002694,1.841262121566274
10,Coffee,2024-12-26,211.96027745439375,208.106652066247,211.5597756557127,3.853625388146753
10,Coffee,2024-12-27,212.98290228077846,208.1909509280673,212.3075149771151,4.791951352711152
10,Coffee,2024-12-28,463.71663420238747,459.82328045474094,463.02290217075426,3.893353747646529
10,Coffee,2024-12-29,295.74113280244177,300.73070055972914,295.1725504964046,5.558150063324547
10,Coffee,2024-12-30,215.76086371173164,217.70331044968654,215.3213278872318,2.3819825624547377
10,Coffee,2024-12-31,256.1102993543868,266.9875131429649,255.7827815789397,11.204731564025167
10,Juice & Smoothie,2024-11-01,15.823107876024636,14.60864357102152,14.008577202437634,1.8145306735870026
10,Juice & Smoothie,2024-11-02,22.38295412135923,21.61899137780035,20.590077340933192,1.7928767804260382
10,Juice & Smoothie,2024-11-03,22.652686338882074,22.233312796524697,21.52481453837068,1.127871800511393
10,Juice & Smoothie,2024-11-04,15.375432051357006,14.696105944802731,14.293982484465134,1.0814495668918713
10,Juice & Smoothie,2024-11-05,15.212298491285376,15.210547966770125,14.62921278775612,0.5830857035292549
10,Juice & Smoothie,2024-11-06,21.399831598550936,20.556576942818843,20.64940987417206,0.8432546557320926
10,Juice & Smoothie,2024-11-07,15.951732316903753,15.857255160259326,15.970066218444291,0.11281105818496506
10,Juice & Smoothie,2024-11-08,16.044194821410446,15.689910927120723,16.064345853343035,0.3744349262223121
10,Juice & Smoothie,2024-11-09,23.20515143650471,23.685679064490607,23.218240836314003,0.48052762798589654
10,Juice & Smoothie,2024-11-10,22.905127159233977,22.97488119243402,22.910495211844996,0.06975403320004148
10,Juice & Smoothie,2024-11-11,15.558905084248481,15.582624921476109,15.557772728779673,0.024852192696435793
10,Juice & Smoothie,2024-11-12,15.380017008703243,15.394578132778223,15.374339787499226,0.02023834527899737
10,Juice & Smoothie,2024-11-13,15.504713367812206,15.616226061108208,15.494162588909829,0.12206347219837888
10,Juice & Smoothie,2024-11-14,15.439078044652097,15.869475584914618,15.431270153559266,0.4382054313553514
10,Juice & Smoothie,2024-11-15,21.019558700249636,22.166983828882145,21.01677254049281,1.150211288389336
10,Juice & Smoothie,2024-11-16,24.08405895693605,25.27815542712463,24.088757387090215,1.1940964701885797
10,Juice & Smoothie,2024-11-17,24.273544772190316,25.201689311219862,24.277434293754304,0.928144539029546
10,Juice & Smoothie,2024-11-18,16.783611160966203,16.92407476317731,16.789697498762653,0.14046360221110632
10,Juice & Smoothie,2024-11-19,16.450885763172312,16.775275072476216,16.461291719463265,0.3243893093039034
10,Juice & Smoothie,2024-11-20,16.8063709117501,17.285602843277562,16.82070776749402,0.4792319315274618
10,Juice & Smoothie,2024-11-21,34.82850920604144,34.06531927328585,34.84380387249713,0.7784845992112821
10,Juice & Smoothie,2024-11-22,16.86788143339953,16.85436156416536,16.888614378320078,0.03425281415471915
10,Juice & Smoothie,2024-11-23,22.97348222790465,22.65861941853216,22.995656551190216,0.3370371326580539
10,Juice & Smoothie,2024-11-24,22.336122697552355,21.695793455417,22.355464529501184,0.6596710740841836
10,Juice & Smoothie,2024-11-25,15.38862200741911,14.305944044450447,15.407939362306855,1.1019953178564084
10,Juice & Smoothie,2024-11-26,15.482844244279445,14.58364351342378,15.506301719213724,0.9226582057899435
10,Juice & Smoothie,2024-11-27,15.62239324703032,14.849758231233562,15.641145006970829,0.7913867757372675
10,Juice & Smoothie,2024-11-28,15.766055601310779,14.909892267767543,15.78202309555276,0.8721308277852167
10,Juice & Smoothie,2024-11-29,16.62558768639004,16.317473549786484,16.639126415106407,0.32165286531992265
10,Juice & Smoothie,2024-11-30,28.36826780502251,28.28635089968174,28.38438245302459,0.09803155334284952
10,Juice & Smoothie,2024-12-01,47.572129251821444,46.803537834029555,47.59074580513881,0.7872079711092539
10,Juice & Smoothie,2024-12-02,19.904411554737848,20.172747578777336,19.92461999120655,0.2683360240394883
10,Juice & Smoothie,2024-12-03,19.862915926869398,20.346858798842195,19.8761466525671,0.48394287197279695
10,Juice & Smoothie,2024-12-04,20.154645196635034,20.509948766842072,20.160942794780148,0.3553035702070382
10,Juice & Smoothie,2024-12-05,29.208897425154618,29.6525825105386,29.211944236472647,0.4436850853839829
10,Juice & Smoothie,2024-12-06,18.99585233399045,19.263443412746394,18.998951741850455,0.26759107875594523
10,Juice & Smoothie,2024-12-07,26.890692261288656,27.424953696672844,26.891353433331563,0.5342614353841881
10,Juice & Smoothie,2024-12-08,26.977311777680164,27.4326756425154,26.97817779941287,0.4553638648352347
10,Juice & Smoothie,2024-12-09,18.609130894129716,18.677079244894966,18.60945754633778,0.06794835076524919
10,Juice & Smoothie,2024-12-10,31.81921276536564,32.04885034827893,31.820702952156047,0.22963758291329128
10,Juice & Smoothie,2024-12-11,21.046177557059845,21.169406937091555,21.039028652558034,0.13037828453352063
10,Juice & Smoothie,2024-12-12,21.01818593522847,21.427790860717163,21.01011724687764,0.41767361383952206
10,Juice & Smoothie,2024-12-13,20.931964592904148,21.60645697640178,20.929786899375657,0.6766700770261238
10,Juice & Smoothie,2024-12-14,29.673544107379914,30.670894998461574,29.6788661198046,0.9973508910816591
10,Juice & Smoothie,2024-12-15,35.656107761605206,36.351528335737996,35.66322942080687,0.6954205741327897
10,Juice & Smoothie,2024-12-16,22.914553050915927,23.72563584133414,22.925450296790107,0.8110827904182116
10,Juice & Smoothie,2024-12-17,22.285967491736773,22.859088883748765,22.29697240754037,0.5731213920119913
10,Juice & Smoothie,2024-12-18,22.761584871402135,23.21616773452442,22.769745348732037,0.45458286312228324
10,Juice & Smoothie,2024-12-19,22.77481160721887,23.186131561453287,22.78719641734119,0.41131995423441836
10,Juice & Smoothie,2024-12-20,22.68076712131669,23.306728829285547,22.701971249663146,0.6259617079688553
10,Juice & Smoothie,2024-12-21,31.06052527135406,31.778714995279262,31.082257404875364,0.7181897239252031
10,Juice & Smoothie,2024-12-22,31.60103947523472,32.42642293432447,31.621133394024774,0.8253834590897497
10,Juice & Smoothie,2024-12-23,22.655635424750827,22.99314786732073,22.67062543921408,0.33751244256990276
10,Juice & Smoothie,2024-12-24,22.758548958398087,22.6155560895533,22.772695097041044,0.1571390074877428
10,Juice & Smoothie,2024-12-25,19.334992472392408,19.18637537870353,19.349867386389842,0.16349200768631178
10,Juice & Smoothie,2024-12-26,19.77869357999481,19.635601113598995,19.796690047764667,0.16108893416567227
10,Juice & Smoothie,2024-12-27,19.063361252285507,18.932711632374534,19.076089032656615,0.14337740028208046
10,Juice & Smoothie,2024-12-28,45.51444454835752,44.25769109461737,45.520754967820345,1.2630638732029738
10,Juice & Smoothie,2024-12-29,27.437611015570923,28.079072905799233,27.43854930291255,0.6414618902283102
10,Juice & Smoothie,2024-12-30,19.6861517086083,19.97705162345097,19.682699277420845,0.2943523460301236
10,Juice & Smoothie,2024-12-31,23.63950490575225,24.587279134509966,23.631447581751214,0.9558315527587524
10,Merchandise,2024-11-01,11.789239258713916,12.3170499497139,12.294945794515792,0.5278106909999831
10,Merchandise,2024-11-02,16.76270359993746,17.169775925063995,17.102847126770623,0.4070723251265349
10,Merchandise,2024-11-03,16.462546983636997,17.53809447854423,16.514346098249373,1.0755474949072337
10,Merchandise,2024-11-04,11.635512330886135,12.158975803399661,11.745896512069702,0.5234634725135265
10,Merchandise,2024-11-05,11.30149842415404,12.074837942361818,11.550093580330902,0.7733395182077771
10,Merchandise,2024-11-06,14.076472522814607,15.06575919233845,14.149570891243108,0.9892866695238443
10,Merchandise,2024-11-07,11.882491137675238,13.114569835933013,11.890567589137007,1.2320786982577747
10,Merchandise,2024-11-08,11.502351940064392,12.637853538903904,11.512321662858312,1.1355015988395127
10,Merchandise,2024-11-09,16.688473138992272,17.95023004269403,16.694238425554907,1.2617569037017589
10,Merchandise,2024-11-10,16.834806342187864,18.3107479029888,16.833889650992248,1.4768582519965534
10,Merchandise,2024-11-11,12.211452870529829,13.0762188569276,12.201898383263895,0.8743204736637047
10,Merchandise,2024-11-12,8.51278225941094,8.89260909097107,8.501342225738657,0.3912668652324136
10,Merchandise,2024-11-13,8.561415559292204,8.99724497531581,8.555313034033102,0.44193194128270896
10,Merchandise,2024-11-14,8.428091096519829,8.910824210711823,8.425465950765368,0.4853582599464552
10,Merchandise,2024-11-15,11.794723985832336,12.325392841918283,11.792211432948088,0.5331814089701954
10,Merchandise,2024-11-16,13.347004764926771,14.091868671624093,13.342926004101336,0.7489426675227566
10,Merchandise,2024-11-17,13.337593563253643,14.14970370240339,13.33199722829411,0.8177064741092792
10,Merchandise,2024-11-18,9.355057654342424,10.006467659667855,9.346316194751616,0.6601514649162397
10,Merchandise,2024-11-19,9.350719185502928,9.884183181583985,9.342082220069795,0.5421009615141905
10,Merchandise,2024-11-20,9.253768125330634,9.765546010157435,9.24870373042336,0.5168422797340746
10,Merchandise,2024-11-21,17.978799344208202,17.680336036916586,17.976542669108305,0.2984633072916161
10,Merchandise,2024-11-22,9.24143186316532,9.510175893497465,9.243864965602972,0.26874403033214556
10,Merchandise,2024-11-23,13.166792666930654,13.721355358426422,13.169983642734456,0.554562691495768
10,Merchandise,2024-11-24,12.733886998479704,13.079399076767501,12.732313771654319,0.3470853051131826
10,Merchandise,2024-11-25,8.68018909817863,8.76766981121393,8.676689789852345,0.09098002136158456
10,Merchandise,2024-11-26,8.483370851024167,8.484940585572133,8.48247891281662,0.0024616727555137885
10,Merchandise,2024-11-27,8.529709585668083,8.575685173040235,8.53194582709327,0.04597558737215124
10,Merchandise,2024-11-28,8.569834560481722,8.560288114080976,8.572432129081694,0.012144015000718156
10,Merchandise,2024-11-29,9.03332745292106,9.187078162456626,9.03653720112521,0.15375070953556502
10,Merchandise,2024-11-30,15.797719066989716,15.800604280319543,15.800809369566887,0.0030903025771706893
10,Merchandise,2024-12-01,24.68873964511987,24.078929007920845,24.687417270723873,0.6098106371990255
10,Merchandise,2024-12-02,10.941837601004883,10.964599758464992,10.93730049458164,0.0272992638833518
10,Merchandise,2024-12-03,10.946098741927242,11.030008562275412,10.940455226775695,0.08955333549971733
10,Merchandise,2024-12-04,11.053561941651344,11.035917874767918,11.054791616937669,0.018873742169750685
10,Merchandise,2024-12-05,16.474845510284197,16.299975658569803,16.47912860785675,0.17915294928694792
10,Merchandise,2024-12-06,10.551798667341224,10.455356274881836,10.555231109374244,0.09987483449240742
10,Merchandise,2024-12-07,15.23052163625681,15.297764962348882,15.231002076803694,0.06724332609207195
10,Merchandise,2024-12-08,15.330529024120324,15.340357807771994,15.325081040961752,0.015276766810242037
10,Merchandise,2024-12-09,10.824376902249686,10.64514529522179,10.813890190872806,0.1792316070278961
10,Merchandise,2024-12-10,18.365053058748558,18.034416637776125,18.353332435835718,0.3306364209724322
10,Merchandise,2024-12-11,12.06229507045509,11.915748461701284,12.0534386506781,0.14654660875380543
10,Merchandise,2024-12-12,11.998972883059182,11.941525367155526,11.99243203055839,0.0574475159036556
10,Merchandise,2024-12-13,11.96627147489296,11.958640770617833,11.960597018506327,0.007630704275126021
10,Merchandise,2024-12-14,16.649732017560336,17.043431402390155,16.64085317057939,0.40257823181076446
10,Merchandise,2024-12-15,19.4390980942045,19.54166060723597,19.423988471583336,0.1176721356526329
10,Merchandise,2024-12-16,12.09555430641226,12.059563078368225,12.081625932929624,0.035991228044036205
10,Merchandise,2024-12-17,10.465685775381608,10.377861551111607,10.456305057414443,0.08782422427000114
10,Merchandise,2024-12-18,10.403533229356471,10.283295350256136,10.395753813751494,0.12023787910033512
10,Merchandise,2024-12-19,10.185825893617833,10.051877052160565,10.18006691989779,0.13394884145726849
10,Merchandise,2024-12-20,10.243035409897272,10.11369145905218,10.239731799691398,0.12934395084509198
10,Merchandise,2024-12-21,15.011083341934269,15.124982848588372,15.00798938455349,0.11699346403488242
10,Merchandise,2024-12-22,14.66461042744317,14.442436391720877,14.65727423983926,0.22217403572229344
10,Merchandise,2024-12-23,10.428415872816675,10.345242694807663,10.418737288355539,0.08317317800901236
10,Merchandise,2024-12-24,10.259744627927946,9.956817189307028,10.251791110769322,0.30292743862091775
10,Merchandise,2024-12-25,10.338695714703928,10.176366919231391,10.334773196732694,0.1623287954725363
10,Merchandise,2024-12-26,10.170786733787436,9.94416122698982,10.172629170123967,0.22846794313414698
10,Merchandise,2024-12-27,10.06747263259481,9.817773412395132,10.070520240420755,0.2527468280256233
10,Merchandise,2024-12-28,23.38492766380445,21.96142918117631,23.38590715117113,1.4244779699948182
10,Merchandise,2024-12-29,15.382616713285596,15.447215751057248,15.37558985496879,0.07162589608845771
10,Merchandise,2024-12-30,10.763476597811009,10.867379821443118,10.750633659467798,0.1167461619753194
10,Merchandise,2024-12-31,13.17286791504209,13.611580182287002,13.160682716752566,0.4508974655344353
10,Savory Bakery,2024-11-01,45.92299435939347,45.32335001000188,43.455056156969334,2.4679382024241363
10,Savory Bakery,2024-11-02,62.029279890725014,60.94483113296935,59.31573911819643,2.7135407725285816
10,Savory Bakery,2024-11-03,63.348432831083784,62.90221396349912,61.742695004500774,1.6057378265830096
10,Savory Bakery,2024-11-04,46.828945604567984,46.62745296308869,45.169016082433096,1.6599295221348882
10,Savory Bakery,2024-11-05,46.42223725913731,45.75234931156748,45.51974966192345,0.9024875972138631
10,Savory Bakery,2024-11-06,56.70057930070144,60.75568332368872,55.2248693283239,5.530813995364824
10,Savory Bakery,2024-11-07,43.934361673165704,47.06489035739244,44.127680571680756,3.1305286842267392
10,Savory Bakery,2024-11-08,44.16867509015234,47.255279493258485,44.332715862801294,3.0866044031061435
10,Savory Bakery,2024-11-09,61.77909218514098,65.62220364592946,61.895183793022795,3.843111460788478
10,Savory Bakery,2024-11-10,61.10574205159595,65.1344859928555,61.180350445781315,4.028743941259549
10,Savory Bakery,2024-11-11,44.12598237265624,46.98886070640015,44.185138297644414,2.8628783337439145
10,Savory Bakery,2024-11-12,31.397022423851656,32.27753497016759,31.416533430858625,0.8805125463159378
10,Savory Bakery,2024-11-13,31.689189301984662,33.029788798220714,31.662587137797182,1.3672016604235324
10,Savory Bakery,2024-11-14,31.929698541027488,33.56605436932192,31.898025524160794,1.6680288451611247
10,Savory Bakery,2024-11-15,43.2474383678758,44.984253697097344,43.1947911580004,1.7894625390969452
10,Savory Bakery,2024-11-16,48.574103393532326,50.64183922102226,48.50177928286183,2.1400599381604266
10,Savory Bakery,2024-11-17,50.162241381831656,53.81769080814179,50.08083510947558,3.7368556986662114
10,Savory Bakery,2024-11-18,33.93618475407024,35.71690302079729,33.8586882174003,1.85821480339699
10,Savory Bakery,2024-11-19,33.664574434081715,34.75881412034386,33.594789098321826,1.164025022022031
10,Savory Bakery,2024-11-20,34.071634927429244,34.93856000501623,34.04755591148771,0.8910040935285153
10,Savory Bakery,2024-11-21,69.4205487665434,68.48105855020712,69.44357130833549,0.9625127581283692
10,Savory Bakery,2024-11-22,34.71292819736268,34.378353622913224,34.785377321350374,0.40702369843715047
10,Savory Bakery,2024-11-23,47.18040480263664,46.48603028499662,47.309841861177894,0.8238115761812708
10,Savory Bakery,2024-11-24,46.29542368240896,44.70686799243471,46.44695265905283,1.7400846666181238
10,Savory Bakery,2024-11-25,32.729573675236956,30.996019965321743,32.870587580856274,1.8745676155345308
10,Savory Bakery,2024-11-26,32.267626787931796,30.47684581227705,32.40651435096826,1.9296685386912102
10,Savory Bakery,2024-11-27,32.273652802771835,30.760818983449354,32.39272296455515,1.6319039811057934
10,Savory Bakery,2024-11-28,32.63886119619069,31.676077177587512,32.7464736642139,1.0703964866263895
10,Savory Bakery,2024-11-29,34.47785442095473,33.97809384664109,34.579059398375904,0.6009655517348165
10,Savory Bakery,2024-11-30,57.317773635019776,57.162526516593815,57.39802995228609,0.23550343569227294
10,Savory Bakery,2024-12-01,92.4695035615154,91.25685754070787,92.51300373114216,1.2561461904342934
10,Savory Bakery,2024-12-02,40.95700228441451,41.58311576508558,40.988447598453426,0.6261134806710729
10,Savory Bakery,2024-12-03,40.268710804273965,41.50391981729244,40.28492151551619,1.2352090130184763
10,Savory Bakery,2024-12-04,40.24496159626966,41.10302260567926,40.24021332259645,0.8628092830828038
10,Savory Bakery,2024-12-05,59.744829041398035,60.28007595307877,59.74379433296008,0.5362816201186931
10,Savory Bakery,2024-12-06,38.916017904778066,39.38361627243575,38.89937773930553,0.4842385331302239
10,Savory Bakery,2024-12-07,55.48789821434295,56.39086506529599,55.44699095485791,0.943874110438081
10,Savory Bakery,2024-12-08,55.84306288876165,56.65332560044325,55.803106623439646,0.8502189770036068
10,Savory Bakery,2024-12-09,39.31443255244877,39.78276486718069,39.24301478832803,0.5397500788526557
10,Savory Bakery,2024-12-10,64.70357083752586,65.66783000426756,64.59757517119886,1.0702548330687023
10,Savory Bakery,2024-12-11,43.62446515102399,44.474250157313406,43.485157272565544,0.989092884747862
10,Savory Bakery,2024-12-12,42.70999392470393,43.844524659900415,42.56899390170186,1.2755307581985562
10,Savory Bakery,2024-12-13,42.75546654382935,44.218094515767284,42.62932768819597,1.5887668275713125
10,Savory Bakery,2024-12-14,59.950602120701575,61.975023953995766,59.8748529799967,2.100170973999063
10,Savory Bakery,2024-12-15,72.16992744791618,72.95358077206245,72.12919766269397,0.8243831093684832
10,Savory Bakery,2024-12-16,45.53558077998036,47.60999000599089,45.51901972449762,2.09097028149327
10,Savory Bakery,2024-12-17,45.532431538946355,47.36014622369437,45.56815493148105,1.8277146847480168
10,Savory Bakery,2024-12-18,46.509554319157886,47.78574672320311,46.566192607089874,1.2761924040452257
10,Savory Bakery,2024-12-19,45.83119235926009,47.352971033478426,45.88096258855423,1.5217786742183321
10,Savory Bakery,2024-12-20,45.81276562401873,47.35304656399525,45.861914693393,1.540280939976519
10,Savory Bakery,2024-12-21,63.010680295895426,65.38694320650745,63.045915076112195,2.376262910612027
10,Savory Bakery,2024-12-22,62.785461458704525,64.5147950421752,62.81544679578892,1.7293335834706696
10,Savory Bakery,2024-12-23,45.59046652395191,46.91890531888812,45.62394832725195,1.3284387949362113
10,Savory Bakery,2024-12-24,45.197045260927645,45.11600486070827,45.230834853711784,0.11482999300351082
10,Savory Bakery,2024-12-25,38.364160348045004,38.33268681114471,38.38069866114972,0.04801185000501107
10,Savory Bakery,2024-12-26,38.7952129314705,38.6216063064146,38.79757032545212,0.17596401903752223
10,Savory Bakery,2024-12-27,38.228668387696416,37.842984899803696,38.20815894843728,0.3856834878927202
10,Savory Bakery,2024-12-28,89.45871535094766,88.2558684302947,89.41131744468083,1.2028469206529593
10,Savory Bakery,2024-12-29,55.61698604104793,57.004974764178016,55.586797557323074,1.418177206854942
10,Savory Bakery,2024-12-30,39.756109276072564,41.099074747370395,39.733416568523644,1.3656581788467506
10,Savory Bakery,2024-12-31,48.319088381614165,50.77309207308356,48.28310742816032,2.48998464492324
10,Tea,2024-11-01,82.33613764046196,79.75712158587079,76.58579986194061,5.750337778521342
10,Tea,2024-11-02,110.15198885847286,109.37623431979716,103.37981107688786,6.772177781585
10,Tea,2024-11-03,105.41305681650151,111.01369255441534,100.20761396367922,10.80607859073612
10,Tea,2024-11-04,77.93831358670556,81.31744215018071,76.71937800425187,4.598064145928845
10,Tea,2024-11-05,76.61847155536334,80.69153731355874,74.69900348161772,5.992533831941017
10,Tea,2024-11-06,97.98578250840274,103.31301559508026,97.75181517446364,5.561200420616615
10,Tea,2024-11-07,78.89276313331195,84.54670902169423,78.7340740587309,5.81263496296333
10,Tea,2024-11-08,78.84822703014673,83.46841852580448,78.70671436760257,4.761704158201908
10,Tea,2024-11-09,108.27170896485558,114.44829361692857,108.12873316814316,6.31956044878541
10,Tea,2024-11-10,107.95625167859384,114.95387976720559,107.82807014407132,7.125809623134273
10,Tea,2024-11-11,79.1275244133674,83.94689628089583,78.99804379032543,4.9488524905704026
10,Tea,2024-11-12,58.87918671047456,58.5952725250128,58.76128807028502,0.28391418546176084
10,Tea,2024-11-13,58.5823981111497,59.03304685413135,58.50282269479787,0.5302241593334784
10,Tea,2024-11-14,58.23004668469294,60.25793154645566,58.21213893060023,2.045792615855426
10,Tea,2024-11-15,76.50849598903116,79.43462323019013,76.52829094317033,2.926127241158966
10,Tea,2024-11-16,88.27043324554357,93.60011157611412,88.29830165340806,5.329678330570545
10,Tea,2024-11-17,85.49221191749625,87.99475705128617,85.51562566464175,2.5025451337899227
10,Tea,2024-11-18,62.41292807998023,63.404725934575815,62.448849801534976,0.9917978545955819
10,Tea,2024-11-19,61.46123927973916,61.782271344058394,61.512656451744064,0.32103206431923326
10,Tea,2024-11-20,62.41047520821438,62.61132458343533,62.501352447154204,0.20084937522094748
10,Tea,2024-11-21,118.48070604651483,118.38508147738699,118.58964495892155,0.2045634815345636
10,Tea,2024-11-22,62.67920401918662,62.00651520927467,62.78318690776654,0.7766716984918745
10,Tea,2024-11-23,84.92192807956577,85.57197509103733,84.99174986820468,0.6500470114715569
10,Tea,2024-11-24,83.20741302373511,83.27214570434481,83.26816347054209,0.06473268060969417
10,Tea,2024-11-25,59.36614733662628,55.197429817221895,59.42577624226213,4.228346425040236
10,Tea,2024-11-26,58.72067798362612,54.291706557579936,58.75438182601101,4.462675268431077
10,Tea,2024-11-27,59.070426009521405,57.11772612057148,59.060551766626354,1.9526998889499225
10,Tea,2024-11-28,59.40949857144599,58.05996644885033,59.36885845597548,1.3495321225956545
10,Tea,2024-11-29,62.32317471634961,62.846726207375795,62.24580457758144,0.6009216297943567
10,Tea,2024-11-30,100.95503731229968,102.130232423469,100.85056656231146,1.2796658611575396
10,Tea,2024-12-01,160.4360776408736,160.64837983524762,160.30703019735697,0.34134963789065864
10,Tea,2024-12-02,71.83223062626523,73.37641295350032,71.70907307412361,1.667339879376712
10,Tea,2024-12-03,71.83414995741383,73.5638322052138,71.68205241252471,1.8817797926890876
10,Tea,2024-12-04,72.43362280251864,73.59004722924138,72.26612341896251,1.3239238102788704
10,Tea,2024-12-05,102.83620315810202,105.22762685639061,102.64093077869111,2.5866960776995
10,Tea,2024-12-06,69.58060966308963,70.5669503612202,69.37321365764834,1.193736703571858
10,Tea,2024-12-07,95.99848069452005,98.15747120057114,95.78349043317124,2.3739807673998996
10,Tea,2024-12-08,95.73198414994968,97.7994426430564,95.53167113606182,2.2677715069945776
10,Tea,2024-12-09,68.48680503323178,69.83474427662824,68.30117466748466,1.5335696091435835
10,Tea,2024-12-10,111.27481578413577,113.11366086129003,111.10779076028842,2.005870101001605
10,Tea,2024-12-11,77.07138350581113,77.75181912811055,76.92222471833057,0.8295944097799861
10,Tea,2024-12-12,76.1368844636842,77.8125818094554,75.99741235798992,1.8151694514654793
10,Tea,2024-12-13,77.38206768184418,79.60836769410047,77.23122450109494,2.377143193005523
10,Tea,2024-12-14,104.57801687639619,108.84294646468248,104.44309349326072,4.399852971421765
10,Tea,2024-12-15,123.92908511338078,126.35213018948473,123.82944617158402,2.5226840179007013
10,Tea,2024-12-16,81.81492857656659,85.13111995881712,81.74893677001687,3.382183188800255
10,Tea,2024-12-17,81.33379024624031,84.4020503772209,81.26444416748016,3.1376062097407384
10,Tea,2024-12-18,82.43275783699218,85.03532560431745,82.37509072829249,2.6602348760249583
10,Tea,2024-12-19,81.43056303970715,84.73869394547678,81.38729144300568,3.351402502471103
10,Tea,2024-12-20,82.46514556290126,85.13531294412613,82.42626066836468,2.709052275761451
10,Tea,2024-12-21,111.6141713286972,116.86113568328928,111.56417003491234,5.29696564837694
10,Tea,2024-12-22,111.43635337311183,115.64549038521712,111.38587861973146,4.2596117654856585
10,Tea,2024-12-23,82.86568933658484,84.82775205433344,82.80467425646782,2.023077797865625
10,Tea,2024-12-24,81.63834180646244,81.77272377516776,81.57694102779658,0.19578274737118306
10,Tea,2024-12-25,69.56638573579053,69.6197755993042,69.51269937815769,0.10707622114651372
10,Tea,2024-12-26,69.16667234413387,68.59470072240585,69.14451020453129,0.5719716217280251
10,Tea,2024-12-27,68.86861388349755,68.133712070728,68.83429706395574,0.7349018127695501
10,Tea,2024-12-28,155.00363112764703,153.6368455667998,154.96176505786266,1.3667855608472337
10,Tea,2024-12-29,97.69192758028187,99.5276623138548,97.65418943008882,1.8734728837659844
10,Tea,2024-12-30,70.87956435534704,73.50478591437206,70.85592107931019,2.6488648350618718
10,Tea,2024-12-31,85.10223905858491,89.25019082062371,85.09077431548971,4.159416505134004
11,Bakery,2024-11-01,16.78218080397149,17.194808567981415,17.333551175258112,0.5513703712866231
11,Bakery,2024-11-02,16.78216685200767,17.123367321698673,17.510173903708385,0.7280070517007147
11,Bakery,2024-11-03,17.225006435427005,17.077939539077146,17.627001874722787,0.5490623356456403
11,Bakery,2024-11-04,18.199246383188047,18.156273663502567,18.693649513598647,0.5373758500960797
11,Bakery,2024-11-05,17.54252800062885,18.120063613032933,17.777258172849397,0.577535612404084
11,Bakery,2024-11-06,17.94950033259007,18.437623699717154,17.79884464211647,0.6387790576006829
11,Bakery,2024-11-07,18.136108716326714,19.054134177099407,18.187980915872927,0.918025460772693
11,Bakery,2024-11-08,17.333474666490634,18.14461930717917,17.378980960189036,0.8111446406885356
11,Bakery,2024-11-09,19.616663527741615,20.281062747581803,19.661431372876372,0.6643992198401882
11,Bakery,2024-11-10,17.417133914710757,17.65615178390347,17.46255525414963,0.23901786919271473
11,Bakery,2024-11-11,18.158802396404543,18.361264274770736,18.19871782849982,0.20246187836619356
11,Bakery,2024-11-12,17.615607306660305,17.8695426419267,17.65400772112721,0.25393533526639445
11,Bakery,2024-11-13,18.09196306768392,18.85101259341215,18.13107992973957,0.7590495257282299
11,Bakery,2024-11-14,17.85836000188818,18.8943604142669,17.896473968018448,1.0360004123787192
11,Bakery,2024-11-15,19.761363257621255,20.820545817426304,19.793403702146946,1.0591825598050484
11,Bakery,2024-11-16,16.141090907777606,16.8401472157259,16.17724090569258,0.6990563079482932
11,Bakery,2024-11-17,16.659965587743347,17.243054582552283,16.706048263417983,0.5830889948089357
11,Bakery,2024-11-18,17.497719823564232,18.198607203116755,17.549280959821687,0.7008873795525226
11,Bakery,2024-11-19,16.755745131859133,17.563507940163213,16.80379852852354,0.80776280830408
11,Bakery,2024-11-20,17.103833179754723,17.749894281410334,17.145995978761846,0.6460611016556115
11,Bakery,2024-11-21,17.274199254989377,18.47851132140857,17.313391704552863,1.2043120664191918
11,Bakery,2024-11-22,16.680889541586414,17.82927576771497,16.724532069529488,1.148386226128558
11,Bakery,2024-11-23,16.43053123277921,17.228595873368327,16.477341465445758,0.7980646405891179
11,Bakery,2024-11-24,16.89518165746436,17.22112159826191,16.943083879113082,0.32593994079755007
11,Bakery,2024-11-25,17.89212823690638,18.499117898692596,17.936835742733724,0.6069896617862156
11,Bakery,2024-11-26,17.37731296388275,17.80189101649143,17.423860491839044,0.4245780526086804
11,Bakery,2024-11-27,17.535977146817167,17.75353790462278,17.58125558883487,0.21756075780561446
11,Bakery,2024-11-28,17.752116514296734,17.919831636977136,17.798277173624992,0.16771512268040212
11,Bakery,2024-11-29,18.13268404110324,18.80487522251321,18.177270214821455,0.6721911814099713
11,Bakery,2024-11-30,21.061339036809695,21.964407124878683,21.10521227547105,0.9030680880689879
11,Bakery,2024-12-01,20.06683787264323,20.205076690125175,20.10930511830928,0.13823881748194466
11,Bakery,2024-12-02,25.785698060375847,26.614344525231886,25.824405834997123,0.828646464856039
11,Bakery,2024-12-03,20.09277844632733,20.26867329180475,20.127525936549958,0.17589484547741918
11,Bakery,2024-12-04,20.418421279756053,20.30293625950086,20.44726120869842,0.14432494919756067
11,Bakery,2024-12-05,55.007808415863295,66.97190561753959,55.02475744413479,11.964097201676296
11,Bakery,2024-12-06,20.23584831143694,20.243454269794523,20.247181754237467,0.011333442800527394
11,Bakery,2024-12-07,20.051035027672057,19.972102373449438,20.0653010261623,0.09319865271286076
11,Bakery,2024-12-08,20.281800183013274,20.184832960415044,20.30055557845706,0.11572261804201744
11,Bakery,2024-12-09,20.74307735066169,20.37922730231712,20.75856140807694,0.3793341057598205
11,Bakery,2024-12-10,27.712591357707332,27.90570220286479,27.731584951824967,0.19311084515745947
11,Bakery,2024-12-11,20.25075443436682,20.159635136019027,20.281154172526318,0.12151903650729068
11,Bakery,2024-12-12,20.52141069968566,20.491467658650166,20.560520863424692,0.06905320477452648
11,Bakery,2024-12-13,19.858789379129682,20.111775449884977,19.897756590989687,0.2529860707552949
11,Bakery,2024-12-14,19.727983738862704,19.96821095695028,19.764215205734256,0.24022721808757552
11,Bakery,2024-12-15,23.644399416622235,23.997679389335715,23.679439999040255,0.3532799727134801
11,Bakery,2024-12-16,22.19874656459628,22.852533483918815,22.238101407494344,0.6537869193225347
11,Bakery,2024-12-17,20.54348319126406,21.11162808968608,20.58549182007327,0.5681448984220197
11,Bakery,2024-12-18,20.684617889296117,20.978456848594227,20.729246540144096,0.2938389592981103
11,Bakery,2024-12-19,20.970047059539294,21.32707051516915,21.012844292599993,0.35702345562985727
11,Bakery,2024-12-20,20.624219727261156,21.039525463303143,20.66625866186872,0.4153057360419865
11,Bakery,2024-12-21,20.23771113151809,20.581750265299995,20.2756135288674,0.3440391337819051
11,Bakery,2024-12-22,20.68585125472147,21.122943146444626,20.72207841942219,0.4370918917231563
11,Bakery,2024-12-23,21.581548061897507,21.731798074641297,21.61499852930004,0.1502500127437898
11,Bakery,2024-12-24,21.137740399394207,21.419209040125168,21.171091699036094,0.2814686407309601
11,Bakery,2024-12-25,21.471560546938704,21.53809510528741,21.503992271178983,0.0665345583487067
11,Bakery,2024-12-26,21.729468867847494,22.005818732796577,21.75794433757067,0.27634986494908276
11,Bakery,2024-12-27,20.99765585570602,21.407390825674785,21.0227572798792,0.40973496996876335
11,Bakery,2024-12-28,20.78009729845402,21.104889588549476,20.803765119497548,0.3247922900954556
11,Bakery,2024-12-29,21.343742606314585,22.179035364212652,21.360756221606465,0.8352927578980669
11,Bakery,2024-12-30,21.947590436297386,22.3779434291481,21.959894209223805,0.4303529928507146
11,Bakery,2024-12-31,24.536853343923802,25.572699233631564,24.551363531452346,1.0358458897077618
11,Chocolate & Milk,2024-11-01,8.910228769880597,9.218837995445206,9.17474122702626,0.30860922556460935
11,Chocolate & Milk,2024-11-02,8.77779312689665,8.912461186081524,8.785599446445024,0.13466805918487346
11,Chocolate & Milk,2024-11-03,8.920416177654793,8.93847822583143,8.810210498083295,0.12826772774813477
11,Chocolate & Milk,2024-11-04,9.4330208652123,9.52553614728063,9.266794378155712,0.2587417691249172
11,Chocolate & Milk,2024-11-05,8.971551371492668,9.321520987988631,9.12567066323075,0.34996961649596336
11,Chocolate & Milk,2024-11-06,9.39242831518806,9.436518860876667,9.325330776617836,0.11118808425883131
11,Chocolate & Milk,2024-11-07,9.544493791190126,9.991230738154906,9.546746795615146,0.44673694696477995
11,Chocolate & Milk,2024-11-08,9.08515739565317,9.588493078190519,9.084843467874776,0.5036496103157422
11,Chocolate & Milk,2024-11-09,8.762870334865397,8.900619092375969,8.758338457288556,0.1422806350874133
11,Chocolate & Milk,2024-11-10,9.091996373732812,9.110384480488035,9.083846781659126,0.026537698828908773
11,Chocolate & Milk,2024-11-11,9.376945453470176,9.19188513352334,9.36580950551319,0.18506031994683703
11,Chocolate & Milk,2024-11-12,8.963951007267067,8.848257736931714,8.953929570289855,0.1156932703353526
11,Chocolate & Milk,2024-11-13,9.350191417704513,9.348067830827695,9.343419065867197,0.006772351837316393
11,Chocolate & Milk,2024-11-14,11.196607969854915,11.447279427058948,11.192274351817089,0.25500507524185956
11,Chocolate & Milk,2024-11-15,12.458712907490568,13.073894439404375,12.455353745528807,0.618540693875568
11,Chocolate & Milk,2024-11-16,10.321156090003623,10.731901284591768,10.316906545327905,0.41499473926386266
11,Chocolate & Milk,2024-11-17,10.46345380496121,10.848909526771081,10.458234418813039,0.3906751079580424
11,Chocolate & Milk,2024-11-18,10.892163115535709,11.24235501617859,10.887700069655772,0.35465494652281926
11,Chocolate & Milk,2024-11-19,10.464871186424798,10.877045140401435,10.465399440646745,0.41217395397663736
11,Chocolate & Milk,2024-11-20,10.755996489565156,11.18869767934601,10.76248866422858,0.4327011897808539
11,Chocolate & Milk,2024-11-21,10.855041935089123,11.21088639692729,10.863926630149468,0.3558444618381671
11,Chocolate & Milk,2024-11-22,10.33236881079912,10.850768146592017,10.342498640436299,0.518399335792898
11,Chocolate & Milk,2024-11-23,10.126865738660882,10.328906395049975,10.136374045190022,0.20204065638909263
11,Chocolate & Milk,2024-11-24,8.675712128782418,8.871379004722472,8.682591593316655,0.19566687594005394
11,Chocolate & Milk,2024-11-25,8.92270041956801,8.98947465184433,8.926886707122714,0.06677423227631962
11,Chocolate & Milk,2024-11-26,8.72131330412068,8.718025587693909,8.728958321288749,0.010932733594840371
11,Chocolate & Milk,2024-11-27,8.924629584543858,8.745018864069332,8.93720097737252,0.19218211330318802
11,Chocolate & Milk,2024-11-28,9.089372221953251,9.100632084397493,9.101662022912024,0.01228980095877219
11,Chocolate & Milk,2024-11-29,9.156358418369825,9.626981681859323,9.16462145558918,0.47062326348949846
11,Chocolate & Milk,2024-11-30,10.850658268512333,11.338912563353578,10.856622424736475,0.4882542948412443
11,Chocolate & Milk,2024-12-01,10.255264779505962,10.34881223969548,10.260142718670274,0.09354746018951765
11,Chocolate & Milk,2024-12-02,13.413276989264881,13.840551971227013,13.416683173026929,0.42727498196213176
11,Chocolate & Milk,2024-12-03,10.226376400045046,10.375599531665344,10.229731385285294,0.14922313162029788
11,Chocolate & Milk,2024-12-04,10.672471487737901,10.621766101883573,10.677774037800758,0.05600793591718478
11,Chocolate & Milk,2024-12-05,27.316338256686088,34.08465517722922,27.36181103891412,6.7683169205431355
11,Chocolate & Milk,2024-12-06,10.521934460350973,10.561093901457825,10.525757709966244,0.0391594411068521
11,Chocolate & Milk,2024-12-07,10.23405204743486,10.205025963901665,10.233101304358364,0.02902608353319458
11,Chocolate & Milk,2024-12-08,10.48612941935838,10.354126404383832,10.478741809495297,0.13200301497454703
11,Chocolate & Milk,2024-12-09,10.894257332602312,10.799505551783124,10.885024352860787,0.09475178081918756
11,Chocolate & Milk,2024-12-10,15.098737933841807,15.229490606877516,15.13500768521465,0.13075267303570826
11,Chocolate & Milk,2024-12-11,10.66793497321717,10.669602247535792,10.670680797097733,0.002745823880562881
11,Chocolate & Milk,2024-12-12,10.91786248392905,10.919597295296885,10.92259154318129,0.004729059252241541
11,Chocolate & Milk,2024-12-13,10.469172822924474,10.727283245976265,10.47292911026255,0.2581104230517912
11,Chocolate & Milk,2024-12-14,10.297786983773266,10.445764763621469,10.299775170580933,0.14797777984820293
11,Chocolate & Milk,2024-12-15,12.373296234582533,12.734103896199784,12.371044173288178,0.36305972291160593
11,Chocolate & Milk,2024-12-16,11.515683818540655,11.91307737401409,11.51335106904961,0.3997263049644797
11,Chocolate & Milk,2024-12-17,10.54491796918557,10.945127647278824,10.549127835006892,0.4002096780932529
11,Chocolate & Milk,2024-12-18,10.857991464482563,11.144283600596484,10.871200245224372,0.28629213611392146
11,Chocolate & Milk,2024-12-19,10.894921408975001,11.118764467041071,10.909853558907125,0.22384305806606974
11,Chocolate & Milk,2024-12-20,10.608495310416998,10.94439802714647,10.621800863101654,0.33590271672947125
11,Chocolate & Milk,2024-12-21,10.370495142134823,10.63209660316788,10.37985052676333,0.2616014610330577
11,Chocolate & Milk,2024-12-22,10.507045378106705,10.716161504102981,10.510672658643147,0.20911612599627638
11,Chocolate & Milk,2024-12-23,10.793927127838124,10.95948852268771,10.794533796638193,0.1655613948495862
11,Chocolate & Milk,2024-12-24,10.58699205037945,10.839296770770318,10.590823922903656,0.2523047203908675
11,Chocolate & Milk,2024-12-25,10.915361979687773,11.082175702651138,10.923954506341492,0.16681372296336505
11,Chocolate & Milk,2024-12-26,10.999572840535684,11.248318804905043,11.00800176770231,0.24874596436935903
11,Chocolate & Milk,2024-12-27,10.562944569474313,10.874987946008169,10.56817133225161,0.3120433765338557
11,Chocolate & Milk,2024-12-28,10.487032273996505,10.687971581289894,10.488081170028606,0.20093930729338894
11,Chocolate & Milk,2024-12-29,10.701705657086576,11.07559870785831,10.694934450479352,0.3806642573789585
11,Chocolate & Milk,2024-12-30,11.030521292423135,11.44406209102386,11.018803702311931,0.4252583887119279
11,Chocolate & Milk,2024-12-31,12.551352598192398,13.219261095644871,12.54004405732377,0.6792170383211005
11,Coffee,2024-11-01,81.19056034579434,75.24323131166298,77.68375133093814,5.947329034131357
11,Coffee,2024-11-02,77.88753292591335,72.06626445364375,74.0432758901419,5.821268472269594
11,Coffee,2024-11-03,79.16021243058847,73.80403326634631,76.69215928630959,5.356179164242164
11,Coffee,2024-11-04,81.76373875052352,77.69457075273512,78.89688393275998,4.069167997788398
11,Coffee,2024-11-05,79.81908484727438,77.09275254822226,77.29713298710104,2.7263322990521175
11,Coffee,2024-11-06,81.29893722220058,78.36389870587641,79.68969907548833,2.9350385163241697
11,Coffee,2024-11-07,81.51239093493072,81.107907037113,81.55588188588106,0.4479748487680695
11,Coffee,2024-11-08,78.58362875694641,78.78144197809192,78.59733902003921,0.19781322114550903
11,Coffee,2024-11-09,87.49549672219905,84.35036625285534,87.47007790954942,3.1451304693437123
11,Coffee,2024-11-10,78.70285234728762,77.24173343625982,78.65116170617097,1.4611189110277962
11,Coffee,2024-11-11,81.6487158405138,80.02104590309852,81.58441561407224,1.627669937415277
11,Coffee,2024-11-12,79.41777075634685,78.71875183973407,79.34708009536223,0.6990189166127863
11,Coffee,2024-11-13,80.62830447539781,81.56083584443878,80.54111536930036,1.0197204751384277
11,Coffee,2024-11-14,90.67279042991348,92.2840438119454,90.56711402090212,1.7169297910432704
11,Coffee,2024-11-15,98.89313129591359,100.97494559892543,98.77838251920645,2.1965630797189846
11,Coffee,2024-11-16,84.48262098465405,85.19161163195145,84.3553059161996,0.8363057157518483
11,Coffee,2024-11-17,86.42940710145027,86.86290556152471,86.29790399379058,0.5650015677341287
11,Coffee,2024-11-18,89.18030955323832,90.9342044445747,89.06293825388835,1.871266190686356
11,Coffee,2024-11-19,86.34347544932491,88.9658984546714,86.2536715245728,2.712226930098609
11,Coffee,2024-11-20,87.22859837345692,87.98283843881083,87.15835823035633,0.8244802084545029
11,Coffee,2024-11-21,87.09499237223675,90.21956746009052,87.038337905034,3.181229555056518
11,Coffee,2024-11-22,84.6712936911701,89.25061906309634,84.62493969244981,4.625679370646523
11,Coffee,2024-11-23,83.01023092135054,83.84330386901561,82.9819842251468,0.8613196438688107
11,Coffee,2024-11-24,74.20799029440842,74.41595781104432,74.20074797837755,0.21520983266677263
11,Coffee,2024-11-25,77.85318694811937,77.25894519186141,77.8462834185124,0.5942417562579578
11,Coffee,2024-11-26,76.17051394199326,76.83000339792356,76.18019884764298,0.6594894559302986
11,Coffee,2024-11-27,77.40453221790413,77.19235783731604,77.44436457796408,0.2520067406480422
11,Coffee,2024-11-28,78.07971109520126,77.37962609692994,78.1200455851395,0.7404194882095538
11,Coffee,2024-11-29,79.34820841243766,81.91781584592347,79.3719809348086,2.569607433485814
11,Coffee,2024-11-30,89.84560873577348,92.69317972829116,89.87460711435527,2.8475709925176744
11,Coffee,2024-12-01,86.69372024550809,87.0456603629705,86.75383120388743,0.35194011746240506
11,Coffee,2024-12-02,108.19831750275625,112.25746309148377,108.27964741864727,4.059145588727517
11,Coffee,2024-12-03,87.8602363573141,88.58059007655334,87.9571979014911,0.7203537192392417
11,Coffee,2024-12-04,88.97686811909062,88.43483772193741,89.06644168041777,0.6316039584803548
11,Coffee,2024-12-05,195.7584172519793,253.64340595940547,195.82030627191938,57.884988707426174
11,Coffee,2024-12-06,87.72634590925199,87.86687007504997,87.76070002477745,0.14052416579798432
11,Coffee,2024-12-07,85.9897108380162,86.22150783575634,85.9868687753428,0.2346390604135422
11,Coffee,2024-12-08,87.35440718133547,87.28585422756979,87.32622892301427,0.06855295376568904
11,Coffee,2024-12-09,89.41046674170607,89.32781381494004,89.37833146929684,0.08265292676603053
11,Coffee,2024-12-10,116.95781038403229,119.0433227172675,116.92655884886554,2.1167638684019607
11,Coffee,2024-12-11,87.95667467464291,88.20643843912677,87.92627161797536,0.2801668211514112
11,Coffee,2024-12-12,88.17530041344124,88.86505049584225,88.14283609093667,0.7222144049055856
11,Coffee,2024-12-13,85.46604306276674,87.76872969384965,85.41593443325463,2.352795260595016
11,Coffee,2024-12-14,83.27879717438974,84.57720342500905,83.21071547135713,1.3664879536519123
11,Coffee,2024-12-15,98.41311628256504,101.00458476562628,98.36452841086205,2.6400563547642264
11,Coffee,2024-12-16,94.71775331811047,99.84343213072077,94.70653196309291,5.136900167627857
11,Coffee,2024-12-17,88.14812907888498,91.27763342021984,88.18204742281048,3.129504341334865
11,Coffee,2024-12-18,89.36589742264701,91.04853185462608,89.43137489410068,1.6826344319790678
11,Coffee,2024-12-19,90.20348044607027,91.9604923488624,90.25386623010107,1.7570119027921294
11,Coffee,2024-12-20,88.80752225019319,91.25299370334935,88.8272539126173,2.445471453156159
11,Coffee,2024-12-21,87.5675625159374,89.196513827091,87.56623648470004,1.6302773423909542
11,Coffee,2024-12-22,89.39453260551583,91.37555675763026,89.37654308421695,1.999013673413316
11,Coffee,2024-12-23,92.74164943043529,93.72754102388004,92.72250724126442,1.0050337826156124
11,Coffee,2024-12-24,90.93863468813869,92.78063815650538,90.94106461107764,1.8420034683666842
11,Coffee,2024-12-25,92.48351405118886,94.06137488829086,92.50441898847167,1.5778608371019942
11,Coffee,2024-12-26,92.66380088466582,94.25995920028834,92.66776763508243,1.5961583156225174
11,Coffee,2024-12-27,90.22589388707233,92.25113715167788,90.20898698879608,2.0421501628817964
11,Coffee,2024-12-28,89.11437963876233,90.50963421230423,89.07645503194108,1.4331791803631546
11,Coffee,2024-12-29,91.38413066245471,93.97039090849276,91.33415191367543,2.636238994817333
11,Coffee,2024-12-30,93.369345621366,95.8627937975135,93.31205006891574,2.550743728597766
11,Coffee,2024-12-31,102.80825804805593,106.98914359442888,102.73805212389658,4.251091470532302
11,Juice & Smoothie,2024-11-01,4.5710770270845655,5.384660043631435,5.0211563426387,0.8135830165468692
11,Juice & Smoothie,2024-11-02,4.532987725390585,5.106506718884167,4.925483888878714,0.5735189934935816
11,Juice & Smoothie,2024-11-03,4.80779104157147,5.28054388516345,5.001432702595539,0.4727528435919801
11,Juice & Smoothie,2024-11-04,5.2632876153245025,5.660678917926334,5.311402789118897,0.3973913026018314
11,Juice & Smoothie,2024-11-05,5.044465657274182,5.650551729795167,5.170633491683532,0.6060860725209842
11,Juice & Smoothie,2024-11-06,5.203543981651154,5.776449254313448,5.330816356024055,0.5729052726622941
11,Juice & Smoothie,2024-11-07,5.187210936118803,5.995829613864033,5.184314259979455,0.8115153538845776
11,Juice & Smoothie,2024-11-08,4.764350873285748,5.76737466994439,4.758764339119139,1.0086103308252508
11,Juice & Smoothie,2024-11-09,5.718049118554841,6.39439390538267,5.712933987050612,0.6814599183320578
11,Juice & Smoothie,2024-11-10,4.825519454547732,5.324044211420047,4.821465819550814,0.5025783918692328
11,Juice & Smoothie,2024-11-11,5.203948899958574,5.704618358584683,5.202310044711756,0.502308313872927
11,Juice & Smoothie,2024-11-12,4.9517179010624615,5.46062891768106,4.951991756769502,0.5089110166185984
11,Juice & Smoothie,2024-11-13,5.115004930174016,5.794865131034313,5.115676121170289,0.679860200860297
11,Juice & Smoothie,2024-11-14,6.22191783471235,7.213826686069897,6.2204189128039316,0.9934077732659654
11,Juice & Smoothie,2024-11-15,7.1984308689085275,8.132711104894433,7.195175164677062,0.9375359402173711
11,Juice & Smoothie,2024-11-16,5.661282368948609,6.290314354841884,5.655074259756461,0.6352400950854236
11,Juice & Smoothie,2024-11-17,5.844744842425981,6.57739092733599,5.839454985275333,0.7379359420606564
11,Juice & Smoothie,2024-11-18,6.215498458582244,6.957278124638048,6.214410625876916,0.7428674987611323
11,Juice & Smoothie,2024-11-19,6.075220073932665,6.965195452335405,6.077168137539181,0.88997537840274
11,Juice & Smoothie,2024-11-20,6.255947142313997,6.936987244280517,6.258194022434185,0.68104010196652
11,Juice & Smoothie,2024-11-21,6.1380167006859985,6.704416462371969,6.1386467827619615,0.5663997616859708
11,Juice & Smoothie,2024-11-22,5.771010749628206,6.339207407697901,5.769576980519137,0.5696304271787644
11,Juice & Smoothie,2024-11-23,5.635126022020658,6.000123416975599,5.633233075950418,0.36689034102518114
11,Juice & Smoothie,2024-11-24,4.640598534564141,4.857646353978014,4.639321356311368,0.21832499766664615
11,Juice & Smoothie,2024-11-25,5.076778583213237,5.254307769514842,5.078993676510286,0.17752918630160508
11,Juice & Smoothie,2024-11-26,4.889512418106221,5.0204624033032506,4.894896413156163,0.13094998519702994
11,Juice & Smoothie,2024-11-27,5.004147026911442,5.050950719972406,5.009231288520123,0.04680369306096477
11,Juice & Smoothie,2024-11-28,5.035667522045325,5.128892090048582,5.0364736032782496,0.09322456800325707
11,Juice & Smoothie,2024-11-29,4.902169834761643,5.289709022135105,4.902538235891352,0.38753918737346194
11,Juice & Smoothie,2024-11-30,6.135720988225787,6.572566603330598,6.137335239248926,0.43684561510481146
11,Juice & Smoothie,2024-12-01,5.702127732884221,5.77989372834231,5.703814777769964,0.0777659954580896
11,Juice & Smoothie,2024-12-02,8.25799692915373,8.054114339543425,8.260618017611701,0.20650367806827674
11,Juice & Smoothie,2024-12-03,5.918804257808523,6.0285994675215155,5.923484663753994,0.10979520971299284
11,Juice & Smoothie,2024-12-04,6.06404719660754,5.971001397259841,6.06953979663654,0.0985383993766984
11,Juice & Smoothie,2024-12-05,18.17890985157713,23.619759549978944,18.183494489529814,5.440849698401813
11,Juice & Smoothie,2024-12-06,5.805214472342756,5.830429555429154,5.808161273857053,0.025215083086397527
11,Juice & Smoothie,2024-12-07,5.683167549491537,5.644003010668687,5.684199500554264,0.040196489885577336
11,Juice & Smoothie,2024-12-08,5.805690284042952,5.754831446975526,5.8067310987390535,0.05189965176352729
11,Juice & Smoothie,2024-12-09,6.22865547523657,6.1335326485450175,6.233078326409943,0.09954567786492596
11,Juice & Smoothie,2024-12-10,9.39413787278927,9.382316961492947,9.399784312891795,0.017467351398847697
11,Juice & Smoothie,2024-12-11,6.086870636397837,6.091344444774854,6.091870642549031,0.005000006151194114
11,Juice & Smoothie,2024-12-12,6.038843175894168,6.007702573748104,6.043529745630664,0.035827171882560016
11,Juice & Smoothie,2024-12-13,5.736320869216145,5.852341051882377,5.741397184119042,0.11602018266623126
11,Juice & Smoothie,2024-12-14,5.588645210017324,5.713755842912292,5.594720262828,0.12511063289496782
11,Juice & Smoothie,2024-12-15,7.272203963204269,7.441816803295614,7.279697553937927,0.1696128400913448
11,Juice & Smoothie,2024-12-16,6.562195388391249,6.8405812994139525,6.57151381785134,0.2783859110227036
11,Juice & Smoothie,2024-12-17,6.147507454547861,6.432804738397842,6.158705483687708,0.28529728384998165
11,Juice & Smoothie,2024-12-18,6.230860509342976,6.394748282702275,6.240478774125172,0.16388777335929916
11,Juice & Smoothie,2024-12-19,6.313860043068141,6.498071041548212,6.3196479956621365,0.18421099848007128
11,Juice & Smoothie,2024-12-20,6.054452750662079,6.305375645227241,6.056954434771591,0.2509228945651625
11,Juice & Smoothie,2024-12-21,5.913509736795762,6.182378853849656,5.915633137333758,0.26886911705389416
11,Juice & Smoothie,2024-12-22,6.01315359580454,6.194068536242845,6.016380162114795,0.18091494043830547
11,Juice & Smoothie,2024-12-23,6.49095271194353,6.5690965701809105,6.4972017772347215,0.07814385823738057
11,Juice & Smoothie,2024-12-24,6.34794974651793,6.502153208268264,6.355698701585553,0.15420346175033384
11,Juice & Smoothie,2024-12-25,6.434748475845138,6.499575527726206,6.440110006169113,0.06482705188106763
11,Juice & Smoothie,2024-12-26,6.4024206590793735,6.492432139919861,6.404267656889244,0.09001148084048705
11,Juice & Smoothie,2024-12-27,6.121665078187637,6.300169462299893,6.122522405484788,0.178504384112256
11,Juice & Smoothie,2024-12-28,6.074108546705376,6.220772142781693,6.074232841334315,0.1466635960763174
11,Juice & Smoothie,2024-12-29,6.256030350313566,6.539371627381752,6.258633915266474,0.28334127706818624
11,Juice & Smoothie,2024-12-30,6.495490809948756,6.739818737839429,6.501856070341838,0.24432792789067292
11,Juice & Smoothie,2024-12-31,7.759114625600145,8.28641202056031,7.765714670396826,0.527297394960164
11,Merchandise,2024-11-01,2.9985796277493817,3.0653903460019234,3.2308907279535166,0.23231110020413492
11,Merchandise,2024-11-02,2.914986247484929,2.9458642542956435,3.058686656579104,0.14370040909417536
11,Merchandise,2024-11-03,3.023570464697252,3.066729076485834,2.958300077880169,0.10842899860566524
11,Merchandise,2024-11-04,3.2490756446385296,3.221538515824926,3.104934607087413,0.14414103755111674
11,Merchandise,2024-11-05,3.0550376670374786,3.0785622228426006,3.0407807304029437,0.037781492439656894
11,Merchandise,2024-11-06,3.1352335383130736,3.15806210877275,3.2480306527022758,0.11279711438920215
11,Merchandise,2024-11-07,3.1850064043134116,3.365253021315836,3.1878282554042956,0.18024661700242417
11,Merchandise,2024-11-08,2.993745900917405,3.2718460717095166,2.9953613423833882,0.2781001707921118
11,Merchandise,2024-11-09,2.91366867558681,2.8915378071883056,2.914645598934914,0.023107791746608264
11,Merchandise,2024-11-10,2.9933744943784415,2.9647749533194636,2.9956149311420255,0.03083997782256187
11,Merchandise,2024-11-11,3.194812460786209,3.163407391248004,3.1990226770738523,0.035615285825848275
11,Merchandise,2024-11-12,2.9677857242309864,2.9589133346164593,2.9741715748563284,0.015258240239869103
11,Merchandise,2024-11-13,3.0857629269606437,3.097547107519421,3.092037046957055,0.01178418055877728
11,Merchandise,2024-11-14,3.1293360202715803,3.2309700375188597,3.1351871839387027,0.10163401724727938
11,Merchandise,2024-11-15,3.8479061307610256,4.011522075882745,3.8534561271621786,0.16361594512171918
11,Merchandise,2024-11-16,2.8678036583967383,2.8987743361279934,2.8735946388191573,0.03097067773125506
11,Merchandise,2024-11-17,2.9859489852137506,3.1573047306409103,2.992723918173032,0.1713557454271597
11,Merchandise,2024-11-18,3.181168166540268,3.2716922887520843,3.188975519966516,0.0905241222118165
11,Merchandise,2024-11-19,2.9900287417081977,3.260035356478406,2.9980986520707353,0.2700066147702085
11,Merchandise,2024-11-20,3.0351434088434885,3.2499287055110186,3.0437363577943044,0.2147852966675301
11,Merchandise,2024-11-21,3.0919002188628166,3.2965229052164666,3.0998015625844633,0.20462268635365
11,Merchandise,2024-11-22,2.9147836106077913,3.361437996153182,2.9204566345483802,0.44665438554539083
11,Merchandise,2024-11-23,2.8223060085554916,3.0129185036122395,2.826799066009842,0.19061249505674782
11,Merchandise,2024-11-24,2.9151880458078208,3.109887315062893,2.9216700289575153,0.19469926925507242
11,Merchandise,2024-11-25,3.123788142422217,3.2305436324547827,3.1305954765944417,0.10675549003256579
11,Merchandise,2024-11-26,2.9219611777133614,2.984949253949744,2.9276595736781346,0.0629880762363828
11,Merchandise,2024-11-27,3.042340750348353,3.0810344320495813,3.0474476233429457,0.03869368170122822
11,Merchandise,2024-11-28,3.129086521730738,3.1372124438211557,3.13396357372526,0.008125922090417514
11,Merchandise,2024-11-29,3.1253481056975048,3.33382211401286,3.128709932374342,0.20847400831535534
11,Merchandise,2024-11-30,3.901484354007239,4.114732159447699,3.9047379813856877,0.21324780544045963
11,Merchandise,2024-12-01,3.5660277451189497,3.7130134243598247,3.570562810344213,0.14698567924087502
11,Merchandise,2024-12-02,4.824922663432207,5.040206707122556,4.8299981393836795,0.2152840436903487
11,Merchandise,2024-12-03,3.5744552163607657,3.709170357765733,3.578865998834315,0.1347151414049672
11,Merchandise,2024-12-04,3.650712813279555,3.6364560201586773,3.6546089921913376,0.01815297203266031
11,Merchandise,2024-12-05,10.000572906932504,12.71989924067793,10.003448313747262,2.7193263337454265
11,Merchandise,2024-12-06,3.5959744183345888,3.65231253209552,3.598861138796014,0.05633811376093112
11,Merchandise,2024-12-07,3.543841126605997,3.5704816915229256,3.5468322137843202,0.02664056491692879
11,Merchandise,2024-12-08,3.6312800945788988,3.7086982074436867,3.635174800708274,0.07741811286478795
11,Merchandise,2024-12-09,3.8269494762038248,3.8180451112453557,3.831335305057282,0.013290193811926088
11,Merchandise,2024-12-10,5.822977023649088,5.641553563094415,5.827289464424675,0.1857359013302604
11,Merchandise,2024-12-11,3.7400753092748094,3.762590616114961,3.744440820425522,0.022515306840151794
11,Merchandise,2024-12-12,3.877047878158681,3.933534733894485,3.880667425020494,0.05648685573580403
11,Merchandise,2024-12-13,3.7260389557576072,3.8645897597437027,3.72759561981664,0.13855080398609543
11,Merchandise,2024-12-14,3.59138676379395,3.6905362495655614,3.5918323474165756,0.09914948577161153
11,Merchandise,2024-12-15,4.662636662508285,4.833610937579705,4.663108622324918,0.17097427507142005
11,Merchandise,2024-12-16,4.094354774759218,4.4634112721534445,4.094037992652506,0.36937327950093835
11,Merchandise,2024-12-17,3.708681500063835,3.8972636555772415,3.706720021676976,0.19054363390026552
11,Merchandise,2024-12-18,3.792840718579306,3.9093226081316694,3.7918829079301597,0.11743970020150973
11,Merchandise,2024-12-19,3.8622146691605153,3.970387829129784,3.861049430498342,0.10933839863144224
11,Merchandise,2024-12-20,3.6990405489665448,3.8658038458272364,3.6975130727770233,0.168290773050213
11,Merchandise,2024-12-21,3.565323348769963,3.724266050543917,3.5645608826236446,0.15970516792027256
11,Merchandise,2024-12-22,3.5866462340723744,3.7177959182510243,3.5869312174680354,0.13114968417864992
11,Merchandise,2024-12-23,3.8021146413167,3.8796289099605974,3.8018981757752695,0.07773073418532794
11,Merchandise,2024-12-24,3.63002744187201,3.7388372332923003,3.630086554002235,0.10880979142029013
11,Merchandise,2024-12-25,3.7484445281243324,3.77418209151557,3.749987167278175,0.02573756339123756
11,Merchandise,2024-12-26,3.8060400475669267,3.8688614760604003,3.8081984436560026,0.06282142849347361
11,Merchandise,2024-12-27,3.7094867505702993,3.826587541287181,3.7118188010940347,0.11710079071688151
11,Merchandise,2024-12-28,3.669968987991485,3.807588073885602,3.6736826088295143,0.1376190858941171
11,Merchandise,2024-12-29,3.7248439393501256,3.894439096212934,3.7292975664027743,0.16959515686280824
11,Merchandise,2024-12-30,3.8651763963039825,4.04393030193366,3.869711628890882,0.1787539056296774
11,Merchandise,2024-12-31,4.625481317172406,4.970810860763871,4.630035562041281,0.3453295435914647
11,Savory Bakery,2024-11-01,13.395521384875575,13.334817678967823,13.340255659101548,0.06070370590775198
11,Savory Bakery,2024-11-02,12.976121423910813,12.626389373467955,12.878780753771556,0.34973205044285827
11,Savory Bakery,2024-11-03,13.32620817140285,12.992902008138994,13.371405402275654,0.37850339413665957
11,Savory Bakery,2024-11-04,13.95187677957717,13.713878036898473,13.889566269363831,0.23799874267869647
11,Savory Bakery,2024-11-05,13.335051913501163,13.270164767746571,13.413645542681698,0.14348077493512612
11,Savory Bakery,2024-11-06,13.559766189186615,13.437588625970061,13.713509497447816,0.275920871477755
11,Savory Bakery,2024-11-07,13.913825679096476,14.273196851128073,13.941804109612857,0.3593711720315973
11,Savory Bakery,2024-11-08,13.573157541855561,13.837370243975693,13.596056403673467,0.2642127021201315
11,Savory Bakery,2024-11-09,15.423594708053987,14.998196646189761,15.448408836496009,0.4502121903062477
11,Savory Bakery,2024-11-10,13.73690448367172,13.214699892807182,13.770586545224704,0.5558866524175219
11,Savory Bakery,2024-11-11,14.31542974810153,13.668929074921085,14.351329544320798,0.6824004693997132
11,Savory Bakery,2024-11-12,13.643636579806047,13.231359220001996,13.676128259753764,0.4447690397517672
11,Savory Bakery,2024-11-13,13.870253317529226,13.62238790083753,13.898294955760532,0.2759070549230014
11,Savory Bakery,2024-11-14,13.74413190567525,13.73831266623824,13.763863459864627,0.025550793626386792
11,Savory Bakery,2024-11-15,15.764693467102436,16.0366847254366,15.77723118185235,0.2719912583341646
11,Savory Bakery,2024-11-16,14.649799576967414,14.529829219023355,14.664117490558692,0.13428827153533618
11,Savory Bakery,2024-11-17,14.968576547020364,14.87389869348831,14.989341192146895,0.11544249865858447
11,Savory Bakery,2024-11-18,15.847719775467574,15.598093276176455,15.875301108524205,0.2772078323477505
11,Savory Bakery,2024-11-19,15.366505819294142,15.138156678785242,15.396586862644439,0.2584301838591969
11,Savory Bakery,2024-11-20,13.828886360350769,13.883191841975199,13.85565874394925,0.054305481624430385
11,Savory Bakery,2024-11-21,13.716271597089046,13.776117199321538,13.735976920987504,0.05984560223249247
11,Savory Bakery,2024-11-22,13.152214090803154,13.407614034885281,13.166205765151119,0.25539994408212685
11,Savory Bakery,2024-11-23,12.98133123686643,12.824160586800689,12.996054991347766,0.17189440454707672
11,Savory Bakery,2024-11-24,13.352296905003433,13.195691802081763,13.371805501719997,0.17611369963823442
11,Savory Bakery,2024-11-25,13.858859226146166,13.614813075449266,13.882484339143906,0.26767126369463945
11,Savory Bakery,2024-11-26,13.338621686512745,13.20696740857874,13.366651484682176,0.15968407610343682
11,Savory Bakery,2024-11-27,13.49510671732638,13.328586781109642,13.525565003263441,0.196978222153799
11,Savory Bakery,2024-11-28,13.66406206916631,13.611832076989282,13.690140260829416,0.07830818384013405
11,Savory Bakery,2024-11-29,13.806240602318205,14.244559877514806,13.825071947495616,0.4383192751966014
11,Savory Bakery,2024-11-30,16.20977814872025,16.772465837162848,16.229283421111752,0.5626876884425975
11,Savory Bakery,2024-12-01,15.559590784434034,15.747096633728157,15.583848976432405,0.18750584929412284
11,Savory Bakery,2024-12-02,20.244070933876248,20.796807750181653,20.268823038609533,0.5527368163054049
11,Savory Bakery,2024-12-03,15.759942524569434,15.881212445644728,15.7850051576947,0.12126992107529411
11,Savory Bakery,2024-12-04,16.05773316055767,15.89585525362748,16.086144481951624,0.19028922832414352
11,Savory Bakery,2024-12-05,44.70943812250404,53.21014119860336,44.73557223569014,8.50070307609932
11,Savory Bakery,2024-12-06,15.824518787867525,15.75337669844571,15.84489476019371,0.09151806174800114
11,Savory Bakery,2024-12-07,15.502566270279761,15.464288826961429,15.520517989937375,0.05622916297594571
11,Savory Bakery,2024-12-08,15.760324828744249,15.765814544720573,15.777366867340392,0.017042038596143172
11,Savory Bakery,2024-12-09,16.283100758609237,16.258003141520213,16.29583119313549,0.03782805161527847
11,Savory Bakery,2024-12-10,22.182854949231984,22.42252547986334,22.194046540024296,0.23967053063135424
11,Savory Bakery,2024-12-11,15.895006998182454,15.910095783083033,15.907600998764966,0.015088784900578744
11,Savory Bakery,2024-12-12,16.20874554147098,16.20727831093608,16.224941607646272,0.017663296710193066
11,Savory Bakery,2024-12-13,15.968921381006144,16.212177816482992,15.984483411868114,0.24325643547684805
11,Savory Bakery,2024-12-14,15.625659262475013,15.698858215551201,15.636627121636616,0.07319895307618829
11,Savory Bakery,2024-12-15,18.81439186727905,19.352548015157826,18.823761363626446,0.5381561478787766
11,Savory Bakery,2024-12-16,17.817116406948244,18.217362207686932,17.82970740197659,0.40024580073868776
11,Savory Bakery,2024-12-17,16.255462799881997,16.76775475629465,16.273633788377765,0.5122919564126533
11,Savory Bakery,2024-12-18,16.40905083331161,16.7036929207409,16.428202429393345,0.2946420874292883
11,Savory Bakery,2024-12-19,16.611675644153237,16.91979995674671,16.626305201834633,0.30812431259347406
11,Savory Bakery,2024-12-20,16.167889405030834,16.59579756509533,16.17882566033498,0.42790816006449717
11,Savory Bakery,2024-12-21,15.943464050935086,16.35504387433259,15.956603286366867,0.41157982339750454
11,Savory Bakery,2024-12-22,16.17844110532054,16.74012694422514,16.194568544675665,0.561685838904598
11,Savory Bakery,2024-12-23,16.663526850125976,16.866392990893367,16.67827746105535,0.20286614076739085
11,Savory Bakery,2024-12-24,16.2782043261984,16.716891950151634,16.294736376898697,0.4386876239532356
11,Savory Bakery,2024-12-25,16.583229356527855,16.80410541311475,16.601306990689622,0.22087605658689569
11,Savory Bakery,2024-12-26,16.845198805536842,17.080510004768428,16.859270366148426,0.23531119923158528
11,Savory Bakery,2024-12-27,16.48797898032913,16.743578699858347,16.499714644733874,0.255599719529215
11,Savory Bakery,2024-12-28,16.314941874234833,16.513071688955975,16.332064015403418,0.19812981472114188
11,Savory Bakery,2024-12-29,16.705582764089666,17.431804284923764,16.725626531602906,0.7262215208340983
11,Savory Bakery,2024-12-30,16.970962206560827,17.370892485369318,16.98790269385706,0.3999302788084904
11,Savory Bakery,2024-12-31,18.99850219209209,19.896954176185396,19.012647969399204,0.8984519840933061
11,Tea,2024-11-01,20.07656666147167,20.38417322436501,22.918739438150745,2.8421727766790745
11,Tea,2024-11-02,19.670350660231968,19.21745049896088,20.355021499259294,1.137571000298415
11,Tea,2024-11-03,20.197497956614377,19.455037109439246,20.431058183012013,0.9760210735727668
11,Tea,2024-11-04,21.749087411351724,20.546025845274364,21.448360529612867,1.2030615660773591
11,Tea,2024-11-05,21.815232982931082,20.7048492376639,21.427313741154965,1.1103837452671819
11,Tea,2024-11-06,22.29927606406722,21.011954759880226,22.358292712764005,1.346337952883779
11,Tea,2024-11-07,21.965072797815033,22.425841690711994,22.03330253169503,0.46076889289696155
11,Tea,2024-11-08,20.631813115090573,21.296631873608867,20.68633863277813,0.6648187585182939
11,Tea,2024-11-09,22.965455168243217,22.70977975284584,23.036537390375013,0.3267576375291732
11,Tea,2024-11-10,20.382086979688232,20.43946167157111,20.466215795159805,0.0841288154715727
11,Tea,2024-11-11,21.210627199601294,21.013855268916352,21.276354492789967,0.2624992238736148
11,Tea,2024-11-12,21.080152947297062,21.091837810793443,21.123577355098504,0.0434244078014423
11,Tea,2024-11-13,21.759882428527696,22.34306664710342,21.790345187525947,0.5831842185757239
11,Tea,2024-11-14,21.27445578782748,22.212813135723223,21.280349417272046,0.9383573478957423
11,Tea,2024-11-15,23.22861087519623,24.184532155285005,23.216160224832926,0.9683719304520793
11,Tea,2024-11-16,21.148708545393806,22.02774324029165,21.144000843106333,0.8837423971853156
11,Tea,2024-11-17,22.059485704525272,22.866153840141422,22.080756323618623,0.8066681356161496
11,Tea,2024-11-18,23.08152504409076,23.039034976658314,23.101789704339986,0.06275472768167134
11,Tea,2024-11-19,22.255259533035076,22.853243678136913,22.253117409318357,0.6001262688185562
11,Tea,2024-11-20,19.92032559733064,21.21877869279976,19.911843061263475,1.306935631536284
11,Tea,2024-11-21,20.0933259801079,22.029345545095104,20.115981829062093,1.9360195649872054
11,Tea,2024-11-22,19.06108112977557,21.11278545441185,19.110606837396094,2.0517043246362796
11,Tea,2024-11-23,18.459067962325182,20.017247638583946,18.509437283298634,1.5581796762587636
11,Tea,2024-11-24,19.12214630547633,20.99418490315805,19.174761205005094,1.872038597681719
11,Tea,2024-11-25,20.6130608618043,20.814459697918675,20.68221103946882,0.20139883611437526
11,Tea,2024-11-26,20.58707338465064,20.39050317843281,20.66270647863445,0.2722033002016424
11,Tea,2024-11-27,20.85510578170016,20.49789087494493,20.92256163281697,0.4246707578720397
11,Tea,2024-11-28,21.379650286728893,20.880535571993942,21.453993745151244,0.5734581731573023
11,Tea,2024-11-29,21.89879126881376,22.59455656062334,22.01121485585722,0.6957652918095789
11,Tea,2024-11-30,24.737688917147235,25.53872501194356,24.870640048763228,0.8010360947963235
11,Tea,2024-12-01,23.223447025770383,23.32195329158939,23.342473972879038,0.11902694710865447
11,Tea,2024-12-02,30.150699216414328,29.94190477896938,30.239797160493442,0.2978923815240613
11,Tea,2024-12-03,23.971813795119587,24.25647703465678,24.058150281062233,0.28466323953719197
11,Tea,2024-12-04,24.52242669506271,24.285077469941612,24.616339219405937,0.33126174946432485
11,Tea,2024-12-05,57.404522058652724,71.3436319493517,57.48805879802598,13.93910989069898
11,Tea,2024-12-06,23.810854953639218,23.71893943544089,23.882600123505078,0.1636606880641871
11,Tea,2024-12-07,23.1024789494872,22.77057481344467,23.171316163586695,0.40074135014202383
11,Tea,2024-12-08,23.28119175424228,23.10468408192654,23.332464530092942,0.22778044816640275
11,Tea,2024-12-09,23.709228345316557,23.557989291365367,23.731184099149793,0.17319480778442653
11,Tea,2024-12-10,32.21043983091861,32.6083883321887,32.215967564941394,0.3979485012700934
11,Tea,2024-12-11,23.784758384670056,23.671120556735204,23.800138369564625,0.12901781282942082
11,Tea,2024-12-12,23.91981688793447,23.988132172522846,23.943390724254687,0.0683152845883761
11,Tea,2024-12-13,22.603726844291177,22.9414886504201,22.61894079114287,0.33776180612892404
11,Tea,2024-12-14,21.845922641690848,22.12504003375859,21.85341551051531,0.279117392067743
11,Tea,2024-12-15,26.619476672901605,27.211819119803994,26.644371634483697,0.5923424469023892
11,Tea,2024-12-16,25.596159728923485,26.013934842471162,25.633480237856578,0.4177751135476768
11,Tea,2024-12-17,23.499627139150903,24.11485959859583,23.52993775868064,0.615232459444929
11,Tea,2024-12-18,24.225990045808913,24.741332043913108,24.2563171471144,0.5153419981041942
11,Tea,2024-12-19,24.905168732342485,25.32387056094134,24.95846103285482,0.41870182859885574
11,Tea,2024-12-20,24.335380575994627,25.085725761767204,24.404831038935136,0.7503451857725771
11,Tea,2024-12-21,23.40671372849401,23.740404897787105,23.477610086908435,0.3336911692930933
11,Tea,2024-12-22,24.089097084506687,24.274527098695525,24.16099604201864,0.18543001418883875
11,Tea,2024-12-23,25.755873679260574,25.864814997500474,25.84000642500175,0.10894131823989994
11,Tea,2024-12-24,25.49025305290888,25.778391461289893,25.57343163061668,0.28813840838101257
11,Tea,2024-12-25,25.474760891737073,25.73973960620705,25.541300609687628,0.2649787144699758
11,Tea,2024-12-26,25.71471555482207,26.126906945968525,25.764080755303315,0.41219139114645387
11,Tea,2024-12-27,24.83828831228418,25.280970609674775,24.894447934646497,0.4426822973905935
11,Tea,2024-12-28,24.241622971577513,24.47802927480967,24.308376825830003,0.23640630323215817
11,Tea,2024-12-29,24.667838101662703,25.170113966887218,24.723784982334877,0.5022758652245152
11,Tea,2024-12-30,25.568921584980465,26.119601425411016,25.600771538974364,0.5506798404305506
11,Tea,2024-12-31,28.765348444749364,29.829837238396333,28.77557982400713,1.0644887936469694
12,Bakery,2024-11-01,19.171378439324023,17.625498698701406,19.171960408381608,1.5464617096802016
12,Bakery,2024-11-02,25.472347467618324,24.471478572901827,25.84233948280939,1.370860909907563
12,Bakery,2024-11-03,22.8289616583179,21.010341067814537,22.78502038325702,1.8186205905033646
12,Bakery,2024-11-04,19.84388600205146,18.008537201991338,20.39877464275593,2.3902374407645937
12,Bakery,2024-11-05,19.91267250843228,18.666422381625118,20.618602766545315,1.9521803849201973
12,Bakery,2024-11-06,17.682029576489647,16.481321940945467,18.597223403485856,2.115901462540389
12,Bakery,2024-11-07,17.548529917574797,16.12677468538974,17.541172276384586,1.4217552321850562
12,Bakery,2024-11-08,17.562070124998158,16.295135211833603,17.557022765166423,1.2669349131645546
12,Bakery,2024-11-09,20.5811261602703,19.720627998393603,20.582508411401278,0.8618804130076754
12,Bakery,2024-11-10,20.864418626709927,19.549764609103534,20.872651063714272,1.3228864546107388
12,Bakery,2024-11-11,17.823572715694855,16.703942350827116,17.83088127060782,1.1269389197807023
12,Bakery,2024-11-12,18.055155445347516,17.260354525231946,18.055348103224393,0.7949935779924466
12,Bakery,2024-11-13,14.621328275450393,13.571937403673301,14.617144649736517,1.0493908717770921
12,Bakery,2024-11-14,14.540778652501865,13.421634869473898,14.534003363530397,1.1191437830279671
12,Bakery,2024-11-15,24.796200279160036,24.831161673150962,24.79266514539057,0.03849652776039392
12,Bakery,2024-11-16,22.667805192057212,22.06661817955374,22.670595965847838,0.6039777862940987
12,Bakery,2024-11-17,22.704050621967397,22.322105293031004,22.712064590470213,0.38995929743920854
12,Bakery,2024-11-18,19.352876603046546,18.9490135459502,19.35956126676672,0.4105477208165169
12,Bakery,2024-11-19,19.59013030704658,19.130979604298837,19.59010178861086,0.45915070274774195
12,Bakery,2024-11-20,18.97306862053655,18.361386779179245,18.967966182675422,0.6116818413573064
12,Bakery,2024-11-21,18.81476543886301,18.285223879048772,18.807671780445485,0.5295415598142377
12,Bakery,2024-11-22,18.92948559370016,18.429539119835084,18.92319863252905,0.4999464738650765
12,Bakery,2024-11-23,22.64254582444179,22.56669260319324,22.64157170381314,0.07585322124855054
12,Bakery,2024-11-24,22.527328624938498,22.283996144373727,22.530255826316576,0.24625968194284908
12,Bakery,2024-11-25,19.386504531369418,19.650164847789753,19.388264032433945,0.26366031642033505
12,Bakery,2024-11-26,19.476389239408554,19.282075353214605,19.47176521991153,0.19431388619394951
12,Bakery,2024-11-27,18.996786992216478,19.045967568556073,18.9893158534134,0.056651715142670866
12,Bakery,2024-11-28,18.97918354765261,19.551360834023132,18.969647443651272,0.5817133903718599
12,Bakery,2024-11-29,21.452971084158275,22.610579121355972,21.445468200591392,1.1651109207645796
12,Bakery,2024-11-30,33.84626430770621,35.96054812154398,33.84726631302757,2.1142838138377726
12,Bakery,2024-12-01,28.367595316116287,28.99916048365446,28.37622804825476,0.6315651675381737
12,Bakery,2024-12-02,24.706991261579432,25.15574495650084,24.715640586262325,0.4487536949214075
12,Bakery,2024-12-03,24.84794216863347,25.293789495592225,24.849091893690563,0.44584732695875573
12,Bakery,2024-12-04,24.21424414690922,24.410610156956466,24.211488171371474,0.19912198558499128
12,Bakery,2024-12-05,33.321145661536384,34.54672587797977,33.31807327539463,1.2286526025851359
12,Bakery,2024-12-06,24.168744700646048,24.175155282191053,24.168310529067057,0.006844753123996128
12,Bakery,2024-12-07,28.227801662395773,28.59511782281426,28.23343022218622,0.36731616041848625
12,Bakery,2024-12-08,28.618073501199387,29.14904585665964,28.62631907396806,0.5309723554602535
12,Bakery,2024-12-09,30.718352571268383,30.929688205353322,30.72643406220891,0.21133563408493927
12,Bakery,2024-12-10,29.74725523635765,29.9353243478806,29.750040479300136,0.18806911152294958
12,Bakery,2024-12-11,20.694455250715464,21.027900836532922,20.692332557289745,0.33556827924317645
12,Bakery,2024-12-12,20.656398322182678,20.903887541945505,20.650677351137897,0.2532101908076072
12,Bakery,2024-12-13,20.831183353077883,21.291301858770595,20.825641673693635,0.4656601850769597
12,Bakery,2024-12-14,24.81915851286915,24.892037408964885,24.816559705599374,0.07547770336551096
12,Bakery,2024-12-15,28.672828412912374,28.82907358256504,28.672175311927845,0.1568982706371962
12,Bakery,2024-12-16,21.269690249759865,21.02293146129407,21.26859249163008,0.2467587884657938
12,Bakery,2024-12-17,21.454089085846096,21.532636254577824,21.450585293549423,0.08205096102840059
12,Bakery,2024-12-18,20.890305913537446,21.034976095605742,20.88353730767415,0.1514387879315926
12,Bakery,2024-12-19,20.570448895104253,20.368076891021445,20.561151078476946,0.20237200408280742
12,Bakery,2024-12-20,20.79811391683719,20.895454364194787,20.7887536477163,0.10670071647848545
12,Bakery,2024-12-21,24.68473631525414,24.9465974214249,24.684253979205934,0.26234344221896677
12,Bakery,2024-12-22,27.305802118659486,26.81938564604668,27.312316075056337,0.49293042900965744
12,Bakery,2024-12-23,21.23287667772935,21.101436696368587,21.237631478739683,0.1361947823710956
12,Bakery,2024-12-24,21.11700112654877,20.790852570398805,21.115261905260756,0.32614855614996685
12,Bakery,2024-12-25,20.734040445485316,20.897264403479767,20.726326755946104,0.17093764753366258
12,Bakery,2024-12-26,20.459389065691216,20.174516377624172,20.44825074411933,0.28487268806704336
12,Bakery,2024-12-27,20.722476995754807,20.443814730537024,20.712468119463505,0.2786622652177826
12,Bakery,2024-12-28,24.464248930661817,24.39559770191424,24.462092130339233,0.06865122874757645
12,Bakery,2024-12-29,25.098474769784698,25.614138482634452,25.103017670175667,0.5156637128497543
12,Bakery,2024-12-30,21.07482741140014,21.555939693054476,21.078874263848554,0.4811122816543367
12,Bakery,2024-12-31,24.836008398494165,26.08162301153389,24.834839545920588,1.2467834656133014
12,Chocolate & Milk,2024-11-01,10.129891982992653,9.434497437259045,11.026547620390865,1.5920501831318195
12,Chocolate & Milk,2024-11-02,13.965689314424717,13.751269205192086,14.839355303551427,1.0880860983593408
12,Chocolate & Milk,2024-11-03,12.376474272516399,11.512175745149126,13.389145163324297,1.8769694181751717
12,Chocolate & Milk,2024-11-04,10.359380879164599,9.569995083953167,10.929610689659587,1.35961560570642
12,Chocolate & Milk,2024-11-05,10.568163460181273,9.82354904546726,10.915886039666493,1.0923369941992327
12,Chocolate & Milk,2024-11-06,9.397336477015832,8.885959653843543,9.433737834698654,0.5477781808551114
12,Chocolate & Milk,2024-11-07,9.324539228195805,8.914847393632105,9.313417271173705,0.4096918345637004
12,Chocolate & Milk,2024-11-08,9.235299610400297,8.741303141503206,9.219288468977917,0.49399646889709103
12,Chocolate & Milk,2024-11-09,11.054012363276428,10.555776672430744,11.040413547006892,0.498235690845684
12,Chocolate & Milk,2024-11-10,11.246981414671657,10.830772785363232,11.237602604938708,0.41620862930842506
12,Chocolate & Milk,2024-11-11,9.26412889429203,8.822740080432062,9.253883089346893,0.44138881385996775
12,Chocolate & Milk,2024-11-12,9.496585501768681,8.858891026544327,9.485173141320937,0.6376944752243539
12,Chocolate & Milk,2024-11-13,7.918064444083432,6.9579940063924575,7.908308458730092,0.9600704376909741
12,Chocolate & Milk,2024-11-14,10.731345379844319,10.342382283835729,10.720654740222415,0.3889630960085899
12,Chocolate & Milk,2024-11-15,17.16042536004615,17.14212331275259,17.149211543682206,0.018302047293559554
12,Chocolate & Milk,2024-11-16,13.398393944102924,13.334155963698985,13.393921179029203,0.06423798040393969
12,Chocolate & Milk,2024-11-17,16.231097776338153,15.894249857733666,16.23351315377926,0.33926329604559413
12,Chocolate & Milk,2024-11-18,13.762851573080848,13.605324715076616,13.766844983551081,0.1615202684744652
12,Chocolate & Milk,2024-11-19,14.05928106906844,14.031185475104737,14.066384179884828,0.03519870478009146
12,Chocolate & Milk,2024-11-20,14.079549471400268,14.014126098651838,14.089145284293616,0.07501918564177856
12,Chocolate & Milk,2024-11-21,11.772704462667628,12.210961544629148,11.78021861496936,0.43825708196152036
12,Chocolate & Milk,2024-11-22,11.515005075232082,11.791395991918352,11.518914184407585,0.27639091668626925
12,Chocolate & Milk,2024-11-23,13.57149010171618,13.773807626275115,13.573818270921354,0.2023175245589357
12,Chocolate & Milk,2024-11-24,13.639126626722128,13.850904423731325,13.641737059917592,0.21177779700919785
12,Chocolate & Milk,2024-11-25,11.814564700832353,12.217567418033857,11.819890798494637,0.40300271720150427
12,Chocolate & Milk,2024-11-26,10.750849021956983,10.949334870922534,10.760712927502283,0.19848584896555188
12,Chocolate & Milk,2024-11-27,10.459325243254373,10.410199771490806,10.46940026540415,0.05920049391334459
12,Chocolate & Milk,2024-11-28,10.336243206139386,10.385184727871847,10.341890956845184,0.04894152173246091
12,Chocolate & Milk,2024-11-29,11.174033450152994,11.487411299765707,11.176538906434459,0.31337784961271353
12,Chocolate & Milk,2024-11-30,19.058594115677383,19.722122696989253,19.05964991672036,0.6635285813118692
12,Chocolate & Milk,2024-12-01,15.58949763350796,15.951269874520387,15.58770027176547,0.36356960275491623
12,Chocolate & Milk,2024-12-02,13.110442832507097,13.537513365248197,13.103266321425469,0.4342470438227277
12,Chocolate & Milk,2024-12-03,13.462179430996825,13.657966842667111,13.456763799545653,0.20120304312145798
12,Chocolate & Milk,2024-12-04,13.26553084205862,13.423458697049584,13.265760199719113,0.15792785499096418
12,Chocolate & Milk,2024-12-05,18.527724350820055,18.662228878994704,18.527871442044656,0.13450452817464864
12,Chocolate & Milk,2024-12-06,13.12351466957658,13.197439274597269,13.122150296725474,0.07528897787179467
12,Chocolate & Milk,2024-12-07,15.332988315144252,15.515807857006639,15.33146275240374,0.1843451046028992
12,Chocolate & Milk,2024-12-08,15.67286235986652,16.19504262531799,15.668103987820132,0.5269386374978566
12,Chocolate & Milk,2024-12-09,16.4052724876908,16.73528630926473,16.397173168125992,0.3381131411387379
12,Chocolate & Milk,2024-12-10,16.35757084127288,16.53266883462549,16.35258776267192,0.1800810719535697
12,Chocolate & Milk,2024-12-11,11.203724458924746,11.335731299484141,11.204411732497393,0.13200684055939504
12,Chocolate & Milk,2024-12-12,11.124781799413443,11.296543856681247,11.126903902824472,0.17176205726780402
12,Chocolate & Milk,2024-12-13,11.206087183542422,11.378107170614708,11.210591743285491,0.17201998707228583
12,Chocolate & Milk,2024-12-14,13.109692260871876,13.088507597973344,13.116050758700494,0.02754316072715035
12,Chocolate & Milk,2024-12-15,15.777929490964642,15.694970045859272,15.78189397736996,0.08692393151068778
12,Chocolate & Milk,2024-12-16,10.9522529051887,10.92402294088091,10.953044719634168,0.02902177875325762
12,Chocolate & Milk,2024-12-17,11.265988188350331,11.433615303929946,11.266113332168889,0.16762711557961474
12,Chocolate & Milk,2024-12-18,10.917070544142694,10.878601854680744,10.919292500983861,0.04069064630311736
12,Chocolate & Milk,2024-12-19,10.99334939465574,10.871829617134786,10.999767230421554,0.12793761328676823
12,Chocolate & Milk,2024-12-20,11.168734456456695,11.203318594309536,11.181230815277033,0.03458413785284087
12,Chocolate & Milk,2024-12-21,13.06365305150802,13.010824137437648,13.076446499718754,0.06562236228110585
12,Chocolate & Milk,2024-12-22,14.675172675955354,14.93219635304861,14.68196009295768,0.25702367709325635
12,Chocolate & Milk,2024-12-23,10.989025841026573,11.078642788488247,10.990496462578449,0.08961694746167481
12,Chocolate & Milk,2024-12-24,11.119909864222086,10.991695022951593,11.119632542031832,0.1282148412704931
12,Chocolate & Milk,2024-12-25,11.0018864193917,10.920635326379056,11.000223976057544,0.08125109301264466
12,Chocolate & Milk,2024-12-26,10.939113302595363,10.826599292301026,10.932049762516028,0.11251401029433694
12,Chocolate & Milk,2024-12-27,11.051192635839431,10.949302706628828,11.0435727798884,0.10188992921060347
12,Chocolate & Milk,2024-12-28,13.415616184397791,13.37264765273794,13.41119211058913,0.042968531659850484
12,Chocolate & Milk,2024-12-29,13.49650958181903,13.994575992088567,13.490810814295212,0.5037651777933547
12,Chocolate & Milk,2024-12-30,10.96347128585058,11.403187881992173,10.955884169324788,0.44730371266738445
12,Chocolate & Milk,2024-12-31,13.461612062671627,14.102132079072694,13.454156630582087,0.6479754484906071
12,Coffee,2024-11-01,80.69685086380599,78.34458635360346,81.46688104912565,3.1222946955221857
12,Coffee,2024-11-02,108.5057590202737,110.35410122267817,110.97430410320908,2.4685450829353783
12,Coffee,2024-11-03,97.53679130283511,96.25614843575973,96.81147306275594,1.280642867075386
12,Coffee,2024-11-04,78.62440120066812,77.6992542467512,79.46479433711778,1.765540090366585
12,Coffee,2024-11-05,78.61365917056588,79.0241295947919,79.7147385655022,1.1010793949363205
12,Coffee,2024-11-06,70.07866525265139,69.1645830538221,69.69572359892675,0.9140821988292913
12,Coffee,2024-11-07,71.49174661168202,69.77696376734147,71.5432730649987,1.76630929765723
12,Coffee,2024-11-08,73.97925560345489,70.75661317221534,74.04451966904747,3.287906496832136
12,Coffee,2024-11-09,88.84697153048197,88.35955875672701,88.8695952270621,0.5100364703350948
12,Coffee,2024-11-10,90.1719971336276,87.46047303745954,90.21192987476597,2.751456837306435
12,Coffee,2024-11-11,71.31694683661291,69.38144460622624,71.35972163301821,1.9782770267919716
12,Coffee,2024-11-12,70.67676491599234,69.72537650699026,70.68561284026246,0.9602363332722064
12,Coffee,2024-11-13,57.60148075113625,49.452164693246075,57.62199003491786,8.169825341671782
12,Coffee,2024-11-14,80.08857151041684,73.61448679017474,80.14011444193005,6.525627651755315
12,Coffee,2024-11-15,129.2379934816702,131.77292934298583,129.31510797239775,2.534935861315631
12,Coffee,2024-11-16,107.57251601419793,106.07819576342972,107.61469325916016,1.536497495730444
12,Coffee,2024-11-17,123.49685503454882,123.83704469326321,123.56767832329093,0.34018965871439377
12,Coffee,2024-11-18,103.919078198324,105.1125942922515,104.0052019261931,1.1935160939274994
12,Coffee,2024-11-19,104.39770113314506,107.3023703348921,104.45444336930439,2.9046692017470406
12,Coffee,2024-11-20,103.47977971251359,104.96367499964772,103.56121409255596,1.483895287134132
12,Coffee,2024-11-21,90.84903694919183,90.33614591108847,90.97334759663924,0.637201685550778
12,Coffee,2024-11-22,93.5020739208291,92.06192444942813,93.65301940480464,1.591094955376505
12,Coffee,2024-11-23,111.57752087919768,111.36072293882773,111.69365227024521,0.3329293314174748
12,Coffee,2024-11-24,111.26778806493195,111.10447141365982,111.40578168642463,0.30131027276480893
12,Coffee,2024-11-25,92.4610141687418,92.34033338154839,92.60518668030139,0.2648532987529961
12,Coffee,2024-11-26,82.45583109947515,81.1260204008579,82.55891262613407,1.432892225276177
12,Coffee,2024-11-27,80.63271352537109,80.13654313276481,80.73279168389166,0.5962485511268483
12,Coffee,2024-11-28,82.66230176741212,80.80730913856999,82.77659150317758,1.9692823646075936
12,Coffee,2024-11-29,93.87672587281888,96.75722091733189,94.0055498115721,2.8804950445130117
12,Coffee,2024-11-30,147.76538654981954,150.64568966583022,147.86084214057303,2.88030311601068
12,Coffee,2024-12-01,124.72991990095942,127.4448596266738,124.82720023516168,2.7149397257143875
12,Coffee,2024-12-02,103.59228539253643,104.6548775298863,103.70692160406604,1.0625921373498812
12,Coffee,2024-12-03,103.28988520401263,104.14624642579363,103.36343346609885,0.8563612217810004
12,Coffee,2024-12-04,101.7387338322766,102.02072227643221,101.82771088996816,0.2819884441556155
12,Coffee,2024-12-05,139.74849006272188,147.00656308706988,139.8656517746901,7.258073024347993
12,Coffee,2024-12-06,103.88072057063505,103.7718920697026,104.02224139346146,0.2503493237588543
12,Coffee,2024-12-07,122.00205611241094,122.76454587875095,122.11345912832411,0.7624897663400105
12,Coffee,2024-12-08,123.9644003779755,125.97489679108305,124.09332578772847,2.0104964131075604
12,Coffee,2024-12-09,124.32407260515495,125.56003630239674,124.4708187508325,1.235963697241786
12,Coffee,2024-12-10,119.61825324424615,120.94015933086199,119.72171897306657,1.32190608661584
12,Coffee,2024-12-11,83.91762364672664,84.93285095406709,84.03187348791103,1.015227307340453
12,Coffee,2024-12-12,85.91956038196378,86.06659368469238,86.06841833861935,0.14885795665557566
12,Coffee,2024-12-13,88.16781483775671,88.79479086718719,88.32951223656741,0.6269760294304803
12,Coffee,2024-12-14,104.96297864193424,104.87453542825342,105.08460767971266,0.2100722514592377
12,Coffee,2024-12-15,120.65362101022188,120.0677282424748,120.79074042002428,0.723012177549478
12,Coffee,2024-12-16,86.33121471040138,85.2267024814615,86.4945307667949,1.267828285333394
12,Coffee,2024-12-17,84.66200817968428,85.37180315633766,84.77883338953363,0.7097949766533844
12,Coffee,2024-12-18,83.66714722635056,84.13493931159704,83.77350010866004,0.4677920852464723
12,Coffee,2024-12-19,84.7834817175818,83.7663405591484,84.89061948241084,1.1242789232624375
12,Coffee,2024-12-20,86.97646820181505,85.73345634231367,87.0755518144469,1.3420954721332237
12,Coffee,2024-12-21,103.41451712212317,104.11196066050654,103.45715835840913,0.6974435383833679
12,Coffee,2024-12-22,112.7323208031133,113.09043263157307,112.75830431724121,0.3581118284597693
12,Coffee,2024-12-23,83.93775153473935,83.57908776170817,83.96403122276828,0.3849434610601179
12,Coffee,2024-12-24,82.86480839216802,82.65384547579718,82.85381916962079,0.21096291637083198
12,Coffee,2024-12-25,81.7440660643684,81.52199731505986,81.73107864367195,0.2220687493085336
12,Coffee,2024-12-26,83.2826517726403,82.73342825119876,83.29024908852017,0.5568208373214105
12,Coffee,2024-12-27,85.52842277021851,84.39111836428029,85.51535057353722,1.1373044059382238
12,Coffee,2024-12-28,102.529093769776,102.28779638266654,102.46603344615268,0.24129738710945503
12,Coffee,2024-12-29,102.88992143979063,105.46800491225727,102.84081294499826,2.6271919672590087
12,Coffee,2024-12-30,83.35635863737858,85.86569638502101,83.32690212651084,2.5387942585101655
12,Coffee,2024-12-31,96.3156957813689,101.56410523291618,96.2451396128655,5.318965620050676
12,Juice & Smoothie,2024-11-01,5.883099594820576,6.022691197426513,6.555464385916657,0.6723647910960802
12,Juice & Smoothie,2024-11-02,8.268393987937383,8.143799722933611,8.659259846691263,0.5154601237576522
12,Juice & Smoothie,2024-11-03,7.594736228024575,7.675909246155612,7.7817855251218795,0.1870492970973041
12,Juice & Smoothie,2024-11-04,6.157331428102139,5.97564788582344,6.241782401079063,0.26613451525562315
12,Juice & Smoothie,2024-11-05,6.283694210777157,6.218195303033278,6.305391093752182,0.08719579071890404
12,Juice & Smoothie,2024-11-06,5.530198791377007,5.3669488992621,5.704395302221044,0.33744640295894346
12,Juice & Smoothie,2024-11-07,5.571963813821229,5.358607380970222,5.567520621409578,0.21335643285100758
12,Juice & Smoothie,2024-11-08,5.559487547141721,5.3996640167757,5.553990616775021,0.1598235303660207
12,Juice & Smoothie,2024-11-09,6.812549095691168,6.818436448804427,6.806305965602915,0.012130483201511666
12,Juice & Smoothie,2024-11-10,6.821502069820454,6.610723271872436,6.816030483019751,0.21077879794801824
12,Juice & Smoothie,2024-11-11,5.545887814997574,5.341756144449096,5.540638825884952,0.20413167054847747
12,Juice & Smoothie,2024-11-12,5.689508248466306,5.715303220258949,5.684247478555427,0.03105574170352199
12,Juice & Smoothie,2024-11-13,4.914781551532146,4.565053826617506,4.910291087430008,0.34972772491464
12,Juice & Smoothie,2024-11-14,6.867954943669846,6.682308549894578,6.863706480923508,0.1856463937752686
12,Juice & Smoothie,2024-11-15,10.975783479688953,10.88442131477604,10.97165564637687,0.09136216491291371
12,Juice & Smoothie,2024-11-16,8.267949434963121,8.19391621968612,8.263563513070729,0.07403321527700157
12,Juice & Smoothie,2024-11-17,8.435747975751463,8.65699302898609,8.43238678531085,0.22460624367523963
12,Juice & Smoothie,2024-11-18,7.007380709026758,7.167092437303423,7.004764381830584,0.16232805547283924
12,Juice & Smoothie,2024-11-19,7.325640519003359,7.710931631094356,7.323432906308071,0.3874987247862851
12,Juice & Smoothie,2024-11-20,7.100340114373692,7.595645736094556,7.0986801108007604,0.49696562529379573
12,Juice & Smoothie,2024-11-21,7.070296471417794,7.750384337748907,7.069602988293486,0.6807813494554207
12,Juice & Smoothie,2024-11-22,7.125605290972344,7.711886284520056,7.125704883266856,0.586280993547712
12,Juice & Smoothie,2024-11-23,8.480085534181367,8.908578324437652,8.479959410341198,0.4286189140964538
12,Juice & Smoothie,2024-11-24,8.419533882805995,8.667890070633621,8.419410728914968,0.24847934171865305
12,Juice & Smoothie,2024-11-25,7.301530700762628,7.55342269654165,7.301740676166863,0.25189199577902244
12,Juice & Smoothie,2024-11-26,6.509171820663391,6.666097038324832,6.509664881719867,0.15692521766144107
12,Juice & Smoothie,2024-11-27,6.361401625822823,6.439007061282633,6.36281908354928,0.07760543545981058
12,Juice & Smoothie,2024-11-28,6.372680849529994,6.563527599161326,6.374366592662144,0.19084674963133264
12,Juice & Smoothie,2024-11-29,7.162699527525678,7.431041487639142,7.163562594745908,0.2683419601134638
12,Juice & Smoothie,2024-11-30,12.20773667054663,12.256857602763095,12.208214238368424,0.0491209322164643
12,Juice & Smoothie,2024-12-01,9.799668211729996,9.912765269084584,9.800777388735668,0.11309705735458842
12,Juice & Smoothie,2024-12-02,8.066448457264112,8.041756691844851,8.06889916029655,0.02714246845169832
12,Juice & Smoothie,2024-12-03,8.34865527148481,8.162544803241502,8.35223138724489,0.1896865840033879
12,Juice & Smoothie,2024-12-04,8.226289374190198,8.186964817783883,8.231314528135929,0.044349710352046046
12,Juice & Smoothie,2024-12-05,11.88045130900202,12.088592083549475,11.885558037550812,0.20814077454745572
12,Juice & Smoothie,2024-12-06,8.128022081841987,8.10449357510793,8.132692029870515,0.028198454762584646
12,Juice & Smoothie,2024-12-07,9.729394309551083,9.691434662109181,9.734546379323419,0.0431117172142379
12,Juice & Smoothie,2024-12-08,9.85457306669386,9.777840250792282,9.861254858270165,0.08341460747788254
12,Juice & Smoothie,2024-12-09,10.668773788834628,10.586238740496592,10.677578698053175,0.09133995755658297
12,Juice & Smoothie,2024-12-10,10.388149666712549,10.459800291901805,10.3970878276492,0.0716506251892568
12,Juice & Smoothie,2024-12-11,6.866543692061868,6.90212373850224,6.874078156036412,0.03558004644037194
12,Juice & Smoothie,2024-12-12,6.870413282814441,6.849921075889143,6.8755785193613,0.025657443472156594
12,Juice & Smoothie,2024-12-13,6.817330687344261,6.7685238964041705,6.8193475798055765,0.05082368340140597
12,Juice & Smoothie,2024-12-14,8.252531714933996,8.225129098099426,8.25183357888937,0.02740261683456957
12,Juice & Smoothie,2024-12-15,9.97913923694853,9.803111663808039,9.978602270143927,0.176027573140491
12,Juice & Smoothie,2024-12-16,6.791353899411777,6.684769156695046,6.7922392907497136,0.10747013405466799
12,Juice & Smoothie,2024-12-17,6.958876108438135,6.9912535529278585,6.958488629073604,0.03276492385425467
12,Juice & Smoothie,2024-12-18,6.747394105526746,6.748757402355762,6.745202332560208,0.003555069795554644
12,Juice & Smoothie,2024-12-19,6.771613645874866,6.798667402639716,6.768640776284374,0.030026626355342145
12,Juice & Smoothie,2024-12-20,6.688415082141203,6.662797898126515,6.685423452371975,0.025617184014688377
12,Juice & Smoothie,2024-12-21,8.119134687856217,8.029526575557298,8.117348956436338,0.08960811229891874
12,Juice & Smoothie,2024-12-22,9.001458471143623,8.58405807250488,9.000215052436799,0.417400398638744
12,Juice & Smoothie,2024-12-23,6.751537904957005,6.676774556736238,6.750169401892213,0.0747633482207668
12,Juice & Smoothie,2024-12-24,6.880137557625984,6.78134733553251,6.87875187835533,0.09879022209347443
12,Juice & Smoothie,2024-12-25,6.782127754003989,6.6349909203205595,6.7816341484568365,0.14713683368342956
12,Juice & Smoothie,2024-12-26,6.741127467848804,6.611939495064808,6.740528181611403,0.12918797278399552
12,Juice & Smoothie,2024-12-27,6.740852426902977,6.604751125522476,6.738319258282738,0.13610130138050103
12,Juice & Smoothie,2024-12-28,8.214082920304982,8.12340465939857,8.21068411050859,0.09067826090641162
12,Juice & Smoothie,2024-12-29,8.38790932462982,8.531045948899704,8.384818894552517,0.14622705434718775
12,Juice & Smoothie,2024-12-30,6.690618739471854,6.855809176306183,6.687960684490255,0.16784849181592776
12,Juice & Smoothie,2024-12-31,8.338515829196199,8.658923552466426,8.33597107777431,0.32295247469211574
12,Merchandise,2024-11-01,3.146716434774831,3.4840487714328594,3.3563943118639883,0.33733233665802853
12,Merchandise,2024-11-02,4.749697830551518,5.223676044021076,4.930544187597854,0.47397821346955826
12,Merchandise,2024-11-03,4.305756433349488,4.364319958174388,4.370487297427466,0.06473086407797712
12,Merchandise,2024-11-04,3.4068144669769977,3.423759003461741,3.490070700631044,0.08325623365404633
12,Merchandise,2024-11-05,3.4841104173689392,3.5492876638729496,3.528740903657363,0.06517724650401036
12,Merchandise,2024-11-06,2.9561916230317635,3.0560536686227033,2.975284013590794,0.09986204559093981
12,Merchandise,2024-11-07,3.0152118147620977,3.1362915988375213,3.0185027660486696,0.12107978407542364
12,Merchandise,2024-11-08,3.04012526500856,3.2151375910234905,3.0435730450506013,0.17501232601493033
12,Merchandise,2024-11-09,3.797778700049452,3.901562920864042,3.801477222156873,0.10378422081459027
12,Merchandise,2024-11-10,3.9036393354868366,4.0956318721127145,3.9081140134604047,0.1919925366258779
12,Merchandise,2024-11-11,3.0164845967540095,3.1058314667297915,3.0218923274763676,0.089346869975782
12,Merchandise,2024-11-12,3.0945148879575224,3.2119618047467964,3.100829868261367,0.11744691678927399
12,Merchandise,2024-11-13,2.6054237996156995,2.6277444670771146,2.6119453415123255,0.022320667461415145
12,Merchandise,2024-11-14,3.957418325038955,3.8832058758762242,3.9642021395252276,0.08099626364900336
12,Merchandise,2024-11-15,6.4703070049894915,6.62619696951321,6.476525380960037,0.15588996452371884
12,Merchandise,2024-11-16,4.92046149512502,5.022752610468484,4.926148683516766,0.10229111534346469
12,Merchandise,2024-11-17,4.930962361422514,5.087107776993033,4.9355450720628875,0.15614541557051886
12,Merchandise,2024-11-18,4.047838646571649,4.190960793903658,4.052543236727024,0.1431221473320088
12,Merchandise,2024-11-19,4.176926630363229,4.411212975430586,4.182891096354785,0.2342863450673569
12,Merchandise,2024-11-20,4.06092389320257,4.123225572398332,4.0680178566503,0.06230167919576157
12,Merchandise,2024-11-21,3.993149713265629,4.053184124545163,3.999441394075829,0.06003441127953435
12,Merchandise,2024-11-22,3.9541606838050143,4.031839432686418,3.9602785381297316,0.07767874888140369
12,Merchandise,2024-11-23,4.983632802572028,5.146447525454525,4.989819771915174,0.16281472288249788
12,Merchandise,2024-11-24,4.959504515812277,5.0602306153596315,4.965211665466123,0.10072609954735423
12,Merchandise,2024-11-25,3.9255972600630207,4.055764300977159,3.9305562541193986,0.130167040914138
12,Merchandise,2024-11-26,3.556766997362793,3.7150356414041514,3.562193122422239,0.15826864404135854
12,Merchandise,2024-11-27,3.4875756424648747,3.653033748822359,3.4927083778477663,0.16545810635748426
12,Merchandise,2024-11-28,3.457344877829498,3.5525769911044405,3.4627589443790754,0.09523211327494252
12,Merchandise,2024-11-29,4.0306627256429035,4.358891635657246,4.036408077609795,0.3282289100143423
12,Merchandise,2024-11-30,7.120972561188346,7.492765362865689,7.126760100907985,0.3717928016773433
12,Merchandise,2024-12-01,5.8078044570462,5.998639144633992,5.812872710058522,0.19083468758779176
12,Merchandise,2024-12-02,4.702925912736681,4.925713779567387,4.707524837644561,0.22278786683070528
12,Merchandise,2024-12-03,4.836841265821036,4.901128873246786,4.84154599223076,0.0642876074257499
12,Merchandise,2024-12-04,4.791938965211586,4.837963054905828,4.797523894714559,0.04602408969424143
12,Merchandise,2024-12-05,7.373004075792717,7.3546554587950395,7.379167677515045,0.024512218720005308
12,Merchandise,2024-12-06,4.808502099923302,4.854811632920507,4.814990327631646,0.04630953299720453
12,Merchandise,2024-12-07,5.783181923536622,5.728212263385635,5.789395530604959,0.06118326721932377
12,Merchandise,2024-12-08,5.950606749581702,6.0508596672519,5.956360906985884,0.10025291767019784
12,Merchandise,2024-12-09,5.87507190293498,5.988075887426617,5.879254638934451,0.11300398449163662
12,Merchandise,2024-12-10,6.194316664990087,6.073110232206955,6.197278834533004,0.12416860232604954
12,Merchandise,2024-12-11,3.7934590718135253,3.8469347059282786,3.7955185222320535,0.05347563411475331
12,Merchandise,2024-12-12,3.8011474959874523,3.8903176201943492,3.8038683079832634,0.08917012420689696
12,Merchandise,2024-12-13,3.8143206162647094,3.908312679699868,3.818766272061983,0.09399206343515853
12,Merchandise,2024-12-14,4.699558773806341,4.723589251831484,4.704667426233083,0.0240304780251428
12,Merchandise,2024-12-15,5.837009978465839,5.827846905945769,5.841115594503887,0.013268688558118136
12,Merchandise,2024-12-16,3.71550317764959,3.7907773229831525,3.7196751495555045,0.07527414533356236
12,Merchandise,2024-12-17,3.787713324012225,3.78851431623503,3.7923763906548027,0.00466306664257754
12,Merchandise,2024-12-18,3.6801721919655317,3.7017022650256544,3.6842985186645976,0.021530073060122668
12,Merchandise,2024-12-19,3.6822329141614425,3.6811979643927977,3.685613997699746,0.004416033306948286
12,Merchandise,2024-12-20,3.726988024841067,3.7461836108082145,3.731142930889794,0.019195585967147544
12,Merchandise,2024-12-21,4.719262451327769,4.798091425920706,4.723727574465127,0.07882897459293758
12,Merchandise,2024-12-22,5.3096964436030545,5.339577188059496,5.314398308671453,0.029880744456441732
12,Merchandise,2024-12-23,3.779809605656327,3.7998774706231524,3.7844374846133273,0.020067864966825333
12,Merchandise,2024-12-24,3.831638149165266,3.803739945333041,3.8365455368870363,0.03280559155399532
12,Merchandise,2024-12-25,3.73983100490637,3.6788045799208837,3.744472952124884,0.06566837220400012
12,Merchandise,2024-12-26,3.7533213889515262,3.694572956743901,3.7572036500483046,0.06263069330440363
12,Merchandise,2024-12-27,3.7318915204093224,3.7012197232719313,3.734972605935155,0.03375288266322363
12,Merchandise,2024-12-28,4.686683950393434,4.702709764235426,4.6899990186997425,0.016025813841991976
12,Merchandise,2024-12-29,4.7710713261204125,4.89979133910587,4.775040687809661,0.12872001298545754
12,Merchandise,2024-12-30,3.794994711808979,3.9416014450935557,3.799122332924359,0.14660673328457685
12,Merchandise,2024-12-31,4.858610760117323,5.096401872307483,4.862298688449125,0.23779111219015991
12,Savory Bakery,2024-11-01,14.212101865410451,14.04256960430001,14.386445312889503,0.34387570858949346
12,Savory Bakery,2024-11-02,19.017350595189228,19.452258997966947,18.901756619167397,0.5505023787995498
12,Savory Bakery,2024-11-03,17.05131717161712,16.31418165151795,17.027714589321278,0.7371355200991729
12,Savory Bakery,2024-11-04,14.32415266431618,13.34698132135495,14.200086569830118,0.9771713429612312
12,Savory Bakery,2024-11-05,14.48656252864924,13.954099447722935,14.722369986846882,0.7682705391239466
12,Savory Bakery,2024-11-06,12.940168433187354,12.677391920678915,13.252141423333315,0.5747495026544005
12,Savory Bakery,2024-11-07,12.972101681646851,12.626624695050713,12.968194375191405,0.3454769865961378
12,Savory Bakery,2024-11-08,13.029241558342488,12.568223008445417,13.023553435351173,0.46101854989707114
12,Savory Bakery,2024-11-09,15.756282301386504,15.601678183935906,15.751066723792535,0.15460411745059766
12,Savory Bakery,2024-11-10,15.768110369154936,15.253740008861195,15.766413571775072,0.5143703602937411
12,Savory Bakery,2024-11-11,13.046962040438556,12.35509089652525,13.044996129963309,0.691871143913307
12,Savory Bakery,2024-11-12,13.164762491721063,12.592385467996362,13.161171593283143,0.5723770237247017
12,Savory Bakery,2024-11-13,11.749537188525267,11.115391900888486,11.742520341895199,0.6341452876367804
12,Savory Bakery,2024-11-14,15.576747804008123,14.670198412644373,15.568751755328627,0.9065493913637503
12,Savory Bakery,2024-11-15,24.196310162893855,24.97110745112825,24.19104239698048,0.7800650541477694
12,Savory Bakery,2024-11-16,18.853159654863145,18.59737496914341,18.852632498202116,0.25578468571973545
12,Savory Bakery,2024-11-17,22.64181177957675,22.313974551844925,22.64320511506293,0.3292305632180046
12,Savory Bakery,2024-11-18,19.684211137338846,19.515624330831365,19.685543661674508,0.16991933084314326
12,Savory Bakery,2024-11-19,20.150001559167496,20.285386544427574,20.148358327859672,0.1370282165679022
12,Savory Bakery,2024-11-20,19.590306291999518,19.473587161663335,19.58531825737851,0.11671913033618253
12,Savory Bakery,2024-11-21,15.995713862007833,16.378703887859253,15.98859050084694,0.39011338701231324
12,Savory Bakery,2024-11-22,16.14255249502879,16.619781469859156,16.137166052354488,0.4826154175046682
12,Savory Bakery,2024-11-23,19.071310423390123,18.99533428424718,19.06865259604292,0.07597613914294499
12,Savory Bakery,2024-11-24,19.024028694903322,19.02957534014602,19.02453912849796,0.0055466452426991
12,Savory Bakery,2024-11-25,16.2330498689417,16.077443077680048,16.233111392722883,0.15566831504283485
12,Savory Bakery,2024-11-26,14.89163908222365,14.84747695354399,14.88972733167933,0.04416212867965896
12,Savory Bakery,2024-11-27,14.555588593276077,14.64646183531145,14.548943739855801,0.0975180954556496
12,Savory Bakery,2024-11-28,14.595609560360703,15.008458292870703,14.58561961857498,0.42283867429572375
12,Savory Bakery,2024-11-29,16.495816536987626,17.79830627426272,16.485879614923757,1.3124266593389642
12,Savory Bakery,2024-11-30,26.542553988527892,27.941510389083493,26.53756899446441,1.403941394619082
12,Savory Bakery,2024-12-01,21.997941190866218,22.671032222332506,21.996973153363953,0.6740590689685533
12,Savory Bakery,2024-12-02,18.620389371907685,18.94919009691414,18.621644932130973,0.32880072500645596
12,Savory Bakery,2024-12-03,18.948419918593288,19.07275076311214,18.947750425833085,0.12500033727905446
12,Savory Bakery,2024-12-04,18.47438579955823,18.653572481556566,18.472708742047928,0.18086373950863788
12,Savory Bakery,2024-12-05,25.85186658977249,25.9930802320895,25.849614296785287,0.1434659353042136
12,Savory Bakery,2024-12-06,18.423524849712344,18.597613064486673,18.423701012013993,0.17408821477432923
12,Savory Bakery,2024-12-07,21.817717723505876,22.403318062941473,21.820883704029573,0.5856003394355973
12,Savory Bakery,2024-12-08,22.141955843523256,22.955132440944652,22.148552333075386,0.8131765974213963
12,Savory Bakery,2024-12-09,23.325990978789825,23.82715244857579,23.33287974193412,0.5011614697859663
12,Savory Bakery,2024-12-10,22.685697931741604,22.886570360828422,22.68959174572303,0.20087242908681802
12,Savory Bakery,2024-12-11,15.400611421479908,15.783058498277288,15.398405924573375,0.3846525737039137
12,Savory Bakery,2024-12-12,15.444354143075165,15.677133627489187,15.440810278261473,0.23632334922771392
12,Savory Bakery,2024-12-13,15.811100137789055,16.03735949514624,15.808632392795921,0.22872710235031946
12,Savory Bakery,2024-12-14,18.264754252745142,18.358018264511728,18.264393566608653,0.09362469790307415
12,Savory Bakery,2024-12-15,21.91368866370623,22.07290425346976,21.915719756133434,0.15921558976353012
12,Savory Bakery,2024-12-16,15.541404549580285,15.676741627141396,15.545902199282839,0.13533707756111113
12,Savory Bakery,2024-12-17,15.890901117772035,16.2439690787471,15.89391649568078,0.3530679609750642
12,Savory Bakery,2024-12-18,15.34627729224438,15.39454714121311,15.347995254755144,0.048269848968729434
12,Savory Bakery,2024-12-19,15.510042588385128,15.55737639732794,15.509975173523737,0.04740122380420431
12,Savory Bakery,2024-12-20,15.696404530626168,15.743865954215435,15.696776856396937,0.04746142358926697
12,Savory Bakery,2024-12-21,18.72728566967993,19.009225778676733,18.729111714508992,0.2819401089968032
12,Savory Bakery,2024-12-22,20.708345858961202,20.62479341409868,20.71246429412984,0.08767088003116186
12,Savory Bakery,2024-12-23,15.78205819481251,15.972253603558666,15.785493597238215,0.19019540874615615
12,Savory Bakery,2024-12-24,15.741292265197785,15.70623726686341,15.74285798604306,0.03662071917965015
12,Savory Bakery,2024-12-25,15.553524156273266,15.547410348340545,15.551723932428814,0.006113807932720761
12,Savory Bakery,2024-12-26,15.442304702500845,15.368717499999644,15.439390233094983,0.07358720250120143
12,Savory Bakery,2024-12-27,15.721832133405323,15.666253635962967,15.718485097182713,0.05557849744235632
12,Savory Bakery,2024-12-28,18.61066154041785,18.655647345590484,18.61010625859971,0.04554108699077375
12,Savory Bakery,2024-12-29,18.960940414110375,19.562885289818496,18.961138620454086,0.6019448757081207
12,Savory Bakery,2024-12-30,15.664941091269633,16.282827520475394,15.664056289029634,0.6187712314457592
12,Savory Bakery,2024-12-31,19.050473792128674,19.96769594814153,19.046856668882096,0.9208392792594324
12,Tea,2024-11-01,18.861868618551767,21.016655396180866,21.008181433638935,2.1547867776290985
12,Tea,2024-11-02,26.524008216787465,29.516830077426945,28.11083794911326,2.9928218606394807
12,Tea,2024-11-03,23.86450089971258,25.02544930084972,25.333840243166023,1.4693393434534414
12,Tea,2024-11-04,19.814693018739355,21.520288344079383,20.905202488024717,1.7055953253400276
12,Tea,2024-11-05,19.743625042254557,21.804064912755848,20.920789671769644,2.060439870501291
12,Tea,2024-11-06,17.451545854119345,19.81431487308561,17.847768736858377,2.362769018966265
12,Tea,2024-11-07,17.664126660374805,19.264934761962294,17.6720402644769,1.6008081015874893
12,Tea,2024-11-08,17.702976698899715,19.33324734417436,17.719016235324062,1.6302706452746456
12,Tea,2024-11-09,21.711078517174066,23.528183697281268,21.72478463212747,1.8171051801072018
12,Tea,2024-11-10,22.184000231292195,23.302501275736052,22.197054586167763,1.1185010444438568
12,Tea,2024-11-11,18.089126815987882,19.50111007230499,18.09509225394632,1.4119832563171073
12,Tea,2024-11-12,18.040319955933803,19.824170848766258,18.039752470458808,1.7844183783074499
12,Tea,2024-11-13,13.892934313634694,15.062273141656707,13.894049036790488,1.1693388280220134
12,Tea,2024-11-14,20.089203279910816,20.559957873649488,20.098720837655346,0.4707545937386719
12,Tea,2024-11-15,34.51468877161037,36.06878853946697,34.529297281499424,1.5540997678565986
12,Tea,2024-11-16,27.741440832640354,29.00243133179313,27.761176959598526,1.2609904991527756
12,Tea,2024-11-17,32.48042588523429,32.926956898895234,32.498268022579204,0.4465310136609446
12,Tea,2024-11-18,27.891578564462897,28.64486891783869,27.903660751598515,0.7532903533757924
12,Tea,2024-11-19,28.587980123902035,29.518190956002076,28.59361694563315,0.9302108321000411
12,Tea,2024-11-20,27.942608918425925,28.83887622638024,27.95311588189735,0.8962673079543144
12,Tea,2024-11-21,22.990870932083265,24.24650277995451,23.01009785437945,1.2556318478712463
12,Tea,2024-11-22,23.262277529391152,24.155243249157802,23.292066138926845,0.8929657197666501
12,Tea,2024-11-23,28.187521455724557,29.461648388321397,28.218767085585387,1.2741269325968396
12,Tea,2024-11-24,28.425817596799142,29.335667463414254,28.451389740004238,0.9098498666151116
12,Tea,2024-11-25,23.328701799844374,24.750147975721404,23.345202247205375,1.4214461758770298
12,Tea,2024-11-26,20.90608261830904,22.323370283523587,20.918657045738538,1.4172876652145483
12,Tea,2024-11-27,20.16013046461954,21.181543890888847,20.17277767466059,1.021413426269305
12,Tea,2024-11-28,20.514677457388764,21.735515390839108,20.53644410976156,1.220837933450344
12,Tea,2024-11-29,23.273059395135483,24.91624817964767,23.302977700001527,1.643188784512187
12,Tea,2024-11-30,39.15026292521745,39.872086145105314,39.187637069865595,0.7218232198878667
12,Tea,2024-12-01,31.718159779299917,32.54348857221041,31.756732374469017,0.82532879291049
12,Tea,2024-12-02,26.70726824723512,27.327247672679917,26.743049109375605,0.6199794254447966
12,Tea,2024-12-03,26.751984193510943,27.0631740260258,26.78054534892859,0.3111898325148559
12,Tea,2024-12-04,26.16542765307289,26.877681772348602,26.1999706635794,0.7122541192757126
12,Tea,2024-12-05,37.26645944941688,39.81849797634182,37.30877624479805,2.552038526924939
12,Tea,2024-12-06,26.30594481918203,26.693979556371016,26.35643296761295,0.38803473718898474
12,Tea,2024-12-07,31.180961796688262,31.80263617444906,31.232694363605326,0.6216743777607974
12,Tea,2024-12-08,31.7430582075682,32.46315571206397,31.791606945658348,0.7200975044957723
12,Tea,2024-12-09,33.70291453220008,34.05785624923976,33.74020002434394,0.35494171703967936
12,Tea,2024-12-10,32.27907144692607,33.160605049957965,32.30961387636707,0.8815336030318974
12,Tea,2024-12-11,21.413612844318397,22.16028882245211,21.443391329956995,0.7466759781337124
12,Tea,2024-12-12,21.705681267263707,22.528627210449216,21.743340796362396,0.8229459431855091
12,Tea,2024-12-13,21.91449947224167,22.494466391004508,21.956130578808786,0.5799669187628389
12,Tea,2024-12-14,26.32057148662349,26.915197459639792,26.36029328092228,0.5946259730163028
12,Tea,2024-12-15,31.461374119217368,31.21539061465088,31.49515510125336,0.2797644866024811
12,Tea,2024-12-16,21.84271740448743,22.315095287226107,21.874537633913103,0.47237788273867665
12,Tea,2024-12-17,21.710207893123183,22.149439213130613,21.7368698601696,0.4392313200074298
12,Tea,2024-12-18,21.344204441500253,22.012055878543716,21.37057664619469,0.6678514370434634
12,Tea,2024-12-19,21.515422219177154,22.05301668117184,21.54724354307819,0.5375944619946864
12,Tea,2024-12-20,21.542564249819357,21.815712757095085,21.583181188154523,0.27314850727572804
12,Tea,2024-12-21,26.298479293185537,26.82772665545752,26.34124482346496,0.5292473622719847
12,Tea,2024-12-22,29.01163985184776,29.467641096742383,29.05372407121458,0.45600124489462246
12,Tea,2024-12-23,21.657659185096218,22.002464750688233,21.692861343389254,0.34480556559201503
12,Tea,2024-12-24,21.669248863443347,21.910163418252626,21.7022839605204,0.24091455480927948
12,Tea,2024-12-25,21.19660241774824,21.492343264286387,21.232977580010076,0.2957408465381448
12,Tea,2024-12-26,21.409419370291992,21.577184023436107,21.454444992193125,0.16776465314411482
12,Tea,2024-12-27,21.43854720798493,21.552623499190894,21.4840450960046,0.11407629120596496
12,Tea,2024-12-28,26.240894243891074,26.524040996888488,26.289375398127646,0.2831467529974141
12,Tea,2024-12-29,26.80334757450955,27.778813834118203,26.848656665529347,0.9754662596086519
12,Tea,2024-12-30,21.80590953057174,22.872089384157913,21.844806911304403,1.0661798535861742
12,Tea,2024-12-31,26.39342238127346,27.96206735546514,26.42465323571691,1.568644974191681
13,Bakery,2024-11-01,13.119719407725825,13.671205630917068,13.604053134376413,0.5514862231912439
13,Bakery,2024-11-02,14.331601748312265,15.300278915845952,14.57523012646716,0.9686771675336878
13,Bakery,2024-11-03,14.51319708761608,15.350045940605565,14.920148352444306,0.8368488529894851
13,Bakery,2024-11-04,13.808755729620788,14.013812098273128,13.943812076376718,0.20505636865233967
13,Bakery,2024-11-05,13.743330980261675,13.91572173852964,13.724300295040788,0.19142144348885282
13,Bakery,2024-11-06,16.05729664459881,15.763498522067362,16.22837638345705,0.464877861389688
13,Bakery,2024-11-07,13.561252950084418,13.762444700161051,13.571176927780648,0.20119175007663337
13,Bakery,2024-11-08,13.7393079875326,14.166798802364006,13.751314649567174,0.4274908148314065
13,Bakery,2024-11-09,14.5758014758417,15.376590046266257,14.58789211283315,0.8007885704245563
13,Bakery,2024-11-10,14.723322108104194,15.598674093550294,14.736069172765841,0.8753519854461
13,Bakery,2024-11-11,13.78152698139984,14.213473124150893,13.793510805057021,0.4319461427510536
13,Bakery,2024-11-12,13.765572453361571,14.076677084072172,13.774716236950116,0.31110463071060046
13,Bakery,2024-11-13,13.410920873770275,13.847363401167671,13.417843537317511,0.4364425273973964
13,Bakery,2024-11-14,13.438573549096214,13.582285558071474,13.446100024205737,0.14371200897526037
13,Bakery,2024-11-15,15.880343318869752,16.306868083158484,15.890765348872959,0.4265247642887324
13,Bakery,2024-11-16,14.746770573129474,15.497031889915679,14.756862061539882,0.7502613167862044
13,Bakery,2024-11-17,14.57488357384051,15.451474945209693,14.585494723176506,0.8765913713691837
13,Bakery,2024-11-18,13.864331356351741,13.860195003446032,13.874541867844329,0.014346864398296688
13,Bakery,2024-11-19,13.91970603411131,13.69809050858796,13.929612268145103,0.23152175955714327
13,Bakery,2024-11-20,13.667792043601512,13.832936348157796,13.676750484973526,0.16514430455628393
13,Bakery,2024-11-21,13.461910789259804,13.514962586051306,13.470133483520138,0.05305179679150207
13,Bakery,2024-11-22,13.518852766867774,13.79943231787936,13.52773917951109,0.28057955101158605
13,Bakery,2024-11-23,14.742480836787308,15.290407621519089,14.752373016435016,0.5479267847317804
13,Bakery,2024-11-24,14.840650078674882,15.294978200768572,14.850348746994145,0.4543281220936901
13,Bakery,2024-11-25,13.83607653372608,13.659514068568592,13.8438392982017,0.18432522963310838
13,Bakery,2024-11-26,15.652479906055998,15.580244096794004,15.658379761655716,0.07813566486171197
13,Bakery,2024-11-27,16.50066411191004,16.96765682629679,16.507193164806914,0.4669927143867483
13,Bakery,2024-11-28,16.566565114893876,17.117487849667047,16.572743818297564,0.5509227347731702
13,Bakery,2024-11-29,17.25929071723572,18.097309366048542,17.2645493414702,0.8380186488128203
13,Bakery,2024-11-30,21.173423789674796,22.111072621731523,21.179445742753654,0.9376488320567269
13,Bakery,2024-12-01,21.397457742030102,21.887231621076722,21.40566023311043,0.48977387904661995
13,Bakery,2024-12-02,19.850265061493864,20.812462243269184,19.859050282557355,0.9621971817753199
13,Bakery,2024-12-03,18.225873804869305,18.143753190264423,18.23139946243944,0.08764627217501797
13,Bakery,2024-12-04,18.062969248279167,17.71095255238346,18.066936977151503,0.3559844247680424
13,Bakery,2024-12-05,24.50358068026035,25.049856766564343,24.507100601255978,0.5462760863039939
13,Bakery,2024-12-06,18.096795467745352,18.088013014658127,18.099701914788255,0.011688900130128133
13,Bakery,2024-12-07,19.496990795168106,19.884522219247657,19.500105247125102,0.3875314240795511
13,Bakery,2024-12-08,17.190083364820705,17.390161980368745,17.195032265521775,0.20007861554804052
13,Bakery,2024-12-09,20.429149933807007,19.756006444214435,20.437008443787846,0.6810019995734109
13,Bakery,2024-12-10,22.56262524002093,22.346814937738394,22.568434971869863,0.2216200341314689
13,Bakery,2024-12-11,15.427519549378694,15.196498104207127,15.432327554859238,0.23582945065211192
13,Bakery,2024-12-12,15.651486826758019,15.266224340467913,15.655544986820836,0.38932064635292285
13,Bakery,2024-12-13,15.889052766449916,15.67743647841932,15.89331651582922,0.21588003740989947
13,Bakery,2024-12-14,19.88289906678204,19.926012050628614,19.8874769316904,0.043112983846572916
13,Bakery,2024-12-15,24.513027528480617,25.520866078811537,24.5185157662478,1.00783855033092
13,Bakery,2024-12-16,20.180968630593974,19.940685446113484,20.186980394242916,0.24629494812943165
13,Bakery,2024-12-17,20.059266862921582,20.033704304464635,20.061950899304648,0.028246594840013017
13,Bakery,2024-12-18,19.87735942415313,19.69970954491192,19.878385042977868,0.1786754980659495
13,Bakery,2024-12-19,19.775147205931265,19.665828129808176,19.776786298708725,0.11095816890054877
13,Bakery,2024-12-20,19.975353087830932,19.914130499525527,19.98040423419079,0.06627373466526265
13,Bakery,2024-12-21,21.43396254232741,21.867815944843738,21.443472091313883,0.433853402516327
13,Bakery,2024-12-22,36.163539906603106,40.170962587734564,36.17335127353081,4.007422681131459
13,Bakery,2024-12-23,20.097047910755197,19.984317376319556,20.10562459986511,0.12130722354555346
13,Bakery,2024-12-24,20.29514996261771,20.147071634164867,20.302514460927576,0.15544282676270882
13,Bakery,2024-12-25,20.03127297124018,19.820919893782275,20.040629327418305,0.21970943363603013
13,Bakery,2024-12-26,16.110099283827473,15.739906814596809,16.120284936624667,0.38037812202785837
13,Bakery,2024-12-27,16.142411420061737,15.853704021679453,16.15184520712321,0.2981411854437557
13,Bakery,2024-12-28,17.663608973410845,17.82645412616285,17.674210372516495,0.16284515275200562
13,Bakery,2024-12-29,17.66994188340212,18.01244616507896,17.682252295856014,0.3425042816768382
13,Bakery,2024-12-30,16.630347004863097,16.49226854609056,16.641882274004306,0.14961372791374572
13,Bakery,2024-12-31,18.902129435589558,19.19313084271279,18.911343842468195,0.2910014071232325
13,Chocolate & Milk,2024-11-01,6.925189910811257,7.010087144045917,7.271380790364846,0.34619087955358907
13,Chocolate & Milk,2024-11-02,7.492744343646367,7.844569489956865,7.752340067257315,0.35182514631049777
13,Chocolate & Milk,2024-11-03,7.575874049475737,7.779247367765408,7.617130194334161,0.2033733182896711
13,Chocolate & Milk,2024-11-04,7.293005466302536,6.9825612030535416,7.111658000664264,0.31044426324899455
13,Chocolate & Milk,2024-11-05,7.301443661130928,7.020202118969852,7.160268671673704,0.28124154216107566
13,Chocolate & Milk,2024-11-06,8.568995514134269,7.979364258474045,8.556140889343732,0.5896312556602235
13,Chocolate & Milk,2024-11-07,6.983115939961948,6.9068290676907855,6.98704460656192,0.0802155388711343
13,Chocolate & Milk,2024-11-08,7.291184026517619,7.243293500992647,7.298488497120013,0.05519499612736567
13,Chocolate & Milk,2024-11-09,7.790138730624873,7.920247156041721,7.798858047846237,0.13010842541684742
13,Chocolate & Milk,2024-11-10,7.91531202665451,7.922124749674241,7.925100721702968,0.009788695048458251
13,Chocolate & Milk,2024-11-11,7.238873164963087,7.055635650904798,7.246345531147721,0.190709880242923
13,Chocolate & Milk,2024-11-12,7.304423561906104,7.235752480911887,7.308670689965687,0.07291820905379964
13,Chocolate & Milk,2024-11-13,7.063076201717465,7.233390722286272,7.067611070396207,0.17031452056880703
13,Chocolate & Milk,2024-11-14,7.129597530977728,7.211499870025457,7.1372525342467945,0.08190233904772892
13,Chocolate & Milk,2024-11-15,8.883140621316368,8.898442095177828,8.892837322639302,0.015301473861459414
13,Chocolate & Milk,2024-11-16,7.887462379668676,8.232834243695255,7.898812154787256,0.3453718640265784
13,Chocolate & Milk,2024-11-17,7.9356235724346735,8.538699037114917,7.947816932829568,0.6030754646802432
13,Chocolate & Milk,2024-11-18,7.576861004420344,7.557960453462086,7.589850180872612,0.03188972741052609
13,Chocolate & Milk,2024-11-19,7.616985855805938,7.444883521096751,7.628003159411295,0.1831196383145448
13,Chocolate & Milk,2024-11-20,7.290511792132665,7.396860015847407,7.301393046301745,0.1063482237147424
13,Chocolate & Milk,2024-11-21,7.244509827101254,7.637062037704242,7.255798891987516,0.39255221060298773
13,Chocolate & Milk,2024-11-22,7.313532665103568,7.447139427157654,7.32717643177158,0.13360676205408595
13,Chocolate & Milk,2024-11-23,8.040643010577783,8.408896112445447,8.05512276670991,0.3682531018676638
13,Chocolate & Milk,2024-11-24,7.9517350461541465,8.111689326749381,7.96451390300641,0.15995428059523498
13,Chocolate & Milk,2024-11-25,7.427237588950613,7.27654588348045,7.436788394414046,0.1602425109335961
13,Chocolate & Milk,2024-11-26,8.647113213691528,8.28256539287982,8.65504248204626,0.3724770891664413
13,Chocolate & Milk,2024-11-27,9.27701687068127,9.409500067130626,9.286531919562094,0.13248319644935513
13,Chocolate & Milk,2024-11-28,9.330984978309097,9.31341510267637,9.342526336690923,0.029111234014553844
13,Chocolate & Milk,2024-11-29,9.719744560949623,10.068509535468564,9.729472264439385,0.3487649745189412
13,Chocolate & Milk,2024-11-30,12.051963705048703,12.238637062912414,12.06183015870797,0.18667335786371098
13,Chocolate & Milk,2024-12-01,12.023505767107846,12.177560991402007,12.033725341636464,0.15405522429416152
13,Chocolate & Milk,2024-12-02,11.114376195538915,11.621046903511395,11.123081333910841,0.5066707079724804
13,Chocolate & Milk,2024-12-03,10.270659503950727,10.031957781067156,10.275649783769767,0.24369200270261082
13,Chocolate & Milk,2024-12-04,10.028510872178995,9.737391137602332,10.034762732006408,0.29737159440407623
13,Chocolate & Milk,2024-12-05,13.877792559902701,13.971826290442264,13.885565720250424,0.09403373053956265
13,Chocolate & Milk,2024-12-06,9.97326751948987,9.757478479476195,9.981434986888644,0.2239565074124492
13,Chocolate & Milk,2024-12-07,10.859776333996077,10.890981013078106,10.86795786771374,0.03120467908202862
13,Chocolate & Milk,2024-12-08,9.384073930248462,9.375914094231103,9.393366534362402,0.017452440131298985
13,Chocolate & Milk,2024-12-09,11.34278256668878,10.878965322781658,11.350196079395188,0.4712307566135294
13,Chocolate & Milk,2024-12-10,12.669865758100396,12.349525921792099,12.673426899920477,0.32390097812837837
13,Chocolate & Milk,2024-12-11,8.431185360888215,8.296864644610734,8.432429554926443,0.1355649103157095
13,Chocolate & Milk,2024-12-12,8.529894333479348,8.142015075021622,8.532991230510872,0.39097615548925013
13,Chocolate & Milk,2024-12-13,8.625174326956593,8.236924526976356,8.62836839411899,0.3914438671426339
13,Chocolate & Milk,2024-12-14,11.106086155416676,10.776021536545976,11.107488736205578,0.3314671996596026
13,Chocolate & Milk,2024-12-15,13.996102141395333,14.451209285510746,13.993152490589923,0.4580567949208234
13,Chocolate & Milk,2024-12-16,11.332239287999018,11.033432006861627,11.325203877944304,0.29880728113739075
13,Chocolate & Milk,2024-12-17,11.235834814994618,11.15920492817218,11.225703014295858,0.07662988682243821
13,Chocolate & Milk,2024-12-18,10.89078382733882,10.809164396619263,10.87955260315582,0.08161943071955768
13,Chocolate & Milk,2024-12-19,10.792777752271855,10.657575576705028,10.780880009634696,0.13520217556682645
13,Chocolate & Milk,2024-12-20,10.943223149555703,10.798631503033024,10.931830106440223,0.14459164652267908
13,Chocolate & Milk,2024-12-21,11.891983884237552,11.995504327634631,11.883522036917105,0.11198229071752586
13,Chocolate & Milk,2024-12-22,19.676912823321096,21.370261135890026,19.670615613681598,1.699645522208428
13,Chocolate & Milk,2024-12-23,11.109351578553683,10.92477807147976,11.099732692106832,0.18457350707392273
13,Chocolate & Milk,2024-12-24,11.319449090414826,11.15106278616597,11.308913305037622,0.16838630424885714
13,Chocolate & Milk,2024-12-25,10.973852553539025,10.696584955416483,10.96495082429433,0.27726759812254187
13,Chocolate & Milk,2024-12-26,8.540269665800492,8.239379081621173,8.534482922873408,0.300890584179319
13,Chocolate & Milk,2024-12-27,8.585976627470833,8.15279682301374,8.580589086673776,0.4331798044570938
13,Chocolate & Milk,2024-12-28,9.367086200047973,9.158927621171294,9.363556004129444,0.2081585788766791
13,Chocolate & Milk,2024-12-29,9.32097929426465,9.398130305849655,9.318898885701204,0.07923142014845119
13,Chocolate & Milk,2024-12-30,8.804462407793148,8.648979740515657,8.800556725558238,0.15548266727749116
13,Chocolate & Milk,2024-12-31,10.289441109389736,10.249806359575299,10.283914283903055,0.0396347498144376
13,Coffee,2024-11-01,62.61425865700478,61.580621274945884,62.66804642204182,1.087425147095935
13,Coffee,2024-11-02,66.93736522360118,67.94278010470421,66.5727709658352,1.3700091388690083
13,Coffee,2024-11-03,66.18531431857113,67.20176909769359,65.87954759200164,1.3222215056919424
13,Coffee,2024-11-04,63.15508323648974,62.347313119050106,62.69252086963291,0.807770117439631
13,Coffee,2024-11-05,62.35610390439658,61.15771059413305,61.531671829388415,1.1983933102635334
13,Coffee,2024-11-06,70.69337269354493,71.36567862471767,70.38665326208147,0.9790253626362073
13,Coffee,2024-11-07,61.34842260315188,61.25904833994658,61.35374926493701,0.09470092499042693
13,Coffee,2024-11-08,63.03122250453403,62.45171572484786,63.01807920626788,0.5795067796861701
13,Coffee,2024-11-09,65.9097584197978,67.39262795991651,65.89522799325074,1.4973999666657676
13,Coffee,2024-11-10,66.07446371078713,66.65462257252372,66.07261587865887,0.5820066938648552
13,Coffee,2024-11-11,62.62799396345969,60.5473482224205,62.63232675354505,2.0849785311245483
13,Coffee,2024-11-12,62.04647913023139,60.863249309452,62.05286543873622,1.189616129284218
13,Coffee,2024-11-13,60.700109673232696,60.266622543210616,60.70344190263323,0.4368193594226142
13,Coffee,2024-11-14,60.29165336139107,59.28584133621244,60.283942076425035,1.0058120251786278
13,Coffee,2024-11-15,70.31648569851946,69.99173010689302,70.30601576462347,0.32475559162644174
13,Coffee,2024-11-16,65.89711688681588,66.66879359195813,65.89609598046808,0.7726976114900594
13,Coffee,2024-11-17,65.48396181800265,66.57403057001781,65.49913856773304,1.0900687520151564
13,Coffee,2024-11-18,62.645798970819726,60.8771194771178,62.668971287382035,1.7918518102642338
13,Coffee,2024-11-19,62.987153984347664,61.42787747749615,63.01600692148889,1.5881294439927345
13,Coffee,2024-11-20,60.424235945175084,59.481895132550655,60.451251641081086,0.9693565085304314
13,Coffee,2024-11-21,60.2812038650369,58.878948187972256,60.29439454361405,1.4154463556417909
13,Coffee,2024-11-22,61.095028780805464,60.749248978747325,61.099459676005324,0.35021069725799947
13,Coffee,2024-11-23,66.14259272398608,67.46285716212645,66.1507198408579,1.32026443814037
13,Coffee,2024-11-24,66.52649870157184,67.7824584544606,66.54753974026313,1.2559597528887565
13,Coffee,2024-11-25,62.63331024861404,61.287518155089806,62.65939729042482,1.3718791353350142
13,Coffee,2024-11-26,69.36071114436315,69.15241483855561,69.38822280064205,0.23580796208644017
13,Coffee,2024-11-27,73.58432598360281,74.58815098458169,73.61103231394887,1.0038250009788783
13,Coffee,2024-11-28,73.58249364115781,75.85815411937463,73.59875177680941,2.275660478216821
13,Coffee,2024-11-29,77.15000973520674,80.454851482858,77.15585813782808,3.304841747651267
13,Coffee,2024-11-30,92.0828358493437,93.80709577393942,92.08871323756705,1.724259924595728
13,Coffee,2024-12-01,91.80867237898123,93.33632245358925,91.82126327856288,1.5276500746080188
13,Coffee,2024-12-02,87.19583087004736,93.05838752403761,87.20869936250983,5.862556653990254
13,Coffee,2024-12-03,79.50163662782445,78.12282314586531,79.51135293606812,1.38852979020281
13,Coffee,2024-12-04,77.93367684948734,76.91958981741345,77.94025156440526,1.0206617469918058
13,Coffee,2024-12-05,101.08830231308792,104.84509611500438,101.08388981259702,3.761206302407359
13,Coffee,2024-12-06,79.12490817238877,78.56390030390645,79.12274540054634,0.5610078684823208
13,Coffee,2024-12-07,83.75990954113894,84.93812228933973,83.77654839152467,1.1782127482007922
13,Coffee,2024-12-08,75.15968526572526,75.33909118559265,75.19195878261162,0.17940591986739207
13,Coffee,2024-12-09,85.94844021169948,82.76617043849738,85.98912484861584,3.2229544101184615
13,Coffee,2024-12-10,93.4198135146302,93.69910548868904,93.46132647086559,0.279291974058836
13,Coffee,2024-12-11,67.94614033588121,67.51671452531545,67.98143755273131,0.46472302741585736
13,Coffee,2024-12-12,68.40384547995288,67.29118927500072,68.42414153293093,1.1329522579302136
13,Coffee,2024-12-13,70.21074060955877,68.85081662801161,70.22540760288456,1.3745909748729446
13,Coffee,2024-12-14,84.36443075791814,82.3449932647075,84.38083549382608,2.035842229118586
13,Coffee,2024-12-15,100.62652494124862,102.17629380074911,100.64382488632637,1.5497688595004888
13,Coffee,2024-12-16,86.62894069372402,84.93569939505028,86.65177911844776,1.7160797233974847
13,Coffee,2024-12-17,86.0200985744832,86.34752509765204,86.05043646631212,0.3274265231688389
13,Coffee,2024-12-18,85.2056098194527,84.43731806748252,85.23957425602566,0.8022561885431401
13,Coffee,2024-12-19,84.34369683388259,84.20596317459726,84.36254193451376,0.15657875991649917
13,Coffee,2024-12-20,86.28749614553483,85.69517072723762,86.29427543191309,0.5991047046754687
13,Coffee,2024-12-21,91.85603535278155,92.82529759947627,91.86931187333388,0.9692622466947256
13,Coffee,2024-12-22,137.17234154775917,154.35299695221295,137.19792468602728,17.180655404453773
13,Coffee,2024-12-23,86.66809739921554,85.30214326146645,86.69921567263708,1.397072411170626
13,Coffee,2024-12-24,86.7561889244678,86.77813336666931,86.78489024461389,0.02870132014608373
13,Coffee,2024-12-25,85.33002019601938,83.89980676491362,85.34710274908205,1.4472959841684343
13,Coffee,2024-12-26,69.74852890211264,67.84315353134247,69.74690013424573,1.905375370770173
13,Coffee,2024-12-27,71.08487910433183,68.7976713247813,71.07576215702207,2.2872077795505277
13,Coffee,2024-12-28,75.97838275049251,76.15375350281258,75.9796762329823,0.17537075232006316
13,Coffee,2024-12-29,75.5097584513575,76.01554427412805,75.51792793180148,0.5057858227705481
13,Coffee,2024-12-30,71.74737597637278,71.22914968391888,71.76356415638877,0.5344144724698907
13,Coffee,2024-12-31,80.07002880314259,81.48558013965742,80.09948820826438,1.4155513365148238
13,Juice & Smoothie,2024-11-01,4.198649122531257,4.424505008354096,4.373575602690812,0.22585588582283922
13,Juice & Smoothie,2024-11-02,4.731304153390177,4.9674235240409885,4.7051493100311745,0.262274214009814
13,Juice & Smoothie,2024-11-03,4.798313759068695,4.902273332987001,4.893083624771795,0.10395957391830546
13,Juice & Smoothie,2024-11-04,4.4071541782219725,4.266140041744345,4.463812926454688,0.19767288471034306
13,Juice & Smoothie,2024-11-05,4.3916436565537404,4.194855270516605,4.405470894346506,0.2106156238299013
13,Juice & Smoothie,2024-11-06,5.905443682099053,5.534015902639511,5.823211811679075,0.371427779459542
13,Juice & Smoothie,2024-11-07,4.251977194396516,4.219650814237072,4.256368764307756,0.03671795007068379
13,Juice & Smoothie,2024-11-08,4.245111180238275,4.3339851127850135,4.24974771306889,0.08887393254673892
13,Juice & Smoothie,2024-11-09,4.677621172551361,4.869857254691975,4.682954283360526,0.19223608214061372
13,Juice & Smoothie,2024-11-10,4.713189392584179,4.928079870493987,4.719861806263024,0.2148904779098082
13,Juice & Smoothie,2024-11-11,4.30511097368809,4.3212799881661095,4.31239987199808,0.016169014478019328
13,Juice & Smoothie,2024-11-12,4.289174937212904,4.364544857648733,4.297648926403118,0.07536992043582913
13,Juice & Smoothie,2024-11-13,4.163714404931949,4.233731339601784,4.173082904400268,0.07001693466983472
13,Juice & Smoothie,2024-11-14,4.241989052822359,4.312056216269406,4.250567357138425,0.07006716344704689
13,Juice & Smoothie,2024-11-15,5.398107857811744,5.417907771678818,5.404738731140549,0.01979991386707436
13,Juice & Smoothie,2024-11-16,4.788137695226587,5.031677808357247,4.791379295836353,0.24354011313065982
13,Juice & Smoothie,2024-11-17,4.74575489048088,4.92458553419106,4.746609031128235,0.17883064371017987
13,Juice & Smoothie,2024-11-18,4.351177368189389,4.217449899299168,4.3518740269072,0.1344241276080318
13,Juice & Smoothie,2024-11-19,4.33517423053173,4.122421897967982,4.338381113259053,0.21595921529107098
13,Juice & Smoothie,2024-11-20,4.283570726918232,4.268513059365574,4.290498720729339,0.021985661363764564
13,Juice & Smoothie,2024-11-21,4.170731568585731,4.096203880797896,4.1772050810938826,0.08100120029598656
13,Juice & Smoothie,2024-11-22,4.284230269158904,4.2122755560297716,4.2897517446651365,0.07747618863536498
13,Juice & Smoothie,2024-11-23,4.832742090742957,4.948605888985425,4.836752853927355,0.11586379824246862
13,Juice & Smoothie,2024-11-24,4.897371201702324,5.021620706163272,4.8990016907185865,0.1242495044609484
13,Juice & Smoothie,2024-11-25,4.393172502841851,4.132129797745897,4.390578269630753,0.26104270509595384
13,Juice & Smoothie,2024-11-26,5.2884360169205955,5.096003407770573,5.284004642553438,0.19243260915002214
13,Juice & Smoothie,2024-11-27,5.584774835299421,5.599526972477248,5.579513259475942,0.0200137130013065
13,Juice & Smoothie,2024-11-28,5.594558792250741,5.705037765842951,5.589114382369607,0.11592338347334419
13,Juice & Smoothie,2024-11-29,5.930385017559405,6.1224028509500386,5.9264368676722965,0.19596598327774206
13,Juice & Smoothie,2024-11-30,7.670580645718448,7.848873543982726,7.667840678140351,0.18103286584237477
13,Juice & Smoothie,2024-12-01,7.567338773545361,7.522761195973107,7.565319969050939,0.044577577572254334
13,Juice & Smoothie,2024-12-02,6.726495596788045,6.985675419993069,6.727203680111357,0.25917982320502464
13,Juice & Smoothie,2024-12-03,6.252232369985326,6.006857876611256,6.253505547399842,0.24664767078858674
13,Juice & Smoothie,2024-12-04,6.203154213506977,5.8919591375346965,6.203622178266602,0.3116630407319052
13,Juice & Smoothie,2024-12-05,8.870912960617119,8.729813926818416,8.871584711272757,0.14177078445434077
13,Juice & Smoothie,2024-12-06,6.07083935821944,5.895918370217046,6.073385390091425,0.17746701987437863
13,Juice & Smoothie,2024-12-07,6.646134909165538,6.610372549774812,6.649898327622346,0.039525777847533305
13,Juice & Smoothie,2024-12-08,5.65750661223282,5.631804937871713,5.661116464614264,0.029311526742550775
13,Juice & Smoothie,2024-12-09,7.081725005283829,6.6451161218606725,7.083917883626036,0.43880176176536345
13,Juice & Smoothie,2024-12-10,7.912960793843744,7.570474741298304,7.913757528876178,0.34328278757787434
13,Juice & Smoothie,2024-12-11,5.03969200169411,4.857674788855275,5.038399749629066,0.18201721283883554
13,Juice & Smoothie,2024-12-12,5.000185802237236,4.765727019303529,4.997766369527275,0.23445878293370725
13,Juice & Smoothie,2024-12-13,5.09981301656715,4.825793398177555,5.099953785469565,0.2741603872920102
13,Juice & Smoothie,2024-12-14,7.092664586273676,6.998489047360638,7.096536518297933,0.09804747093729471
13,Juice & Smoothie,2024-12-15,8.69800331815453,9.066936182930512,8.70175769381405,0.36893286477598153
13,Juice & Smoothie,2024-12-16,6.915418649100094,6.858464417449029,6.9180375077859475,0.05957309033691871
13,Juice & Smoothie,2024-12-17,6.9368220834607595,6.9503623963392185,6.9375484138571695,0.013540312878459027
13,Juice & Smoothie,2024-12-18,6.944051952039599,6.981334756652508,6.9428542658345815,0.038480490817926594
13,Juice & Smoothie,2024-12-19,6.872014947275428,6.913449245918029,6.866456049121492,0.04699319679653691
13,Juice & Smoothie,2024-12-20,6.9462061417939225,7.002963009245728,6.937139930120642,0.065823079125086
13,Juice & Smoothie,2024-12-21,7.432102273939088,7.56173457387337,7.4219706269711185,0.13976394690225113
13,Juice & Smoothie,2024-12-22,12.875244647243827,14.397479928082012,12.866510596892338,1.5309693311896737
13,Juice & Smoothie,2024-12-23,7.035939974420407,7.103888723695152,7.030012420798485,0.07387630289666713
13,Juice & Smoothie,2024-12-24,6.983124630934364,7.0884397919549,6.980012939796344,0.10842685215855585
13,Juice & Smoothie,2024-12-25,6.803853427633942,6.8504825034702845,6.8030373151787495,0.04744518829153499
13,Juice & Smoothie,2024-12-26,5.058846076366309,4.781615298140457,5.060435711316254,0.2788204131757972
13,Juice & Smoothie,2024-12-27,5.124825990439097,4.954451067767316,5.127805834363096,0.17335476659578042
13,Juice & Smoothie,2024-12-28,5.701433310037301,5.714202664917249,5.705388726457945,0.012769354879947237
13,Juice & Smoothie,2024-12-29,5.713763296275974,5.799082464207145,5.719538010475885,0.08531916793117134
13,Juice & Smoothie,2024-12-30,5.274310288780422,5.194454439057303,5.281500321864711,0.08704588280740833
13,Juice & Smoothie,2024-12-31,6.360507068030571,6.356170989230965,6.368339260831162,0.012168271600196512
13,Merchandise,2024-11-01,2.517312765645271,2.630638920454383,2.590716725329121,0.11332615480911201
13,Merchandise,2024-11-02,2.9355281565855615,3.134426311878682,3.005948302070353,0.19889815529312038
13,Merchandise,2024-11-03,2.935462131009716,3.055378402165533,3.036292935389205,0.11991627115581682
13,Merchandise,2024-11-04,2.6407265980660544,2.588128970650964,2.6648186041924493,0.0766896335414855
13,Merchandise,2024-11-05,2.678638487461969,2.6699544938351427,2.7273245559950676,0.057370062159924906
13,Merchandise,2024-11-06,3.206350434305345,3.180124645644365,3.2085416838835035,0.02841703823913866
13,Merchandise,2024-11-07,2.589065024121989,2.618255384234235,2.593808842401154,0.029190360112246072
13,Merchandise,2024-11-08,2.714275956932613,2.78429301406833,2.717828087185588,0.07001705713571704
13,Merchandise,2024-11-09,2.9833615941474982,3.1752922704760134,2.9863853174466923,0.19193067632851513
13,Merchandise,2024-11-10,2.9928689562173694,3.2059629362462987,2.996876148727459,0.21309398002892932
13,Merchandise,2024-11-11,2.5947263890744487,2.6398913540356674,2.5995790704497947,0.04516496496121869
13,Merchandise,2024-11-12,2.6582259490277127,2.6415910617061185,2.662952175030535,0.021361113324416703
13,Merchandise,2024-11-13,2.573204829000599,2.5597134831983794,2.576925101934395,0.0172116187360154
13,Merchandise,2024-11-14,2.606255472856475,2.5374145187058907,2.609286511755733,0.07187199304984215
13,Merchandise,2024-11-15,3.519766475200885,3.462188619557964,3.523405057267307,0.06121643770934293
13,Merchandise,2024-11-16,2.9904428000781698,3.091341679935158,2.9951947758320085,0.10089887985698809
13,Merchandise,2024-11-17,2.9976073867588564,3.1313533240210605,3.003448254745932,0.13374593726220407
13,Merchandise,2024-11-18,2.762963874630023,2.754776292277031,2.7692843208434725,0.0145080285664414
13,Merchandise,2024-11-19,2.739931528075789,2.6610368163167073,2.7455122568082317,0.08447544049152445
13,Merchandise,2024-11-20,2.6451110192491614,2.648584063027873,2.6499534820085455,0.0048424627593841585
13,Merchandise,2024-11-21,2.6184495267354837,2.657140731147736,2.622919416434499,0.03869120441225249
13,Merchandise,2024-11-22,2.695039881983543,2.6721823219030583,2.699528060682717,0.027345738779658735
13,Merchandise,2024-11-23,3.0515228053578127,3.1342383297251466,3.0561963996824013,0.08271552436733387
13,Merchandise,2024-11-24,2.991977810870236,3.0228117909901093,2.997275669733563,0.03083398011987315
13,Merchandise,2024-11-25,2.6765008188435537,2.571845052335794,2.681157546645774,0.10931249430998013
13,Merchandise,2024-11-26,3.2914186908570477,3.2171272853687185,3.294882221064811,0.07775493569609271
13,Merchandise,2024-11-27,3.483812211358541,3.5296247778030123,3.487113317826803,0.045812566444471514
13,Merchandise,2024-11-28,3.5128821058300157,3.608672773947505,3.515904987254599,0.09579066811748937
13,Merchandise,2024-11-29,3.7394572858171027,3.981979019520337,3.7415769519052953,0.24252173370323415
13,Merchandise,2024-11-30,5.040949214676494,5.156126030460763,5.043764443373882,0.11517681578426942
13,Merchandise,2024-12-01,5.024839916146176,4.995447936992178,5.028895080993983,0.03344714400180582
13,Merchandise,2024-12-02,4.410290358186589,4.662554086334513,4.413497784331816,0.2522637281479243
13,Merchandise,2024-12-03,4.117805823589003,3.921278303202105,4.118679979736253,0.19740167653414842
13,Merchandise,2024-12-04,4.130316890741653,3.885279612921872,4.130030014710599,0.24503727781978135
13,Merchandise,2024-12-05,6.045550262338365,5.716168919759605,6.045488950642596,0.32938134257875973
13,Merchandise,2024-12-06,4.078722566999527,3.9116636986728235,4.07963086261374,0.16796716394091682
13,Merchandise,2024-12-07,4.486720604328251,4.438180291282201,4.488875571089764,0.050695279807563054
13,Merchandise,2024-12-08,3.767182356587268,3.6604122880092382,3.7706371777473366,0.11022488973809841
13,Merchandise,2024-12-09,4.382961345876781,4.194640978447152,4.3865297330187865,0.19188875457163412
13,Merchandise,2024-12-10,5.4037082847360915,4.869867756699932,5.4056653819339875,0.5357976252340553
13,Merchandise,2024-12-11,3.2658200905376886,3.065258622474895,3.266047251531719,0.20078862905682415
13,Merchandise,2024-12-12,3.322390007886147,3.0863845570325923,3.3219496784347156,0.2360054508535545
13,Merchandise,2024-12-13,3.3974970508458555,3.1861674406646996,3.3976860952411427,0.21151865457644314
13,Merchandise,2024-12-14,4.815649772588811,4.560457389052861,4.817142735604911,0.2566853465520502
13,Merchandise,2024-12-15,5.976086517401954,6.0897791060754995,5.97871711428822,0.11369258867354581
13,Merchandise,2024-12-16,4.616010523528243,4.4309190034317645,4.618772336733105,0.1878533333013408
13,Merchandise,2024-12-17,4.679267489990845,4.464826753515652,4.6810109252186365,0.21618417170298443
13,Merchandise,2024-12-18,4.6066685466699955,4.34789433832883,4.607507634385197,0.25961329605636685
13,Merchandise,2024-12-19,4.5731791557743655,4.334491100102641,4.5722656347315365,0.2386880556717248
13,Merchandise,2024-12-20,4.6954713122505005,4.470832870164241,4.693378470029208,0.22463844208625972
13,Merchandise,2024-12-21,5.10594093042292,4.994966868524535,5.105497001231775,0.11097406189838566
13,Merchandise,2024-12-22,8.285855222718276,8.376624834066073,8.287744273223518,0.09076961134779715
13,Merchandise,2024-12-23,4.552104479034755,4.344313348080903,4.553637387549614,0.2093240394687106
13,Merchandise,2024-12-24,4.713247956407767,4.482502558774927,4.713303113709832,0.2308005549349046
13,Merchandise,2024-12-25,4.599899658238158,4.326550448061079,4.598513293965837,0.2733492101770789
13,Merchandise,2024-12-26,3.432113238624016,3.1497123370052287,3.4294095437974343,0.28240090161878717
13,Merchandise,2024-12-27,3.462624283684426,3.184759994958993,3.459286976607914,0.277864288725433
13,Merchandise,2024-12-28,3.830907450231127,3.7014852546742363,3.82881640787969,0.1294221955568906
13,Merchandise,2024-12-29,3.7493562929219646,3.7468427939893556,3.7498062894163366,0.0029634954269810443
13,Merchandise,2024-12-30,3.4741596847067555,3.307410107451297,3.4760296623975484,0.16861955494625125
13,Merchandise,2024-12-31,4.268922280654545,4.1227310407959825,4.2707118738351175,0.147980833039135
13,Savory Bakery,2024-11-01,10.095714286993724,10.308953761576321,10.128573165985896,0.21323947458259696
13,Savory Bakery,2024-11-02,10.798468578981941,11.508338756104564,10.87484544473324,0.7098701771226228
13,Savory Bakery,2024-11-03,10.759720425914635,11.549428332625583,10.771747879920415,0.789707906710948
13,Savory Bakery,2024-11-04,10.341223974909687,10.352538076720542,10.278868416491843,0.07366966022869903
13,Savory Bakery,2024-11-05,10.39273241610525,10.237477330276084,10.225621074071563,0.16711134203368694
13,Savory Bakery,2024-11-06,12.076482594875273,12.074586934134517,12.13785785377685,0.06327091964233311
13,Savory Bakery,2024-11-07,10.301555801067202,10.608575556933598,10.30807443446051,0.3070197558663956
13,Savory Bakery,2024-11-08,10.599067755204292,10.756397067704224,10.601996232641238,0.15732931249993243
13,Savory Bakery,2024-11-09,11.145344700841095,11.57859519667176,11.148104021546576,0.43325049583066466
13,Savory Bakery,2024-11-10,11.068048181344315,11.662639793352518,11.073440184368568,0.5945916120082035
13,Savory Bakery,2024-11-11,10.37526575490518,10.47281243588786,10.38376885976592,0.09754668098267949
13,Savory Bakery,2024-11-12,10.441921965406497,10.647143117253666,10.450420839586165,0.20522115184716938
13,Savory Bakery,2024-11-13,10.368923458939374,10.480355716915536,10.376893497985241,0.11143225797616196
13,Savory Bakery,2024-11-14,10.248516419359452,10.159627818092567,10.254823236653833,0.09519541856126601
13,Savory Bakery,2024-11-15,12.39749599252587,12.421662635112744,12.402824323800015,0.02416664258687362
13,Savory Bakery,2024-11-16,11.025504500556682,11.797944867158607,11.031270918855668,0.7724403666019253
13,Savory Bakery,2024-11-17,11.042773748070353,11.559234529889663,11.052756040056014,0.5164607818193101
13,Savory Bakery,2024-11-18,10.549456011793996,10.423681701002437,10.562376934851173,0.13869523384873617
13,Savory Bakery,2024-11-19,10.762550671924243,10.0788787442846,10.77581512628434,0.6969363819997394
13,Savory Bakery,2024-11-20,10.341899584659544,10.37433353554334,10.352441172682717,0.03243395088379586
13,Savory Bakery,2024-11-21,10.331036127388607,10.174526871057436,10.340499878897738,0.1659730078403019
13,Savory Bakery,2024-11-22,10.38865034405631,10.24456164163622,10.396415759161071,0.15185411752485045
13,Savory Bakery,2024-11-23,11.193494760194588,11.567537233441652,11.201006263923773,0.37404247324706397
13,Savory Bakery,2024-11-24,11.216296796732209,11.212130837492106,11.225718029896584,0.013587192404477477
13,Savory Bakery,2024-11-25,10.692716433771702,10.46188137859689,10.704685594610737,0.24280421601384639
13,Savory Bakery,2024-11-26,12.126863121840213,11.972065729537201,12.138305915442736,0.1662401859055347
13,Savory Bakery,2024-11-27,13.079240500118983,13.176350294345658,13.087776956848826,0.0971097942266752
13,Savory Bakery,2024-11-28,13.115643429891259,13.42174573298577,13.12068435689802,0.3061023030945105
13,Savory Bakery,2024-11-29,13.519160249519125,14.220259755430456,13.523463909838012,0.7010995059113316
13,Savory Bakery,2024-11-30,16.635043008665548,17.11401460147628,16.639771217829853,0.4789715928107334
13,Savory Bakery,2024-12-01,16.60123427371712,16.845394403835297,16.608448713123813,0.24416013011817483
13,Savory Bakery,2024-12-02,15.7148344345083,16.275689689326985,15.72326124608707,0.5608552548186854
13,Savory Bakery,2024-12-03,14.335920129603071,14.14389091023269,14.34565958049529,0.20176867026260048
13,Savory Bakery,2024-12-04,14.1445755438831,13.792200442185365,14.153222773945636,0.361022331760271
13,Savory Bakery,2024-12-05,19.36658980011922,19.57773053840861,19.373072895791534,0.21114073828939084
13,Savory Bakery,2024-12-06,14.010512458077507,13.845063343521032,14.015329088476182,0.17026574495515057
13,Savory Bakery,2024-12-07,15.08955421238154,15.389369451266068,15.097500418590709,0.29981523888452877
13,Savory Bakery,2024-12-08,13.151001384753904,13.078204603445538,13.163187650043204,0.08498304659766553
13,Savory Bakery,2024-12-09,15.734624395318459,15.362776405044999,15.749169194793165,0.38639278974816627
13,Savory Bakery,2024-12-10,17.504582730523428,17.199666846457696,17.51737659212579,0.3177097456680933
13,Savory Bakery,2024-12-11,11.975610686433747,11.745159465579531,11.985007099602505,0.23984763402297382
13,Savory Bakery,2024-12-12,11.967872241827749,11.638030505705231,11.974181244974016,0.3361507392687848
13,Savory Bakery,2024-12-13,12.186299187196665,11.829870288679668,12.191605025349784,0.36173473667011535
13,Savory Bakery,2024-12-14,12.417267856777233,11.696092486236049,12.422786427676844,0.7266939414407947
13,Savory Bakery,2024-12-15,15.52117299230618,15.567988880037422,15.53023849570388,0.0468158877312419
13,Savory Bakery,2024-12-16,12.304186644353791,11.967576864375179,12.315838363089842,0.3482614987146633
13,Savory Bakery,2024-12-17,12.282471821882275,12.135980590973901,12.295080379653754,0.1590997886798533
13,Savory Bakery,2024-12-18,12.155803590841087,11.786238600938328,12.167056779420303,0.3808181784819755
13,Savory Bakery,2024-12-19,12.015032771901364,11.763658087365307,12.024655808552797,0.2609977211874899
13,Savory Bakery,2024-12-20,12.247991346301523,12.041160882306999,12.255524214970112,0.21436333266311358
13,Savory Bakery,2024-12-21,12.998791132518562,12.915586867162983,13.006885342053845,0.09129847489086274
13,Savory Bakery,2024-12-22,24.28727687931697,24.372013740732783,24.297614407489846,0.08473686141581283
13,Savory Bakery,2024-12-23,12.285974025008608,11.83951415369583,12.299412994962857,0.4598988412670266
13,Savory Bakery,2024-12-24,12.594697586922198,12.269204340894314,12.607619955462074,0.3384156145677597
13,Savory Bakery,2024-12-25,12.398494747754508,12.003800248680191,12.408261980119091,0.4044617314389001
13,Savory Bakery,2024-12-26,12.27472477133873,11.755024752357158,12.279550920769815,0.5245261684126561
13,Savory Bakery,2024-12-27,12.457676494349547,12.038234815576084,12.460759885225023,0.4225250696489393
13,Savory Bakery,2024-12-28,13.367884029169435,13.265988402978525,13.371767723880732,0.10577932090220621
13,Savory Bakery,2024-12-29,13.294164100678541,13.527812579032508,13.30029604982201,0.23364847835396674
13,Savory Bakery,2024-12-30,12.416029205617184,12.177455492579222,12.423928803823229,0.2464733112440065
13,Savory Bakery,2024-12-31,14.541286232060374,14.748595179512415,14.551070105103832,0.20730894745204154
13,Tea,2024-11-01,16.01263337533051,16.923789481078256,16.14120716220061,0.9111561057477466
13,Tea,2024-11-02,16.99927790349598,18.213863310075304,16.845214448566715,1.3686488615085892
13,Tea,2024-11-03,17.020922044827113,18.042300871864406,17.31372281633502,1.0213788270372923
13,Tea,2024-11-04,16.196781127123835,16.626070137227643,16.16690798634659,0.4591621508810526
13,Tea,2024-11-05,16.136230339318935,16.327245444442347,15.898395434955145,0.42885000948720275
13,Tea,2024-11-06,18.90570877347379,18.855034219954728,18.957722656045714,0.1026884360909861
13,Tea,2024-11-07,15.890055663837208,16.585987053976066,15.906032689258017,0.695931390138858
13,Tea,2024-11-08,16.214720045886512,16.81217266504907,16.230680465156937,0.5974526191625564
13,Tea,2024-11-09,17.179656070717403,18.241296654795757,17.193107625153043,1.0616405840783543
13,Tea,2024-11-10,17.110618886990093,18.166891427839744,17.123345210754724,1.0562725408496512
13,Tea,2024-11-11,16.042540961973966,16.625222746278723,16.05758384371694,0.5826817843047571
13,Tea,2024-11-12,16.098630173410374,16.45227909707661,16.114376048852872,0.3536489236662348
13,Tea,2024-11-13,15.803755896661752,15.871896106467558,15.819352316750809,0.06814020980580615
13,Tea,2024-11-14,15.658537896443327,15.555256321729393,15.677776789724888,0.12252046799549454
13,Tea,2024-11-15,18.99931867463264,19.07219126331384,19.022548483951795,0.07287258868120006
13,Tea,2024-11-16,17.243129660959173,18.039815573914947,17.263070593563796,0.7966859129557733
13,Tea,2024-11-17,17.04491433800216,17.95121488630086,17.060248590877993,0.9063005482986988
13,Tea,2024-11-18,16.280106377279655,16.355529933623494,16.296745739962848,0.07542355634383924
13,Tea,2024-11-19,16.533431399656266,15.930643272596802,16.551029719805218,0.620386447208416
13,Tea,2024-11-20,15.883659093954178,15.917594654284821,15.899119992586089,0.03393556033064371
13,Tea,2024-11-21,15.648186330548178,15.905285335960869,15.662253648675009,0.25709900541269093
13,Tea,2024-11-22,15.716496155599804,16.051039898690163,15.730905713124747,0.33454374309035906
13,Tea,2024-11-23,17.27410743692569,17.98933495908551,17.287938833191916,0.7152275221598217
13,Tea,2024-11-24,17.18001751153801,17.552825499062585,17.192049621866538,0.372807987524574
13,Tea,2024-11-25,16.028588842458618,15.852265514830787,16.03957295199778,0.18730743716699294
13,Tea,2024-11-26,18.151714804536724,18.210825224798043,18.16263659329313,0.05911042026131952
13,Tea,2024-11-27,19.832707172726366,20.146518712447353,19.845349893113205,0.3138115397209873
13,Tea,2024-11-28,19.831095302687196,20.330009293961325,19.846338508048863,0.4989139912741294
13,Tea,2024-11-29,20.760876233478786,21.068403997828675,20.776607220648525,0.3075277643498886
13,Tea,2024-11-30,25.280524850909515,26.169821042837818,25.29533219254247,0.8892961919283024
13,Tea,2024-12-01,25.027888702586115,25.450446588231067,25.042050122231778,0.42255788564495234
13,Tea,2024-12-02,23.33413838000343,24.345080127990517,23.34931811933059,1.0109417479870864
13,Tea,2024-12-03,21.142139561190966,21.13370526036421,21.154937176877063,0.021231916512853388
13,Tea,2024-12-04,20.82722004772009,20.626037045375476,20.83952654128051,0.21348949590503352
13,Tea,2024-12-05,28.045916665151864,29.050786732036897,28.061534081523014,1.004870066885033
13,Tea,2024-12-06,21.039502168449996,20.962220248079426,21.05579270653751,0.09357245845808393
13,Tea,2024-12-07,22.28404668391073,22.74167567449445,22.29654309838644,0.45762899058371787
13,Tea,2024-12-08,19.660711034444933,19.933294773708063,19.673457972741073,0.27258373926312984
13,Tea,2024-12-09,23.48611918177565,23.000234885601724,23.503370108893613,0.5031352232918884
13,Tea,2024-12-10,25.72320643847541,25.82494142741262,25.739025419154654,0.10173498893720989
13,Tea,2024-12-11,17.833597289272276,17.670340031480308,17.844730281539,0.1743902500586927
13,Tea,2024-12-12,17.93645786631117,17.87136418193767,17.949263212446585,0.07789903050891667
13,Tea,2024-12-13,18.466925825545395,18.30594837908729,18.480838630123554,0.17489025103626332
13,Tea,2024-12-14,22.516046879302404,22.419056364023312,22.525879629081718,0.10682326505840578
13,Tea,2024-12-15,28.145361123937708,29.728290725150636,28.150523155327846,1.5829296012129284
13,Tea,2024-12-16,23.093881909511428,23.20443193115311,23.098929415726516,0.11055002164168215
13,Tea,2024-12-17,23.167906802306,23.510257728019354,23.174679821158527,0.34235092571335457
13,Tea,2024-12-18,22.88579353425063,23.133889238352438,22.89455852764788,0.24809570410180726
13,Tea,2024-12-19,22.611318943980336,22.97746157452134,22.621627164111402,0.3661426305410025
13,Tea,2024-12-20,22.78162771001043,23.060470157603678,22.79018121358442,0.2788424475932487
13,Tea,2024-12-21,24.492524761960535,25.13824227572602,24.49957951274369,0.6457175137654865
13,Tea,2024-12-22,39.04542436950972,45.269840480975844,39.05339226768861,6.224416111466127
13,Tea,2024-12-23,22.999548444948957,23.351727774165575,23.009101371550564,0.352179329216618
13,Tea,2024-12-24,23.054575604663622,23.355489639573275,23.06294052344936,0.30091403490965263
13,Tea,2024-12-25,22.958356609141134,23.149056004940025,22.964445912698608,0.19069939579889095
13,Tea,2024-12-26,18.1701967256907,17.785838463847487,18.177366765150072,0.39152830130258565
13,Tea,2024-12-27,18.554107772189695,18.251364620912504,18.560402648436387,0.3090380275238829
13,Tea,2024-12-28,19.958940937056,20.34547770681587,19.96433469105033,0.3865367697598714
13,Tea,2024-12-29,19.89765462227752,20.277626826556556,19.905471919851223,0.379972204279035
13,Tea,2024-12-30,18.66324429222078,18.823265994055667,18.67265172413125,0.16002170183488573
13,Tea,2024-12-31,21.546677208058675,21.97443790357647,21.554596623913465,0.4277606955177937
14,Bakery,2024-11-01,38.4561099464793,39.46817567762092,39.326832424330846,1.0120657311416181
14,Bakery,2024-11-02,19.084604554088358,19.987838127668493,19.941425965091923,0.9032335735801347
14,Bakery,2024-11-03,19.71062435793514,20.00646250577494,19.952223533510985,0.29583814783980245
14,Bakery,2024-11-04,39.686644166890815,40.66498902981294,39.81872252148414,0.9783448629221283
14,Bakery,2024-11-05,39.80869616627774,40.40616254222978,40.07364457229165,0.5974663759520382
14,Bakery,2024-11-06,40.89749721665338,40.60604404484163,40.37413234275568,0.5233648738976981
14,Bakery,2024-11-07,39.770630478002424,40.170692333862405,39.76837472410502,0.4023176097573824
14,Bakery,2024-11-08,38.78310414634706,39.15065157795131,38.78182701996601,0.3688245579852989
14,Bakery,2024-11-09,33.80010334280583,37.16291244966561,33.77979928940763,3.3831131602579845
14,Bakery,2024-11-10,19.63834999632969,19.81176528097859,19.611081092033928,0.20068418894466333
14,Bakery,2024-11-11,38.92352018393934,38.969377462488055,38.91499276597188,0.05438469651617339
14,Bakery,2024-11-12,38.88690248142397,39.186072092634404,38.87609374496134,0.3099783476730664
14,Bakery,2024-11-13,40.54332374014122,40.825893760807475,40.554711818208155,0.282570020666256
14,Bakery,2024-11-14,51.008780639300916,52.49703932474489,51.03671261370177,1.4882586854439737
14,Bakery,2024-11-15,47.13480714608896,46.93173981847599,47.12682755844702,0.20306732761297042
14,Bakery,2024-11-16,38.701443594725674,40.08948811001693,38.6805630197987,1.4089250902182329
14,Bakery,2024-11-17,30.7353253116155,32.99585082367439,30.72097382461006,2.274876999064329
14,Bakery,2024-11-18,39.469088963439546,38.974750880723306,39.48335548034303,0.5086045996197228
14,Bakery,2024-11-19,39.93090001990601,39.934957302000285,39.93739870005657,0.006498680150556879
14,Bakery,2024-11-20,40.49834310554107,40.17165322593124,40.52504045409324,0.3533872281619992
14,Bakery,2024-11-21,39.26992339506609,39.40220787859978,39.281962787969434,0.13228448353369515
14,Bakery,2024-11-22,38.453699956535885,38.675096518501924,38.46294882339217,0.22139656196603852
14,Bakery,2024-11-23,39.36142231148591,39.79381332439826,39.35307194521721,0.4407413791810484
14,Bakery,2024-11-24,52.979299023785906,51.407706246197385,52.97625530400066,1.5715927775885206
14,Bakery,2024-11-25,39.426447574569636,39.96988182851908,39.45817416000109,0.5434342539494423
14,Bakery,2024-11-26,39.8754785437508,39.915774762407835,39.90787023786638,0.04029621865703348
14,Bakery,2024-11-27,41.030456735926066,40.56287721458441,41.08282051150469,0.5199432969202817
14,Bakery,2024-11-28,39.864285911447084,39.39455397296767,39.896628070322855,0.5020740973551838
14,Bakery,2024-11-29,41.259361498338116,42.22274396861158,41.29244987372263,0.9633824702734657
14,Bakery,2024-11-30,29.78884350502052,30.25791190037166,29.81071846310325,0.4690683953511403
14,Bakery,2024-12-01,25.226325267722956,25.633557547350907,25.249620562979075,0.4072322796279515
14,Bakery,2024-12-02,74.39938008329455,72.63970511023962,74.45806315769737,1.8183580474577496
14,Bakery,2024-12-03,47.2028014662271,47.33716649986196,47.26996830873258,0.1343650336348574
14,Bakery,2024-12-04,48.616673109656716,48.36554636893934,48.71284406119534,0.3472976922559994
14,Bakery,2024-12-05,129.482230191141,145.91589031141098,129.56004269617605,16.433660120269963
14,Bakery,2024-12-06,55.79664085754972,56.621651459300686,55.876325892739466,0.825010601750968
14,Bakery,2024-12-07,33.50384613447223,33.623856207824815,33.57249658193265,0.12001007335258862
14,Bakery,2024-12-08,33.35432997998694,34.233562470157516,33.42506286931139,0.8792324901705726
14,Bakery,2024-12-09,55.4675440323311,55.75752158024517,55.565373678731746,0.28997754791407004
14,Bakery,2024-12-10,70.49343052478315,70.66989933522089,70.58035162856966,0.17646881043773988
14,Bakery,2024-12-11,53.26207470127984,52.98000793345154,53.357249062647085,0.3772411291955464
14,Bakery,2024-12-12,52.046698391803666,52.074194670156174,52.114199719789895,0.06750132798622843
14,Bakery,2024-12-13,46.884274133238854,46.95541859976995,46.93479811606137,0.07114446653109496
14,Bakery,2024-12-14,25.558508902037616,25.762767916438012,25.58188953523164,0.20425901440039596
14,Bakery,2024-12-15,34.897511561237025,35.92609110548177,34.91732124313289,1.0285795442447423
14,Bakery,2024-12-16,46.58591036367122,47.00692388985865,46.63298845941493,0.42101352618742993
14,Bakery,2024-12-17,65.64025263895381,67.50150940897419,65.67912357922117,1.8612567700203755
14,Bakery,2024-12-18,66.10361849468312,67.20224457230627,66.15477025084193,1.0986260776231518
14,Bakery,2024-12-19,77.84834594133928,77.62802897802513,77.86985894885778,0.24182997083265434
14,Bakery,2024-12-20,44.975887319501226,44.906993907311005,44.98759259475976,0.08059868744875587
14,Bakery,2024-12-21,25.50422273898021,25.215780554243974,25.500608137817263,0.28844218473623684
14,Bakery,2024-12-22,25.459617618734427,25.645171234623035,25.450968079235146,0.19420315538788913
14,Bakery,2024-12-23,45.72484069000488,45.778411223470464,45.7357202961918,0.053570533465581605
14,Bakery,2024-12-24,46.14465188324249,46.16400091783468,46.15180972539617,0.01934903459218873
14,Bakery,2024-12-25,46.867833714102844,46.63753812275558,46.892945628450896,0.2554075056953167
14,Bakery,2024-12-26,45.77660737933828,46.00708085550073,45.78092037833786,0.23047347616245162
14,Bakery,2024-12-27,44.687383885693954,44.75159781421461,44.68329747363295,0.0683003405816649
14,Bakery,2024-12-28,24.989788786973595,25.161105988424605,24.972942881852177,0.18816310657242852
14,Bakery,2024-12-29,25.427504387291982,25.87446851071086,25.41460168343923,0.45986682727162886
14,Bakery,2024-12-30,45.82885691519427,46.367932274285856,45.84358261396191,0.5390753590915836
14,Bakery,2024-12-31,54.51621444076753,54.11388736112847,54.5191581091773,0.405270748048828
14,Chocolate & Milk,2024-11-01,26.74148012033627,26.12268803175372,26.387333506055374,0.6187920885825484
14,Chocolate & Milk,2024-11-02,14.533135093202226,13.570580112940494,14.469074540116068,0.9625549802617321
14,Chocolate & Milk,2024-11-03,15.111240857034753,13.47434341160517,15.357636327360584,1.8832929157554137
14,Chocolate & Milk,2024-11-04,23.742371978252923,23.096466966110604,24.097031858518132,1.000564892407528
14,Chocolate & Milk,2024-11-05,23.765102519788492,23.01334027188799,23.561246106268015,0.7517622479005013
14,Chocolate & Milk,2024-11-06,24.491676438452075,23.59489288627347,24.490672572163867,0.8967835521786043
14,Chocolate & Milk,2024-11-07,23.98775382955351,23.003413247540912,24.012951538509395,1.0095382909684822
14,Chocolate & Milk,2024-11-08,23.75076229711939,22.94714828782746,23.775406311544952,0.8282580237174919
14,Chocolate & Milk,2024-11-09,19.34555048298554,20.292218434808543,19.354417753589278,0.9466679518230023
14,Chocolate & Milk,2024-11-10,12.163037072277087,10.972216245414785,12.160581780733624,1.1908208268623017
14,Chocolate & Milk,2024-11-11,23.226559901126638,22.843414928403153,23.217634315082595,0.38314497272348547
14,Chocolate & Milk,2024-11-12,23.311602679672625,22.743151520655783,23.352058034385887,0.6089065137301048
14,Chocolate & Milk,2024-11-13,24.228840116096936,23.688692106974692,24.277018791895905,0.5883266849212134
14,Chocolate & Milk,2024-11-14,30.7109818414408,29.264442254781823,30.758381719066833,1.4939394642850097
14,Chocolate & Milk,2024-11-15,28.35147290275951,27.32317247329711,28.400418894934877,1.077246421637767
14,Chocolate & Milk,2024-11-16,23.215241012353648,23.347872374074278,23.24687940486115,0.13263136172063028
14,Chocolate & Milk,2024-11-17,18.52720125146459,19.02201067581281,18.548872538121216,0.49480942434821884
14,Chocolate & Milk,2024-11-18,22.972329503240918,22.106171970804652,22.99081836826556,0.8846463974609087
14,Chocolate & Milk,2024-11-19,23.073096137245887,22.01396191048434,23.13760313632922,1.123641225844878
14,Chocolate & Milk,2024-11-20,23.894890771609184,22.892094840018615,23.96168234605064,1.0695875060320255
14,Chocolate & Milk,2024-11-21,23.684255056524503,22.459963725542437,23.748282841678726,1.2883191161362895
14,Chocolate & Milk,2024-11-22,23.054824552249627,22.30897318862576,23.115718184640194,0.8067449960144337
14,Chocolate & Milk,2024-11-23,23.750576214100317,23.03248995092993,23.795981129578216,0.7634911786482874
14,Chocolate & Milk,2024-11-24,37.546535112994995,35.3275372018728,37.57940447495218,2.2518672730793767
14,Chocolate & Milk,2024-11-25,26.903917859586283,26.61186844022054,26.927491196484862,0.3156227562643217
14,Chocolate & Milk,2024-11-26,27.000892668751938,26.34353835254259,27.06596182263672,0.7224234700941281
14,Chocolate & Milk,2024-11-27,27.696541463207126,26.993497156511655,27.76471221291933,0.7712150564076765
14,Chocolate & Milk,2024-11-28,27.48176731859246,26.737076519993945,27.542067598931776,0.8049910789378316
14,Chocolate & Milk,2024-11-29,28.906954366057164,29.443585418116765,28.9627480412561,0.5366310520596009
14,Chocolate & Milk,2024-11-30,21.44609608736539,21.385459945786017,21.484335606423475,0.09887566063745723
14,Chocolate & Milk,2024-12-01,19.742083681400437,19.306511354537715,19.764570779916202,0.45805942537848665
14,Chocolate & Milk,2024-12-02,48.34427527300929,46.40939045274398,48.35681581204693,1.9474253593029545
14,Chocolate & Milk,2024-12-03,33.32803647827153,32.945758275573226,33.38444291882244,0.43868464324921064
14,Chocolate & Milk,2024-12-04,29.27166074723334,28.63325460008164,29.326025845221167,0.6927712451395287
14,Chocolate & Milk,2024-12-05,72.8147200582591,79.17214529833116,72.85399505407321,6.357425240072061
14,Chocolate & Milk,2024-12-06,33.67067322916727,33.77070356830913,33.70317940377087,0.10003033914185977
14,Chocolate & Milk,2024-12-07,20.421699904638242,19.987676623490422,20.43814198835407,0.4504653648636463
14,Chocolate & Milk,2024-12-08,20.23474266405543,20.421903954510483,20.236174867097024,0.1871612904550517
14,Chocolate & Milk,2024-12-09,32.86484565979565,33.33872676012995,32.85607115002182,0.4826556101081323
14,Chocolate & Milk,2024-12-10,42.44149397405823,41.7328118205297,42.471119426341446,0.7383076058117481
14,Chocolate & Milk,2024-12-11,31.989853380630485,31.40587694427692,32.02086269154883,0.6149857472719091
14,Chocolate & Milk,2024-12-12,31.54543093908359,30.85655753098364,31.57357765683399,0.7170201258503504
14,Chocolate & Milk,2024-12-13,28.995657257289096,28.49275293514155,29.01885048629183,0.5260975511502792
14,Chocolate & Milk,2024-12-14,16.64530327263666,16.18757354472968,16.649511653219648,0.4619381084899672
14,Chocolate & Milk,2024-12-15,21.758365829105742,21.76823450630846,21.75053343095294,0.017701075355518014
14,Chocolate & Milk,2024-12-16,27.962634521705766,27.383142789222358,27.950537542597463,0.5794917324834081
14,Chocolate & Milk,2024-12-17,28.535398769452442,27.603889513532756,28.57172808014998,0.9678385666172247
14,Chocolate & Milk,2024-12-18,28.897649304913408,28.129392410746092,28.936112719003944,0.8067203082578516
14,Chocolate & Milk,2024-12-19,48.503200799347105,49.12698173925484,48.530769197135136,0.6237809399077321
14,Chocolate & Milk,2024-12-20,28.13373929185183,27.950979204322874,28.156056278487338,0.20507707416446408
14,Chocolate & Milk,2024-12-21,16.30351118551735,15.687227196634254,16.315651070286396,0.6284238736521424
14,Chocolate & Milk,2024-12-22,16.026968244877608,16.044586450587083,16.027256498401172,0.01761820570947492
14,Chocolate & Milk,2024-12-23,27.984854562254338,27.8497601837097,27.976586762290793,0.13509437854463613
14,Chocolate & Milk,2024-12-24,27.748305107511648,27.30946566616646,27.78632828535079,0.47686261918433104
14,Chocolate & Milk,2024-12-25,28.34436725899415,28.200961767202163,28.38672964946628,0.18576788226411622
14,Chocolate & Milk,2024-12-26,27.772635947482097,27.23530314697466,27.81397132146934,0.5786681744946804
14,Chocolate & Milk,2024-12-27,27.732206684380216,27.399890129267195,27.776456319619818,0.37656619035262295
14,Chocolate & Milk,2024-12-28,15.910954806683904,15.826651230760188,15.94555006395197,0.11889883319178196
14,Chocolate & Milk,2024-12-29,15.51585443120147,15.578535937740563,15.535628502056795,0.06268150653909288
14,Chocolate & Milk,2024-12-30,27.40216373916594,27.12604851607019,27.41444835500184,0.2883998389316531
14,Chocolate & Milk,2024-12-31,32.874903524199524,32.29188184223266,32.937676923082186,0.6457950808495241
14,Coffee,2024-11-01,179.467784503797,178.50023285633074,178.51090267831884,0.9675516474662516
14,Coffee,2024-11-02,90.28991263675314,94.29998758515057,88.37972685829226,5.9202607268583165
14,Coffee,2024-11-03,96.72876661584175,98.90653714029261,97.42790263527358,2.177770524450864
14,Coffee,2024-11-04,159.62010112425827,156.76439164951017,159.40665062585663,2.855709474748096
14,Coffee,2024-11-05,159.4271869479726,158.0471282328808,159.95983954741902,1.9127113145382282
14,Coffee,2024-11-06,160.2671549262613,156.77498647616173,159.04842839674924,3.4921684500995696
14,Coffee,2024-11-07,158.38523692451088,156.6726687950564,158.25359445111843,1.7125681294544677
14,Coffee,2024-11-08,156.6525542637238,154.42772260872954,156.51159209911475,2.2248316549942615
14,Coffee,2024-11-09,131.20198581186185,143.97663633670936,131.171804426801,12.804831909908359
14,Coffee,2024-11-10,74.7530084352383,74.32371737302536,74.67099931966195,0.4292910622129398
14,Coffee,2024-11-11,155.39466601827388,154.612303271749,155.3200317754686,0.7823627465248819
14,Coffee,2024-11-12,155.8056353509899,155.4629578604626,155.67597652611664,0.34267749052727936
14,Coffee,2024-11-13,157.73176975443283,154.91181918789732,157.68814085191008,2.8199505665355105
14,Coffee,2024-11-14,206.10976991402808,207.99525663940227,206.03101873633952,1.9642379030627524
14,Coffee,2024-11-15,188.91142533449909,183.54796914663805,188.8094670318096,5.363456187861033
14,Coffee,2024-11-16,151.99192882871296,156.0915795196193,151.96197284749437,4.129606672124936
14,Coffee,2024-11-17,131.41193349927707,142.15725924180322,131.30008773392802,10.857171507875194
14,Coffee,2024-11-18,157.6003616209882,153.77107981368692,157.5765824627069,3.829281807301271
14,Coffee,2024-11-19,156.4021790240201,152.7670208447109,156.3580017650912,3.635158179309201
14,Coffee,2024-11-20,157.77855381374093,153.2002440510806,157.85817985193063,4.6579358008500265
14,Coffee,2024-11-21,157.89900476210414,153.08809556395624,157.97668716569194,4.888591601735698
14,Coffee,2024-11-22,154.67806529777215,152.64207814905,154.79579334574368,2.1537151966936676
14,Coffee,2024-11-23,152.75559691430823,152.51443048865542,152.97400376668833,0.4595732780329058
14,Coffee,2024-11-24,247.78219581311112,250.12541904342112,247.94875978177618,2.3432232303100022
14,Coffee,2024-11-25,183.99438254814646,179.33378019852915,184.2096716297339,4.875891431204735
14,Coffee,2024-11-26,186.31096843799259,183.42876726252456,186.4819722941048,3.0532050315802337
14,Coffee,2024-11-27,187.41958182017416,181.57044320369516,187.65442231738845,6.083979113693289
14,Coffee,2024-11-28,187.40166865157468,181.27725873339273,187.57531484684588,6.298056113453157
14,Coffee,2024-11-29,194.08117927137695,192.55459933396645,194.21183205142847,1.6572327174620227
14,Coffee,2024-11-30,136.32166514844104,138.7555944831056,136.51965685282403,2.4339293346645547
14,Coffee,2024-12-01,128.65086784530916,127.35232600904325,128.75959015741574,1.4072641483724908
14,Coffee,2024-12-02,334.5759694359062,315.0677675721105,334.755292398532,19.68752482642151
14,Coffee,2024-12-03,225.76492918206637,221.5962621581795,225.94596445623318,4.349702298053671
14,Coffee,2024-12-04,193.0508902248316,191.54715668037562,193.3459249128233,1.798768232447685
14,Coffee,2024-12-05,508.7362816602734,576.5139818812257,508.98146042783173,67.77770022095234
14,Coffee,2024-12-06,218.97214331883768,217.33168674566483,219.20593445698807,1.8742477113232496
14,Coffee,2024-12-07,124.32251509679213,122.44226508493122,124.5806687914037,2.1384037064724737
14,Coffee,2024-12-08,124.93164959130615,124.40040648907396,125.06881256468353,0.6684060756095676
14,Coffee,2024-12-09,221.4751605778045,222.74412831714375,221.60031085229548,1.2689677393392458
14,Coffee,2024-12-10,302.8861842490812,282.7198498928518,302.916339116043,20.19648922319118
14,Coffee,2024-12-11,232.97914886045254,234.89503316163143,233.01450127483537,1.9158843011788917
14,Coffee,2024-12-12,232.4523459872607,234.21284736002434,232.43692760679156,1.7759197532327846
14,Coffee,2024-12-13,229.2473662787122,229.23063299014396,229.19975492595148,0.04761135276072537
14,Coffee,2024-12-14,136.3464693549804,135.8114102567588,136.3626472895734,0.5512370328146119
14,Coffee,2024-12-15,168.2007601929867,172.57828503060693,168.17503763687233,4.403247393734603
14,Coffee,2024-12-16,225.80525485131557,224.28188558675603,225.85911689886103,1.577231312104999
14,Coffee,2024-12-17,263.4186307730663,263.3540535215134,263.4246693230584,0.07061580154504554
14,Coffee,2024-12-18,265.89494697405837,264.25114213183633,266.0189607585885,1.7678186267521596
14,Coffee,2024-12-19,371.8399799187675,384.4921093377576,371.9983914661133,12.652129418990114
14,Coffee,2024-12-20,225.44534836249116,228.01521915117604,225.6346838016722,2.569870788684881
14,Coffee,2024-12-21,133.1813892850192,134.8026505219343,133.40140048239402,1.6212612369151032
14,Coffee,2024-12-22,134.408795459508,137.38708448683707,134.52587854942678,2.9782890273290548
14,Coffee,2024-12-23,225.16514953967027,229.5900247309539,225.30850638333436,4.424875191283633
14,Coffee,2024-12-24,226.34827949522932,229.1842247366031,226.4283073299739,2.8359452413737927
14,Coffee,2024-12-25,185.4442340620245,186.23051373537783,185.56714166299273,0.7862796733533344
14,Coffee,2024-12-26,185.26717736167907,186.52384063930086,185.39971860921557,1.256663277621783
14,Coffee,2024-12-27,180.26813271222113,180.14156867188103,180.4611645849999,0.31959591311886015
14,Coffee,2024-12-28,96.73744709508797,97.7803540528362,97.02155064380607,1.0429069577482295
14,Coffee,2024-12-29,96.56462197592852,99.77712858062023,96.7639471618656,3.2125066046917112
14,Coffee,2024-12-30,181.7985864839267,181.4428585942265,182.0345937775008,0.5917351832742952
14,Coffee,2024-12-31,216.91075087421171,214.02779073257713,217.03977279116938,3.0119820585922525
14,Juice & Smoothie,2024-11-01,15.602986147942403,16.64836761622552,15.19052715351506,1.457840462710461
14,Juice & Smoothie,2024-11-02,7.601851308062693,8.316826344640987,7.338043824874639,0.978782519766348
14,Juice & Smoothie,2024-11-03,8.181802597263413,8.322989762579642,7.550600687535801,0.7723890750438409
14,Juice & Smoothie,2024-11-04,13.812756836760776,14.267138778156042,13.562405240952678,0.7047335372033636
14,Juice & Smoothie,2024-11-05,13.725929534822459,14.493987291466278,13.848591048325147,0.7680577566438185
14,Juice & Smoothie,2024-11-06,13.839949731404408,14.651842354558422,14.105066542306805,0.811892623154014
14,Juice & Smoothie,2024-11-07,13.474518094009213,14.452777010365791,13.467274012223015,0.9855029981427759
14,Juice & Smoothie,2024-11-08,13.664239044520844,14.06793385482213,13.651922667489124,0.41601118733300524
14,Juice & Smoothie,2024-11-09,12.150007684989408,13.298899358598106,12.138379786947265,1.1605195716508412
14,Juice & Smoothie,2024-11-10,6.154812429692698,6.160644152553298,6.14585920269436,0.014784949858937857
14,Juice & Smoothie,2024-11-11,13.4428680358454,13.701798585495618,13.43490107698337,0.2668975085122476
14,Juice & Smoothie,2024-11-12,13.411665176078976,13.615148816371644,13.408013495932606,0.20713532043903804
14,Juice & Smoothie,2024-11-13,13.679882653811019,14.026331725275616,13.682239724479468,0.3464490714645976
14,Juice & Smoothie,2024-11-14,18.152425903273816,18.63704421135987,18.155936266771086,0.48461830808605555
14,Juice & Smoothie,2024-11-15,16.95624669376671,16.994137102909292,16.956238831346994,0.03789827156229819
14,Juice & Smoothie,2024-11-16,12.39755333051291,13.528445525107983,12.393914685430808,1.1345308396771756
14,Juice & Smoothie,2024-11-17,12.134963634306384,12.98468832733679,12.131632451216323,0.8530558761204681
14,Juice & Smoothie,2024-11-18,13.739926194264584,14.183074497140423,13.739328443460412,0.44374605368001063
14,Juice & Smoothie,2024-11-19,13.48172492534881,13.769157557965743,13.485972183788643,0.2874326326169321
14,Juice & Smoothie,2024-11-20,13.425723318560994,13.484373573372007,13.432259575666997,0.05865025481101327
14,Juice & Smoothie,2024-11-21,13.440153483993827,13.754957746295895,13.448324917494912,0.3148042623020686
14,Juice & Smoothie,2024-11-22,13.236243747858802,13.334526642337172,13.246288092498474,0.0982828944783698
14,Juice & Smoothie,2024-11-23,12.336070191744867,12.789273541458625,12.345246670081973,0.45320334971375864
14,Juice & Smoothie,2024-11-24,19.155309304872404,18.246037354231998,19.16368650617368,0.9176491519416814
14,Juice & Smoothie,2024-11-25,13.518974659246197,13.516190545684212,13.525780773218361,0.009590227534149065
14,Juice & Smoothie,2024-11-26,13.393166341219255,13.053722510821782,13.398505338017765,0.3447828271959832
14,Juice & Smoothie,2024-11-27,13.459127178134914,13.396196404178108,13.461833816122038,0.06563741194393025
14,Juice & Smoothie,2024-11-28,13.520008371668958,13.514981734163351,13.52082854618877,0.005846812025419368
14,Juice & Smoothie,2024-11-29,14.507731745760253,14.830011229434872,14.508497555785848,0.32227948367461856
14,Juice & Smoothie,2024-11-30,10.43386377587122,10.316847764637517,10.436568034441851,0.11972026980433448
14,Juice & Smoothie,2024-12-01,8.594133265565453,8.68665300659109,8.597411894586891,0.09251974102563665
14,Juice & Smoothie,2024-12-02,26.162981207538266,26.046713263184312,26.162865340300353,0.11626794435395382
14,Juice & Smoothie,2024-12-03,17.017694438836834,16.8883091983192,17.019022567051437,0.1307133687322377
14,Juice & Smoothie,2024-12-04,17.006408550556333,16.697446773377457,17.010178994621565,0.31273222124410793
14,Juice & Smoothie,2024-12-05,39.19717913486452,41.732181587272635,39.19780647319551,2.535002452408115
14,Juice & Smoothie,2024-12-06,17.181819917446028,17.191839157749207,17.176207391203725,0.01563176654548215
14,Juice & Smoothie,2024-12-07,9.496469283218742,9.74222176658996,9.485883983412053,0.2563377831779068
14,Juice & Smoothie,2024-12-08,9.472169091112098,9.459405920524464,9.457430778449277,0.014738312662821329
14,Juice & Smoothie,2024-12-09,19.161323465375244,18.990950480466044,19.142697806880367,0.17037298490919994
14,Juice & Smoothie,2024-12-10,26.658980952097505,26.020981271182844,26.638859778610392,0.6379996809146604
14,Juice & Smoothie,2024-12-11,19.134994896967292,18.845873333290754,19.115847835901796,0.2891215636765381
14,Juice & Smoothie,2024-12-12,18.712633168669743,18.544580942341703,18.695147147222073,0.16805222632804018
14,Juice & Smoothie,2024-12-13,17.287121010305025,17.200623752729832,17.271975300157457,0.08649725757519278
14,Juice & Smoothie,2024-12-14,8.983500806981477,8.884733358783482,8.968072256629933,0.09876744819799477
14,Juice & Smoothie,2024-12-15,12.649668091653943,12.798672587177109,12.636385774978994,0.16228681219811492
14,Juice & Smoothie,2024-12-16,16.584785101154942,16.526519598294026,16.576037124692338,0.05826550286091603
14,Juice & Smoothie,2024-12-17,23.41210588584881,23.893742054803553,23.407337121385467,0.4864049334180862
14,Juice & Smoothie,2024-12-18,23.37944206883034,24.10535717666018,23.37802186754275,0.7273353091174322
14,Juice & Smoothie,2024-12-19,29.544535445448563,29.203823922714037,29.543445465789034,0.34071152273452654
14,Juice & Smoothie,2024-12-20,16.464323962147624,16.410378617921907,16.46178357295633,0.05394534422571695
14,Juice & Smoothie,2024-12-21,8.729178239092983,8.555141424162663,8.727212634164063,0.17403681493031975
14,Juice & Smoothie,2024-12-22,8.647158033044287,8.884686235047884,8.649156742898326,0.23752820200359714
14,Juice & Smoothie,2024-12-23,16.609748286463798,16.63362339052386,16.6166258346572,0.023875104060060437
14,Juice & Smoothie,2024-12-24,16.2357073932546,16.46837500420106,16.24853275851002,0.2326676109464607
14,Juice & Smoothie,2024-12-25,16.104597700071785,16.29024810460671,16.121165990923433,0.18565040453492543
14,Juice & Smoothie,2024-12-26,15.790474606256861,15.824431953502199,15.806978756316092,0.03395734724533739
14,Juice & Smoothie,2024-12-27,15.828678382185565,15.890392535948019,15.848057798444238,0.061714153762453705
14,Juice & Smoothie,2024-12-28,8.06868946285125,7.907554239998141,8.092448867608903,0.18489462761076236
14,Juice & Smoothie,2024-12-29,8.121545172238699,8.500643305584086,8.148154911049069,0.3790981333453871
14,Juice & Smoothie,2024-12-30,15.870425532359508,15.953777817650197,15.899538727679083,0.0833522852906885
14,Juice & Smoothie,2024-12-31,19.51060041085335,19.822966641186163,19.542865712308675,0.3123662303328132
14,Merchandise,2024-11-01,9.106306684945991,7.8528871038407,8.170876165243177,1.253419581105291
14,Merchandise,2024-11-02,4.316083351851761,3.6219133234708516,3.6392831599010425,0.6941700283809094
14,Merchandise,2024-11-03,5.734834562728237,5.039169619998354,5.213875328382737,0.6956649427298824
14,Merchandise,2024-11-04,8.70584721088233,8.314299229840588,8.49560988084707,0.39154798104174304
14,Merchandise,2024-11-05,8.54946353102278,8.341300575022403,8.363914748619274,0.20816295600037726
14,Merchandise,2024-11-06,8.622624087750381,8.405263543982457,8.28566835743587,0.33695573031451076
14,Merchandise,2024-11-07,8.536045617824385,8.516954844188083,8.541258916134499,0.024304071946415817
14,Merchandise,2024-11-08,8.649740308937218,8.623835355106175,8.654279280725907,0.03044392561973197
14,Merchandise,2024-11-09,6.617226137425757,6.786595824907207,6.620335950561337,0.1693696874814501
14,Merchandise,2024-11-10,4.08079340482478,3.791130589223253,4.083775386518501,0.2926447972952477
14,Merchandise,2024-11-11,8.563710575302625,8.490472774576844,8.567208441458586,0.07673566688174205
14,Merchandise,2024-11-12,8.403352259047356,8.330108568764455,8.407539005083748,0.07743043631929325
14,Merchandise,2024-11-13,8.334487558594484,8.266264468355294,8.33818588199677,0.0719214136414763
14,Merchandise,2024-11-14,10.49213978032044,10.674659186321929,10.495318647499614,0.18251940600148941
14,Merchandise,2024-11-15,10.37643211218517,9.984100449608713,10.378701496252999,0.3946010466442864
14,Merchandise,2024-11-16,7.739445343181755,7.760676824637451,7.741677255091625,0.021231481455695977
14,Merchandise,2024-11-17,6.550661414391156,6.796964875099991,6.552787802699022,0.2463034607088348
14,Merchandise,2024-11-18,8.227873497449117,7.97433016157373,8.230175027364824,0.25584486579109456
14,Merchandise,2024-11-19,8.14152915218629,8.100115044701273,8.14397699897295,0.043861954271676495
14,Merchandise,2024-11-20,8.090584282655199,7.908034029425816,8.093710419364605,0.18567638993878877
14,Merchandise,2024-11-21,8.174892135377354,8.082011793663938,8.17918808643595,0.09717629277201212
14,Merchandise,2024-11-22,7.964549383526019,7.9810492287016706,7.970009853954963,0.01649984517565173
14,Merchandise,2024-11-23,7.672554150396692,7.730180843697892,7.6793139271721795,0.057626693301199516
14,Merchandise,2024-11-24,12.642416700801014,11.842292619901091,12.651932373073052,0.809639753171961
14,Merchandise,2024-11-25,9.965780044964209,9.564533119160934,9.975643368628127,0.41111024946719255
14,Merchandise,2024-11-26,9.832610559766271,9.414558935438357,9.842221291007576,0.4276623555692183
14,Merchandise,2024-11-27,9.852779760843898,9.784839730949544,9.862263976555244,0.07742424560569994
14,Merchandise,2024-11-28,9.835146674607682,9.758867046579947,9.845007303785327,0.0861402572053791
14,Merchandise,2024-11-29,10.26300300326535,10.29261866221465,10.271047611356465,0.029615658949300183
14,Merchandise,2024-11-30,7.420914480041624,7.579398893046763,7.429012100583627,0.15848441300513905
14,Merchandise,2024-12-01,7.022673088919997,6.79453662998283,7.033127069040271,0.23859043905744048
14,Merchandise,2024-12-02,17.916717917665864,17.261073335001164,17.928388677657715,0.6673153426565506
14,Merchandise,2024-12-03,12.072757930828132,12.053123802998686,12.085151565091202,0.032027762092516454
14,Merchandise,2024-12-04,10.121549445308833,10.044214753531136,10.134781002140796,0.0905662486096599
14,Merchandise,2024-12-05,28.31228847748345,27.556781840729748,28.32552479666324,0.7687429559334937
14,Merchandise,2024-12-06,12.168552640768432,12.127775361441142,12.180677578353713,0.05290221691257102
14,Merchandise,2024-12-07,7.013669844078621,6.7825367396982355,7.023012693254263,0.2404759535560279
14,Merchandise,2024-12-08,6.934428681849804,6.923479518038466,6.943340287896586,0.01986076985811991
14,Merchandise,2024-12-09,12.08141845836191,12.186925529394086,12.091261980684834,0.10550707103217682
14,Merchandise,2024-12-10,15.63288224190416,15.44699791344904,15.643396002022243,0.1963980885732024
14,Merchandise,2024-12-11,11.073129418843102,11.123297727769776,11.081210371167685,0.05016830892667379
14,Merchandise,2024-12-12,10.841971334889255,10.764074170886573,10.847335618424449,0.08326144753787545
14,Merchandise,2024-12-13,9.792557720637225,9.746643854850204,9.794943343589685,0.04829948873948098
14,Merchandise,2024-12-14,5.027216305073937,5.0298144690149265,5.02825900859969,0.0025981639409895507
14,Merchandise,2024-12-15,7.416331394946006,7.5433987258741135,7.41760394441722,0.1270673309281074
14,Merchandise,2024-12-16,9.678700694439144,9.654076116528438,9.68034940672677,0.026273290198330912
14,Merchandise,2024-12-17,9.68856354264777,9.610604382937247,9.690662610118064,0.08005822718081745
14,Merchandise,2024-12-18,9.719688269709808,9.581845960489932,9.72377893851177,0.14193297802183835
14,Merchandise,2024-12-19,16.111397838662903,15.384059110277153,16.115528548784155,0.731469438507002
14,Merchandise,2024-12-20,9.6385330146862,9.575864656232326,9.641219354839386,0.06535469860705945
14,Merchandise,2024-12-21,5.100220949144697,5.003096683251741,5.102493090361273,0.09939640710953235
14,Merchandise,2024-12-22,5.171797533023442,5.2341630096556315,5.17591094830256,0.0623654766321895
14,Merchandise,2024-12-23,10.00489127208144,9.94233563495295,10.00907574660324,0.06674011165029015
14,Merchandise,2024-12-24,9.749886445765267,9.859884082588895,9.754297131809178,0.1099976368236284
14,Merchandise,2024-12-25,9.722277925238444,9.586546123342629,9.727666521812578,0.1411203984699494
14,Merchandise,2024-12-26,9.675002730049918,9.52531746917392,9.68101469289053,0.15569722371660966
14,Merchandise,2024-12-27,9.65096119087832,9.506770690075648,9.657302069031832,0.15053137895618462
14,Merchandise,2024-12-28,5.112970456096197,4.8678911424309455,5.120888987294654,0.25299784486370847
14,Merchandise,2024-12-29,5.250799921726693,5.1884792650966665,5.2615187134515224,0.07303944835485598
14,Merchandise,2024-12-30,9.889533942446631,9.788566146101557,9.90249667727586,0.11393053117430263
14,Merchandise,2024-12-31,12.039457505980083,11.947433204742412,12.051756645236132,0.10432344049372055
14,Savory Bakery,2024-11-01,31.961884494762643,31.36706140299867,31.017731121576283,0.9441533731863601
14,Savory Bakery,2024-11-02,14.838454060100418,15.006525564570255,14.50461455576912,0.5019110088011356
14,Savory Bakery,2024-11-03,19.282187603256556,18.669700051332047,19.343406962178186,0.6737069108461391
14,Savory Bakery,2024-11-04,32.30140513603319,32.46052849062271,32.45783161550573,0.15912335458951787
14,Savory Bakery,2024-11-05,32.23995827713545,32.96756693032399,31.818827693825625,1.1487392364983648
14,Savory Bakery,2024-11-06,32.990663047904235,32.30495348770347,32.01844170970347,0.9722213382007681
14,Savory Bakery,2024-11-07,31.977616815233898,31.51860734863111,31.99207806417459,0.47347071554347764
14,Savory Bakery,2024-11-08,31.347004286197034,31.347156639394772,31.355305479212923,0.008301193015888941
14,Savory Bakery,2024-11-09,26.98315805443468,29.104862661503343,26.966115705173067,2.1387469563302766
14,Savory Bakery,2024-11-10,14.806609706863565,14.813510331387672,14.79678939552577,0.016720935861901154
14,Savory Bakery,2024-11-11,31.3670132055528,32.09357487013799,31.388111310192155,0.7265616645851907
14,Savory Bakery,2024-11-12,31.41607582593324,32.356776585599526,31.439960589185567,0.9407007596662851
14,Savory Bakery,2024-11-13,32.87157162555695,32.24206541523077,32.90894120992149,0.6668757946907178
14,Savory Bakery,2024-11-14,41.511782495248205,40.842206816470366,41.54363915356597,0.7014323370956035
14,Savory Bakery,2024-11-15,38.168880446589554,36.94291909280783,38.19478265915702,1.2518635663491935
14,Savory Bakery,2024-11-16,27.835238351327128,29.96367246987533,27.83632290219466,2.1284341185482027
14,Savory Bakery,2024-11-17,24.878846161031444,26.291955072230422,24.883382763014623,1.4131089111989787
14,Savory Bakery,2024-11-18,31.742944992311145,30.993085199531865,31.78194420462961,0.7888590050977449
14,Savory Bakery,2024-11-19,31.501401365243346,31.068106289454963,31.54139054671141,0.4732842572564451
14,Savory Bakery,2024-11-20,32.91727507859066,32.464450610819604,32.9616745282607,0.4972239174410973
14,Savory Bakery,2024-11-21,31.393752559496107,30.45655591944961,31.425391103967378,0.9688351845177685
14,Savory Bakery,2024-11-22,31.204251480714245,31.04141235221821,31.231341801532114,0.18992944931390454
14,Savory Bakery,2024-11-23,27.922977792276082,28.98110618018017,27.925724241985385,1.0581283879040875
14,Savory Bakery,2024-11-24,52.87711780700797,49.77361570847496,52.88226952739363,3.1086538189186683
14,Savory Bakery,2024-11-25,36.9039353451926,36.00719050371187,36.93991354584275,0.9327230421308812
14,Savory Bakery,2024-11-26,37.564632322420536,37.20243471711686,37.601966522949844,0.39953180583298575
14,Savory Bakery,2024-11-27,38.41506012157424,37.201641840138706,38.46027256933527,1.258630729196561
14,Savory Bakery,2024-11-28,37.72312100180149,36.89319412921716,37.75861233748125,0.8654182082640958
14,Savory Bakery,2024-11-29,38.60291143411956,39.14778785769003,38.62728166151595,0.5448764235704644
14,Savory Bakery,2024-11-30,27.093511934183148,28.22931859679504,27.094159427238388,1.1358066626118912
14,Savory Bakery,2024-12-01,25.848091494100586,25.105095028482243,25.856879552086856,0.7517845236046128
14,Savory Bakery,2024-12-02,64.66882117049045,61.79332041277311,64.71180474792669,2.918484335153579
14,Savory Bakery,2024-12-03,45.084337344090784,45.04242093026526,45.12726862401105,0.08484769374579315
14,Savory Bakery,2024-12-04,38.80519708329734,38.39254200770265,38.8568292586772,0.46428725097455015
14,Savory Bakery,2024-12-05,105.94348370441598,120.6799818513521,105.98431229214533,14.736498146936114
14,Savory Bakery,2024-12-06,44.61310432949299,45.1295909940471,44.64989106634289,0.5164866645541082
14,Savory Bakery,2024-12-07,25.71723372180528,25.683727034342255,25.728591829149266,0.044864794807011776
14,Savory Bakery,2024-12-08,25.49144032822747,25.97112842544094,25.501492242850404,0.4796880972134723
14,Savory Bakery,2024-12-09,44.16212355741616,44.61206316361567,44.19888539068701,0.44993960619951423
14,Savory Bakery,2024-12-10,57.31949358810493,57.20276563929474,57.3499905110067,0.14722487171196263
14,Savory Bakery,2024-12-11,42.09950724854101,41.75985738039083,42.12715520199972,0.36729782160889357
14,Savory Bakery,2024-12-12,41.03081960995967,40.96073178748254,41.04586967289748,0.08513788541494449
14,Savory Bakery,2024-12-13,36.65814226383876,36.32989060316712,36.66568431275334,0.3357937095862198
14,Savory Bakery,2024-12-14,19.448755424407196,20.011527525063155,19.42504306655732,0.5864844585058364
14,Savory Bakery,2024-12-15,26.878530029356337,28.201687290330437,26.85385348793766,1.3478338023927776
14,Savory Bakery,2024-12-16,37.113596638442615,37.16653553084693,37.12661747474768,0.052938892404313265
14,Savory Bakery,2024-12-17,37.263506053171156,36.85930182431221,37.27901973773889,0.4197179134266804
14,Savory Bakery,2024-12-18,38.18717571714603,37.638735138610954,38.207523601466576,0.5687884628556219
14,Savory Bakery,2024-12-19,63.509235897035886,64.25386357481734,63.516721912897616,0.7446276777814589
14,Savory Bakery,2024-12-20,36.84126857619129,37.366100041420204,36.84153068636077,0.5248314652289139
14,Savory Bakery,2024-12-21,19.12997033303745,19.439367897777146,19.10655764825544,0.3328102495217067
14,Savory Bakery,2024-12-22,19.662663812236914,20.503415984424205,19.643119483400305,0.8602965010238997
14,Savory Bakery,2024-12-23,36.96133661836484,37.285338615359066,36.968490586505936,0.3240019969942267
14,Savory Bakery,2024-12-24,36.956905999814154,37.0803188885471,36.963805951448954,0.12341288873294332
14,Savory Bakery,2024-12-25,37.70989714329596,37.90660102949152,37.725185035413666,0.19670388619555723
14,Savory Bakery,2024-12-26,36.96863708793405,37.35559820084069,36.97607308910786,0.3869611129066399
14,Savory Bakery,2024-12-27,35.930636414249655,35.99659261622217,35.933602222984405,0.06595620197251861
14,Savory Bakery,2024-12-28,19.11917063645704,19.24136708924025,19.101460041157644,0.13990704808260546
14,Savory Bakery,2024-12-29,19.034080584730035,19.955716460790253,19.020204310484676,0.935512150305577
14,Savory Bakery,2024-12-30,36.334115790641675,36.554083828090725,36.35306513146886,0.2199680374490498
14,Savory Bakery,2024-12-31,44.16893779573887,43.81412808470487,44.18457060242638,0.37044251772151426
14,Tea,2024-11-01,56.70088230907312,54.903878713342344,54.484952312582806,2.215929996490317
14,Tea,2024-11-02,29.405775181045833,27.875451121007327,28.61463456662697,1.530324060038506
14,Tea,2024-11-03,31.25198669723117,28.645214128322387,29.659712707195517,2.6067725689087844
14,Tea,2024-11-04,50.25460473721253,48.306118935610804,49.09074475108076,1.948485801601727
14,Tea,2024-11-05,49.65383187616641,48.7122225093682,49.80180307733754,1.0895805679693353
14,Tea,2024-11-06,49.7134989936164,49.33167565450869,48.888140018565764,0.8253589750506336
14,Tea,2024-11-07,49.46640231306016,48.48600818572157,49.42751559892267,0.9803941273385846
14,Tea,2024-11-08,49.876978098297485,48.67523528918791,49.84181847052341,1.2017428091095752
14,Tea,2024-11-09,41.64830949167828,43.88076398837886,41.63856227400044,2.2422017143784174
14,Tea,2024-11-10,24.187342460648335,24.026929049203474,24.194941725320678,0.16801267611720405
14,Tea,2024-11-11,48.510550144621035,47.90760445867,48.49125113923276,0.6029456859510347
14,Tea,2024-11-12,48.329958393511085,48.25166997552085,48.3126565491421,0.07828841799023678
14,Tea,2024-11-13,49.74883623202141,50.43348475600223,49.720096034517915,0.7133887214843142
14,Tea,2024-11-14,64.62995937790788,66.14126796908637,64.5873307721064,1.5539371969799731
14,Tea,2024-11-15,59.355661475702185,57.05053187490525,59.31365291588824,2.3051296007969313
14,Tea,2024-11-16,47.32217437171875,47.47069196897079,47.30525813140289,0.1654338375679032
14,Tea,2024-11-17,41.71997641034842,43.4564771409688,41.71629581262877,1.7401813283400287
14,Tea,2024-11-18,49.04851866917244,46.754761421241504,49.0347327505676,2.293757247930934
14,Tea,2024-11-19,48.057679855689194,46.60505667685261,48.061801355259576,1.456744678406963
14,Tea,2024-11-20,48.00283934831158,47.195430483701,48.0141618499692,0.8187313662681959
14,Tea,2024-11-21,49.46754884847185,47.87244113362784,49.46883565117017,1.596394517542329
14,Tea,2024-11-22,48.39679543575225,46.78243944479525,48.402387249721414,1.6199478049261629
14,Tea,2024-11-23,47.72226633595367,47.0954872056015,47.74480710995294,0.6493199043514366
14,Tea,2024-11-24,63.649424991188106,61.08539917092172,63.68143523542668,2.5960360645049647
14,Tea,2024-11-25,49.906310383882065,48.65832872394622,49.910838955191394,1.252510231245175
14,Tea,2024-11-26,49.14608811431408,47.78383860298516,49.153771028934585,1.3699324259494219
14,Tea,2024-11-27,49.622936633894476,48.812310264831915,49.62173126034924,0.810626369062561
14,Tea,2024-11-28,49.936114190150334,48.33637476634088,49.92611580054846,1.5997394238094529
14,Tea,2024-11-29,52.39355768430288,52.023478010228246,52.37777523390403,0.37007967407463127
14,Tea,2024-11-30,36.731895646647274,37.34213572331111,36.73019599814278,0.6119397251683267
14,Tea,2024-12-01,31.883261930441012,32.858941730242975,31.89379975116885,0.9756797998019628
14,Tea,2024-12-02,92.25043233481814,91.84791860680423,92.24572780251164,0.40251372801391483
14,Tea,2024-12-03,59.054658684773564,58.686037405116494,59.049263633248856,0.36862127965707003
14,Tea,2024-12-04,59.89031588170045,59.15725776736314,59.868336524698485,0.7330581143373109
14,Tea,2024-12-05,160.41079640309485,177.86220243477592,160.36102216703026,17.501180267745667
14,Tea,2024-12-06,71.33840174992676,71.81099511144247,71.28185971486937,0.5291353965730963
14,Tea,2024-12-07,43.27388996295371,42.78530444412459,43.22413704652192,0.4885855188291188
14,Tea,2024-12-08,43.86119701331259,43.26396896778009,43.81569558699012,0.5972280455325034
14,Tea,2024-12-09,71.45081886309062,71.59589492484301,71.3806109434027,0.21528398144030803
14,Tea,2024-12-10,88.94674411049782,88.41727172372659,88.88310974425931,0.5294723867712321
14,Tea,2024-12-11,66.5117119070949,65.98050319960419,66.439475069018,0.5312087074907197
14,Tea,2024-12-12,67.07042917170138,66.41259603885786,66.99304482672515,0.6578331328435212
14,Tea,2024-12-13,60.91699314422896,60.30375820513367,60.8473614468389,0.6132349390952925
14,Tea,2024-12-14,33.476307825909785,33.441084253488626,33.43369224877281,0.042615577136977834
14,Tea,2024-12-15,44.173950872035476,45.08875198033999,44.14971341059183,0.9390385697481634
14,Tea,2024-12-16,59.352115341160435,58.97501581018209,59.32102776325287,0.3770995309783416
14,Tea,2024-12-17,80.96326473357107,82.72411733493962,80.93770249383314,1.7864148411064775
14,Tea,2024-12-18,80.53280813059666,82.01264100070355,80.49834375973697,1.5142972409665845
14,Tea,2024-12-19,99.8307170077142,102.87563222165745,99.78406017573587,3.0915720459215805
14,Tea,2024-12-20,58.371886444243195,58.862389110323655,58.334845951085754,0.5275431592379007
14,Tea,2024-12-21,32.1857841310287,32.23679878957722,32.1781623622995,0.058636427277718894
14,Tea,2024-12-22,32.05038717743836,33.29408557149847,32.07139885999562,1.243698394060111
14,Tea,2024-12-23,58.63101906758261,58.861323516292614,58.63209215576734,0.230304448710001
14,Tea,2024-12-24,57.63060371787682,58.17805130016424,57.629791202981984,0.5482600971822578
14,Tea,2024-12-25,57.83317644062366,57.90824371755176,57.823571946043245,0.08467177150851768
14,Tea,2024-12-26,58.043271817999155,58.12062537919646,58.03912278056971,0.08150259862674858
14,Tea,2024-12-27,57.1834250724645,56.966714881402254,57.196445445990534,0.22973056458828012
14,Tea,2024-12-28,31.54039181537251,31.537790965890096,31.585476916643188,0.04768595075309179
14,Tea,2024-12-29,31.740666987275432,32.447951333926,31.803954317268754,0.7072843466505674
14,Tea,2024-12-30,57.738011921687416,58.12083774530472,57.78726915665641,0.3828258236173028
14,Tea,2024-12-31,68.2565638328942,67.34475587200725,68.30613671687115,0.9613808448638963
15,Bakery,2024-11-01,43.46718629453632,45.541550953447896,43.790001229793404,2.074364658911577
15,Bakery,2024-11-02,63.9367447256615,61.85116181971642,63.691531697476364,2.0855829059450812
15,Bakery,2024-11-03,64.76371416758445,63.745799255745695,64.0821843881852,1.0179149118387585
15,Bakery,2024-11-04,47.55109412265287,47.89034861262575,47.29115368446735,0.599194928158397
15,Bakery,2024-11-05,48.198551382195845,48.033151893894754,48.32559316879454,0.29244127489978666
15,Bakery,2024-11-06,132.18421469006944,130.6798007717082,132.40893030640964,1.7291295347014568
15,Bakery,2024-11-07,44.8802036286181,46.566970610882336,44.82315444642586,1.7438161644564758
15,Bakery,2024-11-08,36.66287771997459,36.699947103625306,36.63630457690514,0.0636425267201659
15,Bakery,2024-11-09,53.563042679263134,55.98722849228148,53.55665911859285,2.430569373688634
15,Bakery,2024-11-10,53.249978024308824,54.63928984630592,53.24307562384415,1.3962142224617722
15,Bakery,2024-11-11,37.08147181985116,37.62493941491209,37.0643653666302,0.5605740482818931
15,Bakery,2024-11-12,37.28609234802578,37.99250391885445,37.265545071368365,0.7269588474860882
15,Bakery,2024-11-13,37.36738528372189,37.790639566491265,37.36230614733467,0.4283334191565942
15,Bakery,2024-11-14,37.54523052497297,38.04504200827127,37.56231866620119,0.49981148329829495
15,Bakery,2024-11-15,47.10918006953183,46.790660498583534,47.161339558624285,0.37067906004075013
15,Bakery,2024-11-16,49.77183475831241,50.310471051279194,49.842655932447,0.5386362929667854
15,Bakery,2024-11-17,49.09712232303004,49.07907763609619,49.162714049837,0.08363641374081254
15,Bakery,2024-11-18,33.71758007812324,34.13914039908941,33.780806505867524,0.42156032096617224
15,Bakery,2024-11-19,34.148615329283395,34.64710621109497,34.224837167877794,0.49849088181157697
15,Bakery,2024-11-20,37.62521955685954,38.486468587705005,37.73357405952022,0.8612490308454639
15,Bakery,2024-11-21,37.62565269605972,37.63815050885722,37.78921846724098,0.16356577118126125
15,Bakery,2024-11-22,37.716364767656856,37.29781089843277,37.922931370597524,0.6251204721647525
15,Bakery,2024-11-23,50.592639142654505,49.902280564242425,50.80026997757343,0.897989413331004
15,Bakery,2024-11-24,49.13272525225498,48.81971938179929,49.306890767835725,0.4871713860364366
15,Bakery,2024-11-25,45.93104012447879,44.054892214179375,46.07627005917629,2.0213778449969126
15,Bakery,2024-11-26,46.01598783435614,43.413621534452346,46.13896102972365,2.7253394952713066
15,Bakery,2024-11-27,96.80488318309553,88.9828147137278,96.92344234891226,7.940627635184455
15,Bakery,2024-11-28,46.20787513326684,43.83029873876036,46.328797080247234,2.498498341486872
15,Bakery,2024-11-29,36.775996431308265,37.69640951209495,36.90117904490022,0.9204130807866875
15,Bakery,2024-11-30,61.893551521998006,60.626545409776455,62.03554637612751,1.4090009663510585
15,Bakery,2024-12-01,81.19508905316869,82.22794340690834,81.35369776791437,1.0328543537396513
15,Bakery,2024-12-02,43.15593956891242,42.91993891839371,43.31616920021576,0.39623028182204934
15,Bakery,2024-12-03,42.990154099475106,44.035796165404136,43.13661738503384,1.0456420659290302
15,Bakery,2024-12-04,53.1970552921795,53.14769621017837,53.317616264002936,0.1699200538245691
15,Bakery,2024-12-05,76.38193755624447,76.83955687280931,76.4741909340858,0.4576193165648448
15,Bakery,2024-12-06,52.3508016406752,52.95218593958545,52.42428247915582,0.6013842989102471
15,Bakery,2024-12-07,70.6447031616996,71.82179642273728,70.71637752209608,1.1770932610376832
15,Bakery,2024-12-08,68.90435181064362,69.85867620254464,68.98056144124284,0.9543243919010251
15,Bakery,2024-12-09,52.06468429660118,53.046024443018226,52.1436086801246,0.9813401464170468
15,Bakery,2024-12-10,75.66097901435086,77.38678333045456,75.70630730038792,1.725804316103705
15,Bakery,2024-12-11,51.545305999456666,52.5212196286694,51.53315294027274,0.9880666883966569
15,Bakery,2024-12-12,51.54195230961337,52.300700286993525,51.50242862007603,0.7982716669174934
15,Bakery,2024-12-13,51.35325281175368,51.974213483850356,51.30187515891389,0.6723383249364687
15,Bakery,2024-12-14,69.50209778403634,69.56066035770112,69.44166210398612,0.11899825371500583
15,Bakery,2024-12-15,76.53414489854289,76.40036168442771,76.49455437023204,0.13378321411518357
15,Bakery,2024-12-16,47.37012118616772,47.79885096668668,47.349580318707766,0.4492706479789135
15,Bakery,2024-12-17,49.221479774160244,49.0358541904569,49.19221377625794,0.1856255837033416
15,Bakery,2024-12-18,74.50628709274544,75.0535465970286,74.44496877464499,0.6085778223836087
15,Bakery,2024-12-19,48.673660413084086,49.12885844452726,48.60603414758339,0.5228242969438739
15,Bakery,2024-12-20,48.716685416291355,49.6176014906901,48.645524859891246,0.9720766307988526
15,Bakery,2024-12-21,67.55593835412385,66.87394475342974,67.48625511773831,0.6819936006941134
15,Bakery,2024-12-22,151.52080607423773,163.8506779608481,151.43541847287557,12.41525948797252
15,Bakery,2024-12-23,50.13271177961309,51.909036200135226,50.0193283459453,1.889707854189929
15,Bakery,2024-12-24,49.98654144622617,51.740463191768825,49.86324275518765,1.877220436581176
15,Bakery,2024-12-25,50.04159705332175,52.37630854006397,49.93619268899198,2.4401158510719867
15,Bakery,2024-12-26,50.15724602934293,52.233586877707076,50.079419449784474,2.1541674279226015
15,Bakery,2024-12-27,41.74592108045858,42.70326207300171,41.68071207429996,1.0225499987017486
15,Bakery,2024-12-28,58.406550634256746,58.63615413572815,58.33637419486664,0.29977994086150517
15,Bakery,2024-12-29,58.74405403717982,59.69387989693127,58.67702237734349,1.0168575195877807
15,Bakery,2024-12-30,42.579222554244126,44.51145408537431,42.5198929185556,1.9915611668187125
15,Bakery,2024-12-31,53.29320425821281,55.61136644281015,53.2440621944871,2.3673042483230518
15,Chocolate & Milk,2024-11-01,19.22765125531356,20.122129166634238,19.43247823424895,0.8944779113206778
15,Chocolate & Milk,2024-11-02,32.2063435212561,30.922074903907127,32.3464647174807,1.4243898135735726
15,Chocolate & Milk,2024-11-03,32.62450084982868,31.2702713331256,31.997729537462213,1.3542295167030787
15,Chocolate & Milk,2024-11-04,24.14255939294116,22.910705279155124,22.96166266861819,1.231854113786035
15,Chocolate & Milk,2024-11-05,24.37121761820445,23.03563959311992,23.987533963520036,1.33557802508453
15,Chocolate & Milk,2024-11-06,77.59894733475889,75.61333562320023,77.46724523238322,1.9856117115586613
15,Chocolate & Milk,2024-11-07,22.41852748265756,22.049206951538956,22.336546707412737,0.3693205311186034
15,Chocolate & Milk,2024-11-08,22.147103210014585,22.391377182136914,22.095912079039223,0.2954651030976905
15,Chocolate & Milk,2024-11-09,32.929049892773506,34.16040687400473,32.90543725915691,1.2549696148478162
15,Chocolate & Milk,2024-11-10,32.85752482737518,33.70523031290821,32.8494035449156,0.8558267679926104
15,Chocolate & Milk,2024-11-11,22.644672969835,22.94037603655795,22.64603566381492,0.2957030667229503
15,Chocolate & Milk,2024-11-12,23.144945198164542,23.31243493955031,23.15170417587413,0.16748974138576855
15,Chocolate & Milk,2024-11-13,22.906138863185515,22.99961322714346,22.922654278284593,0.09347436395794517
15,Chocolate & Milk,2024-11-14,22.794271865612544,23.401364121961524,22.838858932389886,0.6070922563489809
15,Chocolate & Milk,2024-11-15,28.567265526490925,28.763460542763248,28.638319085047993,0.19619501627232339
15,Chocolate & Milk,2024-11-16,30.748257992588464,31.1937604735582,30.83136870231592,0.4455024809697363
15,Chocolate & Milk,2024-11-17,30.102805868882207,30.1567638445636,30.190275564579697,0.08746969569748941
15,Chocolate & Milk,2024-11-18,21.336488915842036,21.47410329787776,21.438488175543046,0.13761438203572496
15,Chocolate & Milk,2024-11-19,21.364832425406654,21.19668655070039,21.485985689892505,0.2892991391921136
15,Chocolate & Milk,2024-11-20,23.33688863237503,23.512301780509635,23.48551024214987,0.17541314813460573
15,Chocolate & Milk,2024-11-21,23.04470973507756,23.300845606052317,23.218073912951628,0.2561358709747559
15,Chocolate & Milk,2024-11-22,22.99152312516242,23.29219550147413,23.179249887400648,0.3006723763117094
15,Chocolate & Milk,2024-11-23,30.76797958134861,31.170683184627173,30.967513244240028,0.4027036032785638
15,Chocolate & Milk,2024-11-24,30.766961998093674,30.785247911863436,30.971216922711143,0.2042549246174694
15,Chocolate & Milk,2024-11-25,27.623893984422235,26.398318192925164,27.818657634539047,1.4203394416138835
15,Chocolate & Milk,2024-11-26,27.816912473860942,26.59045248676761,27.99591688532241,1.4054643985547983
15,Chocolate & Milk,2024-11-27,56.41774744428938,53.051132015817366,56.58284321079088,3.5317111949735107
15,Chocolate & Milk,2024-11-28,27.494455753605067,26.284906138228262,27.65763913616002,1.3727329979317595
15,Chocolate & Milk,2024-11-29,22.518728593777745,23.391207148406444,22.68773728875113,0.8724785546286995
15,Chocolate & Milk,2024-11-30,38.329053978037166,37.720555800400355,38.50353252119672,0.7829767207963627
15,Chocolate & Milk,2024-12-01,47.779546112195625,47.67832534957749,47.942027810496846,0.26370246091935456
15,Chocolate & Milk,2024-12-02,26.402927926210396,26.564999720924433,26.549905817996894,0.16207179471403776
15,Chocolate & Milk,2024-12-03,26.735778952843102,27.251614107361995,26.866725436946698,0.5158351545188928
15,Chocolate & Milk,2024-12-04,32.416020922908956,32.64392657832826,32.526018079182194,0.22790565541930619
15,Chocolate & Milk,2024-12-05,46.510847772670296,47.36592476449439,46.60352341866239,0.8550769918240917
15,Chocolate & Milk,2024-12-06,31.27513894963821,32.40438965822558,31.353111435078635,1.1292507085873709
15,Chocolate & Milk,2024-12-07,42.63996798032022,43.53862978569432,42.69003462603195,0.8986618053740969
15,Chocolate & Milk,2024-12-08,42.37542069297884,43.13187426849243,42.39159942418971,0.7564535755135893
15,Chocolate & Milk,2024-12-09,31.79459729675576,32.53716330457978,31.763718518832658,0.7734447857471203
15,Chocolate & Milk,2024-12-10,46.61656336344788,47.52700451093515,46.54163348835907,0.9853710225760821
15,Chocolate & Milk,2024-12-11,31.54778188301441,32.65423767665796,31.461917760772263,1.1923199158856939
15,Chocolate & Milk,2024-12-12,31.333926123621048,31.885379388906742,31.269374967270025,0.6160044216367169
15,Chocolate & Milk,2024-12-13,31.185233758847147,31.832556414381312,31.138245824562915,0.6943105898183966
15,Chocolate & Milk,2024-12-14,42.16833536169489,42.09676036693672,42.13880370855457,0.07157499475817275
15,Chocolate & Milk,2024-12-15,47.2541107229566,48.16605786808787,47.236389862768746,0.9296680053191224
15,Chocolate & Milk,2024-12-16,29.175926070078024,29.941022032065522,29.142026430025563,0.7989956020399589
15,Chocolate & Milk,2024-12-17,29.33330584259215,29.630274622956026,29.27222423317065,0.35805038978537596
15,Chocolate & Milk,2024-12-18,42.43049531691007,42.891965245278215,42.36354387689705,0.5284213683811672
15,Chocolate & Milk,2024-12-19,28.964127680382234,29.43501128946403,28.913822193455587,0.5211890960084418
15,Chocolate & Milk,2024-12-20,27.805155444330822,28.408352254466838,27.76750756871999,0.640844685746849
15,Chocolate & Milk,2024-12-21,39.25215096755277,39.85294398370195,39.190751503240854,0.6621924804610941
15,Chocolate & Milk,2024-12-22,90.45467640428892,97.43149374706407,90.35002648877436,7.081467258289706
15,Chocolate & Milk,2024-12-23,28.79242232527927,30.191352100647418,28.666164602202684,1.5251874984447333
15,Chocolate & Milk,2024-12-24,29.10958600002146,30.398283491064213,28.98900037873268,1.4092831123315328
15,Chocolate & Milk,2024-12-25,28.97567262788412,29.966070110424084,28.8623507182148,1.1037193922092854
15,Chocolate & Milk,2024-12-26,28.751000974878757,29.779285468889704,28.64820379382418,1.1310816750655235
15,Chocolate & Milk,2024-12-27,25.34911074296214,25.860551392470477,25.26078707680137,0.5997643156691055
15,Chocolate & Milk,2024-12-28,36.023911762116285,36.375903588786564,35.94643048484572,0.42947310394084326
15,Chocolate & Milk,2024-12-29,35.78908009782685,36.70376147770457,35.72754946302901,0.9762120146755606
15,Chocolate & Milk,2024-12-30,26.002356322340095,27.032600777181333,25.94292986453609,1.0896709126452429
15,Chocolate & Milk,2024-12-31,32.83774170271288,34.03436008584295,32.77459284448702,1.2597672413559309
15,Coffee,2024-11-01,181.8789257096533,189.21096352166458,184.56444407854633,7.3320378120112935
15,Coffee,2024-11-02,264.67371384352685,264.615246741346,264.2972903662419,0.37642347728495906
15,Coffee,2024-11-03,262.51300741939815,265.9633986332723,261.4803802437571,4.483018389515166
15,Coffee,2024-11-04,195.2521180945572,202.29414481452577,194.73190419489887,7.562240619626891
15,Coffee,2024-11-05,197.4717272689534,200.78519983308462,198.01124273874987,3.3134725641312173
15,Coffee,2024-11-06,579.4419675436902,562.4685751528227,579.2933069402749,16.973392390867502
15,Coffee,2024-11-07,175.91958252388383,180.7526892466778,175.2263346169029,5.526354629774886
15,Coffee,2024-11-08,152.08472870467838,154.30615494994987,151.4098159395666,2.896339010383258
15,Coffee,2024-11-09,230.90281070951968,235.66955356523295,230.16866946702666,5.500884098206285
15,Coffee,2024-11-10,216.5885036812158,224.0422032873354,215.82801242869868,8.214190858636726
15,Coffee,2024-11-11,152.3944082632992,155.09893976447557,151.74354127768055,3.355398486795025
15,Coffee,2024-11-12,152.43581957332134,155.69611825681326,151.83056248688192,3.8655557699313476
15,Coffee,2024-11-13,153.59984865234634,156.1285338480722,152.9903097627173,3.1382240853549206
15,Coffee,2024-11-14,155.46798154097428,156.36506844369086,154.96317997547035,1.4018884682205055
15,Coffee,2024-11-15,194.04255923392537,191.76708867592347,193.70239896433196,2.2754705580018992
15,Coffee,2024-11-16,202.57553180603222,205.80277828764926,202.24379546132684,3.5589828263224206
15,Coffee,2024-11-17,200.533004584419,202.9102153843774,200.24060995033216,2.669605434045252
15,Coffee,2024-11-18,141.07788213979498,141.09839584460835,140.9255890695965,0.17280677501184982
15,Coffee,2024-11-19,143.15540455741422,142.7663062984522,143.17884872240865,0.41254242395643814
15,Coffee,2024-11-20,156.58813124789768,158.27159778457792,156.74441706431963,1.6834665366802426
15,Coffee,2024-11-21,156.48851672124587,156.20722284514392,156.7843089497133,0.5770861045693891
15,Coffee,2024-11-22,156.49398784970467,155.83027766245613,156.91748685585134,1.0872091933952106
15,Coffee,2024-11-23,207.39074648585924,206.79546119591137,207.86515594392623,1.0696947480148538
15,Coffee,2024-11-24,203.1141562761457,204.18803593863458,203.54239064641263,1.0738796624888778
15,Coffee,2024-11-25,190.65076621957832,184.57946839275834,191.06663576685824,6.487167374099897
15,Coffee,2024-11-26,191.32461116056535,184.60165405158415,191.69799814653354,7.096344094949387
15,Coffee,2024-11-27,383.78076646940696,359.6840468867747,384.0725119003482,24.388465013573523
15,Coffee,2024-11-28,190.62915977699595,183.1866497295884,190.88773063344408,7.701080903855683
15,Coffee,2024-11-29,154.15662466474762,156.12672704660002,154.48523543412796,1.9701023818523993
15,Coffee,2024-11-30,254.0823852011456,249.12493784617317,254.44397901540336,5.319041169230189
15,Coffee,2024-12-01,333.46978870638605,338.00638206773755,333.8239046404301,4.536593361351493
15,Coffee,2024-12-02,177.51528789191482,177.66795557894375,177.83190279719992,0.3166149052850926
15,Coffee,2024-12-03,177.00923569846145,180.3746787066076,177.16924165453722,3.365443008146144
15,Coffee,2024-12-04,174.23628299675363,173.93954923740455,174.2563936064108,0.31684436900624746
15,Coffee,2024-12-05,260.60780623755414,259.95118841345277,260.6195753211841,0.6683869077313034
15,Coffee,2024-12-06,173.54571146455885,174.67248446512866,173.48123061059758,1.1912538545310838
15,Coffee,2024-12-07,239.70455024715636,239.96115019631205,239.49125205676032,0.46989813955173076
15,Coffee,2024-12-08,236.80468623002463,237.04321252313082,236.50117406551004,0.5420384576207766
15,Coffee,2024-12-09,172.31427210348386,174.28003213540296,171.99561147389767,2.284420661505294
15,Coffee,2024-12-10,256.98150330961823,260.04225955475795,256.5373097047405,3.5049498500174536
15,Coffee,2024-12-11,170.0135744722579,174.31181415774614,169.45887180415852,4.852942353587622
15,Coffee,2024-12-12,204.2190917170224,204.25040140131154,203.6874260666054,0.5629753347061239
15,Coffee,2024-12-13,203.316708999061,202.92993989583132,202.81737601534758,0.4993329837134297
15,Coffee,2024-12-14,274.6671557690424,277.50510992723247,274.14244922383693,3.362660703395534
15,Coffee,2024-12-15,309.0177317374993,309.84320608952214,308.4587660666634,1.3844400228587688
15,Coffee,2024-12-16,200.76204241916778,203.83827481522812,200.18839594453073,3.6498788706973926
15,Coffee,2024-12-17,202.882094320066,205.4062666285164,202.34667504168817,3.059591586828219
15,Coffee,2024-12-18,300.53426885744864,299.61593274145696,300.0083355826794,0.9183361159916785
15,Coffee,2024-12-19,201.57806084095392,203.08682139783818,201.1368030443279,1.9500183535102735
15,Coffee,2024-12-20,192.93285520910916,194.83077389014437,192.47923846463777,2.351535425506597
15,Coffee,2024-12-21,264.89382609858717,268.4330188664087,264.32622161955965,4.106797246849055
15,Coffee,2024-12-22,585.035655454329,624.9041041801254,584.3461676379648,40.55793654216063
15,Coffee,2024-12-23,198.75654239012215,209.30612192389816,198.0768256686121,11.229296255286073
15,Coffee,2024-12-24,199.26121248459367,208.9651596816226,198.59286489644987,10.372294785172727
15,Coffee,2024-12-25,198.34854476471418,209.1891924047461,197.70187674278873,11.487315661957382
15,Coffee,2024-12-26,198.81369891252336,207.93473237707076,198.26837561421286,9.666356762857902
15,Coffee,2024-12-27,172.1758018523575,175.095083535821,171.64295236091044,3.452131174910562
15,Coffee,2024-12-28,238.9057619319007,242.35502528511253,238.3375088372418,4.017516447870719
15,Coffee,2024-12-29,240.10893143415296,246.85574979916038,239.57160038470226,7.284149414458113
15,Coffee,2024-12-30,174.35989078423717,181.07506486115852,173.80235629789217,7.272708563266349
15,Coffee,2024-12-31,216.00059525207718,224.0821016869919,215.43113129073691,8.65097039625499
15,Juice & Smoothie,2024-11-01,16.145791352500332,17.79269599876966,16.464967149900012,1.646904646269327
15,Juice & Smoothie,2024-11-02,25.471044024825993,25.012103479961862,25.79228459511228,0.7801811151504197
15,Juice & Smoothie,2024-11-03,25.87559791781821,25.69786701131946,26.139924950169643,0.4420579388501835
15,Juice & Smoothie,2024-11-04,18.587673997306187,19.671717498254615,18.489561582787402,1.182155915467213
15,Juice & Smoothie,2024-11-05,18.911292312915247,19.571219515283545,19.15627179174124,0.6599272023682978
15,Juice & Smoothie,2024-11-06,54.36350173119473,53.2475094636103,54.463643476639575,1.2161340130292757
15,Juice & Smoothie,2024-11-07,17.37799128963822,18.82191852340506,17.360563877256972,1.461354646148088
15,Juice & Smoothie,2024-11-08,14.028977754450219,14.807499664949527,14.009877282883513,0.7976223820660131
15,Juice & Smoothie,2024-11-09,21.006824649595515,22.007178353472714,20.988591621403472,1.0185867320692417
15,Juice & Smoothie,2024-11-10,20.99597862913932,21.65602550858214,20.9841037565607,0.67192175202144
15,Juice & Smoothie,2024-11-11,14.256950039061671,14.812518153398631,14.253880685279256,0.5586374681193753
15,Juice & Smoothie,2024-11-12,14.296967505456486,14.88779279242888,14.304205576099086,0.5908252869723949
15,Juice & Smoothie,2024-11-13,14.305073432621217,15.131377674402973,14.333314830884273,0.8263042417817559
15,Juice & Smoothie,2024-11-14,14.383971755809979,14.977407382758054,14.434192454997861,0.5934356269480752
15,Juice & Smoothie,2024-11-15,18.21755882896057,18.339638231485193,18.272606456477234,0.1220794025246228
15,Juice & Smoothie,2024-11-16,19.51652404874206,19.337202189112038,19.570431315933668,0.23322912682163022
15,Juice & Smoothie,2024-11-17,19.485786470978034,18.947812509958744,19.544871862982482,0.597059353023738
15,Juice & Smoothie,2024-11-18,13.166506467969711,13.02563270464925,13.239618225633766,0.21398552098451518
15,Juice & Smoothie,2024-11-19,13.178530666102741,13.448043288071888,13.258989820402165,0.26951262196914705
15,Juice & Smoothie,2024-11-20,14.459354579516276,14.622200577834308,14.549801140892955,0.1628459983180317
15,Juice & Smoothie,2024-11-21,14.368480083242904,14.590639162731534,14.469658901361157,0.22215907948863034
15,Juice & Smoothie,2024-11-22,14.285020909923777,14.592945803656466,14.385308933484446,0.3079248937326895
15,Juice & Smoothie,2024-11-23,19.58613632393493,19.47572757854223,19.67543814663975,0.19971056809751886
15,Juice & Smoothie,2024-11-24,19.448098859873692,19.268137467209357,19.52995815640817,0.26182068919881374
15,Juice & Smoothie,2024-11-25,17.71497147890544,17.172111122002335,17.79483026898487,0.6227191469825364
15,Juice & Smoothie,2024-11-26,17.659974877451678,16.621364006018585,17.734272371034873,1.1129083650162883
15,Juice & Smoothie,2024-11-27,37.68785852059663,35.32852928854881,37.757214718125596,2.428685429576788
15,Juice & Smoothie,2024-11-28,17.536774484391934,16.6706769829322,17.6036474295621,0.9329704466298985
15,Juice & Smoothie,2024-11-29,13.567461383622867,13.776577942826954,13.622717977691245,0.20911655920408734
15,Juice & Smoothie,2024-11-30,24.331423990457854,23.896596808346438,24.372461571607516,0.47586476326107885
15,Juice & Smoothie,2024-12-01,30.527186013334365,29.667398532097476,30.554231990244446,0.8868334581469703
15,Juice & Smoothie,2024-12-02,15.916600212406351,16.29413250300276,15.930322349302106,0.3775322905964096
15,Juice & Smoothie,2024-12-03,16.05094136463518,16.461801251156114,16.054050521570304,0.4108598865209352
15,Juice & Smoothie,2024-12-04,15.782673620322921,15.807525053591226,15.778732444819045,0.028792608772180373
15,Juice & Smoothie,2024-12-05,24.297404368564745,24.171717211592583,24.287178673279954,0.12568715697216248
15,Juice & Smoothie,2024-12-06,15.590152628417172,16.085484347801444,15.57201380101987,0.5134705467815746
15,Juice & Smoothie,2024-12-07,22.763696909754355,22.55085159934529,22.737470347081334,0.2128453104090653
15,Juice & Smoothie,2024-12-08,22.522420165266425,22.03513403787086,22.49299289840705,0.48728612739556354
15,Juice & Smoothie,2024-12-09,15.826739632663692,16.122302596680818,15.787727103246585,0.3345754934342331
15,Juice & Smoothie,2024-12-10,24.60684402072448,24.565882607466936,24.55642987821444,0.050414142510039284
15,Juice & Smoothie,2024-12-11,15.508682338821865,15.539902047228939,15.448406301842777,0.09149574538616179
15,Juice & Smoothie,2024-12-12,18.67853914517173,19.10915524370515,18.614858446017962,0.4942967976871877
15,Juice & Smoothie,2024-12-13,18.49007596855439,18.92270312933357,18.41278849530913,0.5099146340244403
15,Juice & Smoothie,2024-12-14,26.44474937663582,26.62977774444633,26.36267846000611,0.2670992844402207
15,Juice & Smoothie,2024-12-15,30.192661391634417,30.45618486353417,30.12235840977972,0.3338264537544475
15,Juice & Smoothie,2024-12-16,18.299248051773155,18.729040135850212,18.2346220277426,0.4944181081076131
15,Juice & Smoothie,2024-12-17,18.547362505220278,18.53500655069069,18.4834253410859,0.06393716413437645
15,Juice & Smoothie,2024-12-18,28.595731737357582,28.03104696663605,28.53771466197179,0.5646847707215308
15,Juice & Smoothie,2024-12-19,18.31279670843754,18.79406740685667,18.26466481236513,0.5294025944915397
15,Juice & Smoothie,2024-12-20,17.80290679871487,18.01172251967553,17.750174421083287,0.26154809859224315
15,Juice & Smoothie,2024-12-21,25.646956597336107,25.474273990806626,25.588071813221305,0.17268260652948086
15,Juice & Smoothie,2024-12-22,59.267326647666735,62.62972494959092,59.21357859308596,3.41614635650496
15,Juice & Smoothie,2024-12-23,18.377518345445523,19.377873466369962,18.330492977018373,1.047380489351589
15,Juice & Smoothie,2024-12-24,18.552353749042904,19.331672353979368,18.51401827125334,0.8176540827260261
15,Juice & Smoothie,2024-12-25,18.39819256423987,19.130701769639586,18.365681813478872,0.7650199561607138
15,Juice & Smoothie,2024-12-26,18.460303151476744,19.226918558586625,18.429187036848013,0.7977315217386121
15,Juice & Smoothie,2024-12-27,15.93812872552893,16.23693528408031,15.90579105214362,0.3311442319366904
15,Juice & Smoothie,2024-12-28,23.28140050202306,23.153924695549524,23.248366804174076,0.1274758064735373
15,Juice & Smoothie,2024-12-29,23.217988483033057,23.385690351744408,23.193761100043336,0.19192925170107245
15,Juice & Smoothie,2024-12-30,16.487896428959445,16.950204205096377,16.471158539860255,0.47904566523612147
15,Juice & Smoothie,2024-12-31,20.872055240910633,21.489739152367136,20.86314464179128,0.6265945105758561
15,Merchandise,2024-11-01,8.389035150319017,9.280910903367047,8.323456969060919,0.9574539343061286
15,Merchandise,2024-11-02,13.563512830857755,13.428057481613157,13.487732678172836,0.135455349244598
15,Merchandise,2024-11-03,13.454026299967103,13.047522466193357,13.359735518122438,0.4065038337737459
15,Merchandise,2024-11-04,9.738089473859905,9.889419665894465,9.708758066771669,0.18066159912279645
15,Merchandise,2024-11-05,10.003054504311521,10.017306344561643,9.86912453739447,0.14818180716717322
15,Merchandise,2024-11-06,25.971246759645368,26.96384870799379,25.97472573566642,0.9926019483484225
15,Merchandise,2024-11-07,9.154600209542995,9.632318810903431,9.163998316597525,0.4777186013604364
15,Merchandise,2024-11-08,7.262639981337055,7.232940789499143,7.275607510958432,0.04266672145928929
15,Merchandise,2024-11-09,11.289491206750755,11.49308843823888,11.3058190184803,0.20359723148812492
15,Merchandise,2024-11-10,11.101365315423458,11.285305926595166,11.116231719471731,0.18394061117170857
15,Merchandise,2024-11-11,7.325482638762688,7.445692095945294,7.3380710803065465,0.12020945718260556
15,Merchandise,2024-11-12,7.357960691705607,7.446872197477859,7.371651459864793,0.08891150577225204
15,Merchandise,2024-11-13,7.403834834802428,7.498881287648968,7.422920180089949,0.09504645284653979
15,Merchandise,2024-11-14,7.456819354639558,7.409918641150841,7.48300196332403,0.07308332217318902
15,Merchandise,2024-11-15,9.562978367839307,9.425579800288567,9.592551698404224,0.16697189811565671
15,Merchandise,2024-11-16,10.238547739456548,10.027044860429957,10.266119379711396,0.23907451928143963
15,Merchandise,2024-11-17,10.197400106192788,9.927131634233634,10.22192672407782,0.294795089844186
15,Merchandise,2024-11-18,6.57924490367455,6.414206173492239,6.600843816423682,0.18663764293144247
15,Merchandise,2024-11-19,6.580500982585528,6.371299700287758,6.602651133295353,0.2313514330075952
15,Merchandise,2024-11-20,7.36282151255352,7.298442492784593,7.388740148130055,0.09029765534546197
15,Merchandise,2024-11-21,7.267725366359717,7.209133328934738,7.299873199920565,0.09073987098582759
15,Merchandise,2024-11-22,7.274839776946988,7.217777099698931,7.309805911630815,0.09202881193188439
15,Merchandise,2024-11-23,10.333555341840153,10.100803471061454,10.36633362022468,0.2655301491632258
15,Merchandise,2024-11-24,10.225250578102964,10.024607622351471,10.252839313901282,0.22823169154981038
15,Merchandise,2024-11-25,9.152798750664125,8.470502881079783,9.17513907996345,0.7046361988836676
15,Merchandise,2024-11-26,9.131110098556329,8.504807931313383,9.148922385752883,0.6441144544394994
15,Merchandise,2024-11-27,18.005382809548884,16.643482005341667,18.02189426772796,1.3784122623862913
15,Merchandise,2024-11-28,9.061748023057213,8.227490526943127,9.082036999119417,0.8545464721762901
15,Merchandise,2024-11-29,7.087046877103997,7.340513698030213,7.111464240282167,0.2534668209262154
15,Merchandise,2024-11-30,13.098270568508148,12.89509686647046,13.121757605648106,0.22666073917764606
15,Merchandise,2024-12-01,16.23318927168333,16.349299621036934,16.252615781310013,0.11611034935360465
15,Merchandise,2024-12-02,8.50982109447775,8.710991459709657,8.523414813700196,0.20117036523190635
15,Merchandise,2024-12-03,8.687588981149077,8.891205046124433,8.699201782266568,0.2036160649753569
15,Merchandise,2024-12-04,8.454857469881878,8.659040595576187,8.466257808480933,0.20418312569430874
15,Merchandise,2024-12-05,13.398405311649274,13.091906798140256,13.40965134243891,0.3177445442986535
15,Merchandise,2024-12-06,8.40340796404763,8.511753275365919,8.414334181264186,0.1083453113182884
15,Merchandise,2024-12-07,12.398004886841026,12.457561579042933,12.410723821878285,0.05955669220190707
15,Merchandise,2024-12-08,12.450395583361669,12.532083476616943,12.46407022646675,0.0816878932552747
15,Merchandise,2024-12-09,8.60361777576131,8.799164619157766,8.613266381052176,0.1955468433964569
15,Merchandise,2024-12-10,13.613486704118792,13.41012289880214,13.616964042175276,0.2068411433731363
15,Merchandise,2024-12-11,8.651909131320092,8.798952816286032,8.652414233709319,0.14704368496594
15,Merchandise,2024-12-12,10.367516567262545,10.40971782570253,10.366996347635094,0.04272147806743476
15,Merchandise,2024-12-13,10.2134389618173,10.416856037188555,10.21196258620386,0.20489345098469514
15,Merchandise,2024-12-14,14.57155971237762,14.701184907473944,14.568905050692592,0.13227985678135212
15,Merchandise,2024-12-15,16.93739204153689,17.16839025409302,16.935870911433,0.2325193426600194
15,Merchandise,2024-12-16,10.048358061097277,10.071320853774559,10.04536813266232,0.025952721112238564
15,Merchandise,2024-12-17,10.522344506366528,10.566086231017506,10.516715182790822,0.04937104822668381
15,Merchandise,2024-12-18,14.983985336721474,14.968388303497921,14.976473151793435,0.015597033223553325
15,Merchandise,2024-12-19,10.081323208375236,10.156787527136103,10.07442644434894,0.08236108278716259
15,Merchandise,2024-12-20,9.990176048402585,10.118373574516994,9.984273625386235,0.13409994913075884
15,Merchandise,2024-12-21,14.39827210127066,14.506844207205313,14.39302608366857,0.1138181235367437
15,Merchandise,2024-12-22,31.485015357569033,34.48042047410932,31.479510144652814,3.0009103294565094
15,Merchandise,2024-12-23,10.387626148488192,10.915836190727752,10.380646407620981,0.5351897831067713
15,Merchandise,2024-12-24,10.372321977701903,10.672988158768131,10.363845686240364,0.3091424725277676
15,Merchandise,2024-12-25,10.383585493696494,10.826719290758266,10.376461000607481,0.450258290150785
15,Merchandise,2024-12-26,10.28886344072486,10.711993370476701,10.283944272743764,0.42804909773293787
15,Merchandise,2024-12-27,8.470745618764486,8.598446331011857,8.470133613238787,0.12831271777307052
15,Merchandise,2024-12-28,12.416599729351322,12.565348466751441,12.418050386996526,0.14874873740011907
15,Merchandise,2024-12-29,12.517912003511423,12.675111177127478,12.521295726670466,0.15719917361605518
15,Merchandise,2024-12-30,8.776872716736417,9.09792709358285,8.780590661502993,0.32105437684643334
15,Merchandise,2024-12-31,11.30960779595743,11.756975500671569,11.31732490344805,0.44736770471413934
15,Savory Bakery,2024-11-01,35.761594029813864,37.11245783875795,34.62183604758939,2.4906217911685573
15,Savory Bakery,2024-11-02,51.31555715625966,50.9420533036719,50.32176243006178,0.9937947261978763
15,Savory Bakery,2024-11-03,51.07747386575675,51.342442344645846,49.63141317747926,1.7110291671665863
15,Savory Bakery,2024-11-04,37.78629040899383,38.8396387835479,36.79804963330822,2.0415891502396804
15,Savory Bakery,2024-11-05,38.948666518266066,39.872467943656126,37.98031388702948,1.8921540566266444
15,Savory Bakery,2024-11-06,101.7671914215829,104.58930324269379,100.77155397570958,3.817749266984208
15,Savory Bakery,2024-11-07,35.98822001746505,39.85703858478973,35.93398160660706,3.9230569781826645
15,Savory Bakery,2024-11-08,28.608724592736948,31.040007795102134,28.554644662265563,2.4853631328365715
15,Savory Bakery,2024-11-09,41.276209404309334,45.367437655493056,41.215577480375956,4.1518601751171005
15,Savory Bakery,2024-11-10,40.80908664543995,45.95861561238666,40.732227457543516,5.226388154843143
15,Savory Bakery,2024-11-11,28.18307015431518,31.830938559005805,28.089310068886665,3.7416284901191403
15,Savory Bakery,2024-11-12,29.045406603121975,30.76665569015758,28.953160967544108,1.8134947226134734
15,Savory Bakery,2024-11-13,29.60823090415168,30.583231849533792,29.53380420020929,1.0494276493245032
15,Savory Bakery,2024-11-14,29.792022840960247,30.8146193587435,29.73060844309949,1.0840109156440079
15,Savory Bakery,2024-11-15,36.34338631143739,37.259538765661546,36.291864742226345,0.967674023435201
15,Savory Bakery,2024-11-16,38.2510178089411,39.52696812800167,38.1959521868463,1.3310159411553713
15,Savory Bakery,2024-11-17,38.243636950581084,39.26196217602917,38.17564457484846,1.0863176011807099
15,Savory Bakery,2024-11-18,27.065237238266654,27.328184722832674,26.996215781848846,0.33196894098382757
15,Savory Bakery,2024-11-19,27.49073572013743,27.22770310346839,27.437374037976568,0.2630326166690402
15,Savory Bakery,2024-11-20,30.477026252300462,31.12464893195837,30.454241847020633,0.6704070849377359
15,Savory Bakery,2024-11-21,30.547494604413927,30.74117201099299,30.541338750634452,0.1998332603585382
15,Savory Bakery,2024-11-22,30.415005253618126,29.56070337208368,30.428824056949463,0.868120684865783
15,Savory Bakery,2024-11-23,40.16052381826153,38.6558590690277,40.17684153738723,1.5209824683595343
15,Savory Bakery,2024-11-24,39.79953501960332,39.30309811148737,39.8186257165067,0.5155276050193294
15,Savory Bakery,2024-11-25,38.35417017391688,35.47140373016376,38.37965156483233,2.908247834668572
15,Savory Bakery,2024-11-26,39.35188965406415,35.52096830069768,39.389421927896095,3.868453627198413
15,Savory Bakery,2024-11-27,78.40824464972602,70.13719993316494,78.45795821879567,8.320758285630731
15,Savory Bakery,2024-11-28,40.09054805099246,37.14798997288918,40.151477569959624,3.003487597070446
15,Savory Bakery,2024-11-29,31.863212862102475,31.164835014951546,31.93341244185829,0.7685774269067451
15,Savory Bakery,2024-11-30,51.75571244997877,50.25818401099788,51.81650714417776,1.5583231331798828
15,Savory Bakery,2024-12-01,68.45934472457728,68.41748586528009,68.50030007670551,0.08281421142542911
15,Savory Bakery,2024-12-02,37.78438060013678,37.53886660426618,37.821110789165985,0.2822441848998025
15,Savory Bakery,2024-12-03,39.00730230219472,38.91394901323759,39.05252498080404,0.13857596756644597
15,Savory Bakery,2024-12-04,47.47974266048574,46.53635928966818,47.54529397250635,1.0089346828381736
15,Savory Bakery,2024-12-05,66.05363371917468,65.73719158943919,66.11472944031063,0.377537850871434
15,Savory Bakery,2024-12-06,46.84004987379117,46.62819300923663,46.90014151810804,0.27194850887141087
15,Savory Bakery,2024-12-07,60.79119691550014,61.02363201008929,60.83946712414236,0.23243509458914957
15,Savory Bakery,2024-12-08,59.86849761410612,59.75788681200098,59.90032802592347,0.14244121392248843
15,Savory Bakery,2024-12-09,46.107893108759896,45.480866187606175,46.122676767159575,0.6418105795534004
15,Savory Bakery,2024-12-10,65.49913831810808,65.47858580963597,65.50209367702674,0.02350786739076227
15,Savory Bakery,2024-12-11,46.10798033901128,46.31994642545795,46.1037188957928,0.21622752966514724
15,Savory Bakery,2024-12-12,45.91957257501868,45.869694030896234,45.9070990777379,0.04987854412244275
15,Savory Bakery,2024-12-13,44.28076512641281,43.98459595765529,44.262945704505455,0.2961691687575225
15,Savory Bakery,2024-12-14,57.45906054678267,56.17791170718799,57.425778930187754,1.2811488395946853
15,Savory Bakery,2024-12-15,62.74031195440803,63.03383846203993,62.679294676773566,0.3545437852663653
15,Savory Bakery,2024-12-16,39.8837451318189,39.505092131960126,39.806789360361265,0.37865299985877243
15,Savory Bakery,2024-12-17,40.21912882525855,39.74994523480768,40.13673446778819,0.4691835904508679
15,Savory Bakery,2024-12-18,59.678908243349774,58.381422728677094,59.620740425906966,1.2974855146726796
15,Savory Bakery,2024-12-19,39.384627891764154,38.87611033758034,39.3396795202741,0.5085175541838112
15,Savory Bakery,2024-12-20,37.28455168049068,37.391279248976474,37.24557445284768,0.14570479612879694
15,Savory Bakery,2024-12-21,50.98364208493304,50.807287353680785,50.93081332831042,0.17635473125225332
15,Savory Bakery,2024-12-22,123.50879497355348,125.0441835949502,123.44249452609361,1.6016890688565866
15,Savory Bakery,2024-12-23,38.277348083190525,39.359625052995696,38.20666316491123,1.1529618880844694
15,Savory Bakery,2024-12-24,38.92649168539593,39.41015399131526,38.85660232517492,0.5535516661403435
15,Savory Bakery,2024-12-25,39.04075779151325,39.89262265538231,38.9803732097455,0.9122494456368102
15,Savory Bakery,2024-12-26,38.86612407880306,39.92441319757884,38.81065882383856,1.113754373740285
15,Savory Bakery,2024-12-27,33.508288875212784,34.10489896075699,33.461378190505755,0.6435207702512358
15,Savory Bakery,2024-12-28,46.31269306637546,46.43476935043162,46.26930155325406,0.16546779717756266
15,Savory Bakery,2024-12-29,46.41431916100845,47.006403009392976,46.3536798829968,0.6527231263961752
15,Savory Bakery,2024-12-30,34.09300715828208,35.46115149817825,34.02216777371723,1.4389837244610248
15,Savory Bakery,2024-12-31,43.14372915583321,44.94008528040832,43.07852029872379,1.8615649816845306
15,Tea,2024-11-01,57.1095864769092,61.372725474330565,58.028589354979644,4.263138997421365
15,Tea,2024-11-02,86.7702663640217,86.7718433323741,87.94986736871134,1.1796010046896441
15,Tea,2024-11-03,87.01206389194134,86.81532270660344,87.72668432388633,0.9113616172828927
15,Tea,2024-11-04,62.65583697448733,65.21078454438154,62.8731927634337,2.5549475698942103
15,Tea,2024-11-05,63.55587148002306,65.25773505429896,63.86631188994118,1.7018635742759045
15,Tea,2024-11-06,196.80438216794994,195.04513282269232,197.22519359473705,2.180060772044726
15,Tea,2024-11-07,59.69989036226097,64.43967450211312,59.64918252058622,4.790491981526898
15,Tea,2024-11-08,47.857593367648114,48.93628927967735,47.805395194604344,1.1308940850730025
15,Tea,2024-11-09,75.19510044763817,77.14240227668134,75.12276157072219,2.019640705959148
15,Tea,2024-11-10,70.48107065848409,72.52454124331891,70.42816158266317,2.0963796606557423
15,Tea,2024-11-11,48.83672754464074,50.62537124211406,48.802374670878244,1.8229965712358194
15,Tea,2024-11-12,48.44068910201731,50.51622479071623,48.38796542425949,2.1282593664567386
15,Tea,2024-11-13,48.81540048452854,50.548927962768026,48.73358738822407,1.8153405745439528
15,Tea,2024-11-14,50.307316495427806,51.603061563302006,50.21657150059973,1.3864900627022791
15,Tea,2024-11-15,63.48205693879632,63.715891214509156,63.42702435097643,0.28886686353272495
15,Tea,2024-11-16,68.30543101897926,69.70116527625592,68.29390102514942,1.407264251106497
15,Tea,2024-11-17,68.29868389769206,68.95726420265196,68.31076504086596,0.6585803049598979
15,Tea,2024-11-18,46.86916462932026,48.555985372897744,46.9150222726863,1.686820743577485
15,Tea,2024-11-19,46.88075613678073,47.81891450966936,46.9860084249465,0.9381583728886298
15,Tea,2024-11-20,52.09066915704595,53.52670983481825,52.28172165088256,1.4360406777722972
15,Tea,2024-11-21,52.63718110970183,53.340793467280854,52.92789536235436,0.7036123575790256
15,Tea,2024-11-22,53.48837550237535,52.88074696574494,53.8651884473763,0.9844414816313574
15,Tea,2024-11-23,71.93271669318577,71.67077458859976,72.34601227745426,0.6752376888545086
15,Tea,2024-11-24,70.05779158986745,70.33825762696236,70.48530102564132,0.4275094357738709
15,Tea,2024-11-25,49.13171838575244,48.83323024165865,49.56686151320436,0.7336312715457112
15,Tea,2024-11-26,48.49039055464089,47.79862808706121,48.897760127350104,1.099132040288893
15,Tea,2024-11-27,100.3170117664438,97.50943125356571,100.71932472259263,3.209893469026923
15,Tea,2024-11-28,48.596120314069736,47.6264575880626,49.02883350772393,1.4023759196613312
15,Tea,2024-11-29,51.74297622271253,53.5741790033882,52.17516643407531,1.8312027806756745
15,Tea,2024-11-30,87.03855973039803,85.17740430417747,87.45152739972497,2.2741230955474947
15,Tea,2024-12-01,114.07693152342755,114.82864678257813,114.45948213909827,0.7517152591505862
15,Tea,2024-12-02,58.853514828447516,60.615360447725756,59.16378079928876,1.7618456192782403
15,Tea,2024-12-03,58.80220998488396,60.713129823950446,59.017909070212845,1.9109198390664872
15,Tea,2024-12-04,57.34575592373698,58.40761033444858,57.507161123222495,1.0618544107115966
15,Tea,2024-12-05,86.33678663566462,88.17569498044921,86.4614531699859,1.8389083447845849
15,Tea,2024-12-06,57.17083615439996,58.92986814229914,57.244985710358634,1.759031987899185
15,Tea,2024-12-07,81.32597717439064,81.98958820857143,81.34555705963201,0.6636110341807893
15,Tea,2024-12-08,92.98541424520143,93.33605647366382,92.9379035742069,0.39815289945691745
15,Tea,2024-12-09,58.39607066297334,59.4684595047068,58.275737650725915,1.1927218539808848
15,Tea,2024-12-10,86.65137073430769,88.97888567108444,86.448149232909,2.5307364381754383
15,Tea,2024-12-11,57.335260894966886,59.608014773039145,57.052405250010004,2.5556095230291405
15,Tea,2024-12-12,67.96004897996106,69.1367734931362,67.64273304807813,1.4940404450580758
15,Tea,2024-12-13,67.05871442063687,68.76582859867236,66.7292288505862,2.036599748086161
15,Tea,2024-12-14,93.39438687982528,93.6450100106709,93.05970343754709,0.5853065731238161
15,Tea,2024-12-15,106.07892433963124,106.55385240650831,105.76265962737828,0.7911927791300286
15,Tea,2024-12-16,66.35740468864846,68.02186253158749,66.06017911728614,1.9616834143013477
15,Tea,2024-12-17,66.1631990708299,66.65238154937815,65.87942925787249,0.7729522915056606
15,Tea,2024-12-18,99.73401804801267,99.90080700571156,99.48726794014055,0.4135390655710012
15,Tea,2024-12-19,64.89345239117262,65.66728376229291,64.71540887163303,0.9518748906598802
15,Tea,2024-12-20,62.26150488639264,63.048868500703236,62.10719820458439,0.9416702961188435
15,Tea,2024-12-21,87.31489724465453,88.43885082495515,87.16029459859132,1.2785562263638326
15,Tea,2024-12-22,197.27927201140983,212.78941633247234,197.12010378039105,15.669312552081294
15,Tea,2024-12-23,62.09482556575468,65.89676973226693,61.922922673899606,3.973847058367326
15,Tea,2024-12-24,62.22807365655693,65.68042488034388,62.068308662384865,3.612116217959013
15,Tea,2024-12-25,62.11277323945593,65.2918523947875,61.983245786529764,3.3086066082577332
15,Tea,2024-12-26,61.94890567864843,65.45908851302492,61.82352235589719,3.635566157127734
15,Tea,2024-12-27,53.85037813436516,55.695136871939745,53.70823793769637,1.9868989342433778
15,Tea,2024-12-28,77.8050552767357,78.9990916916181,77.68175757709353,1.31733411452457
15,Tea,2024-12-29,78.5149247577738,80.46126057395608,78.40718199766724,2.0540785762888447
15,Tea,2024-12-30,55.187132465449025,58.77558894554903,55.050808975359004,3.7247799701900277
15,Tea,2024-12-31,69.7755412410924,73.3414056039713,69.60538281468604,3.7360227892852578
16,Bakery,2024-11-01,36.104739251265975,35.629166524031504,36.23456287405671,0.6053963500252024
16,Bakery,2024-11-02,39.2515443546136,40.34870822611243,39.56964577857969,1.0971638714988288
16,Bakery,2024-11-03,39.026171637547506,39.38884393984284,38.7786812324309,0.6101627074119449
16,Bakery,2024-11-04,51.12880875261261,50.36265511861724,50.77304637991165,0.7661536339953727
16,Bakery,2024-11-05,50.88181860392858,49.99489039093433,51.05444922823529,1.059558837300962
16,Bakery,2024-11-06,51.60496436088934,50.95820347062695,51.427915382382,0.6467608902623923
16,Bakery,2024-11-07,36.86239543257074,35.92308150225655,36.85773080120481,0.9393139303141922
16,Bakery,2024-11-08,36.69227800178319,36.250550096755305,36.69449123649703,0.44394113974172456
16,Bakery,2024-11-09,30.036854657462,28.811915514805538,30.055358586579857,1.243443071774319
16,Bakery,2024-11-10,29.883985138592056,28.89480799634961,29.91767836760653,1.0228703712569214
16,Bakery,2024-11-11,39.696146662892225,38.61412110228514,39.71717594421142,1.10305484192628
16,Bakery,2024-11-12,39.21679717628312,37.179592943532555,39.20614339891224,2.037204232750568
16,Bakery,2024-11-13,40.2694532587715,39.20824657208702,40.25044166868001,1.0612066866844785
16,Bakery,2024-11-14,39.84483974721121,38.52620323405883,39.84006104881169,1.3186365131523772
16,Bakery,2024-11-15,44.04721157278562,42.947270453674165,44.058462844141935,1.111192390467771
16,Bakery,2024-11-16,27.211730066220255,26.726324512020952,27.237924536803657,0.5116000247827053
16,Bakery,2024-11-17,27.280333107030167,26.84918418780189,27.31582592107626,0.466641733274372
16,Bakery,2024-11-18,56.069158121033624,55.92856895103159,56.098670145634,0.17010119460240958
16,Bakery,2024-11-19,36.176567827506005,35.01496073824559,36.1907522511544,1.175791512908809
16,Bakery,2024-11-20,36.98826969356489,35.622634140899194,36.991238361233734,1.3686042203345394
16,Bakery,2024-11-21,36.868253836678655,36.41449196376193,36.86671790109095,0.4537618729167221
16,Bakery,2024-11-22,36.96091926763519,36.49592568797105,36.968912107631134,0.4729864196600815
16,Bakery,2024-11-23,26.94810784746528,26.462497642346925,26.974737276956954,0.5122396346100295
16,Bakery,2024-11-24,26.981035407441546,26.675474332895668,27.00926261105928,0.33378827816361323
16,Bakery,2024-11-25,36.58495156171238,36.11208605697064,36.60045924651591,0.4883731895452712
16,Bakery,2024-11-26,36.5287514266712,35.425875437070246,36.525758524980574,1.1028759896009532
16,Bakery,2024-11-27,48.605799436671674,48.647978633345176,48.591572394571166,0.05640623877400941
16,Bakery,2024-11-28,38.39630543875824,38.50205840505188,38.377567734895734,0.12449067015614901
16,Bakery,2024-11-29,39.81469980280706,40.12202615757421,39.805110651082934,0.3169155064912772
16,Bakery,2024-11-30,36.604475344201525,37.35083119087025,36.609426605549274,0.7463558466687275
16,Bakery,2024-12-01,34.639286958625284,35.49047121731141,34.6438159525891,0.8511842586861249
16,Bakery,2024-12-02,44.94147242946766,44.76108404513192,44.923469893904006,0.18038838433573545
16,Bakery,2024-12-03,44.664927208864825,44.67176497103415,44.62275332570898,0.04901164532517299
16,Bakery,2024-12-04,45.453811578022496,45.09173573229512,45.41590288270106,0.36207584572737517
16,Bakery,2024-12-05,58.82566964084725,57.460095233494485,58.79880497421307,1.3655744073527671
16,Bakery,2024-12-06,43.6974809700089,42.9641100102089,43.673842770896,0.7333709597999984
16,Bakery,2024-12-07,33.256342513774165,33.711699360033165,33.246771537566374,0.464927822466791
16,Bakery,2024-12-08,33.51826341202012,33.80489455863965,33.523272124712626,0.28663114661953415
16,Bakery,2024-12-09,43.4429781640631,43.23970140577525,43.43974751826218,0.2032767582878492
16,Bakery,2024-12-10,58.51630151463697,57.27575477915212,58.49191874609608,1.2405467354848483
16,Bakery,2024-12-11,44.499052791339345,44.070196678255215,44.46322738623564,0.4288561130841302
16,Bakery,2024-12-12,44.34452726539543,43.877871068204996,44.30363945670611,0.4666561971904315
16,Bakery,2024-12-13,43.16484345842335,42.410565679946146,43.130161230623216,0.7542777784772028
16,Bakery,2024-12-14,33.343088920119065,33.838811063224725,33.325171308088656,0.5136397551360687
16,Bakery,2024-12-15,40.8957377691837,40.605540997432875,40.88519555187862,0.29019677175082137
16,Bakery,2024-12-16,43.49008511759288,43.22777442452829,43.47271433790753,0.26231069306459176
16,Bakery,2024-12-17,42.914773282680486,42.919513357071686,42.885949002905285,0.033564354166401245
16,Bakery,2024-12-18,43.30970330833,42.19501733518395,43.27418709591802,1.1146859731460523
16,Bakery,2024-12-19,43.799401907236195,43.341982095443086,43.768748376644076,0.457419811793109
16,Bakery,2024-12-20,43.15574191333875,42.95862088432996,43.14002656803819,0.19712102900879103
16,Bakery,2024-12-21,32.971832571000476,33.0824857737168,32.97362275490296,0.11065320271632118
16,Bakery,2024-12-22,33.2126481750251,33.43779285292611,33.22147531300383,0.22514467790100667
16,Bakery,2024-12-23,42.61910904655331,41.85733730692114,42.61859010422471,0.7617717396321737
16,Bakery,2024-12-24,42.8547442368623,42.186334897693726,42.83690131158007,0.6684093391685764
16,Bakery,2024-12-25,43.42070815424891,42.219138398688884,43.39510532805947,1.2015697555600298
16,Bakery,2024-12-26,43.78861962702186,43.00827601260414,43.76810427409572,0.7803436144177169
16,Bakery,2024-12-27,42.42669151552931,41.563296531685275,42.42705586151204,0.8637593298267632
16,Bakery,2024-12-28,56.51189586195704,51.65520032842931,56.54011596249943,4.8849156340701185
16,Bakery,2024-12-29,33.97380721040104,35.2713990205973,34.01176876095965,1.2975918101962591
16,Bakery,2024-12-30,43.99307500911075,44.27822888722632,44.009227402459395,0.28515387811557247
16,Bakery,2024-12-31,51.81939013438206,52.42011732713732,51.81995670909831,0.600727192755258
16,Chocolate & Milk,2024-11-01,20.696653430993752,19.917881124283575,20.453132417135972,0.7787723067101773
16,Chocolate & Milk,2024-11-02,22.782834096407385,23.398140868263333,22.58118814876333,0.8169527195000015
16,Chocolate & Milk,2024-11-03,22.980108469765696,23.24987983469342,22.70010450154752,0.5497753331458988
16,Chocolate & Milk,2024-11-04,29.136488003179334,29.50239668818018,28.782437222484788,0.7199594656953927
16,Chocolate & Milk,2024-11-05,29.165993929995373,30.083584384559295,28.861128168939747,1.2224562156195482
16,Chocolate & Milk,2024-11-06,29.645395953070892,29.86119136654898,29.3500881029192,0.5111032636297779
16,Chocolate & Milk,2024-11-07,21.299042573783098,20.83791155729925,21.309041983502,0.47113042620274825
16,Chocolate & Milk,2024-11-08,21.340760644561687,20.574532507424884,21.343910236325563,0.7693777289006789
16,Chocolate & Milk,2024-11-09,17.278532784068574,15.884855977025861,17.27452824244195,1.3936768070427128
16,Chocolate & Milk,2024-11-10,17.211933316313214,16.066599801169275,17.21065367853354,1.145333515143939
16,Chocolate & Milk,2024-11-11,22.657780737385465,21.51555323006194,22.64801556959574,1.1422275073235255
16,Chocolate & Milk,2024-11-12,22.361012816938025,21.13268693650254,22.34079422150322,1.2283258804354844
16,Chocolate & Milk,2024-11-13,22.39710878181512,21.119290673439878,22.39046241591529,1.277818108375243
16,Chocolate & Milk,2024-11-14,22.8357296591938,21.99098025781037,22.847130406323565,0.8561501485131942
16,Chocolate & Milk,2024-11-15,25.840240089498277,24.731052323301228,25.852817753017813,1.1217654297165858
16,Chocolate & Milk,2024-11-16,15.512917491155163,14.813413377994125,15.52025503663978,0.7068416586456543
16,Chocolate & Milk,2024-11-17,15.487921343231726,14.819502399378083,15.492925494042805,0.6734230946647219
16,Chocolate & Milk,2024-11-18,33.18900022252482,32.9954340599464,33.191844569848406,0.1964105099020088
16,Chocolate & Milk,2024-11-19,20.491953555859155,19.540379841177085,20.496648746210674,0.9562689050335891
16,Chocolate & Milk,2024-11-20,20.855873821191544,19.959613348978202,20.864601688744187,0.9049883397659855
16,Chocolate & Milk,2024-11-21,21.10052683638056,20.505840881625417,21.107643809578327,0.6018029279529102
16,Chocolate & Milk,2024-11-22,20.9737115686394,20.130828949739595,20.9845590270424,0.8537300773028065
16,Chocolate & Milk,2024-11-23,15.527451066102056,14.929122699270122,15.53540175476673,0.6062790554966071
16,Chocolate & Milk,2024-11-24,15.407138111944848,15.167449024689507,15.39755715253909,0.239689087255341
16,Chocolate & Milk,2024-11-25,20.79992245972504,20.296990280178047,20.783424263157443,0.5029321795469919
16,Chocolate & Milk,2024-11-26,20.816288566370652,20.457250130172696,20.805518480797513,0.35903843619795595
16,Chocolate & Milk,2024-11-27,26.242538631260068,27.030085099700152,26.23294705465639,0.7971380450437628
16,Chocolate & Milk,2024-11-28,21.73201554647882,21.91125441387112,21.716624590939624,0.19462982293149622
16,Chocolate & Milk,2024-11-29,23.31125311369447,23.716840353760407,23.302521530122554,0.4143188236378528
16,Chocolate & Milk,2024-11-30,21.364762393666364,21.728352883995043,21.37600985500112,0.3635904903286793
16,Chocolate & Milk,2024-12-01,20.082644825368277,20.341156926191143,20.10390397255703,0.25851210082286613
16,Chocolate & Milk,2024-12-02,25.82007473452581,25.603280973483614,25.832098711173664,0.22881773769005065
16,Chocolate & Milk,2024-12-03,25.671413028751743,25.744891157846954,25.66887764188772,0.07601351595923589
16,Chocolate & Milk,2024-12-04,25.93997421981088,25.696043138128733,25.93787095290233,0.2439310816821454
16,Chocolate & Milk,2024-12-05,35.35805517585926,35.07560638784672,35.348983841953824,0.2824487880125446
16,Chocolate & Milk,2024-12-06,25.28672691218482,24.976570781230492,25.265990993781216,0.31015613095432926
16,Chocolate & Milk,2024-12-07,19.406380352410185,19.564698313012023,19.394036532674903,0.1706617803371202
16,Chocolate & Milk,2024-12-08,19.618890437398274,19.874677848964218,19.62268329864131,0.25578741156594376
16,Chocolate & Milk,2024-12-09,25.434168461955778,25.260123930716617,25.439660738441372,0.17953680772475522
16,Chocolate & Milk,2024-12-10,34.48155750147303,33.76282730140804,34.48062637321517,0.7187302000649893
16,Chocolate & Milk,2024-12-11,25.00105294120986,24.611487921778053,24.995041483745826,0.38956501943180655
16,Chocolate & Milk,2024-12-12,25.344167417278367,25.23296487445173,25.336241148168916,0.11120254282663566
16,Chocolate & Milk,2024-12-13,25.405974541115437,25.222599832616556,25.403945594592344,0.1833747084988815
16,Chocolate & Milk,2024-12-14,19.33986165615573,19.583791213418067,19.34287859930305,0.24392955726233723
16,Chocolate & Milk,2024-12-15,24.170248375334385,23.63027291835968,24.169043588800065,0.5399754569747053
16,Chocolate & Milk,2024-12-16,25.088827512611925,24.93502805898581,25.087094255050985,0.1537994536261138
16,Chocolate & Milk,2024-12-17,24.5935153428956,24.638149314837474,24.59097199313313,0.047177321704342745
16,Chocolate & Milk,2024-12-18,24.851254549454495,24.582467253403486,24.83611124005686,0.26878729605100915
16,Chocolate & Milk,2024-12-19,24.84534132968189,24.35266529169379,24.82632380476213,0.492676037988101
16,Chocolate & Milk,2024-12-20,25.132858816432208,24.96800100802279,25.118965151230107,0.164857808409419
16,Chocolate & Milk,2024-12-21,19.210432068655862,19.044058764165896,19.200600477021634,0.1663733044899658
16,Chocolate & Milk,2024-12-22,19.116226756324444,19.144514818428423,19.104614726956008,0.0399000914724148
16,Chocolate & Milk,2024-12-23,25.094157856087858,24.91892687149412,25.082489290140483,0.17523098459373898
16,Chocolate & Milk,2024-12-24,25.037360942544492,24.818018421161494,25.033498936799983,0.21934252138299826
16,Chocolate & Milk,2024-12-25,25.358825221953342,24.840363256524803,25.360674737831538,0.5203114813067344
16,Chocolate & Milk,2024-12-26,25.275334066640347,24.775830013913172,25.273304589257357,0.49950405272717546
16,Chocolate & Milk,2024-12-27,25.07424027400753,24.475648423830176,25.064588710235586,0.5985918501773533
16,Chocolate & Milk,2024-12-28,34.50098397610595,31.40295412343368,34.493526456284805,3.098029852672269
16,Chocolate & Milk,2024-12-29,19.970826853353124,20.217102222105986,19.957794408796303,0.25930781330968244
16,Chocolate & Milk,2024-12-30,25.56993249819461,25.704552709136657,25.547963392252242,0.15658931688441413
16,Chocolate & Milk,2024-12-31,30.621009941535103,30.921836054900645,30.61039380533185,0.3114422495687954
16,Coffee,2024-11-01,141.82751480971925,142.0277282207689,141.03824732681227,0.9894808939566246
16,Coffee,2024-11-02,155.79888277927452,160.4998078344883,157.69294840373527,4.700925055213787
16,Coffee,2024-11-03,157.11349853404857,162.186374791478,157.57987305217537,5.072876257429414
16,Coffee,2024-11-04,198.85616460919863,204.11551303621468,198.20085508974836,5.9146579464663205
16,Coffee,2024-11-05,199.7286279022996,203.8245815939023,198.18590276229116,5.638678831611145
16,Coffee,2024-11-06,201.11383040295493,206.69785495775415,200.32676361193265,6.3710913458214975
16,Coffee,2024-11-07,145.81511931182925,147.14475037744398,145.89329633463728,1.329631065614734
16,Coffee,2024-11-08,142.20301664242626,141.9082362578148,142.2281272577466,0.3198909999318005
16,Coffee,2024-11-09,123.08182412390249,118.58913418715098,123.05653773886019,4.492689936751518
16,Coffee,2024-11-10,123.18312801323701,117.86224155100949,123.16745393933658,5.32088646222752
16,Coffee,2024-11-11,158.07942762841537,155.4277215079274,158.07255885336818,2.6517061204879724
16,Coffee,2024-11-12,158.09943267612758,154.9278601138505,158.14197353413545,3.2141134202849457
16,Coffee,2024-11-13,156.6928347294956,154.28980536309297,156.76647460082887,2.476669237735905
16,Coffee,2024-11-14,156.71495453275355,155.9572741436082,156.810871305803,0.8535971621948022
16,Coffee,2024-11-15,174.09468642657754,173.9162459514033,174.17783926094899,0.26159330954567395
16,Coffee,2024-11-16,110.2644949899401,107.69031510299219,110.30942937303116,2.6191142700389776
16,Coffee,2024-11-17,110.46498400399207,108.835180234334,110.49343424402937,1.6582540096953693
16,Coffee,2024-11-18,218.92567295092545,223.5651798146241,218.976404677976,4.639506863698642
16,Coffee,2024-11-19,143.65408544306172,141.6374945727866,143.76231068194443,2.1248161091578197
16,Coffee,2024-11-20,144.7387017789218,141.18722824937876,144.85377592323093,3.6665476738521647
16,Coffee,2024-11-21,142.81211836897234,139.4545284588154,142.9064379302006,3.451909471385221
16,Coffee,2024-11-22,143.44360110855547,140.8195654333487,143.4873070141334,2.6677415807846785
16,Coffee,2024-11-23,110.5163278349381,106.90187779900546,110.52041180621671,3.6185340072112524
16,Coffee,2024-11-24,111.45196424334443,108.73022472628928,111.45586021744217,2.725635491152886
16,Coffee,2024-11-25,145.96860125805736,144.2784214003613,145.9785460032386,1.7001246028772812
16,Coffee,2024-11-26,145.02696240025148,141.74342593696792,145.10258311992948,3.359157182961553
16,Coffee,2024-11-27,190.26735984812134,192.82781543720813,190.37105787033968,2.5604555890867857
16,Coffee,2024-11-28,152.40758703025418,153.56670382093012,152.4606343323373,1.159116790675938
16,Coffee,2024-11-29,157.8427949183121,159.3492622255876,157.80601930718404,1.543242918403564
16,Coffee,2024-11-30,148.04274505497318,148.38917938212438,147.98529395713916,0.4038854249852193
16,Coffee,2024-12-01,140.49531568267943,141.78487602091033,140.4676636664446,1.3172123544657381
16,Coffee,2024-12-02,177.71025658476796,178.0755447437822,177.70539311298336,0.37015163079882996
16,Coffee,2024-12-03,178.16398850361404,178.07560236047593,178.2254559395945,0.14985357911857022
16,Coffee,2024-12-04,178.3399777613745,177.77766968244663,178.45802470663307,0.68035502418644
16,Coffee,2024-12-05,233.55111341361965,229.22540112935985,233.67004990651446,4.444648777154612
16,Coffee,2024-12-06,171.71996973981985,171.35867140238753,171.79021954816815,0.4315481457806243
16,Coffee,2024-12-07,137.36763536904215,137.7692539176765,137.39583953146877,0.4016185486343602
16,Coffee,2024-12-08,138.80793560958037,138.63555377379066,138.86119842062692,0.2256446468362583
16,Coffee,2024-12-09,174.73290388235804,175.82005229686695,174.82100578072652,1.0871484145089028
16,Coffee,2024-12-10,234.0950811299124,230.7445254036997,234.23820965027636,3.493684246576663
16,Coffee,2024-12-11,175.73462851468742,174.3607771664373,175.86150674214943,1.5007295757121426
16,Coffee,2024-12-12,174.06297785365828,173.04899558055303,174.1395859406439,1.0905903600908857
16,Coffee,2024-12-13,172.10858293179496,169.99438222559922,172.1215073558712,2.1271251302719634
16,Coffee,2024-12-14,136.13688925213572,137.25815158678495,136.13301047290207,1.1251411138828757
16,Coffee,2024-12-15,165.36772961907096,161.9749879632405,165.40058938648056,3.4256014232400673
16,Coffee,2024-12-16,171.66490061356032,171.1774148528691,171.73293725184448,0.5555223989753699
16,Coffee,2024-12-17,172.17267455002323,173.62418233258356,172.30434288451636,1.451507782560327
16,Coffee,2024-12-18,172.19092302216788,171.89251582201956,172.3438946469608,0.45137882494123005
16,Coffee,2024-12-19,170.10793752256282,168.74100256234848,170.20526809554966,1.4642655332011714
16,Coffee,2024-12-20,171.0786945548269,171.25380472309246,171.10760026770893,0.17511016826554737
16,Coffee,2024-12-21,135.15584741446872,134.54642263392822,135.14903633774333,0.6094247805405075
16,Coffee,2024-12-22,136.24329416531043,134.56396313055214,136.21759930671863,1.6793310347582917
16,Coffee,2024-12-23,173.2463341360085,172.47983022087516,173.19182718101706,0.7665039151333417
16,Coffee,2024-12-24,170.99774553608285,169.70100451799468,171.01789027465017,1.3168857566554948
16,Coffee,2024-12-25,175.5144101680622,173.10060631290466,175.58121183299565,2.4806055200909896
16,Coffee,2024-12-26,173.0848824849399,172.1379810059309,173.14360791325805,1.005626907327155
16,Coffee,2024-12-27,170.5284927565603,167.04316544597305,170.56792325470593,3.524757808732886
16,Coffee,2024-12-28,225.03975149522722,212.48412151707996,225.09155923866257,12.607437721582613
16,Coffee,2024-12-29,142.40842428961406,146.49082576960024,142.4662410648914,4.082401479986174
16,Coffee,2024-12-30,177.70038990508783,179.00495133036623,177.75143037547605,1.3045614252783935
16,Coffee,2024-12-31,207.8961660871228,209.32242631704156,208.02075777976714,1.4262602299187677
16,Juice & Smoothie,2024-11-01,11.243641344302228,10.808103542218824,10.681310634894935,0.5623307094072931
16,Juice & Smoothie,2024-11-02,12.03526925125544,12.478835223269222,11.610178823579034,0.8686563996901882
16,Juice & Smoothie,2024-11-03,12.238984065271467,12.133609477031635,11.84418246715294,0.39480159811852644
16,Juice & Smoothie,2024-11-04,15.837071018472328,15.86239094760892,15.562359337568793,0.30003161004012746
16,Juice & Smoothie,2024-11-05,15.520898411126616,15.626621162324714,15.344436806579873,0.2821843557448407
16,Juice & Smoothie,2024-11-06,15.654236472208424,15.58488969675508,15.782121752085285,0.19723205533020405
16,Juice & Smoothie,2024-11-07,11.207738021245712,10.419784456619752,11.200077975717425,0.7879535646259601
16,Juice & Smoothie,2024-11-08,11.194843024110789,10.620868159084244,11.186502655747306,0.5739748650265444
16,Juice & Smoothie,2024-11-09,9.13485977871769,8.388334442160025,9.125680749821878,0.7465253365576654
16,Juice & Smoothie,2024-11-10,9.396460730520314,8.605703990886134,9.386699365860006,0.7907567396341797
16,Juice & Smoothie,2024-11-11,12.273674188621207,11.242514484834555,12.265385643877263,1.0311597037866527
16,Juice & Smoothie,2024-11-12,12.197876645824609,11.28944299175401,12.191100909719056,0.9084336540705991
16,Juice & Smoothie,2024-11-13,12.157497242803181,11.223874713063232,12.15247013118208,0.9336225297399494
16,Juice & Smoothie,2024-11-14,12.43446684332832,11.744951601144614,12.428965453702606,0.6895152421837061
16,Juice & Smoothie,2024-11-15,13.762113088618543,12.888059312148854,13.755998636600014,0.8740537764696885
16,Juice & Smoothie,2024-11-16,8.144525587901368,7.485143720041592,8.135215566537452,0.6593818678597767
16,Juice & Smoothie,2024-11-17,8.170238438965766,7.475366213207945,8.161249650534296,0.6948722257578215
16,Juice & Smoothie,2024-11-18,18.285163752193196,17.658099712498633,18.280180451745494,0.627064039694563
16,Juice & Smoothie,2024-11-19,10.80645015908367,9.807078029456463,10.80230283610147,0.9993721296272078
16,Juice & Smoothie,2024-11-20,11.127199412512235,10.48864026164329,11.121896533077386,0.6385591508689448
16,Juice & Smoothie,2024-11-21,10.807430829186709,10.123760239395816,10.803933616972143,0.6836705897908928
16,Juice & Smoothie,2024-11-22,10.912291448487283,10.408975205085985,10.907735601014904,0.5033162434012972
16,Juice & Smoothie,2024-11-23,8.090582251875917,7.527678580591663,8.084608348453918,0.5629036712842543
16,Juice & Smoothie,2024-11-24,8.189471290480384,7.661652837737006,8.183375509666625,0.5278184527433778
16,Juice & Smoothie,2024-11-25,11.202905309835685,10.794052871165205,11.197581627444341,0.4088524386704808
16,Juice & Smoothie,2024-11-26,10.830340754146928,10.351619722453101,10.823012379783677,0.4787210316938264
16,Juice & Smoothie,2024-11-27,14.85066745358249,14.617406817996406,14.845908795661458,0.23326063558608467
16,Juice & Smoothie,2024-11-28,11.473965970957606,11.504744470178174,11.469344333216455,0.0354001369617194
16,Juice & Smoothie,2024-11-29,11.897651662982794,12.147563499684807,11.89127743128846,0.2562860683963475
16,Juice & Smoothie,2024-11-30,11.197040936896318,11.425539741924698,11.190429014884577,0.23511072704012115
16,Juice & Smoothie,2024-12-01,10.494057719435965,10.926990775983217,10.488955408435025,0.43803536754819206
16,Juice & Smoothie,2024-12-02,13.596445773645524,13.448827502224391,13.593519981156446,0.14761827142113226
16,Juice & Smoothie,2024-12-03,13.284431902235461,13.224800740341065,13.283333976588086,0.0596311618943961
16,Juice & Smoothie,2024-12-04,13.431086358629813,13.49840129413665,13.431363486354144,0.06731493550683787
16,Juice & Smoothie,2024-12-05,17.968824716365766,17.657941292058112,17.96966036304221,0.3117190709840969
16,Juice & Smoothie,2024-12-06,13.120453940453094,12.94648245447632,13.119746051862828,0.17397148597677514
16,Juice & Smoothie,2024-12-07,9.761563235166042,9.892049770528738,9.759407887154076,0.13264188337466187
16,Juice & Smoothie,2024-12-08,9.977663988261833,10.081529699580976,9.974517669732174,0.10701202984880176
16,Juice & Smoothie,2024-12-09,13.087778254511154,12.977218014623402,13.085685903438113,0.11056023988775188
16,Juice & Smoothie,2024-12-10,18.079635671210706,17.678185554854025,18.076532428767646,0.40145011635668126
16,Juice & Smoothie,2024-12-11,12.880659967176637,12.656462811083996,12.880299186574245,0.22419715609264124
16,Juice & Smoothie,2024-12-12,13.115952973535888,12.970270847619247,13.119883923717937,0.14961307609869046
16,Juice & Smoothie,2024-12-13,12.766775390460968,12.567613816681753,12.769776308821204,0.20216249213945048
16,Juice & Smoothie,2024-12-14,9.777746725804974,9.929897509108155,9.777457836691811,0.15243967241634415
16,Juice & Smoothie,2024-12-15,12.484284617604526,12.214343557042477,12.487293033850143,0.2729494768076659
16,Juice & Smoothie,2024-12-16,13.097545420788476,12.760136882488979,13.103357752131409,0.3432208696424297
16,Juice & Smoothie,2024-12-17,12.77122919687786,12.757914607259012,12.777464056114546,0.01954944885553367
16,Juice & Smoothie,2024-12-18,12.905700799393795,12.746695555352385,12.911778497072223,0.16508294171983806
16,Juice & Smoothie,2024-12-19,12.620221749427582,12.343323442081253,12.62458052012836,0.28125707804710665
16,Juice & Smoothie,2024-12-20,12.84790678934025,12.784585667258549,12.848125845207228,0.0635401779486795
16,Juice & Smoothie,2024-12-21,9.59448844539577,9.608599857225606,9.595911940987726,0.014111411829835774
16,Juice & Smoothie,2024-12-22,9.750047892402987,9.810670352140278,9.753269483821166,0.06062245973729041
16,Juice & Smoothie,2024-12-23,13.057579724958863,12.86218229790992,13.060399517931103,0.19821722002118314
16,Juice & Smoothie,2024-12-24,12.731558899201351,12.592638209953424,12.733917351696691,0.14127914174326683
16,Juice & Smoothie,2024-12-25,12.89000727359602,12.632959163973965,12.892898369988044,0.2599392060140797
16,Juice & Smoothie,2024-12-26,12.812184971703852,12.641228343974943,12.81588069410928,0.17465235013433755
16,Juice & Smoothie,2024-12-27,12.487086592745676,12.266220862822658,12.492679133134825,0.22645827031216648
16,Juice & Smoothie,2024-12-28,17.76876590418399,16.574789213526905,17.775806271538244,1.2010170580113382
16,Juice & Smoothie,2024-12-29,10.061998285566606,10.453100306475392,10.071240825962107,0.3911020209087859
16,Juice & Smoothie,2024-12-30,13.200814248194005,13.3504292563152,13.21145727596456,0.1496150081211951
16,Juice & Smoothie,2024-12-31,15.774867832780451,15.830082593234726,15.786521604903673,0.05521476045427498
16,Merchandise,2024-11-01,7.464795888390179,7.502565885914242,7.365981608246981,0.13658427766726078
16,Merchandise,2024-11-02,8.112742512893366,8.41944553518909,8.036129559603138,0.3833159755859512
16,Merchandise,2024-11-03,8.316343376642221,8.784411119103432,8.119470191728894,0.6649409273745377
16,Merchandise,2024-11-04,10.504103531856915,10.664289860939686,10.246136355990505,0.41815350494918135
16,Merchandise,2024-11-05,10.458783948621326,10.787964628634334,10.232806908358112,0.5551577202762221
16,Merchandise,2024-11-06,10.633346811790128,10.954850346986529,10.573620207405066,0.38123013958146323
16,Merchandise,2024-11-07,7.560059720110132,7.575337545543273,7.558457085437932,0.016880460105340944
16,Merchandise,2024-11-08,7.585110081791193,7.450245257051848,7.582337557144422,0.1348648247393447
16,Merchandise,2024-11-09,5.987569546747173,5.958061045982741,5.984586171048885,0.029508500764431567
16,Merchandise,2024-11-10,6.037206030245693,5.923038329035521,6.034375271538744,0.11416770121017272
16,Merchandise,2024-11-11,8.174644156808009,8.238945140281851,8.172330524889466,0.06661461539238545
16,Merchandise,2024-11-12,7.925863162049498,7.778470180799383,7.924472211832181,0.1473929812501149
16,Merchandise,2024-11-13,8.098687787651786,7.909766666830023,8.097186932365618,0.18892112082176293
16,Merchandise,2024-11-14,8.11172962413135,7.885566636596846,8.108705724194404,0.22616298753450348
16,Merchandise,2024-11-15,9.514456186040192,9.194279849944104,9.510081443422905,0.32017633609608787
16,Merchandise,2024-11-16,5.406378595962087,5.226911383110993,5.401841860565595,0.1794672128510939
16,Merchandise,2024-11-17,5.433523692425921,5.422405013831062,5.42973556160265,0.011118678594859155
16,Merchandise,2024-11-18,11.020264170587975,11.130739084768342,11.017141408176776,0.11359767659156539
16,Merchandise,2024-11-19,7.27306233019484,7.1940335198554655,7.2707643245894005,0.07902881033937437
16,Merchandise,2024-11-20,7.497190997955462,7.327360159110437,7.495117151811536,0.1698308388450247
16,Merchandise,2024-11-21,7.4031779894558,7.107682672659161,7.401244389472004,0.29549531679663943
16,Merchandise,2024-11-22,7.431293840803382,7.267708270186608,7.429138373217329,0.1635855706167737
16,Merchandise,2024-11-23,5.37412579547783,5.142933505113032,5.372903817792904,0.23119229036479805
16,Merchandise,2024-11-24,5.24132129245273,5.138289311678889,5.242258037835752,0.1039687261568627
16,Merchandise,2024-11-25,7.3650382554448495,7.184077215725675,7.367267948018156,0.1831907322924815
16,Merchandise,2024-11-26,7.176153909107395,6.839541193978907,7.177557125980501,0.33801593200159363
16,Merchandise,2024-11-27,9.463963621419126,9.413588849231068,9.463574422047355,0.05037477218805719
16,Merchandise,2024-11-28,7.753866302127011,7.682273553682046,7.752305181359963,0.07159274844496455
16,Merchandise,2024-11-29,8.207155650841216,8.250484798517359,8.205313256438252,0.045171542079106786
16,Merchandise,2024-11-30,7.738385840891257,7.754482102594227,7.736743697690753,0.017738404903473892
16,Merchandise,2024-12-01,7.189089538535694,7.3835627164850255,7.188028563963474,0.19553415252155126
16,Merchandise,2024-12-02,9.12462002161576,9.124260152096504,9.124205611792176,0.0004144098235840943
16,Merchandise,2024-12-03,8.965225029678372,8.883719408520921,8.966143752713611,0.08242434419268996
16,Merchandise,2024-12-04,9.312019748040433,9.163758244344896,9.313013998255688,0.1492557539107917
16,Merchandise,2024-12-05,13.194011012648996,12.633426621461956,13.194084768846857,0.5606581473849008
16,Merchandise,2024-12-06,9.220013417036709,9.003988221484319,9.219294189932128,0.21602519555239041
16,Merchandise,2024-12-07,6.807565512114473,6.798695173152677,6.806580846037924,0.008870338961796342
16,Merchandise,2024-12-08,6.797327732909837,6.867695758136956,6.796826909574774,0.07086884856218223
16,Merchandise,2024-12-09,8.984752008018123,8.782575679490524,8.985701566977893,0.20312588748736893
16,Merchandise,2024-12-10,12.514486771042971,11.837760401707017,12.517199498998256,0.6794390972912385
16,Merchandise,2024-12-11,9.033390987912501,8.77156859860469,9.036226017811698,0.26465741920700836
16,Merchandise,2024-12-12,8.91711895328499,8.638409211624356,8.918418437482925,0.2800092258585689
16,Merchandise,2024-12-13,9.205374128279207,8.927793809341633,9.204943883791675,0.2775803189375736
16,Merchandise,2024-12-14,6.821723997979552,6.9395000075564255,6.821026491450189,0.11847351610623669
16,Merchandise,2024-12-15,8.877436548371012,8.694665431668946,8.878598000136506,0.18393256846755968
16,Merchandise,2024-12-16,8.884739283616636,8.65404578406812,8.887454511782014,0.23340872771389343
16,Merchandise,2024-12-17,8.946537242480163,8.718594190455327,8.950122543759313,0.23152835330398602
16,Merchandise,2024-12-18,9.214127941374494,9.002043178914416,9.218608109517543,0.21656493060312698
16,Merchandise,2024-12-19,9.119546680165802,8.907244063050843,9.124268118583215,0.21702405553237192
16,Merchandise,2024-12-20,9.197824446827093,8.988099132412362,9.200731774468265,0.21263264205590282
16,Merchandise,2024-12-21,6.73858127939132,6.715086026506793,6.739574487852368,0.02448846134557492
16,Merchandise,2024-12-22,6.742718905991028,6.73603777578748,6.743412375722839,0.007374599935358717
16,Merchandise,2024-12-23,9.014310906334217,8.701698343553183,9.016459211860095,0.3147608683069123
16,Merchandise,2024-12-24,8.733821821692917,8.479427414010257,8.737151997366748,0.2577245833564916
16,Merchandise,2024-12-25,9.297531232631775,8.952257228469554,9.30090755801698,0.3486503295474268
16,Merchandise,2024-12-26,9.251017715058104,8.940520236504469,9.253035592957254,0.31251535645278494
16,Merchandise,2024-12-27,9.03110972946251,8.72552923719149,9.031921672691523,0.30639243550003314
16,Merchandise,2024-12-28,11.370913946093145,10.761581694532463,11.370389943726975,0.6093322515606818
16,Merchandise,2024-12-29,7.064771115185455,7.239459327462352,7.0643985578371415,0.1750607696252109
16,Merchandise,2024-12-30,9.274668230002048,9.30072909822113,9.276007092509012,0.026060868219081712
16,Merchandise,2024-12-31,11.170658302277534,11.03675358825485,11.174133385961571,0.13737979770672126
16,Savory Bakery,2024-11-01,28.40842885651758,27.382121310790485,27.653825322154987,1.0263075457270965
16,Savory Bakery,2024-11-02,31.148261822548815,31.046736523841396,30.695326682125636,0.45293514042317895
16,Savory Bakery,2024-11-03,31.97551492952781,31.900844659062077,31.106774496916977,0.868740432610835
16,Savory Bakery,2024-11-04,40.832069462243524,39.29644779858407,40.45362025309811,1.5356216636594553
16,Savory Bakery,2024-11-05,40.61625535465069,39.689898418228395,40.15193209238632,0.9263569364222946
16,Savory Bakery,2024-11-06,40.69859105281897,39.93133482898077,40.38852216648087,0.7672562238381957
16,Savory Bakery,2024-11-07,29.042054088012787,28.487913778532757,29.041963554909067,0.5541403094800295
16,Savory Bakery,2024-11-08,28.548937022857046,27.465614182210853,28.53585896884666,1.0833228406461934
16,Savory Bakery,2024-11-09,23.916775556682467,22.739771468747414,23.89969331966526,1.1770040879350532
16,Savory Bakery,2024-11-10,24.06235173926406,22.826751000781417,24.047129244538645,1.235600738482642
16,Savory Bakery,2024-11-11,31.411849241479608,30.1527829211124,31.39678559421457,1.2590663203672072
16,Savory Bakery,2024-11-12,31.137186809849723,29.627650666774674,31.126469746432495,1.5095361430750494
16,Savory Bakery,2024-11-13,31.217632494642665,29.82555577594849,31.208919429561618,1.3920767186941738
16,Savory Bakery,2024-11-14,31.305047598186405,30.513500026245666,31.29641743887799,0.7915475719407397
16,Savory Bakery,2024-11-15,34.927009534684544,34.10335708732548,34.916339893369255,0.8236524473590663
16,Savory Bakery,2024-11-16,21.58169499181395,20.936354405237097,21.57565978318907,0.6453405865768538
16,Savory Bakery,2024-11-17,21.707400834733537,20.993914418354116,21.705187913850313,0.7134864163794212
16,Savory Bakery,2024-11-18,44.46716804686014,44.131856702379146,44.47322879046298,0.3413720880838369
16,Savory Bakery,2024-11-19,28.457574459082394,27.414534121924564,28.46659046185666,1.052056339932097
16,Savory Bakery,2024-11-20,28.729366998524267,27.80150995148781,28.74076703969648,0.9392570882086702
16,Savory Bakery,2024-11-21,28.875550660710175,28.389989612166215,28.88790660544089,0.497916993274675
16,Savory Bakery,2024-11-22,28.603228285520814,28.268839464182726,28.61304466062412,0.34420519644139347
16,Savory Bakery,2024-11-23,21.541875631635598,20.96640508530036,21.54410944477353,0.5777043594731701
16,Savory Bakery,2024-11-24,21.72358049493748,21.08645182209733,21.72624243348531,0.6397906113879799
16,Savory Bakery,2024-11-25,29.236706759159613,28.862630284535314,29.245015575693287,0.3823852911579735
16,Savory Bakery,2024-11-26,28.876956586499503,27.695850716600823,28.8916040467859,1.1957533301850773
16,Savory Bakery,2024-11-27,38.4616426249577,39.04251511905549,38.4744764385619,0.5808724940977896
16,Savory Bakery,2024-11-28,29.954571594887643,29.580105509205467,29.963719583651947,0.38361407444648066
16,Savory Bakery,2024-11-29,31.20687345787085,31.4367655412016,31.2087205984852,0.22989208333074984
16,Savory Bakery,2024-11-30,29.223357977298733,29.579517515320678,29.215174514293285,0.36434300102739314
16,Savory Bakery,2024-12-01,27.945753623078698,28.470565621205353,27.92539213113061,0.5451734900747418
16,Savory Bakery,2024-12-02,35.89191051873121,35.378514675822615,35.87130544962312,0.5133958429085936
16,Savory Bakery,2024-12-03,35.54443338958643,35.45007387666418,35.538100051803156,0.09435951292225297
16,Savory Bakery,2024-12-04,35.31122125481053,34.787669241355424,35.316076216856146,0.5284069755007224
16,Savory Bakery,2024-12-05,47.78503898750885,47.083497194059206,47.78770523715685,0.7042080430976441
16,Savory Bakery,2024-12-06,34.174267328321235,33.72799970448603,34.17064865715717,0.4462676238352046
16,Savory Bakery,2024-12-07,26.65568474010341,27.101435403515044,26.64559353236382,0.4558418711512253
16,Savory Bakery,2024-12-08,27.232345037027883,27.438818039184422,27.22265666843753,0.21616137074689235
16,Savory Bakery,2024-12-09,34.63799197453681,34.335004766838,34.631204313119476,0.3029872076988127
16,Savory Bakery,2024-12-10,46.34064878411131,45.353510783301275,46.3426066868379,0.9890959035366222
16,Savory Bakery,2024-12-11,34.06133786935023,33.74891647015245,34.06833710629933,0.3194206361468801
16,Savory Bakery,2024-12-12,34.403668269117006,33.92499640205027,34.411403709327125,0.4864073072768562
16,Savory Bakery,2024-12-13,34.5814151899533,34.34070709382339,34.57864680039341,0.2407080961299073
16,Savory Bakery,2024-12-14,26.70867571152308,27.342142590193838,26.692618106949897,0.6495244832439404
16,Savory Bakery,2024-12-15,33.06472381347227,32.54901273963945,33.04439531802169,0.5157110738328186
16,Savory Bakery,2024-12-16,34.80609702034861,34.689897971890375,34.7902009991263,0.1161990484582347
16,Savory Bakery,2024-12-17,34.48610649790406,34.508675221769,34.47224531596535,0.0364299058036508
16,Savory Bakery,2024-12-18,34.26790772704278,34.184159710998564,34.25687926954353,0.08374801604421833
16,Savory Bakery,2024-12-19,34.431143759409956,33.922869987188506,34.417848989709896,0.5082737722214503
16,Savory Bakery,2024-12-20,34.24395411018252,34.13542883315388,34.2288897996713,0.10852527702864023
16,Savory Bakery,2024-12-21,26.432268774305825,26.619120659340318,26.41424721488465,0.2048734444556679
16,Savory Bakery,2024-12-22,26.788810777576394,26.858880740620382,26.77735452629033,0.0815262143300508
16,Savory Bakery,2024-12-23,34.84997571871876,34.418355609166156,34.8438134984502,0.431620109552604
16,Savory Bakery,2024-12-24,33.90716882397186,33.49878083221216,33.90360785522556,0.408387991759696
16,Savory Bakery,2024-12-25,34.53535948004114,34.07268021267609,34.525794143617375,0.46267926736504705
16,Savory Bakery,2024-12-26,34.25269288709315,33.6861487220133,34.23788259986928,0.5665441650798471
16,Savory Bakery,2024-12-27,33.88173398429399,33.14631316116061,33.866497229775675,0.7354208231333743
16,Savory Bakery,2024-12-28,45.39833084269428,41.4809731085207,45.379668421650614,3.917357734173578
16,Savory Bakery,2024-12-29,27.63815481478151,28.01019762738913,27.61589245927841,0.39430516811071925
16,Savory Bakery,2024-12-30,35.73073781804558,36.07608818099433,35.71425880343009,0.3618293775642414
16,Savory Bakery,2024-12-31,41.61690038285045,41.90253420937193,41.60840817874771,0.29412603062421994
16,Tea,2024-11-01,44.574260333127484,44.48974503794211,45.095459490949075,0.6057144530069678
16,Tea,2024-11-02,48.36966473101793,50.55057909575039,49.00095277632951,2.180914364732466
16,Tea,2024-11-03,48.232624503107296,49.364056740511494,48.26579484258951,1.1314322374041978
16,Tea,2024-11-04,61.76510044348938,62.24038043987103,61.41084979326808,0.8295306466029544
16,Tea,2024-11-05,61.28558404598174,61.09445833863834,60.80528413460942,0.4802999113723203
16,Tea,2024-11-06,62.5005394194139,62.70324205349079,62.47489337596767,0.2283486775231225
16,Tea,2024-11-07,44.31238390375933,43.30793570053822,44.323488823412234,1.0155531228740102
16,Tea,2024-11-08,45.08032487237179,44.53216463273912,45.0710728370885,0.5481602396326721
16,Tea,2024-11-09,37.39431852585627,35.79237397159892,37.37837483109577,1.6019445542573507
16,Tea,2024-11-10,36.89305340922739,35.76580734979212,36.897197322337156,1.131389972545037
16,Tea,2024-11-11,48.22509201408602,47.3536901618485,48.23275565458922,0.8790654927407218
16,Tea,2024-11-12,48.09194630285793,47.274671228341866,48.0951119202224,0.8204406918805347
16,Tea,2024-11-13,48.136200743700726,47.983942376779446,48.141159741349014,0.15721736456956847
16,Tea,2024-11-14,48.29642073537302,47.550343382578944,48.30848864972058,0.7581452671416358
16,Tea,2024-11-15,53.78940385367237,53.52628679769673,53.79631409958722,0.27002730189049373
16,Tea,2024-11-16,33.97499263438581,33.71028533780726,33.995010294596035,0.2847249567887786
16,Tea,2024-11-17,33.53701247134016,33.33883409077312,33.57079233366337,0.2319582428902507
16,Tea,2024-11-18,66.35860892618547,68.20949279745408,66.40162479411987,1.850883871268607
16,Tea,2024-11-19,43.81488830480683,43.70644091199321,43.86237693700272,0.15593602500950965
16,Tea,2024-11-20,44.426654020904174,44.29574571828643,44.48012317803353,0.18437745974709685
16,Tea,2024-11-21,44.92910708647403,44.35263896935653,44.97453979178714,0.6219008224306037
16,Tea,2024-11-22,44.79701234134254,44.738528517618064,44.82672601017825,0.08819749256018383
16,Tea,2024-11-23,33.76174429322202,32.95121313433791,33.77623948852251,0.825026354184601
16,Tea,2024-11-24,33.63553322469627,33.443273867797274,33.65443949430807,0.21116562651079818
16,Tea,2024-11-25,44.11267621934181,43.72618425988463,44.13216781485882,0.4059835549741848
16,Tea,2024-11-26,44.26923965256786,43.80280217465747,44.28866834376559,0.48586616910812097
16,Tea,2024-11-27,57.8179364064013,58.17228427176855,57.82914357593225,0.35434786536724516
16,Tea,2024-11-28,46.863314262132164,46.987215932387265,46.86884814211142,0.12390167025510124
16,Tea,2024-11-29,48.851475156434844,49.73530362355781,48.83958162548974,0.8957219980680691
16,Tea,2024-11-30,45.122630486075494,46.077982612353445,45.104926684744456,0.9730559276089892
16,Tea,2024-12-01,42.54169695548646,43.47788483693202,42.52477205049483,0.9531127864371882
16,Tea,2024-12-02,54.23589953151151,54.33031399475067,54.21259724576521,0.11771674898545825
16,Tea,2024-12-03,53.593530072708255,53.367831758319454,53.57127408737673,0.22569831438880072
16,Tea,2024-12-04,54.438923675596726,54.616199522696945,54.4307203694664,0.18547915323054553
16,Tea,2024-12-05,70.93699643138753,70.25100764901,70.92171675364976,0.685988782377521
16,Tea,2024-12-06,53.206393135677615,52.715319196501405,53.17445037092575,0.49107393917621067
16,Tea,2024-12-07,41.79620662220815,42.35575619180189,41.763555880272186,0.5922003115297017
16,Tea,2024-12-08,41.81135266692874,41.94948411421062,41.7946297115181,0.15485440269252138
16,Tea,2024-12-09,53.59607615753349,53.62778900055347,53.57951410602832,0.0482748945251501
16,Tea,2024-12-10,70.88317312913131,70.72060134789064,70.87481438375646,0.16257178124067195
16,Tea,2024-12-11,54.12790881075151,53.94798063536519,54.121669868073994,0.17992817538631556
16,Tea,2024-12-12,53.25319917940777,52.61821647812049,53.23727637179576,0.6349827012872851
16,Tea,2024-12-13,52.99749748939071,52.29133959613438,52.971606168727625,0.7061578932563322
16,Tea,2024-12-14,41.87265308007279,42.70048220664169,41.8573692734801,0.843112933161585
16,Tea,2024-12-15,49.99046083655675,49.7608156299858,49.98884426841359,0.22964520657095022
16,Tea,2024-12-16,52.17470946165583,52.487146707550174,52.181142703389014,0.3124372458943441
16,Tea,2024-12-17,52.32745566077915,52.65129877822276,52.330385204790986,0.3238431174436087
16,Tea,2024-12-18,53.05033332210727,52.78737047119957,53.05712407410287,0.2697536029033003
16,Tea,2024-12-19,52.479139850309615,52.55451684145302,52.47475646361374,0.07976037783928547
16,Tea,2024-12-20,52.42831783122139,52.11608946160561,52.41617705472795,0.3122283696157808
16,Tea,2024-12-21,40.67861187935208,40.81011908919797,40.66262908190662,0.14749000729134565
16,Tea,2024-12-22,40.83286818249742,40.98005291938324,40.82751718650432,0.15253573287891697
16,Tea,2024-12-23,52.36317461488144,51.99833033255347,52.353697678441215,0.3648442823279652
16,Tea,2024-12-24,52.03131686679219,51.91418589102274,52.02498077458685,0.11713097576944875
16,Tea,2024-12-25,53.07900085281776,52.651576088090586,53.07448534276402,0.4274247647271707
16,Tea,2024-12-26,52.89706710633965,52.84845428256146,52.87598857328547,0.04861282377818554
16,Tea,2024-12-27,52.020848439392324,51.15964081794245,51.98551904210015,0.8612076214498714
16,Tea,2024-12-28,68.89581044756252,64.23070934063288,68.87510788318106,4.66510110692964
16,Tea,2024-12-29,42.76219770155519,43.96704319202915,42.7522772775204,1.214765914508753
16,Tea,2024-12-30,54.00828422377285,54.944255984193454,54.0010018951664,0.9432540890270573
16,Tea,2024-12-31,62.46953946348131,63.03096040636394,62.47474084920156,0.5614209428826271
17,Bakery,2024-11-01,40.12036471329344,38.31891283410663,39.259990710315776,1.8014518791868142
17,Bakery,2024-11-02,20.398031508622985,19.06907152130357,19.736921574611372,1.328959987319415
17,Bakery,2024-11-03,20.380765080510585,19.06982127671679,19.921165967410758,1.3109438037937942
17,Bakery,2024-11-04,40.16751829469509,39.4935844510183,39.72396014716439,0.6739338436767923
17,Bakery,2024-11-05,39.123217638610555,38.70219473250036,38.49652650434987,0.6266911342606818
17,Bakery,2024-11-06,39.769506818925926,38.71546645676785,39.494366732944535,1.0540403621580765
17,Bakery,2024-11-07,39.36682552062211,38.26676439550937,39.3794651463956,1.1127007508862334
17,Bakery,2024-11-08,40.37540967250416,39.633274334959935,40.38129691822995,0.7480225832700143
17,Bakery,2024-11-09,20.642903250335294,20.138884054291715,20.645202454770498,0.5063184004787828
17,Bakery,2024-11-10,20.23288287963976,19.83669576090956,20.23449744156689,0.3978016806573308
17,Bakery,2024-11-11,39.80352511178035,39.10112565576364,39.80205484999244,0.7023994560167139
17,Bakery,2024-11-12,40.34016226861698,39.74749709188377,40.339806283839366,0.5926651767332061
17,Bakery,2024-11-13,40.08811980287526,39.38456985390166,40.09108035517712,0.70651050127546
17,Bakery,2024-11-14,39.82075665291114,39.378510933050094,39.827580383212435,0.4490694501623409
17,Bakery,2024-11-15,49.5488046506181,49.573388141605555,49.562912338685486,0.02458349098745316
17,Bakery,2024-11-16,20.393641006010373,20.711497565822725,20.41147157101805,0.31785655981235195
17,Bakery,2024-11-17,20.16714721530407,20.706131911523705,20.186119917579884,0.5389846962196359
17,Bakery,2024-11-18,40.32266749280795,40.37847159341405,40.340839912510326,0.055804100606096085
17,Bakery,2024-11-19,39.417808996602275,39.669142512890154,39.44072305889291,0.2513335162878789
17,Bakery,2024-11-20,40.39141521706937,38.08794101898598,40.416505911991045,2.3285648930050655
17,Bakery,2024-11-21,40.24946087609528,39.879808102676364,40.27334444869767,0.3935363460213068
17,Bakery,2024-11-22,40.54718019893429,39.61740049963006,40.56962803514004,0.9522275355099836
17,Bakery,2024-11-23,20.54815269808329,19.830439176863273,20.56329694770494,0.7328577708416688
17,Bakery,2024-11-24,20.609076418931746,21.11995735041211,20.62096701700804,0.5108809314803651
17,Bakery,2024-11-25,40.51420453355045,39.69160863503991,40.52523579597092,0.8336271609310089
17,Bakery,2024-11-26,39.30502537437116,38.536506276116896,39.321827475961705,0.7853211998448089
17,Bakery,2024-11-27,40.25215779094823,39.17993339813256,40.27226569875339,1.092332300620825
17,Bakery,2024-11-28,73.27346665400754,69.18171935928683,73.28842001420716,4.106700654920331
17,Bakery,2024-11-29,43.123288779547835,43.059899212819204,43.13046299589165,0.07056378307244415
17,Bakery,2024-11-30,30.93973370713156,32.586371924276115,30.94845703379201,1.646638217144556
17,Bakery,2024-12-01,27.857671826690414,26.890325568269724,27.875328565017693,0.9850029967479692
17,Bakery,2024-12-02,48.680418730744876,47.626104357120774,48.703885865809255,1.0777815086884814
17,Bakery,2024-12-03,47.277191836604054,46.779524027654375,47.30075868206487,0.5212346544104918
17,Bakery,2024-12-04,48.07257497190925,47.38614962612788,48.09975965180717,0.7136100256792872
17,Bakery,2024-12-05,66.5735681531452,64.79954059916071,66.60063392706235,1.80109332790164
17,Bakery,2024-12-06,47.94480209508543,47.57821629735816,47.971590599451034,0.39337430209287305
17,Bakery,2024-12-07,27.4627635222828,27.276991009465544,27.479080835391798,0.20208982592625446
17,Bakery,2024-12-08,26.814245340986595,26.135760427925927,26.82316915486125,0.687408726935324
17,Bakery,2024-12-09,84.6010407547901,90.82322032207114,84.61352215029548,6.222179567281032
17,Bakery,2024-12-10,68.74594518782136,67.98061844089422,68.76318282255725,0.7825643816630361
17,Bakery,2024-12-11,48.19158486845124,47.38294594399799,48.20044576346612,0.8174998194681322
17,Bakery,2024-12-12,47.713779754803575,47.10077426605084,47.71260029278811,0.6130054887527336
17,Bakery,2024-12-13,48.43743697040762,48.31789735888137,48.43770730822039,0.11980994933902167
17,Bakery,2024-12-14,26.753963197462834,26.99777520981659,26.75832059510765,0.24381201235375727
17,Bakery,2024-12-15,35.98968895918909,36.67686753171098,35.99247231891815,0.6871785725218942
17,Bakery,2024-12-16,47.89158655901472,47.9471133657786,47.893716735665606,0.05552680676387922
17,Bakery,2024-12-17,46.732620946386916,46.61782294529532,46.737610731893554,0.11978778659823064
17,Bakery,2024-12-18,47.784442655954294,47.50109152128776,47.80368249677882,0.3025909754910572
17,Bakery,2024-12-19,47.30190620137185,46.74573349785669,47.32504807792383,0.5793145800671411
17,Bakery,2024-12-20,48.14338930243162,48.167984371976274,48.16385019570434,0.024595069544652404
17,Bakery,2024-12-21,26.715637907612393,26.143787664784156,26.734304546960143,0.5905168821759865
17,Bakery,2024-12-22,25.3171939807464,25.942675789853144,25.33855013474423,0.6254818091067449
17,Bakery,2024-12-23,48.32606587863377,48.026942520326784,48.35113637820109,0.324193857874306
17,Bakery,2024-12-24,47.1767173864501,46.60723232414104,47.2036663872292,0.5964340630881608
17,Bakery,2024-12-25,48.037431887558796,47.58424532985186,48.06351815346402,0.4792728236121562
17,Bakery,2024-12-26,47.76087552938545,47.1247154675856,47.78433946518578,0.6596239976001783
17,Bakery,2024-12-27,49.70924462587994,49.71734990480012,49.72931574214846,0.020071116268518097
17,Bakery,2024-12-28,28.644091266647482,28.33001933890684,28.66075090101052,0.33073156210367927
17,Bakery,2024-12-29,28.96337149538664,29.786854614062104,28.970948419093553,0.8234831186754654
17,Bakery,2024-12-30,49.059746963728024,48.971967625904895,49.06483859247379,0.0928709665688956
17,Bakery,2024-12-31,58.75573429844064,59.243167565724264,58.764243274409324,0.48743326728362035
17,Chocolate & Milk,2024-11-01,20.246744110690663,18.75145910644503,19.94559573888675,1.495285004245634
17,Chocolate & Milk,2024-11-02,9.635662029153412,8.521306405951863,9.379299449863147,1.1143556232015488
17,Chocolate & Milk,2024-11-03,9.528711842517547,7.947604376630336,9.255347385951376,1.5811074658872109
17,Chocolate & Milk,2024-11-04,19.720136267200665,18.19856601640344,19.290943155759983,1.5215702507972253
17,Chocolate & Milk,2024-11-05,19.108568766674374,17.919103044504514,18.647205430676525,1.1894657221698601
17,Chocolate & Milk,2024-11-06,19.004169236139422,17.648030911174814,18.756613769075837,1.3561383249646077
17,Chocolate & Milk,2024-11-07,19.470152642929744,18.24385570361694,19.47243714143928,1.2285814378223385
17,Chocolate & Milk,2024-11-08,19.96657920510919,19.1339045418406,19.958156880248655,0.8326746632685911
17,Chocolate & Milk,2024-11-09,9.587172117379856,9.041000133235677,9.57896447895063,0.5461719841441788
17,Chocolate & Milk,2024-11-10,9.452891993538367,8.372047217589955,9.449435241232793,1.080844775948412
17,Chocolate & Milk,2024-11-11,19.904215149018285,19.16388357550612,19.906690971234575,0.7428073957284553
17,Chocolate & Milk,2024-11-12,19.288946075984907,18.79277505782768,19.29570762442286,0.5029325665951809
17,Chocolate & Milk,2024-11-13,19.114901706784,18.75292006780775,19.121960078189854,0.3690400103821041
17,Chocolate & Milk,2024-11-14,19.295369074686437,19.18842359078809,19.299993354535726,0.11156976374763516
17,Chocolate & Milk,2024-11-15,24.615835202338545,24.55953676703063,24.623598000170276,0.06406123313964684
17,Chocolate & Milk,2024-11-16,9.312588833599602,9.036408766066817,9.326343660059138,0.28993489399232075
17,Chocolate & Milk,2024-11-17,9.241884790618316,8.876281354971184,9.252433785804735,0.3761524308335513
17,Chocolate & Milk,2024-11-18,19.542235939111325,19.31465382758512,19.551433154523288,0.23677932693816928
17,Chocolate & Milk,2024-11-19,18.85608449053592,18.44731206409606,18.876670899899665,0.4293588358036047
17,Chocolate & Milk,2024-11-20,18.929093206144046,17.63126750978131,18.949370833689304,1.3181033239079945
17,Chocolate & Milk,2024-11-21,19.53329766363077,18.55307694366195,19.542673832142082,0.9895968884801327
17,Chocolate & Milk,2024-11-22,19.545198992224382,18.93811369523076,19.55643136053087,0.6183176653001077
17,Chocolate & Milk,2024-11-23,9.239195628475267,8.746007857769577,9.261225693094234,0.5152178353246573
17,Chocolate & Milk,2024-11-24,9.143252161573974,9.23612009371286,9.163616866737804,0.09286793213888522
17,Chocolate & Milk,2024-11-25,19.74045647341962,19.420405599972366,19.76010357593897,0.33969797596660456
17,Chocolate & Milk,2024-11-26,19.16467707980478,19.168555997606113,19.19419331327478,0.02951623347000165
17,Chocolate & Milk,2024-11-27,19.63724204268786,19.288279995833953,19.664994811162067,0.3767148153281141
17,Chocolate & Milk,2024-11-28,36.10417221499849,34.8707055184709,36.12130702796829,1.2506015094973932
17,Chocolate & Milk,2024-11-29,20.943919957612028,20.86024718239573,20.95845411443578,0.09820693204004982
17,Chocolate & Milk,2024-11-30,15.06690974605996,15.489980515043573,15.08425595140641,0.42307076898361373
17,Chocolate & Milk,2024-12-01,12.685106390672514,12.478961330113275,12.70312171877218,0.22416038865890542
17,Chocolate & Milk,2024-12-02,23.469736068629324,23.410988990476852,23.485499409106648,0.0745104186297958
17,Chocolate & Milk,2024-12-03,23.070950239099503,23.02313480420977,23.09308714566494,0.06995234145516704
17,Chocolate & Milk,2024-12-04,22.834460222267833,22.74193201985638,22.860001749143514,0.11806972928713222
17,Chocolate & Milk,2024-12-05,33.108099993439644,32.70634470529311,33.134687311056766,0.42834260576365324
17,Chocolate & Milk,2024-12-06,23.561430149716575,23.666484787545905,23.588254925708014,0.10505463782932978
17,Chocolate & Milk,2024-12-07,12.807794749063621,12.702691359089117,12.836371102810169,0.13367974372105174
17,Chocolate & Milk,2024-12-08,12.407855248675846,12.197491646042982,12.434572609841748,0.23708096379876586
17,Chocolate & Milk,2024-12-09,39.09340872288045,42.85348829426293,39.1207362002554,3.7600795713824837
17,Chocolate & Milk,2024-12-10,32.9088148260619,32.49708572666053,32.94159725793698,0.44451153127644716
17,Chocolate & Milk,2024-12-11,23.06052371238177,22.890019283744802,23.083926108811806,0.1939068250670033
17,Chocolate & Milk,2024-12-12,23.01228771824278,22.95216092625358,23.02084681798117,0.06868589172758988
17,Chocolate & Milk,2024-12-13,23.718173097440143,23.89789513924708,23.728052396994276,0.17972204180693652
17,Chocolate & Milk,2024-12-14,12.806292600120258,12.8167654739213,12.820169449821606,0.013876849701347282
17,Chocolate & Milk,2024-12-15,17.550035380716615,17.756996289882842,17.561256649491135,0.20696090916622722
17,Chocolate & Milk,2024-12-16,23.68545364899655,23.742720514091168,23.701081503573928,0.057266865094618424
17,Chocolate & Milk,2024-12-17,22.669703953026414,22.58155554025843,22.69745306939655,0.1158975291381168
17,Chocolate & Milk,2024-12-18,23.295200709541245,23.290787486807638,23.318866200683967,0.02807871387632943
17,Chocolate & Milk,2024-12-19,23.375559137279893,23.3933576653938,23.39468642365353,0.019127286373635144
17,Chocolate & Milk,2024-12-20,23.658089895726494,23.604231335107986,23.6810669294474,0.07683559433941411
17,Chocolate & Milk,2024-12-21,12.739398109783398,12.559880557716763,12.760630726737574,0.2007501690208109
17,Chocolate & Milk,2024-12-22,11.95683108389929,12.189517411270849,11.9717127634886,0.23268632737155848
17,Chocolate & Milk,2024-12-23,23.629995489196535,23.60251517400119,23.64638899665035,0.04387382264916084
17,Chocolate & Milk,2024-12-24,23.029655473387432,22.984625310413715,23.04771634537313,0.06309103495941315
17,Chocolate & Milk,2024-12-25,23.577372009654436,23.606718690267947,23.582732725547608,0.029346680613510756
17,Chocolate & Milk,2024-12-26,23.206967170287548,23.907667820815323,23.195153830994663,0.7125139898206605
17,Chocolate & Milk,2024-12-27,24.926335203263662,24.999615701926686,24.914816323812524,0.0847993781141625
17,Chocolate & Milk,2024-12-28,13.985910868379591,13.961654467194668,13.98185946759984,0.024256401184922893
17,Chocolate & Milk,2024-12-29,14.340089861984367,14.50450303859681,14.341360507760598,0.16441317661244348
17,Chocolate & Milk,2024-12-30,24.71603978321862,24.99165909471721,24.719679856826446,0.2756193114985912
17,Chocolate & Milk,2024-12-31,29.26819270140873,29.754048262827204,29.281057846673278,0.4858555614184752
17,Coffee,2024-11-01,148.78816379525946,145.67996692343056,147.10862092001025,3.108196871828909
17,Coffee,2024-11-02,75.74562483084424,72.29459264329137,75.81963349281516,3.5250408495237906
17,Coffee,2024-11-03,75.30782427141278,71.14522831461711,75.11227310689824,4.16259595679567
17,Coffee,2024-11-04,148.348392346218,145.07550048423587,146.63274827040405,3.2728918619821172
17,Coffee,2024-11-05,146.63035162454807,143.47294396702472,144.0385924386612,3.1574076575233505
17,Coffee,2024-11-06,147.34969297350517,143.0991578827648,146.34648147065553,4.250535090740357
17,Coffee,2024-11-07,145.74133930093143,143.80545774077353,145.95613503867338,2.150677297899847
17,Coffee,2024-11-08,147.11430782532173,146.765078376933,147.37160374735728,0.6065253704242934
17,Coffee,2024-11-09,75.41345891327256,74.97119495890456,75.74613846937054,0.7749435104659739
17,Coffee,2024-11-10,74.82487028161087,74.48882733819643,75.21871191884411,0.7298845806476777
17,Coffee,2024-11-11,147.12483361601863,146.315984934195,147.44648859204673,1.1305036578517331
17,Coffee,2024-11-12,149.21333437522082,148.2061487691974,149.4661846966999,1.2600359275025141
17,Coffee,2024-11-13,147.59279059037883,147.1239997102805,147.86378427016868,0.7397845598881929
17,Coffee,2024-11-14,145.95301163159684,145.1573632368608,146.27054598435905,1.1131827474982572
17,Coffee,2024-11-15,181.05409477850847,182.5536178731902,181.40222932937812,1.4995230946817344
17,Coffee,2024-11-16,74.26499912502162,75.1893666427708,74.68323531924597,0.9243675177491895
17,Coffee,2024-11-17,74.19806519249804,75.37387553645186,74.62042072503134,1.1758103439538274
17,Coffee,2024-11-18,148.9850337556091,148.4898890250827,149.32043531775503,0.8305462926723237
17,Coffee,2024-11-19,175.48423109576157,177.0183837866083,175.76812527593387,1.5341526908467245
17,Coffee,2024-11-20,149.1487140509962,142.32346490065973,149.4664230118839,7.142958111224175
17,Coffee,2024-11-21,148.70236924647466,149.0131527129349,148.99891487901232,0.31078346646023647
17,Coffee,2024-11-22,148.9076596642246,148.4419773352979,149.2176605480984,0.7756832128004874
17,Coffee,2024-11-23,74.66653903993368,74.90592117323489,75.04167544223225,0.3751364022985655
17,Coffee,2024-11-24,74.82135825378109,79.53412790833724,75.21818286013459,4.712769654556155
17,Coffee,2024-11-25,149.11373725951643,148.7587603989852,149.45175043822806,0.6929900392428578
17,Coffee,2024-11-26,146.73032302484097,145.70685897248552,147.0724313613083,1.365572388822784
17,Coffee,2024-11-27,148.09870079962175,145.59535324543543,148.4395758110589,2.844222565623454
17,Coffee,2024-11-28,263.4284697156007,259.10526880419536,263.72351451843684,4.618245714241482
17,Coffee,2024-11-29,158.31948708222728,158.8737385387266,158.60367563435221,0.5542514564993155
17,Coffee,2024-11-30,113.18309776627943,116.66078801171865,113.56347492384948,3.47769024543922
17,Coffee,2024-12-01,99.01755174653042,97.74941727945148,99.41118779065386,1.661770511202377
17,Coffee,2024-12-02,177.04228970234036,175.15114247942125,177.3223336842747,2.171191204853443
17,Coffee,2024-12-03,175.92372161756933,172.934126279894,176.11007681937085,3.175950539476844
17,Coffee,2024-12-04,176.31591742675488,173.3448487563346,176.55057766421646,3.2057289078818485
17,Coffee,2024-12-05,248.0872287083448,239.5503734063376,248.3307182353579,8.780344829020294
17,Coffee,2024-12-06,175.83641898709578,174.50413743164668,176.050471318843,1.5463338871963117
17,Coffee,2024-12-07,100.93311706904055,98.32912064189664,101.13425067737965,2.8051300354830175
17,Coffee,2024-12-08,100.31890683631444,97.49059327577197,100.49728689448425,3.0066936187122764
17,Coffee,2024-12-09,302.4901295441927,337.2256696484045,302.5582369343824,34.73554010421179
17,Coffee,2024-12-10,252.04600550667644,243.59075826420914,252.0596195086013,8.468861244392144
17,Coffee,2024-12-11,177.67766508209178,175.24623638652918,177.70283715484356,2.456600768314388
17,Coffee,2024-12-12,176.50035186052332,173.63073247842053,176.555727430132,2.924994951711483
17,Coffee,2024-12-13,177.58858923668066,177.7457623412723,177.74680434883626,0.15821511215560236
17,Coffee,2024-12-14,100.15066882601513,99.88880765923489,100.39399387854039,0.5051862193055001
17,Coffee,2024-12-15,134.47020684499202,135.27724420935493,134.5914488398937,0.8070373643629125
17,Coffee,2024-12-16,180.82506039390748,179.54689505694708,180.8240118690475,1.2781653369603987
17,Coffee,2024-12-17,175.5291043250544,174.16279534517957,175.545338704615,1.3825433594354308
17,Coffee,2024-12-18,177.1592167994428,175.9306595515387,177.2477657518308,1.317106200292102
17,Coffee,2024-12-19,175.57312962325895,173.92723047295206,175.67054150770733,1.7433110347552656
17,Coffee,2024-12-20,178.0298304134512,177.4365248662993,178.1913331463352,0.7548082800359168
17,Coffee,2024-12-21,101.39062980894134,98.53772486091292,101.61942877374555,3.081703912832637
17,Coffee,2024-12-22,98.85176280026894,96.31802442619738,99.06834579629486,2.750321370097481
17,Coffee,2024-12-23,179.12659995611827,178.41389830984508,179.25806740468977,0.8441690948446876
17,Coffee,2024-12-24,176.11054058288013,175.39030769306743,176.23347404836693,0.8431663552995019
17,Coffee,2024-12-25,177.09907394303366,176.41176887591274,177.23015637178136,0.8183874958686204
17,Coffee,2024-12-26,177.30226827525632,177.5867091657348,177.44415181838124,0.2844408904784643
17,Coffee,2024-12-27,183.25564491351227,184.1369552764896,183.4462297262907,0.8813103629773309
17,Coffee,2024-12-28,107.83144799795662,106.24146083078443,108.14264120505294,1.901180374268506
17,Coffee,2024-12-29,109.06013033192696,109.12537808630293,109.400525236727,0.34039490480004986
17,Coffee,2024-12-30,183.82323916867472,185.09418819070922,184.1167438922157,1.2709490220345003
17,Coffee,2024-12-31,218.02398745927772,219.02432214204177,218.30928341065314,1.0003346827640485
17,Juice & Smoothie,2024-11-01,10.717142188639986,11.492545234997916,11.345941395262571,0.7754030463579298
17,Juice & Smoothie,2024-11-02,4.0956065837635816,5.021931457565797,4.437177101974834,0.9263248738022156
17,Juice & Smoothie,2024-11-03,4.369586531677262,4.913398169872152,4.488379738632207,0.5438116381948896
17,Juice & Smoothie,2024-11-04,11.192045489726377,11.5550086640787,11.359325119379632,0.3629631743523234
17,Juice & Smoothie,2024-11-05,10.884748263631353,11.448236032964758,11.086398401713012,0.5634877693334044
17,Juice & Smoothie,2024-11-06,10.95267077725304,11.577772093851861,10.86896135299681,0.7088107408550517
17,Juice & Smoothie,2024-11-07,10.810295915277582,11.390949282340031,10.823338632406061,0.5806533670624496
17,Juice & Smoothie,2024-11-08,11.15709744995063,12.001293763314559,11.165437574359885,0.8441963133639288
17,Juice & Smoothie,2024-11-09,4.375015785133982,5.265262519205992,4.379606793545526,0.8902467340720097
17,Juice & Smoothie,2024-11-10,4.451222056370944,5.232742039299135,4.45554378373309,0.7815199829281907
17,Juice & Smoothie,2024-11-11,11.604288525860873,12.162060606879338,11.609661937754995,0.5577720810184648
17,Juice & Smoothie,2024-11-12,11.455885760232695,11.99317082009984,11.463659888563413,0.5372850598671448
17,Juice & Smoothie,2024-11-13,11.128070166532154,11.865419186403043,11.140588233118944,0.737349019870889
17,Juice & Smoothie,2024-11-14,10.970552812012706,11.804407122061749,10.984869263526935,0.833854310049043
17,Juice & Smoothie,2024-11-15,14.458391377090587,15.282585912067502,14.470390727436268,0.8241945349769146
17,Juice & Smoothie,2024-11-16,4.392647467718065,5.450004102204627,4.402469999869632,1.0573566344865615
17,Juice & Smoothie,2024-11-17,4.736235290854806,5.543723528269574,4.747441585161946,0.807488237414768
17,Juice & Smoothie,2024-11-18,11.561809555111049,12.066906201853895,11.57641216638207,0.5050966467428459
17,Juice & Smoothie,2024-11-19,11.099775936113984,11.718133861869315,11.117981981167592,0.6183579257553316
17,Juice & Smoothie,2024-11-20,11.199420098093956,11.24956176694296,11.220870940879353,0.05014166884900462
17,Juice & Smoothie,2024-11-21,11.129234329012046,11.738834364774291,11.151227625240882,0.6096000357622451
17,Juice & Smoothie,2024-11-22,11.203304555883633,11.613644204245482,11.224874376531535,0.4103396483618482
17,Juice & Smoothie,2024-11-23,4.418029225771631,4.876954757315881,4.437391000184646,0.4589255315442493
17,Juice & Smoothie,2024-11-24,4.589834892442489,5.5916754479648425,4.6058726802602,1.001840555522353
17,Juice & Smoothie,2024-11-25,11.651098113657724,11.746842990517461,11.667630734588787,0.09574487685973665
17,Juice & Smoothie,2024-11-26,11.226345924202693,11.312706970896418,11.246423316895827,0.08636104669372457
17,Juice & Smoothie,2024-11-27,11.230169996890117,11.2187763723671,11.252931833686235,0.03415546131913416
17,Juice & Smoothie,2024-11-28,20.285479494221683,20.227070624913246,20.305793869803665,0.07872324489041915
17,Juice & Smoothie,2024-11-29,12.04064856057618,12.271154366159898,12.056647775440103,0.23050580558371792
17,Juice & Smoothie,2024-11-30,8.037397242253867,8.679686800097908,8.049501658904948,0.6422895578440411
17,Juice & Smoothie,2024-12-01,7.23184533083817,7.209204561826732,7.2417192287390435,0.032514666912311085
17,Juice & Smoothie,2024-12-02,14.041009226717183,14.023539305104396,14.050689335654763,0.027150030550366466
17,Juice & Smoothie,2024-12-03,13.696713725161846,13.70195184489832,13.70914987894387,0.012436153782024562
17,Juice & Smoothie,2024-12-04,13.76878888086491,13.582801962500476,13.786547129433558,0.2037451669330821
17,Juice & Smoothie,2024-12-05,20.29072824314331,19.767831311812124,20.309739796538324,0.5419084847261999
17,Juice & Smoothie,2024-12-06,13.894564115012372,13.928245223502525,13.910430975516574,0.03368110849015338
17,Juice & Smoothie,2024-12-07,6.863314112307554,6.93996493324997,6.875894440408654,0.07665082094241615
17,Juice & Smoothie,2024-12-08,6.767633707685679,6.730787653041979,6.780167728785511,0.04938007574353165
17,Juice & Smoothie,2024-12-09,26.74305026314455,29.369866347811225,26.75696337678638,2.6268160846666753
17,Juice & Smoothie,2024-12-10,21.18504205580257,20.904203689668957,21.20246671885157,0.29826302918261405
17,Juice & Smoothie,2024-12-11,13.92971285923145,13.842881964839428,13.95091494781045,0.1080329829710216
17,Juice & Smoothie,2024-12-12,13.873447158574184,13.603652327828605,13.89456081634614,0.2909084885175339
17,Juice & Smoothie,2024-12-13,14.107752170017905,14.276009791137845,14.125347857664027,0.16825762111994003
17,Juice & Smoothie,2024-12-14,6.8383552631443685,7.020061508389278,6.850869827520977,0.18170624524490986
17,Juice & Smoothie,2024-12-15,10.230109366171472,10.369516388539857,10.239046811983654,0.13940702236838476
17,Juice & Smoothie,2024-12-16,14.329784576644741,14.334628017284496,14.339677931268838,0.009893354624097128
17,Juice & Smoothie,2024-12-17,13.780164489650332,13.814286436872614,13.794157570424606,0.03412194722228179
17,Juice & Smoothie,2024-12-18,13.894270863944769,13.932527845932198,13.909595076438299,0.03825698198742877
17,Juice & Smoothie,2024-12-19,13.677630243994923,13.597040481991682,13.691806801669182,0.09476631967750038
17,Juice & Smoothie,2024-12-20,13.755550523885468,13.849426964215612,13.76760639601211,0.09387644033014375
17,Juice & Smoothie,2024-12-21,6.706795244427537,6.783673507447912,6.7170045762367625,0.07687826302037504
17,Juice & Smoothie,2024-12-22,6.944870469044725,6.813600850551013,6.954647472463951,0.14104662191293826
17,Juice & Smoothie,2024-12-23,14.449337133271397,14.36050221854817,14.45916102739359,0.09865880884541944
17,Juice & Smoothie,2024-12-24,13.872427153546443,13.73388023880593,13.883660784549711,0.14978054574378064
17,Juice & Smoothie,2024-12-25,13.720544264710693,13.743440315920033,13.733222849264067,0.02289605120934013
17,Juice & Smoothie,2024-12-26,13.589097910387459,13.854275957512687,13.60075472512081,0.26517804712522874
17,Juice & Smoothie,2024-12-27,14.601159446344646,14.66465137531409,14.609901546655674,0.06349192896944444
17,Juice & Smoothie,2024-12-28,7.573322425325239,7.582121860477699,7.579721741593066,0.008799435152459623
17,Juice & Smoothie,2024-12-29,7.663886786506781,7.8907653926605885,7.669611732747724,0.22687860615380728
17,Juice & Smoothie,2024-12-30,14.869648515412198,15.234421290754495,14.874671852213744,0.36477277534229735
17,Juice & Smoothie,2024-12-31,17.95276734103827,18.065483507576012,17.959624668570754,0.11271616653774075
17,Merchandise,2024-11-01,8.361330982926168,8.492250087683944,8.51094904026062,0.1496180573344521
17,Merchandise,2024-11-02,3.772036291617988,3.8579437255683655,3.9567785667302786,0.1847422751122907
17,Merchandise,2024-11-03,3.561933421619803,3.5865252874532385,3.7091026533077267,0.14716923168792384
17,Merchandise,2024-11-04,7.767132142071373,7.8472228857396775,8.174412312450384,0.40728017037901143
17,Merchandise,2024-11-05,7.536385814876322,7.5950621604042166,7.577996763933819,0.05867634552789447
17,Merchandise,2024-11-06,7.277557319658028,7.512193518247131,7.2992940239984065,0.23463619858910345
17,Merchandise,2024-11-07,7.558130626172827,7.693174412422217,7.551319047517228,0.1418553649049894
17,Merchandise,2024-11-08,8.305325181411561,8.314809963618032,8.299013095365565,0.015796868252467178
17,Merchandise,2024-11-09,3.8660206193028768,3.985007774424299,3.8598901595546544,0.12511761486964446
17,Merchandise,2024-11-10,3.831590321452873,4.01374667783381,3.824113207163279,0.1896334706705307
17,Merchandise,2024-11-11,7.792054568788982,7.91373169241753,7.7846708892093694,0.12906080320816038
17,Merchandise,2024-11-12,7.405236643583641,7.6663126906727035,7.398503760458618,0.2678089302140858
17,Merchandise,2024-11-13,7.277492557059319,7.750559546308232,7.273495577297615,0.47706396901061776
17,Merchandise,2024-11-14,7.712733050431821,8.120587992343255,7.71195882146599,0.4086291708772647
17,Merchandise,2024-11-15,10.774896055551228,10.764149561528335,10.776264786396556,0.012115224868221475
17,Merchandise,2024-11-16,3.829197005363071,4.124239151833171,3.8322315881328657,0.2950421464701001
17,Merchandise,2024-11-17,3.5424670645466456,3.803942068475348,3.5438472231257867,0.2614750039287026
17,Merchandise,2024-11-18,7.815488118362425,7.955238892644161,7.817947386158073,0.13975077428173588
17,Merchandise,2024-11-19,7.469808589762337,7.521568737292995,7.473837839886002,0.05176014753065772
17,Merchandise,2024-11-20,7.39814357114272,7.582608209476252,7.405607309789328,0.184464638333532
17,Merchandise,2024-11-21,7.739422152576666,7.6743727355933595,7.7474133200969275,0.07304058450356798
17,Merchandise,2024-11-22,8.42562958466002,8.104004836227993,8.435186400410391,0.33118156418239764
17,Merchandise,2024-11-23,3.8679142313165915,3.5628354733077914,3.879599868304042,0.3167643949962504
17,Merchandise,2024-11-24,3.6869842684523464,3.73053105130953,3.697247152580079,0.04354678285718361
17,Merchandise,2024-11-25,7.876597760134072,7.734201993143013,7.8867661057366245,0.1525641125936117
17,Merchandise,2024-11-26,7.560015592912776,7.417099271878205,7.570976412897076,0.15387714101887084
17,Merchandise,2024-11-27,7.506654446091012,7.503471731079021,7.5184450753828695,0.01497334430384889
17,Merchandise,2024-11-28,13.89728883219091,13.506147837654515,13.90917211702908,0.40302427937456464
17,Merchandise,2024-11-29,9.135269660392815,8.947856166582994,9.147143854988181,0.19928768840518707
17,Merchandise,2024-11-30,6.405571634129746,6.432012045044863,6.418209019538962,0.026440410915117063
17,Merchandise,2024-12-01,5.242221838404762,4.937755876325455,5.25326622369257,0.31551034736711525
17,Merchandise,2024-12-02,9.760459068591803,9.470321731064887,9.771338790624213,0.3010170595593262
17,Merchandise,2024-12-03,9.261814841583249,9.015567206036401,9.271017154096768,0.2554499480603667
17,Merchandise,2024-12-04,9.180512912416765,8.924683503247461,9.189412325053937,0.26472882180647517
17,Merchandise,2024-12-05,13.94165347661313,13.340282903117728,13.950196746523229,0.6099138434055007
17,Merchandise,2024-12-06,9.967632344312396,9.740231701942328,9.976356639914943,0.23612493797261536
17,Merchandise,2024-12-07,5.413664486695392,5.183228790419343,5.422068546029952,0.23883975561060922
17,Merchandise,2024-12-08,5.277410085465176,4.957531789579237,5.283574568693615,0.3260427791143776
17,Merchandise,2024-12-09,15.53686191102065,16.85013853314924,15.541202372099802,1.3132766221285923
17,Merchandise,2024-12-10,13.865435079340212,13.122489695410602,13.86845200106684,0.7459623056562386
17,Merchandise,2024-12-11,8.991298051780124,8.695345486091899,8.995009597917726,0.29966411182582675
17,Merchandise,2024-12-12,9.448618661427371,9.12330694316085,9.454094493832967,0.33078755067211674
17,Merchandise,2024-12-13,10.174393007305593,9.977722311846698,10.180880973317306,0.20315866147060824
17,Merchandise,2024-12-14,5.27554098075911,5.102699467987267,5.281990118447982,0.17929065046071457
17,Merchandise,2024-12-15,7.268554050896271,7.147622122092499,7.272053859306804,0.12443173721430512
17,Merchandise,2024-12-16,9.618526488677176,9.442646713934689,9.622193232903808,0.17954651896911855
17,Merchandise,2024-12-17,9.253319747542118,9.071642879752705,9.257494896062815,0.1858520163101094
17,Merchandise,2024-12-18,9.230671762598,9.01592479853928,9.235135331536863,0.2192105329975842
17,Merchandise,2024-12-19,9.377165184776098,9.073504609765596,9.381548889438882,0.30804427967328607
17,Merchandise,2024-12-20,10.151859079407163,9.813462839201145,10.157243749663477,0.34378091046233195
17,Merchandise,2024-12-21,5.35826991626137,5.183182828837269,5.362882045739803,0.17969921690253354
17,Merchandise,2024-12-22,4.970130204713843,5.04433581213233,4.971602044884712,0.07420560741848625
17,Merchandise,2024-12-23,9.687502559140388,9.482432941489868,9.68691429057024,0.20506961765051912
17,Merchandise,2024-12-24,9.2258628293178,8.919371628976624,9.224021600637487,0.30649120034117594
17,Merchandise,2024-12-25,9.126162702364656,8.85107946614022,9.124282450570583,0.275083236224436
17,Merchandise,2024-12-26,9.480161878869383,9.428563064995014,9.478237409537092,0.05159881387436904
17,Merchandise,2024-12-27,10.48392544028921,10.344571187656957,10.481397703486143,0.13935425263225376
17,Merchandise,2024-12-28,5.783857873259025,5.660137152295926,5.781925807080961,0.1237207209630995
17,Merchandise,2024-12-29,5.701041374794494,5.556376878857732,5.699478632195568,0.14466449593676245
17,Merchandise,2024-12-30,10.212122471684284,10.278754772740267,10.211498621306582,0.06725615143368557
17,Merchandise,2024-12-31,12.008948311690041,11.859967935862835,12.008426531752988,0.1489803758272057
17,Savory Bakery,2024-11-01,31.583955848695815,30.458500825149528,30.492974504508837,1.1254550235462872
17,Savory Bakery,2024-11-02,16.02283933268302,15.168140967241008,15.074958742177033,0.9478805905059868
17,Savory Bakery,2024-11-03,16.18575619121405,15.209368384087554,15.071906006579162,1.113850184634888
17,Savory Bakery,2024-11-04,31.16036009757422,29.99913923039317,30.400687662362717,1.1612208671810507
17,Savory Bakery,2024-11-05,31.061552583763486,30.99360490791043,30.77307056709304,0.2884820166704465
17,Savory Bakery,2024-11-06,30.77227978578128,30.174369249319987,31.120719693257392,0.9463504439374049
17,Savory Bakery,2024-11-07,31.141696695388877,30.60792907863597,31.15665532860275,0.54872624996678
17,Savory Bakery,2024-11-08,32.030822485066494,31.837988923555773,32.047259707203814,0.20927078364804075
17,Savory Bakery,2024-11-09,16.262006158805118,16.041993553907304,16.28079605854924,0.2388025046419351
17,Savory Bakery,2024-11-10,16.14428670375254,15.804628905989752,16.172750266343915,0.3681213603541629
17,Savory Bakery,2024-11-11,31.251885686844602,30.698774517354018,31.279851132943115,0.5810766155890974
17,Savory Bakery,2024-11-12,31.37314611165445,31.054547674260387,31.397538266625343,0.34299059236495566
17,Savory Bakery,2024-11-13,30.915010342602624,30.586124334226923,30.93940021644054,0.35327588221361594
17,Savory Bakery,2024-11-14,30.81032769178367,30.54974112693102,30.834584326717895,0.28484319978687367
17,Savory Bakery,2024-11-15,39.01697802779104,38.76583037228794,39.046021827662614,0.28019145537467693
17,Savory Bakery,2024-11-16,15.897323247903769,15.689601616720733,15.934560462693343,0.24495884597260975
17,Savory Bakery,2024-11-17,15.89142788549404,15.68112722132995,15.922182535101715,0.24105531377176526
17,Savory Bakery,2024-11-18,31.39934343777813,30.54546803760554,31.42678909662045,0.8813210590149083
17,Savory Bakery,2024-11-19,36.63126430343903,36.74592341041307,36.65876813117238,0.11465910697403814
17,Savory Bakery,2024-11-20,30.29690387873124,29.998088361568445,30.32720873039011,0.3291203688216662
17,Savory Bakery,2024-11-21,30.871027317059212,30.22666133813053,30.896486005386812,0.6698246672562824
17,Savory Bakery,2024-11-22,31.52885869884083,30.926792898017936,31.557119551660442,0.6303266536425056
17,Savory Bakery,2024-11-23,16.073704983406223,15.719076922760886,16.104486177106775,0.38540925434588935
17,Savory Bakery,2024-11-24,15.595750468213648,16.258152440334385,15.62303281867207,0.6624019721207368
17,Savory Bakery,2024-11-25,32.08272327711254,31.363338498511407,32.10788438127392,0.7445458827625124
17,Savory Bakery,2024-11-26,30.834731073418528,29.98208446014954,30.864655390620946,0.882570930471406
17,Savory Bakery,2024-11-27,31.46094174338401,30.801256499100237,31.50141827069514,0.7001617715949031
17,Savory Bakery,2024-11-28,57.050008283148976,55.19048799760755,57.09773953915624,1.907251541548689
17,Savory Bakery,2024-11-29,33.16640848824311,33.52054118570143,33.21168254927786,0.35413269745832565
17,Savory Bakery,2024-11-30,23.971132288671228,24.862828361663247,24.01872667669959,0.8916960729920191
17,Savory Bakery,2024-12-01,21.305952954480908,20.64195978761377,21.352029352197967,0.7100695645841952
17,Savory Bakery,2024-12-02,36.58512424831372,36.46853594272089,36.62634929830636,0.15781335558546772
17,Savory Bakery,2024-12-03,36.5842820493194,36.199873881458544,36.60819454423701,0.4083206627784648
17,Savory Bakery,2024-12-04,36.135862611906596,35.49717088062192,36.16120268131916,0.6640318006972379
17,Savory Bakery,2024-12-05,51.162527977239,50.1677074660842,51.192343629561215,1.0246361634770125
17,Savory Bakery,2024-12-06,36.90752107034462,36.92708425974487,36.942234107802335,0.03471303745771337
17,Savory Bakery,2024-12-07,20.802428729532696,20.877240809799424,20.832148159518233,0.07481208026672803
17,Savory Bakery,2024-12-08,20.536589563559144,20.18298635614051,20.560679157346403,0.37769280120589244
17,Savory Bakery,2024-12-09,65.567197972645,70.51736196570451,65.59005575462227,4.950163993059505
17,Savory Bakery,2024-12-10,52.709429389583995,52.28794427868595,52.72974225665684,0.44179797797089293
17,Savory Bakery,2024-12-11,36.72015845560447,36.53424772342539,36.72324876866719,0.1890010452418025
17,Savory Bakery,2024-12-12,36.61639931146678,36.43059245162608,36.621766609996456,0.191174158370373
17,Savory Bakery,2024-12-13,37.64575615928163,37.64812024697312,37.66948657831218,0.0237304190305494
17,Savory Bakery,2024-12-14,20.838590334374846,20.956716632684014,20.87556708525308,0.11812629830916777
17,Savory Bakery,2024-12-15,28.57504343052073,28.90601983291467,28.6044584329411,0.3309764023939401
17,Savory Bakery,2024-12-16,36.97296321816745,37.11917477829039,37.00311896667963,0.14621156012294279
17,Savory Bakery,2024-12-17,36.091364198736656,36.18416877086662,36.12855454661225,0.09280457212996396
17,Savory Bakery,2024-12-18,36.425516436604475,36.49308783625406,36.462938630541274,0.06757139964958725
17,Savory Bakery,2024-12-19,35.99619294069905,35.752769934747946,36.03083837367022,0.2780684389222756
17,Savory Bakery,2024-12-20,36.79700178369042,36.83075783772919,36.82789288652553,0.03375605403876847
17,Savory Bakery,2024-12-21,20.41354616313086,20.15209579703044,20.44404698485041,0.29195118781996854
17,Savory Bakery,2024-12-22,20.209765613524453,20.207597324742803,20.24138709366509,0.033789768922286356
17,Savory Bakery,2024-12-23,37.321333411621104,37.522517127067786,37.343778101153,0.2011837154466818
17,Savory Bakery,2024-12-24,36.556654259418096,36.683344977447476,36.569449341686905,0.12669071802937992
17,Savory Bakery,2024-12-25,36.45471880144162,36.46614724577233,36.45960208502778,0.01142844433071133
17,Savory Bakery,2024-12-26,35.26414533751488,37.12826840829804,35.272617672783795,1.8641230707831582
17,Savory Bakery,2024-12-27,38.15517789744384,38.44936627475621,38.1659286698098,0.29418837731236636
17,Savory Bakery,2024-12-28,22.340817886567073,22.090905071770305,22.363331424839863,0.27242635306955876
17,Savory Bakery,2024-12-29,22.64843184461851,22.69498231842359,22.67945193515494,0.04655047380508037
17,Savory Bakery,2024-12-30,38.05777912004149,38.470271068865806,38.093961207139266,0.41249194882431794
17,Savory Bakery,2024-12-31,44.588421232162226,45.08717474017185,44.61714940617945,0.4987535080096208
17,Tea,2024-11-01,40.505170987156035,41.47643483335969,42.482043462622954,1.9768724754669194
17,Tea,2024-11-02,19.519395022160342,20.44731693939866,20.335850955286876,0.9279219172383186
17,Tea,2024-11-03,19.90736050184192,20.720201905679033,21.21453684222349,1.3071763403815702
17,Tea,2024-11-04,41.47241737658743,41.34108958755247,42.3603931922247,1.0193036046722312
17,Tea,2024-11-05,40.85097820921524,41.498576537240595,41.48751565073656,0.647598328025353
17,Tea,2024-11-06,40.41844178538892,39.12175076755751,41.15311445050728,2.031363682949774
17,Tea,2024-11-07,41.62733312865895,41.1627332751137,41.652644986488,0.48991171137429745
17,Tea,2024-11-08,42.44658269076029,42.52473657627921,42.43513843855897,0.0895981377202375
17,Tea,2024-11-09,21.146410108545556,19.952912743522862,21.115515928074135,1.1934973650226937
17,Tea,2024-11-10,20.870949317669723,20.370848213582065,20.866809901332047,0.5001011040876584
17,Tea,2024-11-11,41.61254502025904,40.98468644631963,41.635649750271185,0.6509633039515563
17,Tea,2024-11-12,41.98992005629085,41.8572706176168,42.01244846512591,0.15517784750910835
17,Tea,2024-11-13,41.72129438265738,41.92366092088256,41.745702636188334,0.2023665382251778
17,Tea,2024-11-14,41.565452585781046,41.797189973475966,41.596022007165814,0.23173738769492047
17,Tea,2024-11-15,52.79188920312134,53.1965583527063,52.81672794473348,0.40466914958495437
17,Tea,2024-11-16,20.914455111689925,21.5243976942741,20.947404417020593,0.6099425825841749
17,Tea,2024-11-17,20.78062684408663,21.109939080204214,20.850940832174818,0.329312236117584
17,Tea,2024-11-18,41.764012770511265,41.71879394183063,41.860114817576296,0.141320875745663
17,Tea,2024-11-19,49.1090856565133,50.90614927046421,49.20775043979063,1.797063613950911
17,Tea,2024-11-20,41.89860132507283,41.800329524152176,42.00042199263525,0.20009246848307782
17,Tea,2024-11-21,42.02297639059199,42.72521271114405,42.128553943063594,0.7022363205520605
17,Tea,2024-11-22,42.06517239054584,43.07784136625418,42.1821829772883,1.012668975708337
17,Tea,2024-11-23,21.195339006234942,21.812329277822872,21.32454712920874,0.6169902715879303
17,Tea,2024-11-24,21.122851576754943,22.653505057140016,21.246583106080898,1.530653480385073
17,Tea,2024-11-25,42.7441875494821,42.28866479919635,42.85768538152689,0.5690205823305448
17,Tea,2024-11-26,41.509698549975035,41.70325487591971,41.628589261861656,0.19355632594467664
17,Tea,2024-11-27,41.96388823228821,41.689253480444464,42.08112044326922,0.3918669628247571
17,Tea,2024-11-28,76.48217629913586,74.4582592513589,76.59240144019472,2.134142188835824
17,Tea,2024-11-29,44.890911648268236,45.502953783806944,45.00408962907095,0.612042135538708
17,Tea,2024-11-30,31.56375533431841,33.67194526966568,31.685248886518718,2.1081899353472657
17,Tea,2024-12-01,27.606153228880668,27.574098271144802,27.71081652002023,0.13671824887542883
17,Tea,2024-12-02,49.51169002230667,49.41999739800887,49.58121426809086,0.1612168700819936
17,Tea,2024-12-03,49.17420039798838,48.73482526542059,49.20959969933028,0.474774433909694
17,Tea,2024-12-04,49.369153802965755,48.995093871206436,49.415551724221686,0.4204578530152503
17,Tea,2024-12-05,69.8778480887229,68.96117054945655,69.95345918357167,0.9922886341151127
17,Tea,2024-12-06,50.0458479657958,50.11535127264357,50.13559533570667,0.08974736991086729
17,Tea,2024-12-07,27.912044497763677,28.15896422390505,28.010499786189776,0.24691972614137114
17,Tea,2024-12-08,27.611702672490328,27.12729881844898,27.713746576868786,0.5864477584198049
17,Tea,2024-12-09,82.34619147758062,89.94018708865927,82.4332358871485,7.593995611078654
17,Tea,2024-12-10,70.48283197311486,69.83614500811012,70.5624052410001,0.7262602328899845
17,Tea,2024-12-11,49.67779259021612,49.59149823834859,49.77749082533657,0.18599258698797883
17,Tea,2024-12-12,49.47003616161585,49.35996858759595,49.580489026662924,0.2205204390669735
17,Tea,2024-12-13,50.31761167177859,49.99138694049946,50.42156318523082,0.4301762447313635
17,Tea,2024-12-14,27.358124909385623,27.67007110153128,27.455285648637286,0.31194619214565833
17,Tea,2024-12-15,37.76359578364933,38.0889473580812,37.846804221898324,0.32535157443187046
17,Tea,2024-12-16,49.98975558834118,50.43915039977918,50.070996962485005,0.44939481143799753
17,Tea,2024-12-17,49.01073151357076,48.72848944361713,49.0964022875545,0.36791284393736845
17,Tea,2024-12-18,49.68882041747439,49.408390682875925,49.768948412020606,0.36055772914468065
17,Tea,2024-12-19,49.45676034801523,48.9148790776159,49.53063210274703,0.6157530251311272
17,Tea,2024-12-20,49.98836967671077,50.009396543592835,50.06191779414897,0.07354811743820022
17,Tea,2024-12-21,27.628556995210428,27.20138516259019,27.697011050429275,0.49562588783908623
17,Tea,2024-12-22,26.83874235103921,26.737876983109846,26.905872690464435,0.16799570735458857
17,Tea,2024-12-23,49.86637685984783,49.9507820805673,49.951773916328484,0.08539705648065166
17,Tea,2024-12-24,49.06338172562483,49.04122235323449,49.1471782638779,0.10595591064340937
17,Tea,2024-12-25,49.526790216068925,48.80557428319673,49.5695725983394,0.7639983151426719
17,Tea,2024-12-26,49.15492214963557,49.86830877511063,49.152053163921856,0.716255611188771
17,Tea,2024-12-27,52.22337986026834,52.86723548256549,52.19724825217132,0.6699872303941703
17,Tea,2024-12-28,30.243137593932513,30.168561214176695,30.242013557300982,0.07457637975581832
17,Tea,2024-12-29,30.50779043214477,30.731651997074174,30.53514311197174,0.223861564929404
17,Tea,2024-12-30,51.985531985079874,53.2216773079634,52.01647552444528,1.236145322883523
17,Tea,2024-12-31,61.694983240447996,62.32279875272118,61.72107726847798,0.6278155122731803
18,Bakery,2024-11-01,18.054030191331957,17.852316839358547,18.024416689884703,0.20171335197341023
18,Bakery,2024-11-02,21.290622429433462,21.288199718997472,21.297518602616723,0.00931888361925104
18,Bakery,2024-11-03,21.36917605586032,21.190359521540373,21.2965425235216,0.17881653431994593
18,Bakery,2024-11-04,18.610683764572293,18.385677395842613,18.655872726583485,0.2701953307408722
18,Bakery,2024-11-05,17.5855031501533,17.59953355910862,17.67271058212774,0.08720743197443781
18,Bakery,2024-11-06,17.518077617229213,17.719034096363302,17.515805158734956,0.20322893762834582
18,Bakery,2024-11-07,17.618313654599508,17.850261314648215,17.611748681725363,0.23851263292285196
18,Bakery,2024-11-08,18.08602827334255,18.52632993998821,18.08431384681984,0.44201609316836965
18,Bakery,2024-11-09,25.75435076001269,25.883655484560126,25.75741127503087,0.1293047245474348
18,Bakery,2024-11-10,21.50959744550544,21.793692968727935,21.513961403601026,0.28409552322249354
18,Bakery,2024-11-11,18.303184691270115,18.40464436799389,18.301133675359477,0.10351069263441204
18,Bakery,2024-11-12,17.654789812868863,17.716387489904537,17.647847354054456,0.0685401358500819
18,Bakery,2024-11-13,20.689562245390555,22.089597244400224,20.682654898418775,1.4069423459814487
18,Bakery,2024-11-14,21.36185181235179,22.592616957941654,21.360818367236643,1.2317985907050115
18,Bakery,2024-11-15,38.926465550421675,37.435171431568726,38.928177824494256,1.4930063929255297
18,Bakery,2024-11-16,21.476482855687795,21.678138778814528,21.483488912676926,0.20165592312673297
18,Bakery,2024-11-17,21.52974951896029,21.76586641690522,21.537443990036305,0.23611689794492818
18,Bakery,2024-11-18,19.218012829254793,18.78701125070556,19.224615470006086,0.43760421930052473
18,Bakery,2024-11-19,17.823706279908837,17.902649828436573,17.825989760432726,0.07894354852773589
18,Bakery,2024-11-20,17.760737330860675,18.17611983135782,17.76096575962994,0.4153825004971452
18,Bakery,2024-11-21,17.788522356138653,17.937471007981824,17.786349457739817,0.15112155024200646
18,Bakery,2024-11-22,25.4155419678963,27.121013123578102,25.41752571974061,1.7054711556818027
18,Bakery,2024-11-23,29.277804055242537,31.17171566975768,29.28655591744132,1.8939116145151438
18,Bakery,2024-11-24,29.23324712036139,30.970105489978437,29.244414031597806,1.736858369617046
18,Bakery,2024-11-25,26.074913913532214,27.632705091727193,26.079310023851505,1.5577911781949787
18,Bakery,2024-11-26,25.625122011004642,26.989959416394395,25.626093304122495,1.3648374053897534
18,Bakery,2024-11-27,25.184983577241265,26.440650328173582,25.18247220606064,1.258178122112941
18,Bakery,2024-11-28,25.29458932010476,26.86877892330977,25.29189149293226,1.5768874303775107
18,Bakery,2024-11-29,26.985576173284727,29.21102241079953,26.983265787134304,2.2277566236652255
18,Bakery,2024-11-30,35.61683089690111,35.963352222366495,35.61970979894018,0.34652132546538894
18,Bakery,2024-12-01,28.71155206147852,29.029518353815778,28.717649952676048,0.3179662923372568
18,Bakery,2024-12-02,25.764224802397592,25.52213854036666,25.771438738983726,0.24930019861706398
18,Bakery,2024-12-03,24.66028201772271,24.606313778533284,24.66778249923142,0.06146872069813725
18,Bakery,2024-12-04,24.651681333886167,24.82486644952645,24.661013281393004,0.17318511564028327
18,Bakery,2024-12-05,34.45897221302975,34.44872029012457,34.46930289739351,0.0205826072689419
18,Bakery,2024-12-06,23.65935207596662,23.7878629300848,23.673954297598815,0.1285108541181792
18,Bakery,2024-12-07,28.1408190329119,28.6454840654506,28.159713778201237,0.5046650325386999
18,Bakery,2024-12-08,28.102218142702597,28.672998708417065,28.122391443364798,0.5707805657144682
18,Bakery,2024-12-09,30.908370745384843,30.371904091035688,30.919477388017825,0.5475732969821365
18,Bakery,2024-12-10,40.54368332503989,40.132194503686605,40.54883306195838,0.416638558271778
18,Bakery,2024-12-11,29.994927487011722,30.117005993906975,29.997767106836058,0.12207850689525301
18,Bakery,2024-12-12,33.09368684015636,33.60887561495731,33.096600181397385,0.5151887748009543
18,Bakery,2024-12-13,33.420877342481525,34.07953222008629,33.4210893588186,0.6586548776047678
18,Bakery,2024-12-14,38.51536502262239,39.263628265567576,38.514294178686356,0.7493340868812197
18,Bakery,2024-12-15,36.449639301518474,36.14590734188461,36.441825907573175,0.3037319596338648
18,Bakery,2024-12-16,21.976836607202394,21.951885387364573,21.96398809430764,0.02495121983782056
18,Bakery,2024-12-17,26.821722761691014,28.080207972206974,26.807946273737123,1.2722616984698512
18,Bakery,2024-12-18,20.89002561601245,21.16287444573292,20.877787188199346,0.28508725753357567
18,Bakery,2024-12-19,21.06100776564286,21.253296021775757,21.045705594136397,0.2075904276393601
18,Bakery,2024-12-20,40.11546846939718,40.66104983094376,40.101848841245975,0.5592009896977856
18,Bakery,2024-12-21,25.867304444493982,25.938441677830937,25.856016457938168,0.08242521989276952
18,Bakery,2024-12-22,25.47500230130195,25.58991740839763,25.466628194099695,0.12328921429793382
18,Bakery,2024-12-23,22.05865760902861,22.127296645104337,22.047739440309496,0.07955720479484185
18,Bakery,2024-12-24,21.21599721146061,21.397043013795106,21.204766063040843,0.19227695075426254
18,Bakery,2024-12-25,39.86709637719051,40.90541622101263,39.8555979886352,1.0498182323774259
18,Bakery,2024-12-26,21.079869158366268,21.0767013256547,21.06982683505488,0.010042323311388657
18,Bakery,2024-12-27,21.573775291837958,21.685910125545828,21.567390048549054,0.11852007699677358
18,Bakery,2024-12-28,25.836751583961025,25.78351452030534,25.83572782487143,0.053237063655686256
18,Bakery,2024-12-29,25.608900028821246,26.70395416214866,25.608704693972612,1.0952494681760463
18,Bakery,2024-12-30,20.122763827236312,21.770956518307834,20.121425675900674,1.6495308424071595
18,Bakery,2024-12-31,25.39611303371084,26.53467320197735,25.393529017338576,1.1411441846387724
18,Chocolate & Milk,2024-11-01,9.280077868197667,9.010725329065352,8.941931349594412,0.3381465186032546
18,Chocolate & Milk,2024-11-02,11.248307277682777,11.367008343746804,10.863632139374566,0.5033762043722376
18,Chocolate & Milk,2024-11-03,11.24823606567145,10.968975901616506,11.121673775971345,0.2792601640549446
18,Chocolate & Milk,2024-11-04,9.701414140732115,9.076181186830857,9.68487833489341,0.6252329539012589
18,Chocolate & Milk,2024-11-05,9.191885358884146,8.659919969580423,9.180796900349488,0.5319653893037231
18,Chocolate & Milk,2024-11-06,9.054597281125394,8.54525446651418,9.034764888229448,0.5093428146112142
18,Chocolate & Milk,2024-11-07,8.965023358681407,8.44365482790106,8.970665186044664,0.5270103581436043
18,Chocolate & Milk,2024-11-08,9.156546745327052,8.684318882965819,9.165660918011124,0.48134203504530504
18,Chocolate & Milk,2024-11-09,13.494639886811472,12.70208607841432,13.508761898291313,0.8066758198769932
18,Chocolate & Milk,2024-11-10,11.36956204512298,10.923638517828042,11.38811895758205,0.46448043975400743
18,Chocolate & Milk,2024-11-11,9.476266158903165,8.86750271488938,9.49158754928409,0.6240848343947096
18,Chocolate & Milk,2024-11-12,8.992617323613663,8.464305175434045,9.001129207158622,0.536824031724576
18,Chocolate & Milk,2024-11-13,10.376469270641028,10.841744395065813,10.381384191535638,0.46527512442478525
18,Chocolate & Milk,2024-11-14,10.618462191312162,10.993611318223781,10.624101335125928,0.3751491269116194
18,Chocolate & Milk,2024-11-15,20.42571492625288,19.138080532987374,20.4341607273916,1.296080194404226
18,Chocolate & Milk,2024-11-16,11.056964143808225,10.843959968521258,11.069107876146928,0.22514790762567038
18,Chocolate & Milk,2024-11-17,11.023283271533222,10.948996471871617,11.037634516842326,0.08863804497070937
18,Chocolate & Milk,2024-11-18,9.667499623787332,9.73569743293821,9.682018968313834,0.06819780915087748
18,Chocolate & Milk,2024-11-19,9.069306424853147,8.759948117284605,9.080861956687572,0.3209138394029676
18,Chocolate & Milk,2024-11-20,9.044995498030842,8.747312576349554,9.053352238870794,0.3060396625212398
18,Chocolate & Milk,2024-11-21,8.919916418147997,8.68704022279426,8.925327963420472,0.2382877406262125
18,Chocolate & Milk,2024-11-22,9.126726124450489,8.737610362289669,9.135337467048494,0.39772710475882533
18,Chocolate & Milk,2024-11-23,11.155949303497643,10.825856050442486,11.170143770813768,0.3442877203712822
18,Chocolate & Milk,2024-11-24,11.200745416062864,11.301438392775225,11.217327487678581,0.10069297671236122
18,Chocolate & Milk,2024-11-25,9.368102209655794,9.24329938515557,9.383183254635341,0.13988386947977105
18,Chocolate & Milk,2024-11-26,9.085043356709976,8.90782813840848,9.095837934541573,0.18800979613309288
18,Chocolate & Milk,2024-11-27,8.952803386496777,8.91734771947213,8.958320261086811,0.040972541614682
18,Chocolate & Milk,2024-11-28,8.945849706630966,8.888790595773862,8.948313708230158,0.05952311245629538
18,Chocolate & Milk,2024-11-29,9.478664852451,9.890504685624856,9.481943982208389,0.41183983317385575
18,Chocolate & Milk,2024-11-30,15.682652458478943,16.40047763472314,15.69143001342361,0.7178251762441956
18,Chocolate & Milk,2024-12-01,15.06357364208624,15.271246027601016,15.075323731258834,0.20767238551477618
18,Chocolate & Milk,2024-12-02,13.241020752420257,13.316558244242287,13.252662157838424,0.07553749182203084
18,Chocolate & Milk,2024-12-03,12.902097001286192,13.019604815604907,12.908590771752241,0.11750781431871538
18,Chocolate & Milk,2024-12-04,12.786618119751132,12.877706369699181,12.789770284073182,0.09108824994804898
18,Chocolate & Milk,2024-12-05,18.591341055476715,18.55440373425418,18.591627524384986,0.03722379013080612
18,Chocolate & Milk,2024-12-06,13.165285612392887,13.42386355201382,13.166790832075138,0.2585779396209329
18,Chocolate & Milk,2024-12-07,15.582471034967337,15.841902052025143,15.588749199003887,0.25943101705780514
18,Chocolate & Milk,2024-12-08,15.931145148947047,16.338366587774786,15.940697243363847,0.4072214388277384
18,Chocolate & Milk,2024-12-09,16.590810864401075,16.41032925370972,16.59825670791033,0.18792745420061152
18,Chocolate & Milk,2024-12-10,22.31875467082169,21.974068247977392,22.32075324430586,0.3466849963284666
18,Chocolate & Milk,2024-12-11,15.992620605893382,16.127900763483186,15.989584169643177,0.13831659384000972
18,Chocolate & Milk,2024-12-12,15.941976363541887,16.156201344908325,15.93874939527775,0.21745194963057557
18,Chocolate & Milk,2024-12-13,16.209901373369135,16.471927413616633,16.210888584138505,0.2620260402474983
18,Chocolate & Milk,2024-12-14,19.17824540086033,19.455989929637347,19.18480332493142,0.27774452877701705
18,Chocolate & Milk,2024-12-15,21.655393125585572,22.148684763082308,21.662768190476978,0.49329163749673555
18,Chocolate & Milk,2024-12-16,11.117699445472674,11.307836708221274,11.124112038566588,0.19013726274859977
18,Chocolate & Milk,2024-12-17,13.95918241424706,14.32324768247365,13.96190537837223,0.36406526822658947
18,Chocolate & Milk,2024-12-18,10.70789058832834,10.956343671248556,10.706527429047322,0.24981624220123422
18,Chocolate & Milk,2024-12-19,10.624130894665925,10.781253547266918,10.622541310896517,0.1587122363704001
18,Chocolate & Milk,2024-12-20,22.03174920295441,23.383126846212118,22.034234169784007,1.3513776432577096
18,Chocolate & Milk,2024-12-21,13.474758147703598,13.57042508690678,13.48250555508702,0.09566693920318237
18,Chocolate & Milk,2024-12-22,13.511556003592371,13.783863219111971,13.521779069243093,0.2723072155196
18,Chocolate & Milk,2024-12-23,11.341948738769574,11.379811097196637,11.350699877523926,0.03786235842706276
18,Chocolate & Milk,2024-12-24,11.024482759731182,11.13810448977246,11.030628088067878,0.1136217300412774
18,Chocolate & Milk,2024-12-25,20.410670367316442,21.677652140432343,20.413522980426446,1.2669817731159014
18,Chocolate & Milk,2024-12-26,10.793954706579665,10.845992475198042,10.797043975210492,0.05203776861837639
18,Chocolate & Milk,2024-12-27,11.02227739189238,11.216277251576413,11.02907767402697,0.19399985968403222
18,Chocolate & Milk,2024-12-28,13.27063482030966,13.404309434912399,13.283444156783302,0.13367461460273944
18,Chocolate & Milk,2024-12-29,13.48954852253522,14.119822026589556,13.504317940330008,0.6302735040543368
18,Chocolate & Milk,2024-12-30,10.525145831160934,11.58372550055837,10.538631757550247,1.0585796693974352
18,Chocolate & Milk,2024-12-31,13.816514340905758,14.369397360227936,13.826667047243237,0.5528830193221772
18,Coffee,2024-11-01,75.41313075132724,69.22930378671344,71.51375404670031,6.1838269646138
18,Coffee,2024-11-02,87.20094131269009,83.31221482249262,84.89830020252253,3.8887264901974703
18,Coffee,2024-11-03,88.616270804708,83.23693511715378,85.79466204118354,5.379335687554217
18,Coffee,2024-11-04,75.07680725141702,71.18692969755202,76.22404500767632,5.037115310124307
18,Coffee,2024-11-05,70.50222301041194,67.38249001110435,69.748950134265,3.119732999307587
18,Coffee,2024-11-06,69.90403730090009,67.35115100326249,69.99356556261493,2.6424145593524457
18,Coffee,2024-11-07,69.81407559581903,67.84569237068595,69.97382942745524,2.1281370567692903
18,Coffee,2024-11-08,71.12538908960599,70.39993100523226,71.28846356196607,0.8885325567338072
18,Coffee,2024-11-09,106.06551099247801,107.27159759147153,106.21547593077301,1.2060865989935223
18,Coffee,2024-11-10,87.79518880731851,88.55998792168691,87.92198159227055,0.764799114368401
18,Coffee,2024-11-11,72.55834685160156,71.43719209092714,72.69819196709824,1.2609998761710983
18,Coffee,2024-11-12,69.12881096315043,67.86533931317433,69.22565794152894,1.3603186283546052
18,Coffee,2024-11-13,79.59630070422816,83.32550420130605,79.72104976340438,3.72920349707789
18,Coffee,2024-11-14,81.28526396163674,83.84644579633829,81.45217721569925,2.561181834701543
18,Coffee,2024-11-15,137.42513660611166,135.79518683256788,137.59369127028143,1.7985044377135466
18,Coffee,2024-11-16,83.47682839064126,81.89281953082997,83.6169042112452,1.7240846804152312
18,Coffee,2024-11-17,86.12809677172588,86.48342015393324,86.22961505576963,0.3553233822073594
18,Coffee,2024-11-18,75.35958867840466,75.41181229180279,75.4751170973932,0.11552841898853217
18,Coffee,2024-11-19,68.95824370384537,70.16956046190572,69.02763488343687,1.2113167580603488
18,Coffee,2024-11-20,68.72117300177237,69.95531494330677,68.79713927692022,1.2341419415344035
18,Coffee,2024-11-21,68.65631616786712,68.74989427645588,68.78224333591065,0.12592716804353188
18,Coffee,2024-11-22,94.7775895122873,102.16916353579475,94.90606010958689,7.391574023507445
18,Coffee,2024-11-23,110.41972499342523,118.58452064748599,110.52207296489358,8.164795654060754
18,Coffee,2024-11-24,112.36325995414,118.36667196528947,112.43187203123821,6.003412011149464
18,Coffee,2024-11-25,97.77747231923047,106.08796687642341,97.87562315966997,8.31049455719294
18,Coffee,2024-11-26,94.92570642458222,102.32590144369901,94.98744084204904,7.400195019116794
18,Coffee,2024-11-27,94.0181261399403,103.19323981146731,94.1142346728731,9.175113671527
18,Coffee,2024-11-28,93.9284883504875,102.72265902787436,94.08435139722089,8.794170677386859
18,Coffee,2024-11-29,98.55747676814104,110.0141530491574,98.72070535907686,11.456676281016357
18,Coffee,2024-11-30,138.23810753461976,144.39223935579668,138.38046393193952,6.154131821176918
18,Coffee,2024-12-01,117.44554936457625,119.51475106601188,117.54783493220413,2.069201701435631
18,Coffee,2024-12-02,101.66771722415164,103.40640846606209,101.78854145996661,1.7386912419104448
18,Coffee,2024-12-03,98.60455059042745,100.51683389881805,98.69371527783744,1.9122833083905988
18,Coffee,2024-12-04,97.57801628518976,99.82767941415051,97.6914688309695,2.249663128960748
18,Coffee,2024-12-05,134.11980161450515,139.12902127916044,134.2711176904979,5.009219664655291
18,Coffee,2024-12-06,97.78661409903337,101.59682314383991,97.93466106474625,3.810209044806541
18,Coffee,2024-12-07,115.61085187851613,120.33490441780837,115.73673177092294,4.724052539292245
18,Coffee,2024-12-08,117.67524299643704,121.76236916836535,117.74885683590122,4.087126171928318
18,Coffee,2024-12-09,117.53950139039623,121.29455471181127,117.6327667665361,3.7550533214150477
18,Coffee,2024-12-10,154.66949010151282,159.3854600844603,154.72241234029326,4.715969982947485
18,Coffee,2024-12-11,113.15115064878873,118.98746732771926,113.22542918370533,5.83631667893053
18,Coffee,2024-12-12,111.92312884277405,117.18219134542382,112.04970652357899,5.259062502649769
18,Coffee,2024-12-13,114.0582764670581,120.52603777549179,114.17971623166329,6.46776130843368
18,Coffee,2024-12-14,132.7129526453097,137.39952867737085,132.80003058611445,4.68657603206114
18,Coffee,2024-12-15,164.2313679365207,160.27635214293446,164.28938081586418,4.013028672929721
18,Coffee,2024-12-16,84.08020146089592,86.12300586172069,84.17254023455591,2.042804400824764
18,Coffee,2024-12-17,102.32933833530086,108.96242430841762,102.38185211257995,6.6330859731167635
18,Coffee,2024-12-18,80.83543322371143,82.25414555061636,80.91012400218031,1.4187123269049238
18,Coffee,2024-12-19,80.99634576553795,82.8920026009925,81.12812660292133,1.8956568354545453
18,Coffee,2024-12-20,151.48201171559296,159.79559564451984,151.60712574268473,8.313583928926874
18,Coffee,2024-12-21,100.80125375761136,102.12137523412359,100.90061721813298,1.3201214765122273
18,Coffee,2024-12-22,102.25494785696074,102.86676796989978,102.30347677081991,0.6118201129390428
18,Coffee,2024-12-23,86.94587565935606,87.87965457361857,87.00832961201388,0.9337789142625041
18,Coffee,2024-12-24,83.72293314854605,85.14286494804318,83.74903497309711,1.4199317994971352
18,Coffee,2024-12-25,142.93849057714408,152.18193953217173,142.98370121406117,9.243448955027645
18,Coffee,2024-12-26,82.4098721339915,83.82879790065252,82.4920371906273,1.4189257666610189
18,Coffee,2024-12-27,84.74717507605665,86.16132129569422,84.80888349192324,1.4141462196375727
18,Coffee,2024-12-28,101.96365732798222,102.8806673090139,101.98667063518576,0.9170099810316827
18,Coffee,2024-12-29,102.68966121102297,106.42317954027928,102.66304739132612,3.7601321489531614
18,Coffee,2024-12-30,80.88857359903326,86.13960665679026,80.8853191442008,5.254287512589457
18,Coffee,2024-12-31,100.88552733595299,104.4044413094187,100.85350376514518,3.5509375442735234
18,Juice & Smoothie,2024-11-01,5.8579348053369324,5.967653126097608,5.8227384591212905,0.14491466697631772
18,Juice & Smoothie,2024-11-02,7.041266816592064,7.101804053858564,7.390072140291007,0.3488053236989428
18,Juice & Smoothie,2024-11-03,7.04227391411701,6.978201558809818,7.146075557741572,0.16787399893175348
18,Juice & Smoothie,2024-11-04,5.914302817134389,5.795310344589831,5.7934613462238955,0.12084147091049324
18,Juice & Smoothie,2024-11-05,5.512028244824322,5.311322510920589,5.294098056488292,0.2179301883360294
18,Juice & Smoothie,2024-11-06,5.472417456901315,5.371310837618061,5.41491713854048,0.10110661928325371
18,Juice & Smoothie,2024-11-07,5.383688254127662,5.241510623817762,5.388181771292485,0.14667114747472354
18,Juice & Smoothie,2024-11-08,5.641090822765432,5.763647611571647,5.644976636118925,0.12255678880621534
18,Juice & Smoothie,2024-11-09,8.605932806369214,8.471928894801515,8.609717535014369,0.13778864021285386
18,Juice & Smoothie,2024-11-10,6.91217253055142,7.019675774069624,6.917241351816205,0.10750324351820417
18,Juice & Smoothie,2024-11-11,5.542711463659743,5.540495942149791,5.546302571151555,0.0058066290017642075
18,Juice & Smoothie,2024-11-12,5.526669732339539,5.615968015792003,5.529721641682799,0.0892982834524636
18,Juice & Smoothie,2024-11-13,6.7146739912197635,7.144751643822561,6.719972599367369,0.4300776526027974
18,Juice & Smoothie,2024-11-14,6.971262805916355,7.154059145362735,6.97699695704737,0.18279633944638007
18,Juice & Smoothie,2024-11-15,13.51698446545547,12.844110730865436,13.522241109401273,0.6781303785358368
18,Juice & Smoothie,2024-11-16,6.846261704335226,6.779833134586488,6.850815896236275,0.07098276164978756
18,Juice & Smoothie,2024-11-17,6.75842859208317,6.7867853635078825,6.763878797404249,0.028356771424712157
18,Juice & Smoothie,2024-11-18,5.8174879161473925,5.525954488070585,5.822214687322819,0.29626019925223357
18,Juice & Smoothie,2024-11-19,5.320328932770462,5.445914638563757,5.3245669584844055,0.12558570579329498
18,Juice & Smoothie,2024-11-20,5.37082789573415,5.497111472477368,5.374742641671224,0.12628357674321755
18,Juice & Smoothie,2024-11-21,5.236213861603488,5.389179813264646,5.24063074328866,0.1529659516611579
18,Juice & Smoothie,2024-11-22,8.104398693439391,9.069978999084647,8.109469786270656,0.9655803056452559
18,Juice & Smoothie,2024-11-23,9.456443295635424,10.257434963185975,9.461195771378907,0.8009916675505515
18,Juice & Smoothie,2024-11-24,9.79068973993158,10.973498241476321,9.79459372581691,1.1828085015447414
18,Juice & Smoothie,2024-11-25,8.431145368091483,9.412925529411172,8.43403611577083,0.9817801613196888
18,Juice & Smoothie,2024-11-26,8.211257184502442,9.044151714716843,8.213565813382386,0.8328945302144017
18,Juice & Smoothie,2024-11-27,8.011524001322794,8.8156882660387,8.014829309884647,0.8041642647159062
18,Juice & Smoothie,2024-11-28,8.109079294037148,8.776370426015761,8.1120527745588,0.6672911319786134
18,Juice & Smoothie,2024-11-29,8.719430140771188,9.592913966879266,8.721022150204917,0.8734838261080782
18,Juice & Smoothie,2024-11-30,12.723635252912107,12.652409432380649,12.724807381215523,0.07239794883487427
18,Juice & Smoothie,2024-12-01,10.018660725062187,9.908922367361647,10.020557841740953,0.11163547437930532
18,Juice & Smoothie,2024-12-02,8.793658491237677,8.833361783493118,8.797126336358943,0.03970329225544056
18,Juice & Smoothie,2024-12-03,8.500611945073329,8.47899914958143,8.505805104713833,0.026805955132402914
18,Juice & Smoothie,2024-12-04,8.49236341776092,8.475439636961971,8.500306487959042,0.02486685099707131
18,Juice & Smoothie,2024-12-05,12.381051273799926,12.144758138290337,12.388844898834924,0.24408676054458667
18,Juice & Smoothie,2024-12-06,8.258643160703082,8.247881881849672,8.265360123004868,0.017478241155195917
18,Juice & Smoothie,2024-12-07,9.94755310462175,9.907729865364264,9.953732961007269,0.04600309564300531
18,Juice & Smoothie,2024-12-08,10.011832034123366,10.15087189542158,10.016217352990086,0.13903986129821533
18,Juice & Smoothie,2024-12-09,10.632396820723546,10.293748462092939,10.634811376335113,0.3410629142421744
18,Juice & Smoothie,2024-12-10,14.838243103602657,14.547641880821125,14.84020143302024,0.29255955219911556
18,Juice & Smoothie,2024-12-11,10.404859794368026,10.32753941112559,10.408024206030085,0.08048479490449445
18,Juice & Smoothie,2024-12-12,10.50176127333744,10.383607135055025,10.504593797181233,0.12098666212620834
18,Juice & Smoothie,2024-12-13,10.65513230615131,10.622016477634887,10.657458390226308,0.0354419125914216
18,Juice & Smoothie,2024-12-14,12.779130462247931,12.692752850015689,12.781242301737072,0.088489451721383
18,Juice & Smoothie,2024-12-15,14.020963410702532,14.242988120498627,14.022898785343056,0.222024709796095
18,Juice & Smoothie,2024-12-16,6.815364634321256,6.884509170427897,6.817138608185607,0.0691445361066414
18,Juice & Smoothie,2024-12-17,9.036535924497105,8.921388676289451,9.038792187791891,0.11740351150243988
18,Juice & Smoothie,2024-12-18,6.648908779475931,6.7060115030877006,6.654063083374024,0.05710272361176916
18,Juice & Smoothie,2024-12-19,6.541944094826631,6.564473841802856,6.549334038586998,0.02252974697622534
18,Juice & Smoothie,2024-12-20,14.818587093211052,14.400286507433849,14.826070828755796,0.425784321321947
18,Juice & Smoothie,2024-12-21,8.467576115259984,8.479300956412791,8.474549047237169,0.01172484115280703
18,Juice & Smoothie,2024-12-22,8.609611462270687,8.619305550677414,8.615405929469539,0.00969408840672692
18,Juice & Smoothie,2024-12-23,7.094728608060691,7.099720554108744,7.10043035948034,0.005701751419649348
18,Juice & Smoothie,2024-12-24,6.802915955300333,6.820435759507708,6.810582910615067,0.017519804207375422
18,Juice & Smoothie,2024-12-25,13.54304800594317,13.90990879194783,13.552877910992835,0.36686078600465954
18,Juice & Smoothie,2024-12-26,6.787975133791728,6.800174128153933,6.799272112118752,0.01219899436220473
18,Juice & Smoothie,2024-12-27,6.926304126055026,6.967262867237802,6.9374935038646015,0.040958741182776315
18,Juice & Smoothie,2024-12-28,8.618941358112858,8.542400523351295,8.63123943969862,0.08883891634732421
18,Juice & Smoothie,2024-12-29,8.36151587542027,8.670423613827975,8.372312511341155,0.30890773840770436
18,Juice & Smoothie,2024-12-30,6.510050401853415,6.924370698941561,6.519751006947946,0.4143202970881461
18,Juice & Smoothie,2024-12-31,8.639927733928989,8.939549045889038,8.652017249845093,0.29962131196004904
18,Merchandise,2024-11-01,3.4271424808717517,3.3923001111720796,3.2177307392194487,0.20941174165230292
18,Merchandise,2024-11-02,4.105202120911776,4.2367829575505525,3.9775969784443874,0.25918597910616503
18,Merchandise,2024-11-03,4.158293935110661,4.225190026377503,4.014642662818992,0.21054736355851134
18,Merchandise,2024-11-04,3.3961635046398664,3.4137990471469273,3.3068810477165087,0.10691799943041858
18,Merchandise,2024-11-05,3.2592226379628477,3.2410346801057073,3.1880239414299205,0.07119869653292721
18,Merchandise,2024-11-06,3.3121562061236323,3.2304043351821803,3.3151765938564113,0.084772258674231
18,Merchandise,2024-11-07,3.2947044209577867,3.26080954291022,3.298384005526992,0.03757446261677222
18,Merchandise,2024-11-08,3.359961468041439,3.351670067559705,3.362216119836581,0.010546052276876328
18,Merchandise,2024-11-09,5.13162528776496,5.077855748137965,5.134180753728748,0.05632500559078224
18,Merchandise,2024-11-10,4.159949389903623,4.106873853144126,4.163859023096594,0.05698516995246816
18,Merchandise,2024-11-11,3.427553989406688,3.28118591013931,3.432331735891333,0.15114582575202284
18,Merchandise,2024-11-12,3.279623363265035,3.1423034196261463,3.2840559901964133,0.1417525705702669
18,Merchandise,2024-11-13,3.479081293540847,3.5553024032983562,3.483932807745003,0.07622110975750918
18,Merchandise,2024-11-14,3.5639921489887505,3.6066123284346685,3.568441632850978,0.042620179445918005
18,Merchandise,2024-11-15,7.836702522663744,6.927057665250979,7.839959341374314,0.9129016761233348
18,Merchandise,2024-11-16,4.3313789805776235,4.263132615123281,4.334037881713336,0.0709052665900547
18,Merchandise,2024-11-17,4.166366217222807,4.017259273886593,4.171596788606496,0.1543375147199031
18,Merchandise,2024-11-18,3.560905041481321,3.5766777605982987,3.567911408482938,0.01577271911697764
18,Merchandise,2024-11-19,3.3611212253252853,3.3206500845799023,3.3684448158972593,0.04779473131735701
18,Merchandise,2024-11-20,3.357050149258132,3.3703284152357083,3.3631950226699026,0.013278265977576087
18,Merchandise,2024-11-21,3.2968096597422822,3.2602070397559713,3.3017863329285824,0.04157929317261111
18,Merchandise,2024-11-22,5.10282585656346,5.43103546704695,5.107313454990572,0.32820961048348973
18,Merchandise,2024-11-23,5.862472915525524,6.198948343018739,5.867539019951151,0.33647542749321513
18,Merchandise,2024-11-24,6.026415863394785,6.529891990845795,6.03167671758345,0.5034761274510098
18,Merchandise,2024-11-25,5.19033262962732,5.560901143492353,5.196376771689039,0.37056851386503364
18,Merchandise,2024-11-26,5.071912870501645,5.354443677751332,5.078025186168656,0.28253080724968704
18,Merchandise,2024-11-27,4.971771523200481,5.319318589518822,4.977220526097405,0.34754706631834154
18,Merchandise,2024-11-28,5.059382974985203,5.411820095951475,5.063346852439059,0.3524371209662718
18,Merchandise,2024-11-29,5.309581187139989,5.7808075075540515,5.312961076363393,0.4712263204140621
18,Merchandise,2024-11-30,7.793591952890224,7.831915503399774,7.796952001655196,0.03832355050955005
18,Merchandise,2024-12-01,6.1291250690612635,5.867424724156118,6.133607670079672,0.2661829459235543
18,Merchandise,2024-12-02,5.420192448956882,5.312323599557571,5.425569735309508,0.11324613575193698
18,Merchandise,2024-12-03,5.219856638878721,5.2097210044478,5.225384369609764,0.01566336516196376
18,Merchandise,2024-12-04,5.250570407343064,5.2612242333393,5.256394104010429,0.010653825996236321
18,Merchandise,2024-12-05,7.6684176759738465,7.374567809306515,7.673829496658256,0.2992616873517413
18,Merchandise,2024-12-06,5.236495609029494,5.1983768584458385,5.240595535341175,0.042218676895336316
18,Merchandise,2024-12-07,6.24071595065589,6.12867661688964,6.245304466903526,0.11662785001388531
18,Merchandise,2024-12-08,6.302712026623423,6.325502936763074,6.308462477688604,0.022790910139651288
18,Merchandise,2024-12-09,5.258188563592861,5.276194945153751,5.264650585986799,0.018006381560890183
18,Merchandise,2024-12-10,7.7196499744795135,7.46942395262883,7.725668346321727,0.25624439369289664
18,Merchandise,2024-12-11,5.1007568792199764,5.1613409999925235,5.107331455192016,0.060584120772547045
18,Merchandise,2024-12-12,4.958165685137812,4.95547271495853,4.963434408380479,0.007961693421949079
18,Merchandise,2024-12-13,5.021974773952058,5.059917677024734,5.025771723037595,0.03794290307267545
18,Merchandise,2024-12-14,6.0414795205864245,6.02312522436549,6.044630274891386,0.021505050525895797
18,Merchandise,2024-12-15,8.61201405336234,9.197740983237015,8.615920982733439,0.5857269298746743
18,Merchandise,2024-12-16,4.247074647921745,4.263615644150764,4.2519679874532175,0.016540996229019278
18,Merchandise,2024-12-17,5.32272666775539,5.642917279205014,5.328064646132098,0.32019061144962446
18,Merchandise,2024-12-18,4.0886741210328665,4.091348695625527,4.093562854743632,0.004888733710765258
18,Merchandise,2024-12-19,4.085257344315931,4.11862055277088,4.089985676124967,0.03336320845494889
18,Merchandise,2024-12-20,7.7800947858793466,8.123818626351948,7.784259193680933,0.3437238404726015
18,Merchandise,2024-12-21,5.161992392642234,5.191600125092128,5.166275358371185,0.02960773244989401
18,Merchandise,2024-12-22,5.221797497418837,5.265653790766542,5.2263495400417606,0.04385629334770513
18,Merchandise,2024-12-23,4.300565633355922,4.400324013390554,4.305897719265653,0.09975838003463178
18,Merchandise,2024-12-24,4.161003889237327,4.171293009546439,4.165718534113573,0.010289120309111333
18,Merchandise,2024-12-25,7.548010319983165,7.849115666294251,7.552629119035778,0.3011053463110862
18,Merchandise,2024-12-26,4.167616238136548,4.139820195902206,4.1718482974260995,0.03202810152389368
18,Merchandise,2024-12-27,4.194737653679741,4.223865750518697,4.1983240962471875,0.029128096838955564
18,Merchandise,2024-12-28,5.2342250883847665,5.238385585347248,5.238098229305977,0.004160496962481552
18,Merchandise,2024-12-29,5.117062784883093,5.337152154496421,5.121973410227505,0.22008936961332726
18,Merchandise,2024-12-30,4.18168211671609,4.523047708367421,4.186805616753611,0.3413655916513312
18,Merchandise,2024-12-31,5.245290721913391,5.569377576713278,5.251496384699683,0.3240868547998872
18,Savory Bakery,2024-11-01,13.210231368605639,13.000947386720767,13.628638612043416,0.6276912253226481
18,Savory Bakery,2024-11-02,15.676627262728793,15.982214754415924,16.39082621240026,0.7141989496714665
18,Savory Bakery,2024-11-03,15.882260876687223,15.917968447840549,16.367834696293983,0.4855738196067598
18,Savory Bakery,2024-11-04,13.56211486099487,13.437895167727683,13.937061784559754,0.49916661683207053
18,Savory Bakery,2024-11-05,12.917707259852778,12.792830922607756,13.031825026470504,0.23899410386274766
18,Savory Bakery,2024-11-06,13.099349060502423,13.072689164013841,13.038297177386735,0.0610518831156881
18,Savory Bakery,2024-11-07,12.969270104427721,13.077900986759438,12.96779444761576,0.11010653914367907
18,Savory Bakery,2024-11-08,13.206249362646435,13.546116829781896,13.205697192661143,0.3404196371207533
18,Savory Bakery,2024-11-09,18.8231172098251,19.70062768143439,18.83028733803207,0.8775104716092912
18,Savory Bakery,2024-11-10,15.722883453686425,16.467451755291446,15.736596839903454,0.7445683016050211
18,Savory Bakery,2024-11-11,13.202564423469953,13.523565424582015,13.209937902252994,0.3210010011120623
18,Savory Bakery,2024-11-12,12.983144801989068,13.282996510342999,12.982764748280836,0.30023176206216284
18,Savory Bakery,2024-11-13,15.075763669629668,16.12078443069634,15.075043314957398,1.0457411157389416
18,Savory Bakery,2024-11-14,15.59510944839645,16.181982621710368,15.600309631549084,0.5868731733139185
18,Savory Bakery,2024-11-15,30.378338213074496,29.181685262731,30.385796002622698,1.2041107398916964
18,Savory Bakery,2024-11-16,15.724550447013343,16.023629406479472,15.738478323311686,0.2990789594661294
18,Savory Bakery,2024-11-17,15.935140873005992,16.694549273760003,15.95173283843037,0.7594084007540118
18,Savory Bakery,2024-11-18,13.992693080188008,14.06368972023855,14.006233694862964,0.07099664005054152
18,Savory Bakery,2024-11-19,13.15155360764434,13.508283032072866,13.160134958270211,0.35672942442852573
18,Savory Bakery,2024-11-20,13.366599283007027,13.629050442955212,13.374887948593226,0.2624511599481849
18,Savory Bakery,2024-11-21,13.252194771473222,13.412186402884254,13.260028683139568,0.15999163141103168
18,Savory Bakery,2024-11-22,19.070283631020324,20.108254080345276,19.079196764165047,1.037970449324952
18,Savory Bakery,2024-11-23,22.046360152012284,23.494682035071317,22.057236240717856,1.4483218830590339
18,Savory Bakery,2024-11-24,21.96160434285023,23.49047283528429,21.973621247945516,1.5288684924340608
18,Savory Bakery,2024-11-25,18.941923503954058,20.377822937693743,18.947600720037023,1.435899433739685
18,Savory Bakery,2024-11-26,19.035727402187092,20.369917178121973,19.0373745200111,1.334189775934881
18,Savory Bakery,2024-11-27,18.575519490140167,19.962781904165457,18.573812524778194,1.3889693793872624
18,Savory Bakery,2024-11-28,18.64146728364549,19.93977313642488,18.642452693016004,1.2983058527793894
18,Savory Bakery,2024-11-29,19.28432187742841,21.096686283914323,19.28953800536306,1.8123644064859121
18,Savory Bakery,2024-11-30,27.656084389203272,28.01739028764554,27.66843307681741,0.3613058984422679
18,Savory Bakery,2024-12-01,22.322442766781744,22.19591352419423,22.33694946050929,0.14103593631506328
18,Savory Bakery,2024-12-02,19.879912055192925,19.66051020074968,19.89028817669267,0.22977797594299076
18,Savory Bakery,2024-12-03,19.339450180491838,19.336319123190293,19.347129995669015,0.010810872478721478
18,Savory Bakery,2024-12-04,19.44405957092468,19.372635404297434,19.45320739815532,0.08057199385788749
18,Savory Bakery,2024-12-05,26.943338365628627,26.78056827153706,26.951429578023884,0.17086130648682385
18,Savory Bakery,2024-12-06,19.27025139382016,19.373249787748502,19.280099044085958,0.10299839392834187
18,Savory Bakery,2024-12-07,22.563360619977207,22.979796922702015,22.57879211106145,0.4164363027248079
18,Savory Bakery,2024-12-08,22.910748381114608,23.29801270466406,22.92927097569247,0.38726432354945217
18,Savory Bakery,2024-12-09,24.024582070711848,23.549836226214122,24.032352203250152,0.4825159770360301
18,Savory Bakery,2024-12-10,31.508121669659754,30.88405386125586,31.50691336097358,0.6240678084038933
18,Savory Bakery,2024-12-11,23.358536379666532,23.125723679299995,23.352354609522642,0.23281270036653723
18,Savory Bakery,2024-12-12,23.294398029181238,23.262629004480644,23.28736572504892,0.03176902470059417
18,Savory Bakery,2024-12-13,23.574627755312683,23.664152360133354,23.569698415032583,0.09445394510077065
18,Savory Bakery,2024-12-14,27.326339508898254,27.486242387319177,27.32981503453353,0.15990287842092243
18,Savory Bakery,2024-12-15,30.553910507160655,32.445838462601984,30.56013115636206,1.8919279554413286
18,Savory Bakery,2024-12-16,16.017392042533686,16.33631051290705,16.017980688938103,0.3189184703733652
18,Savory Bakery,2024-12-17,20.191645237053102,21.675445785447984,20.18488956396761,1.4905562214803751
18,Savory Bakery,2024-12-18,15.817873458326783,16.144672361716033,15.81182012012567,0.33285224159036275
18,Savory Bakery,2024-12-19,15.685269626770477,15.88884642442271,15.681376042056144,0.2074703823665658
18,Savory Bakery,2024-12-20,30.370808548711086,32.151688833256195,30.37369695689365,1.780880284545109
18,Savory Bakery,2024-12-21,19.34062005823809,19.62824899744399,19.347930413158103,0.2876289392058986
18,Savory Bakery,2024-12-22,19.296266387266456,19.46275335025078,19.30698914395871,0.16648696298432242
18,Savory Bakery,2024-12-23,16.259047549233053,16.63732302247914,16.26583609478009,0.378275473246088
18,Savory Bakery,2024-12-24,15.99500333952116,16.232889753183635,15.998622695827054,0.23788641366247454
18,Savory Bakery,2024-12-25,31.409244633754646,32.39357421793986,31.409474413352957,0.9843295841852111
18,Savory Bakery,2024-12-26,15.908168170896095,16.080190996695627,15.908228455277401,0.172022825799532
18,Savory Bakery,2024-12-27,16.034951373194758,16.328890110201495,16.04104468256174,0.2939387370067372
18,Savory Bakery,2024-12-28,19.304436821678298,19.63662013968819,19.32038662738877,0.33218331800989276
18,Savory Bakery,2024-12-29,18.80413717438207,19.60396737432749,18.81919199729399,0.7998301999454185
18,Savory Bakery,2024-12-30,15.098635347020394,16.08491515877391,15.106618659109976,0.9862798117535156
18,Savory Bakery,2024-12-31,19.432830230356736,20.341001470744832,19.438063176760078,0.9081712403880964
18,Tea,2024-11-01,21.986764045519514,21.1756749120254,21.515942876881695,0.8110891334941144
18,Tea,2024-11-02,25.49870825949337,25.417579715151632,25.448761845626972,0.08112854434173755
18,Tea,2024-11-03,25.74429612244412,25.657581645098155,26.219215276163688,0.5616336310655328
18,Tea,2024-11-04,21.117483776534538,20.543468285092338,21.30395781319806,0.7604895281057225
18,Tea,2024-11-05,19.797226122493957,19.81931298221103,19.811460272222334,0.022086859717074248
18,Tea,2024-11-06,19.959199692759046,19.813783291348408,19.80956056403447,0.1496391287245764
18,Tea,2024-11-07,20.453637452089428,20.20893859939136,20.47803450002942,0.2690959006380602
18,Tea,2024-11-08,21.337673850675696,21.124420702662206,21.36062369048756,0.23620298782535443
18,Tea,2024-11-09,29.769760571714176,30.541338744159074,29.793410409936826,0.7715781724448973
18,Tea,2024-11-10,24.97531786572582,24.7616598805855,24.998148769361535,0.2364888887760337
18,Tea,2024-11-11,20.753238663846904,20.579544360258435,20.77644332365958,0.19689896340114643
18,Tea,2024-11-12,19.462749359877495,19.713944099952226,19.480617628865563,0.2511947400747303
18,Tea,2024-11-13,23.67526503455418,24.44466742131474,23.69629161889673,0.7694023867605608
18,Tea,2024-11-14,24.584753638313224,25.331495786573875,24.610657967742583,0.7467421482606511
18,Tea,2024-11-15,42.895230535443055,41.624860765233066,42.91858923727523,1.2937284720421616
18,Tea,2024-11-16,25.260932958872633,25.41242801308745,25.285882394231255,0.15149505421481635
18,Tea,2024-11-17,25.044947761446476,25.301565816579153,25.06753065440444,0.25661805513267666
18,Tea,2024-11-18,20.997576779974953,21.502225152042328,21.026176542108868,0.5046483720673756
18,Tea,2024-11-19,19.68342094279001,20.08966949191513,19.706420112364505,0.4062485491251202
18,Tea,2024-11-20,20.255638438772642,20.06378311573567,20.278672108917316,0.21488899318164556
18,Tea,2024-11-21,20.39851554953928,20.148951613207384,20.421951121062907,0.2729995078555234
18,Tea,2024-11-22,21.081868672596425,20.91188649026775,21.106535067093095,0.19464857682534387
18,Tea,2024-11-23,24.99391706610112,24.66301191423755,25.019839856361884,0.3568279421243332
18,Tea,2024-11-24,25.053289669298778,25.238469476129758,25.075851226377814,0.18517980683098045
18,Tea,2024-11-25,20.583150317552338,20.8560545076387,20.608748530080483,0.27290419008636135
18,Tea,2024-11-26,19.462000708992655,19.879530762361092,19.4855246503978,0.41753005336843785
18,Tea,2024-11-27,19.81167630634036,20.053363417626358,19.835166957721647,0.24168711128599796
18,Tea,2024-11-28,20.330631872051992,20.511990182583567,20.35488577288939,0.18135831053157503
18,Tea,2024-11-29,21.910904538167685,22.577750625255398,21.933308724224844,0.6668460870877126
18,Tea,2024-11-30,34.13644358479269,35.336207345573534,34.16444412649714,1.1997637607808471
18,Tea,2024-12-01,33.247628872749786,33.78817899739694,33.275059247136504,0.5405501246471545
18,Tea,2024-12-02,29.113318309825072,28.981385053578496,29.144151832559924,0.16276677898142822
18,Tea,2024-12-03,27.69771083642024,27.849500362818134,27.724320006445662,0.151789526397895
18,Tea,2024-12-04,27.993363518785447,27.999855561958885,28.025217380751585,0.03185386196613749
18,Tea,2024-12-05,39.8396554355528,39.93957945951547,39.87145648743562,0.09992402396267153
18,Tea,2024-12-06,29.46464831254575,29.611818197319053,29.49300899178104,0.14716988477330162
18,Tea,2024-12-07,34.40473540124038,35.015700531968406,34.43190490289467,0.6109651307280259
18,Tea,2024-12-08,34.66043424276124,34.965828637059374,34.68533820697363,0.3053943942981334
18,Tea,2024-12-09,35.849912283937606,35.58556239781467,35.874949408245435,0.2893870104307652
18,Tea,2024-12-10,45.77189326654003,46.2105541037503,45.79115911125702,0.4386608372102643
18,Tea,2024-12-11,34.50650843868897,34.98789098333513,34.52340948116564,0.48138254464615926
18,Tea,2024-12-12,34.97770959988363,34.75453089023654,34.99578910920492,0.24125821896838318
18,Tea,2024-12-13,36.32086300530414,36.00521900817907,36.3351613731882,0.3299423650091313
18,Tea,2024-12-14,41.94621842776345,41.43385772848668,41.9617327894281,0.5278750609414189
18,Tea,2024-12-15,45.75226279098051,46.86206774317125,45.76456678379882,1.1098049521907427
18,Tea,2024-12-16,23.925848454987708,24.65226330140768,23.94168315747286,0.7264148464199707
18,Tea,2024-12-17,29.446750451154607,30.172030213129755,29.45638745910694,0.7252797619751483
18,Tea,2024-12-18,23.082756774248068,23.705741108328795,23.09396189364245,0.6229843340807264
18,Tea,2024-12-19,23.49420444143398,23.94365476216021,23.509681276162645,0.4494503207262319
18,Tea,2024-12-20,45.95221022813636,45.28390628562948,45.9698720989765,0.6859658133470248
18,Tea,2024-12-21,29.198882838579465,29.571137024296924,29.216161268872064,0.37225418571745905
18,Tea,2024-12-22,29.13482768574006,29.703615530261654,29.149020282139215,0.5687878445215944
18,Tea,2024-12-23,24.320797278329742,24.726141463557166,24.335219575893518,0.405344185227424
18,Tea,2024-12-24,23.073026326179846,23.638594214096457,23.083951506737236,0.5655678879166111
18,Tea,2024-12-25,42.34151931531418,44.14033689868056,42.35113347420468,1.7988175833663789
18,Tea,2024-12-26,23.91017783893759,24.288283120119374,23.918720664332987,0.3781052811817851
18,Tea,2024-12-27,24.685039195198765,25.026963394351714,24.6903503158689,0.3419241991529489
18,Tea,2024-12-28,29.819285855044043,30.00179121001553,29.828394610845045,0.1825053549714859
18,Tea,2024-12-29,29.562481313518205,30.907694780437804,29.56815257171918,1.3452134669195992
18,Tea,2024-12-30,22.568761908678773,24.807513303189545,22.57630421753892,2.2387513945107713
18,Tea,2024-12-31,28.71866186384854,30.115479482486016,28.72258842216272,1.3968176186374777
19,Bakery,2024-11-01,31.080992466778557,30.911674876044575,31.062500174797627,0.16931759073398212
19,Bakery,2024-11-02,28.523506706640813,28.430167447026342,28.91893398768038,0.48876654065403713
19,Bakery,2024-11-03,28.92556611203637,28.991974664563152,29.144248554338468,0.21868244230209655
19,Bakery,2024-11-04,31.08264910227201,30.948209446090008,31.497899725562924,0.5496902794729159
19,Bakery,2024-11-05,31.370872155358136,31.492233259243005,31.4773006978302,0.12136110388486898
19,Bakery,2024-11-06,32.6550158307204,32.4981591041967,32.43689120082909,0.21812462989131376
19,Bakery,2024-11-07,31.70407784687794,31.956003377844553,31.699036843915657,0.256966533928896
19,Bakery,2024-11-08,34.958604484298405,35.569562657249925,34.953957058551794,0.6156055986981315
19,Bakery,2024-11-09,32.24708928389736,33.36435828812026,32.24377909014146,1.120579197978799
19,Bakery,2024-11-10,32.614002236259125,33.51774136859496,32.614176078532786,0.9037391323358364
19,Bakery,2024-11-11,35.27414596977033,35.94051454626566,35.266974130033994,0.6735404162316669
19,Bakery,2024-11-12,35.0532828273085,35.56958522186192,35.04262399072529,0.5269612311366316
19,Bakery,2024-11-13,36.66474043571563,36.56149615392751,36.65439491705022,0.10324428178812184
19,Bakery,2024-11-14,35.23214773087798,36.05651594852854,35.21809082771077,0.8384251208177744
19,Bakery,2024-11-15,41.934767458564416,43.871449918182904,41.92059064229602,1.9508592758868843
19,Bakery,2024-11-16,29.469871056453727,29.851687533524178,29.46602706963369,0.38566046389048836
19,Bakery,2024-11-17,29.728433118391706,29.987282132552707,29.730720138279025,0.2588490141610009
19,Bakery,2024-11-18,31.3970443407799,31.915444140749432,31.39542181289239,0.5200223278570419
19,Bakery,2024-11-19,36.030602165661335,36.64969193736897,36.026882956142344,0.6228089812266262
19,Bakery,2024-11-20,37.217347975128604,37.33161112040791,37.21349246226974,0.11811865813817235
19,Bakery,2024-11-21,35.93240669717626,36.399515521890486,35.923948699547864,0.47556682234262126
19,Bakery,2024-11-22,35.65070404905438,36.19159716855224,35.644090376253274,0.547506792298968
19,Bakery,2024-11-23,33.466897505733456,33.579778535901134,33.463486432701956,0.1162921031991786
19,Bakery,2024-11-24,33.59060614232591,33.653410386337725,33.588678650255176,0.06473173608254967
19,Bakery,2024-11-25,35.835783282579236,35.82723954668641,35.82748030488587,0.008543735892828863
19,Bakery,2024-11-26,35.73959650002133,35.585269741329526,35.72549539608137,0.154326758691802
19,Bakery,2024-11-27,32.77221611607447,32.307477048047794,32.75607606644062,0.46473906802667386
19,Bakery,2024-11-28,31.26435800449859,31.00545514414789,31.252738065466893,0.2589028603506982
19,Bakery,2024-11-29,32.50541686886884,32.922098307191135,32.499798083556634,0.42230022363450104
19,Bakery,2024-11-30,36.64133061672684,37.10967826071827,36.64264421505078,0.4683476439914287
19,Bakery,2024-12-01,34.85871003012805,35.0380939216623,34.865019743308935,0.1793838915342505
19,Bakery,2024-12-02,36.72131228236535,36.586694537610946,36.72630104805075,0.13960651043980477
19,Bakery,2024-12-03,36.501936642630874,36.8510768956997,36.50391589613285,0.3491402530688248
19,Bakery,2024-12-04,37.67164076371829,37.291582673240995,37.67642898690247,0.3848463136614768
19,Bakery,2024-12-05,52.276129809116725,52.512068670099595,52.279006877597126,0.23593886098286987
19,Bakery,2024-12-06,53.551375474511886,54.20509335180576,53.55869884464857,0.6537178772938717
19,Bakery,2024-12-07,91.87533385894264,97.47577302517774,91.8882227196799,5.600439166235105
19,Bakery,2024-12-08,51.29597219171194,51.3176787873074,51.30328033478815,0.021706595595460954
19,Bakery,2024-12-09,53.896739626532785,54.13288772804998,53.89307328875152,0.23981443929845625
19,Bakery,2024-12-10,72.50725643458114,73.5107486613977,72.50098626946007,1.0097623919376275
19,Bakery,2024-12-11,55.68759212939593,56.15805699392922,55.680499703009666,0.477557290919556
19,Bakery,2024-12-12,54.63338335025209,55.187663948525504,54.62253829940859,0.565125649116915
19,Bakery,2024-12-13,54.006293209962564,54.394986602849194,53.996033554999244,0.39895304784995034
19,Bakery,2024-12-14,51.4180349452936,51.49972794086242,51.4099070787956,0.08982086206682283
19,Bakery,2024-12-15,61.24895265894657,60.40022428110066,61.2369029784306,0.8487283778459087
19,Bakery,2024-12-16,36.56578112319912,36.4186873662882,36.5514223752812,0.14709375691092674
19,Bakery,2024-12-17,36.35979182132472,36.46896712343757,36.342315517827316,0.126651605610256
19,Bakery,2024-12-18,37.64760013360231,37.00664046183282,37.62802061881382,0.6409596717694868
19,Bakery,2024-12-19,36.4193410197606,36.26800333188453,36.39429699939059,0.15133768787607238
19,Bakery,2024-12-20,35.965441494709644,35.91130322197368,35.93859898930896,0.054138272735961834
19,Bakery,2024-12-21,34.0923268337294,34.20435533507602,34.06727514695742,0.13708018811860256
19,Bakery,2024-12-22,49.58299605534314,46.87086559619776,49.55903289190758,2.712130459145378
19,Bakery,2024-12-23,36.436759634172255,36.16208248070046,36.40761007049565,0.2746771534717922
19,Bakery,2024-12-24,36.22368359622483,36.09545779230331,36.19529078573038,0.1282258039215236
19,Bakery,2024-12-25,37.710448706216575,36.828363073903795,37.68729659523782,0.8820856323127799
19,Bakery,2024-12-26,36.10605798546259,35.940382213396774,36.08485044412587,0.16567577206581774
19,Bakery,2024-12-27,53.732685167519364,52.01497333481662,53.70818482722844,1.7177118327027472
19,Bakery,2024-12-28,34.37361254818391,34.0406681897348,34.353204480393416,0.3329443584491045
19,Bakery,2024-12-29,34.44544702969901,34.374471805159075,34.42369855761355,0.07097522453993577
19,Bakery,2024-12-30,53.10942070596319,53.49337958906108,53.08644645551016,0.40693313355091476
19,Bakery,2024-12-31,44.38934386569114,44.999618994934835,44.367309886221925,0.63230910871291
19,Chocolate & Milk,2024-11-01,17.364269864603095,17.701431036855343,17.18102630272848,0.5204047341268634
19,Chocolate & Milk,2024-11-02,16.03633488898795,16.410161872287894,16.765242580666218,0.7289076916782697
19,Chocolate & Milk,2024-11-03,16.320230245744415,16.43419715525914,16.24337245934573,0.19082469591341322
19,Chocolate & Milk,2024-11-04,17.691844139651316,17.65571083861903,17.572346141940574,0.11949799771074154
19,Chocolate & Milk,2024-11-05,17.697811099283715,17.93411723918109,17.395532628160293,0.5385846110207986
19,Chocolate & Milk,2024-11-06,18.23474851426015,18.456605572310128,18.12646869521035,0.330136877099779
19,Chocolate & Milk,2024-11-07,17.80082583779104,18.179178548259998,17.82431281701283,0.37835271046895613
19,Chocolate & Milk,2024-11-08,20.26222461676728,20.47023424126241,20.287519862965826,0.20800962449512994
19,Chocolate & Milk,2024-11-09,18.658568244458678,19.145474928745983,18.681679244385958,0.4869066842873053
19,Chocolate & Milk,2024-11-10,18.716525152526128,18.82642502861902,18.73747795876669,0.10989987609289287
19,Chocolate & Milk,2024-11-11,17.66671402365821,17.601370626594793,17.685141361261337,0.08377073466654394
19,Chocolate & Milk,2024-11-12,17.771691716858264,17.602532167891596,17.79089204854793,0.18835988065633558
19,Chocolate & Milk,2024-11-13,18.47495750684938,18.265119912858633,18.49329393241731,0.22817401955867567
19,Chocolate & Milk,2024-11-14,17.725294800904166,17.93569355002241,17.742659241414888,0.2103987491182444
19,Chocolate & Milk,2024-11-15,21.594369315718147,21.77695328214739,21.616356246359118,0.18258396642924168
19,Chocolate & Milk,2024-11-16,16.316773203511598,15.896641994014969,16.34174814194782,0.44510614793285264
19,Chocolate & Milk,2024-11-17,16.358311466825327,15.980856440032786,16.382320223100212,0.4014637830674257
19,Chocolate & Milk,2024-11-18,17.383564342031704,17.1494394442443,17.40321971747203,0.2537802732277292
19,Chocolate & Milk,2024-11-19,20.002544283382697,19.913706439319487,20.019629943104626,0.1059235037851387
19,Chocolate & Milk,2024-11-20,20.673323193429646,20.39495328669789,20.691112907626312,0.29615962092842096
19,Chocolate & Milk,2024-11-21,19.858504357124403,19.843735352907785,19.87928138397775,0.03554603106996623
19,Chocolate & Milk,2024-11-22,19.808263000647827,19.66267894827235,19.830191237415008,0.1675122891426568
19,Chocolate & Milk,2024-11-23,18.350330010422542,18.257078443736994,18.369981396371966,0.11290295263497185
19,Chocolate & Milk,2024-11-24,19.274764718561684,19.175223544385588,19.293652661024012,0.11842911663842415
19,Chocolate & Milk,2024-11-25,20.950956953091207,20.84356322177164,20.967749959476418,0.12418673770477895
19,Chocolate & Milk,2024-11-26,20.93150930862398,20.818815729692115,20.94612269292056,0.12730696322844537
19,Chocolate & Milk,2024-11-27,20.901157952938316,20.844927883361137,20.916123772488387,0.0711958891272495
19,Chocolate & Milk,2024-11-28,20.099082399722782,20.014764639958535,20.115112748429716,0.10034810847118081
19,Chocolate & Milk,2024-11-29,20.969567643593678,21.219703657364807,20.984438946966193,0.2501360137711295
19,Chocolate & Milk,2024-11-30,23.102273370347902,23.466390798224786,23.116417808122485,0.3641174278768844
19,Chocolate & Milk,2024-12-01,22.568414275776036,23.326854146280006,22.58359404688767,0.7584398705039703
19,Chocolate & Milk,2024-12-02,23.914201084150257,24.49079441618865,23.930331200353265,0.5765933320383922
19,Chocolate & Milk,2024-12-03,24.07746983395095,24.653684470129534,24.094190878382765,0.5762146361785838
19,Chocolate & Milk,2024-12-04,24.648929195190284,24.836195018217595,24.669504329625035,0.18726582302731032
19,Chocolate & Milk,2024-12-05,33.83662995514863,34.97253744780934,33.857277625781684,1.1359074926607065
19,Chocolate & Milk,2024-12-06,28.913614456508647,28.13718068646861,28.933772266015854,0.7965915795472434
19,Chocolate & Milk,2024-12-07,49.2546040766606,52.939684272796704,49.27368786685834,3.6850801961361057
19,Chocolate & Milk,2024-12-08,27.378554759574435,26.86304392615561,27.393080375071076,0.5300364489154674
19,Chocolate & Milk,2024-12-09,29.246105127385412,28.95256551839679,29.25736274536137,0.3047972269645811
19,Chocolate & Milk,2024-12-10,39.64933624897898,39.18982430274599,39.657375194049095,0.46755089130310523
19,Chocolate & Milk,2024-12-11,29.93887014989249,29.692050028401887,29.948437190873435,0.25638716247154747
19,Chocolate & Milk,2024-12-12,29.45640162363687,29.351108690571923,29.46823469545267,0.11712600488074543
19,Chocolate & Milk,2024-12-13,29.170033558813195,28.726140422909467,29.18153828343803,0.45539786052856357
19,Chocolate & Milk,2024-12-14,27.439327843936113,27.181719696175325,27.446312112682968,0.264592416507643
19,Chocolate & Milk,2024-12-15,33.69016645552138,33.56107823108216,33.694081475930886,0.13300324484872306
19,Chocolate & Milk,2024-12-16,20.00312536136642,20.156471520758387,20.007516037896266,0.15334615939196894
19,Chocolate & Milk,2024-12-17,20.011952466169834,20.064721788687944,20.015479055237456,0.05276932251810962
19,Chocolate & Milk,2024-12-18,20.6471302363082,20.382644684772792,20.651269363347033,0.2686246785742412
19,Chocolate & Milk,2024-12-19,19.908952504568372,19.851835500226247,19.9111101542336,0.05927465400735343
19,Chocolate & Milk,2024-12-20,19.792671411244893,19.713337443901914,19.795847892262056,0.08251044836014287
19,Chocolate & Milk,2024-12-21,18.57875306474274,18.43466728967831,18.58713474334982,0.1524674536715125
19,Chocolate & Milk,2024-12-22,27.312596346819383,26.06061931124521,27.32068413292969,1.2600648216844803
19,Chocolate & Milk,2024-12-23,19.926044648517376,19.927488265135153,19.927208008244424,0.0014436166177773657
19,Chocolate & Milk,2024-12-24,19.953842685637603,19.918730797887797,19.952790971209104,0.03511188774980667
19,Chocolate & Milk,2024-12-25,20.540703019585038,20.171337381077215,20.54494810992022,0.37361072884300484
19,Chocolate & Milk,2024-12-26,19.833200899300817,19.960260575599783,19.84115165244317,0.1270596762989662
19,Chocolate & Milk,2024-12-27,27.690763477142156,27.300502662610118,27.6968884337265,0.39638577111638185
19,Chocolate & Milk,2024-12-28,18.713563815134044,18.679359600286944,18.71986249591331,0.040502895626367774
19,Chocolate & Milk,2024-12-29,18.773960869746194,18.81115478780861,18.777479963406655,0.03719391806241745
19,Chocolate & Milk,2024-12-30,27.744358482252178,28.369345370952523,27.746028265537014,0.6249868887003451
19,Chocolate & Milk,2024-12-31,24.41483613780039,24.97217898588936,24.416559839659296,0.5573428480889717
19,Coffee,2024-11-01,128.1890060673437,121.1912940230599,121.61340072951052,6.997712044283816
19,Coffee,2024-11-02,118.13259454890539,113.59204398772837,113.4455166077237,4.687077941181684
19,Coffee,2024-11-03,118.23614009921636,114.19779686873747,114.19497598119169,4.041164118024668
19,Coffee,2024-11-04,126.20777735913892,122.42727967071983,122.78775561354874,3.7804976884190893
19,Coffee,2024-11-05,126.48700331095048,124.85996252072377,123.93180759891031,2.555195712040174
19,Coffee,2024-11-06,130.66706179722289,127.02032048277587,129.63517596573632,3.646741314447013
19,Coffee,2024-11-07,125.64548894513752,125.27125503457277,126.07417593677698,0.8029209022042068
19,Coffee,2024-11-08,149.43652929420486,145.72103838640288,149.89210466623572,4.171066279832843
19,Coffee,2024-11-09,138.36497238843307,135.6075740225869,138.80069900806666,3.1931249854797557
19,Coffee,2024-11-10,140.3449060561361,137.6800599791738,140.7887032471982,3.108643268024423
19,Coffee,2024-11-11,141.71766109293557,141.4292057237882,142.11659485612415,0.6873891323359658
19,Coffee,2024-11-12,140.24619091790254,140.36629536696904,140.58160341823594,0.33541250033340475
19,Coffee,2024-11-13,149.2098295367989,147.3751050781799,149.535402091646,2.1602970134661064
19,Coffee,2024-11-14,144.64684219186628,144.54706368280154,144.98779524033856,0.44073155753702054
19,Coffee,2024-11-15,170.97455440939498,172.30391242459189,171.3045675946575,1.3293580151969024
19,Coffee,2024-11-16,134.7654357387547,134.02318229795264,135.07596842090516,1.0527861229525115
19,Coffee,2024-11-17,135.1797434388145,134.56923033242748,135.46651573423992,0.8972854018124394
19,Coffee,2024-11-18,143.70172358484945,142.79358832732524,143.95198993368743,1.1584016063621903
19,Coffee,2024-11-19,146.23947595094427,145.54995028386853,146.4306650484351,0.8807147645665623
19,Coffee,2024-11-20,150.651056120264,148.38232230951934,150.81721808053726,2.4348957710179207
19,Coffee,2024-11-21,142.02330513207056,139.46910035226983,142.18425789127957,2.7151575390097378
19,Coffee,2024-11-22,141.25001707547608,138.73874834455228,141.40191430268146,2.663165958129184
19,Coffee,2024-11-23,132.27138369806877,128.5630347856184,132.40562273446977,3.84258794885136
19,Coffee,2024-11-24,139.2172810762603,136.964908592302,139.3636132182548,2.398704625952803
19,Coffee,2024-11-25,149.58178028333046,146.6903838809756,149.7098831196795,3.019499238703901
19,Coffee,2024-11-26,150.0260504841845,145.33125775617805,150.09384390244108,4.762586146263033
19,Coffee,2024-11-27,148.7629682848398,144.38751612191874,148.81064787303944,4.423131751120707
19,Coffee,2024-11-28,143.50526885250326,140.99582732914527,143.59110870759713,2.5952813784518582
19,Coffee,2024-11-29,149.91525127125652,150.05486318251252,150.00066501208042,0.13961191125599726
19,Coffee,2024-11-30,165.94816628765793,164.96521630244763,166.03265573436818,1.0674394319205476
19,Coffee,2024-12-01,160.02266390539273,159.00456188484858,160.13689073772002,1.1323288528714386
19,Coffee,2024-12-02,168.17570789574583,168.43913138326292,168.34212720546714,0.26342348751708755
19,Coffee,2024-12-03,169.98296668834132,168.9881242515871,170.15621928280558,1.1680950312184848
19,Coffee,2024-12-04,174.99802245688858,171.34839496019063,175.2095436098129,3.8611486496222653
19,Coffee,2024-12-05,237.38985105522596,236.10640746780055,237.61376516835594,1.5073577005553886
19,Coffee,2024-12-06,213.7131526853276,218.04965905886456,213.92749618114738,4.336506373536963
19,Coffee,2024-12-07,353.3553946096315,385.1176407998523,353.5747521691713,31.76224619022082
19,Coffee,2024-12-08,204.21247686677805,205.0925030083587,204.44199857028298,0.8800261415806574
19,Coffee,2024-12-09,215.00248612344433,216.8028660057973,215.22443417952996,1.8003798823529849
19,Coffee,2024-12-10,285.4232140579891,291.48806964187287,285.6341262278352,6.064855583883741
19,Coffee,2024-12-11,220.1962453970882,222.8382178635549,220.40135213434107,2.641972466466683
19,Coffee,2024-12-12,215.7648294544338,217.9657564776428,215.97029478070732,2.2009270232090046
19,Coffee,2024-12-13,214.24103831355094,216.97427314724428,214.40401084087532,2.7332348336933308
19,Coffee,2024-12-14,202.79638694729763,202.8654243578218,202.93519181114283,0.13880486384519486
19,Coffee,2024-12-15,238.01413481708033,231.79421192216438,238.16111922013837,6.366907297973995
19,Coffee,2024-12-16,144.14163096294192,142.77458635460016,144.29863827689712,1.5240519222969624
19,Coffee,2024-12-17,143.33986467947864,141.7311461636752,143.45800816947133,1.7268620057961357
19,Coffee,2024-12-18,148.01340325973283,145.31813128794832,148.1273681056851,2.8092368177367746
19,Coffee,2024-12-19,143.15775756852386,140.95278152570472,143.26624156677232,2.3134600410676
19,Coffee,2024-12-20,143.13620614196464,141.5501064863023,143.1973355233134,1.6472290370111011
19,Coffee,2024-12-21,136.13450012533076,133.79417242838343,136.1646741549061,2.3705017265226616
19,Coffee,2024-12-22,205.06305351975496,190.4283208143773,205.1029558221583,14.674635007781006
19,Coffee,2024-12-23,145.13143530114365,142.83560296534296,145.15205436303737,2.316451397694408
19,Coffee,2024-12-24,146.11513574478752,143.08703645953585,146.1391345468421,3.052098087306234
19,Coffee,2024-12-25,148.81521670680365,143.70930932956358,148.8784783017473,5.169168972183712
19,Coffee,2024-12-26,143.38486784371355,142.2488832427766,143.47301176850894,1.2241285257323398
19,Coffee,2024-12-27,207.682712140449,201.68228219350786,207.7399441846615,6.057661991153651
19,Coffee,2024-12-28,136.06870290286298,132.85398075179904,136.1463405171223,3.292359765323255
19,Coffee,2024-12-29,134.51945932507215,133.57856535852557,134.62119041197877,1.0426250534532073
19,Coffee,2024-12-30,206.93393908419392,209.6654717414729,207.02338231457333,2.73153265727899
19,Coffee,2024-12-31,174.3099132396456,174.87752704767854,174.36176953983278,0.5676138080329451
19,Juice & Smoothie,2024-11-01,10.410316177921189,10.73603590579369,11.304977187874611,0.8946610099534222
19,Juice & Smoothie,2024-11-02,9.694610838186534,10.006203319759212,10.41406949746028,0.7194586592737462
19,Juice & Smoothie,2024-11-03,9.84823378096345,10.196989943643207,10.301669218595249,0.45343543763179817
19,Juice & Smoothie,2024-11-04,10.670969572502312,10.966517885012966,11.07268931109025,0.4017197385879374
19,Juice & Smoothie,2024-11-05,10.337860638284118,11.063861942499603,10.795031292249341,0.7260013042154849
19,Juice & Smoothie,2024-11-06,10.667451613659445,11.281196289453595,10.827162059920152,0.61374467579415
19,Juice & Smoothie,2024-11-07,10.531250919950441,11.229795620805714,10.539616131344225,0.6985447008552725
19,Juice & Smoothie,2024-11-08,12.745968367249787,13.025104275943702,12.749334562242453,0.2791359086939149
19,Juice & Smoothie,2024-11-09,11.97220606325563,12.481145658015148,11.973111808069756,0.5089395947595179
19,Juice & Smoothie,2024-11-10,12.14386361588104,12.256715340398967,12.148602199866817,0.11285172451792747
19,Juice & Smoothie,2024-11-11,11.163284363422772,11.491140021475143,11.174163151201341,0.32785565805237127
19,Juice & Smoothie,2024-11-12,10.828037034651764,11.355309572895667,10.84409382626451,0.5272725382439027
19,Juice & Smoothie,2024-11-13,13.190380154900552,13.618812966800977,13.203365795773346,0.42843281190042504
19,Juice & Smoothie,2024-11-14,12.848573379841012,13.278375111163603,12.86279250633848,0.42980173132259125
19,Juice & Smoothie,2024-11-15,15.770670504759853,16.197051751578385,15.787374296041456,0.42638124681853284
19,Juice & Smoothie,2024-11-16,12.118734846518212,12.778669550031156,12.138023353138887,0.6599347035129437
19,Juice & Smoothie,2024-11-17,12.134980618287145,13.076375751703976,12.1530081413412,0.9413951334168313
19,Juice & Smoothie,2024-11-18,12.81413908861158,13.862117649812067,12.83512672179425,1.0479785612004875
19,Juice & Smoothie,2024-11-19,12.851320641230696,13.811486610607057,12.875847026972071,0.9601659693763605
19,Juice & Smoothie,2024-11-20,13.2550155816824,13.864237782332465,13.280514245400916,0.6092222006500645
19,Juice & Smoothie,2024-11-21,12.398094745929178,13.024121621475205,12.418829881426028,0.6260268755460263
19,Juice & Smoothie,2024-11-22,12.604118461209634,12.792557998848405,12.621478372538848,0.18843953763877153
19,Juice & Smoothie,2024-11-23,11.783210509293196,11.999523655387858,11.796570404908186,0.21631314609466123
19,Juice & Smoothie,2024-11-24,12.373790417667923,12.706052182325752,12.384214600167468,0.3322617646578294
19,Juice & Smoothie,2024-11-25,13.334709757283349,13.485794733629952,13.34191873266051,0.15108497634660267
19,Juice & Smoothie,2024-11-26,12.970652193320937,12.997401133497776,12.981277525773915,0.026748940176839042
19,Juice & Smoothie,2024-11-27,12.886647421117907,12.969375721116778,12.893556153626463,0.08272829999887144
19,Juice & Smoothie,2024-11-28,12.511405842959599,12.49127020907135,12.513582512553189,0.022312303481838214
19,Juice & Smoothie,2024-11-29,13.336739939816669,13.562424320537474,13.333812480643994,0.22861183989348
19,Juice & Smoothie,2024-11-30,15.183221212668336,15.423105883194905,15.179665997825978,0.24343988536892702
19,Juice & Smoothie,2024-12-01,14.58446035082327,14.560950231795664,14.579393524406115,0.023510119027607246
19,Juice & Smoothie,2024-12-02,15.29074619650361,15.14052840925229,15.28583122439272,0.15021778725131973
19,Juice & Smoothie,2024-12-03,15.036520635784852,14.802385425718,15.031684098931251,0.23413521006685123
19,Juice & Smoothie,2024-12-04,15.453299843702487,14.945307614462418,15.448348025261426,0.5079922292400685
19,Juice & Smoothie,2024-12-05,21.86836671274513,21.58056083179356,21.86200141800467,0.28780588095157
19,Juice & Smoothie,2024-12-06,19.494968022024246,18.63615683023526,19.48733499463689,0.858811191788984
19,Juice & Smoothie,2024-12-07,35.709862966893894,37.88552087401133,35.69847051938386,2.187050354627466
19,Juice & Smoothie,2024-12-08,19.129131031414257,19.172290231986977,19.11939156134972,0.052898670637258505
19,Juice & Smoothie,2024-12-09,20.035377459420243,20.23417519025357,20.028843620080398,0.20533157017317194
19,Juice & Smoothie,2024-12-10,27.564228291361257,28.370489494447988,27.562118200532577,0.8083712939154104
19,Juice & Smoothie,2024-12-11,20.248010602565717,20.37470859043045,20.24327676117689,0.131431829253561
19,Juice & Smoothie,2024-12-12,19.967375232944978,20.28651557792815,19.959846177875423,0.32666940005272593
19,Juice & Smoothie,2024-12-13,20.055761030218573,20.297101212958417,20.043941019352523,0.25316019360589337
19,Juice & Smoothie,2024-12-14,19.071346533703444,19.25898128027102,19.056325999524805,0.20265528074621386
19,Juice & Smoothie,2024-12-15,23.278863304118182,23.153649704753185,23.260533531712195,0.1252135993649972
19,Juice & Smoothie,2024-12-16,12.784502668568443,12.619139439802025,12.769383474692624,0.1653632287664184
19,Juice & Smoothie,2024-12-17,12.431994180050381,12.378514133444652,12.421494207203386,0.05348004660572947
19,Juice & Smoothie,2024-12-18,12.845228864880252,12.528199074743526,12.835587302081649,0.3170297901367256
19,Juice & Smoothie,2024-12-19,12.365120480804391,12.203866498473673,12.349738597219492,0.16125398233071842
19,Juice & Smoothie,2024-12-20,12.726084157055594,12.576155603099245,12.708426784573298,0.1499285539563484
19,Juice & Smoothie,2024-12-21,11.94068527483061,11.83212861109011,11.918745838921105,0.10855666374050088
19,Juice & Smoothie,2024-12-22,19.728274900303777,18.134781841419777,19.705439295977833,1.5934930588840004
19,Juice & Smoothie,2024-12-23,12.616866987933065,12.36023717293049,12.596280788221282,0.25662981500257587
19,Juice & Smoothie,2024-12-24,12.38593908284409,12.221832272615766,12.371011348519279,0.16410681022832385
19,Juice & Smoothie,2024-12-25,12.751570543673719,12.421454665351018,12.735308133121949,0.33011587832270095
19,Juice & Smoothie,2024-12-26,12.331925671417862,12.133845056673598,12.312609575651454,0.19808061474426353
19,Juice & Smoothie,2024-12-27,19.998693258551338,18.817314283505397,19.97522214623377,1.1813789750459414
19,Juice & Smoothie,2024-12-28,12.18902672309831,11.852676190697899,12.165595466835903,0.33635053240041124
19,Juice & Smoothie,2024-12-29,11.965778638061016,11.772751603364519,11.94420201081837,0.19302703469649707
19,Juice & Smoothie,2024-12-30,18.355294846447983,17.777762344750013,18.337912134171884,0.57753250169797
19,Juice & Smoothie,2024-12-31,15.59396955744047,15.944866378040048,15.581403134777137,0.36346324326291146
19,Merchandise,2024-11-01,6.323028677376472,6.1218824645935515,6.14208387648383,0.20114621278292066
19,Merchandise,2024-11-02,5.85055989322967,5.869669967943892,5.817094223407112,0.05257574453677982
19,Merchandise,2024-11-03,5.897653957863029,5.99390748986843,5.934428668413672,0.09625353200540143
19,Merchandise,2024-11-04,6.4349172727507185,6.684595044491028,6.433091074344713,0.25150397014631487
19,Merchandise,2024-11-05,6.458165723239819,6.428889870382915,6.254954623068171,0.20321110017164834
19,Merchandise,2024-11-06,6.835639839917793,6.847064710988649,6.755040123099934,0.09202458788871493
19,Merchandise,2024-11-07,6.472331144119328,6.356063917911171,6.470731912883636,0.11626722620815677
19,Merchandise,2024-11-08,7.2809208650091986,7.338339018538132,7.277418248133099,0.06092077040503341
19,Merchandise,2024-11-09,6.441827775812113,6.563543651913919,6.439710776612415,0.12383287530150433
19,Merchandise,2024-11-10,6.617636272725437,6.8175200921634485,6.6179875826304055,0.19988381943801148
19,Merchandise,2024-11-11,7.362378619724799,7.354967958377767,7.36162853023502,0.007410661347032388
19,Merchandise,2024-11-12,7.570331738430085,7.585282445821007,7.568529404370471,0.01675304145053591
19,Merchandise,2024-11-13,7.996922672664791,7.915978753693895,7.993521507234421,0.08094391897089626
19,Merchandise,2024-11-14,7.832986405929428,8.138222640610909,7.828499007409961,0.30972363320094765
19,Merchandise,2024-11-15,9.674754060468198,9.5945750030874,9.674285320424392,0.08017905738079811
19,Merchandise,2024-11-16,6.330171201797409,5.9864015274093925,6.327421730521645,0.34376967438801653
19,Merchandise,2024-11-17,6.176221822610381,5.810386108589207,6.174697994476243,0.36583571402117343
19,Merchandise,2024-11-18,6.45144844462934,6.342452792398131,6.4549629146445096,0.11251012224637869
19,Merchandise,2024-11-19,7.443294290474785,7.235398304561102,7.451328719439637,0.21593041487853526
19,Merchandise,2024-11-20,7.563594775454362,7.476937323354558,7.572754138721416,0.0958168153668586
19,Merchandise,2024-11-21,7.133083163078242,7.127111558468094,7.1404702678409615,0.013358709372867317
19,Merchandise,2024-11-22,7.205199568231072,7.288978203511813,7.2131461411579005,0.08377863528074059
19,Merchandise,2024-11-23,6.652747133914803,6.765932770695589,6.661166004450457,0.11318563678078597
19,Merchandise,2024-11-24,7.042414637320227,6.856162204282284,7.050008757870851,0.19384655358856673
19,Merchandise,2024-11-25,7.786856776510646,7.559826299017979,7.790716244277206,0.2308899452592268
19,Merchandise,2024-11-26,7.9116780882169255,7.613119051437401,7.913156217501636,0.3000371660642349
19,Merchandise,2024-11-27,8.03813595743599,7.752510825959899,8.03682368641292,0.2856251314760918
19,Merchandise,2024-11-28,7.779284552583232,7.473621846763772,7.776009958684883,0.30566270581946053
19,Merchandise,2024-11-29,8.080628624238141,7.993970886278257,8.075035856236383,0.08665773795988407
19,Merchandise,2024-11-30,9.024379939071146,9.060349783778578,9.025602741938872,0.035969844707432586
19,Merchandise,2024-12-01,8.302568930232166,8.28648753767003,8.300739205424678,0.016081392562135477
19,Merchandise,2024-12-02,8.787591470248836,8.682267959943236,8.784688964951055,0.10532351030560072
19,Merchandise,2024-12-03,8.773403498193138,8.628059067380793,8.769658248988364,0.1453444308123455
19,Merchandise,2024-12-04,9.26235924292925,8.981013223859303,9.259581895355335,0.2813460190699466
19,Merchandise,2024-12-05,13.537216687597745,13.155912353180621,13.533437849738643,0.3813043344171234
19,Merchandise,2024-12-06,9.360043270766727,9.214782576340632,9.357080157369891,0.14526069442609568
19,Merchandise,2024-12-07,13.597279115761442,14.166587268569288,13.594901404625766,0.5716858639435216
19,Merchandise,2024-12-08,7.409893856332897,7.5191975154202435,7.408759096778068,0.1104384186421754
19,Merchandise,2024-12-09,7.791231547325422,7.7738914329374005,7.78993562792191,0.017340114388021632
19,Merchandise,2024-12-10,11.717070329554495,11.587154311940756,11.716739926873139,0.1299160176137395
19,Merchandise,2024-12-11,7.7320228014682595,7.7147100369879515,7.730546557261089,0.01731276448030794
19,Merchandise,2024-12-12,7.416365823648363,7.445461451584558,7.416321724258665,0.02913972732589265
19,Merchandise,2024-12-13,7.447866694821817,7.465041544318806,7.450234066592811,0.017174849496988998
19,Merchandise,2024-12-14,6.836311093515716,6.996618873491913,6.840010415376816,0.16030777997619694
19,Merchandise,2024-12-15,8.780569783720528,8.776277044848811,8.788211372302936,0.011934327454124372
19,Merchandise,2024-12-16,7.400051933547056,7.452970065905451,7.4038926933471325,0.052918132358395376
19,Merchandise,2024-12-17,7.442611509206076,7.326095162016576,7.446597876965138,0.12050271494856268
19,Merchandise,2024-12-18,7.781753558079666,7.533158416741659,7.785130474558059,0.2519720578164
19,Merchandise,2024-12-19,7.515044670988225,7.359315506901768,7.515350367729109,0.15603486082734097
19,Merchandise,2024-12-20,7.557663213204165,7.441932076844399,7.558271093586884,0.11633901674248559
19,Merchandise,2024-12-21,7.019250943939051,6.986594041370775,7.02178437390415,0.035190332533374225
19,Merchandise,2024-12-22,10.636827547005637,9.673908292122341,10.642260226225497,0.9683519341031559
19,Merchandise,2024-12-23,7.309070593756836,7.245700022152431,7.3124860686394335,0.06678604648700226
19,Merchandise,2024-12-24,7.3213473219241125,7.215247259962191,7.323670308687602,0.10842304872541053
19,Merchandise,2024-12-25,7.560933034403894,7.330137087828372,7.560677063723543,0.2307959465755225
19,Merchandise,2024-12-26,7.087085302873749,6.983393288754612,7.083171139296782,0.10369201411913753
19,Merchandise,2024-12-27,10.490266397156276,9.957377957980668,10.48511248091792,0.5328884391756077
19,Merchandise,2024-12-28,6.607411054990909,6.525381069974386,6.604049561874196,0.08202998501652292
19,Merchandise,2024-12-29,6.687807105927714,6.739623581141629,6.6852276343718176,0.05439594676981141
19,Merchandise,2024-12-30,10.806830596740056,10.795805983347048,10.806261417570445,0.011024613393008309
19,Merchandise,2024-12-31,9.467390493431703,9.557810952931957,9.468051070300167,0.09042045950025468
19,Savory Bakery,2024-11-01,24.46774325929898,25.02115706836844,24.874439461315646,0.5534138090694576
19,Savory Bakery,2024-11-02,22.687883955223594,23.245178179914028,22.954376716164372,0.557294224690434
19,Savory Bakery,2024-11-03,23.113110043875018,22.94780197558196,22.900548213542187,0.21256183033283094
19,Savory Bakery,2024-11-04,25.036275930416352,24.746521524403693,24.770079689458882,0.28975440601265845
19,Savory Bakery,2024-11-05,25.218395157930786,25.260037001453167,24.713269147595422,0.5467678538577445
19,Savory Bakery,2024-11-06,26.162501543305247,26.344839732218848,26.000399822639306,0.34443990957954185
19,Savory Bakery,2024-11-07,24.894923287955525,25.313029581318943,24.903077488798015,0.41810629336341876
19,Savory Bakery,2024-11-08,29.840750518190287,29.837261743040738,29.857189896266046,0.019928153225308165
19,Savory Bakery,2024-11-09,27.654496088571115,27.61478195204269,27.678425492699198,0.06364354065650701
19,Savory Bakery,2024-11-10,27.960144839945293,27.971371503863587,27.99421351748367,0.03406867753837517
19,Savory Bakery,2024-11-11,28.29844405201046,28.638823710363557,28.31815485913449,0.3403796583530969
19,Savory Bakery,2024-11-12,28.108849645713057,28.029451145042366,28.121028433684913,0.09157728864254722
19,Savory Bakery,2024-11-13,29.234524922247815,28.461971600248088,29.2479530706915,0.7859814704434136
19,Savory Bakery,2024-11-14,27.9830881028504,28.258022435944657,28.013505923081283,0.27493433309425797
19,Savory Bakery,2024-11-15,33.75174847260025,34.573657471335544,33.781938969015016,0.8219089987352959
19,Savory Bakery,2024-11-16,22.81485508838077,23.006844334426535,22.839922251276903,0.19198924604576462
19,Savory Bakery,2024-11-17,22.96886462548949,23.193436859413268,22.98174134053427,0.22457223392377657
19,Savory Bakery,2024-11-18,24.801484509844855,25.01155326872316,24.829332510167596,0.2100687588783039
19,Savory Bakery,2024-11-19,28.73561889366995,29.127099664932903,28.763968137308787,0.3914807712629518
19,Savory Bakery,2024-11-20,29.771975297526172,29.852156835099706,29.78240028181835,0.08018153757353375
19,Savory Bakery,2024-11-21,28.609572025989902,28.81394727087833,28.604719587416042,0.20922768346228793
19,Savory Bakery,2024-11-22,28.51618611072558,29.0078732784552,28.521068005837126,0.4916871677296193
19,Savory Bakery,2024-11-23,26.551948722752254,26.71107989832007,26.552967252677295,0.15913117556781486
19,Savory Bakery,2024-11-24,26.50492783800243,26.670643945309532,26.505425443085453,0.16571610730710162
19,Savory Bakery,2024-11-25,28.787299773432736,28.65282220245042,28.78469023979968,0.13447757098231605
19,Savory Bakery,2024-11-26,28.988899993416695,28.552788648387796,28.995003195154666,0.4422145467668699
19,Savory Bakery,2024-11-27,26.28888633622594,25.42044483855625,26.293902188449337,0.8734573498930871
19,Savory Bakery,2024-11-28,24.94015090879619,24.174410553706906,24.95041370679457,0.7760031530876645
19,Savory Bakery,2024-11-29,25.85432336611046,25.944593134266032,25.85891227387397,0.0902697681555722
19,Savory Bakery,2024-11-30,29.71494980580053,29.678085634447722,29.73081561423998,0.05272997979225735
19,Savory Bakery,2024-12-01,33.353319855745575,33.930368916536835,33.37675866825199,0.5770490607912606
19,Savory Bakery,2024-12-02,35.446876660511776,35.369781920435756,35.46403018428984,0.0942482638540838
19,Savory Bakery,2024-12-03,35.35450539101142,35.46603958329411,35.36194036139212,0.11153419228269001
19,Savory Bakery,2024-12-04,36.36335283779658,36.14588161898525,36.37960092371392,0.2337193047286732
19,Savory Bakery,2024-12-05,49.4046499256367,49.99133816520713,49.408893069755486,0.5866882395704351
19,Savory Bakery,2024-12-06,43.4973336872435,43.32983464523555,43.49590995458876,0.16749904200794674
19,Savory Bakery,2024-12-07,74.40639619365191,78.89414101016608,74.39877957462215,4.495361435543927
19,Savory Bakery,2024-12-08,40.700536089599154,40.68903270313511,40.70107963285403,0.012046929718920296
19,Savory Bakery,2024-12-09,42.90582649776469,42.971617177295386,42.89769929874842,0.07391787854696474
19,Savory Bakery,2024-12-10,58.67946458840776,58.08058832048817,58.65914238279025,0.5988762679195929
19,Savory Bakery,2024-12-11,44.38376155756859,44.979823667901776,44.35002680845889,0.6297968594428838
19,Savory Bakery,2024-12-12,43.44259634135955,44.0095752952531,43.42544842835057,0.5841268669025297
19,Savory Bakery,2024-12-13,43.076933764935916,43.66779108194417,43.06422397027136,0.6035671116728167
19,Savory Bakery,2024-12-14,40.870323356803375,41.565164795465726,40.85557054084657,0.7095942546191552
19,Savory Bakery,2024-12-15,49.63777239085756,49.86629963695287,49.624351431211764,0.2419482057411031
19,Savory Bakery,2024-12-16,29.20345937016292,29.34527413112609,29.212125115342875,0.14181476096316814
19,Savory Bakery,2024-12-17,29.112284585122325,28.981683614087455,29.124536225423988,0.14285261133653293
19,Savory Bakery,2024-12-18,29.787793522329217,29.357668629620573,29.808280719625067,0.4506120900044941
19,Savory Bakery,2024-12-19,28.764380928738284,28.506200993672255,28.775581163514808,0.2693801698425524
19,Savory Bakery,2024-12-20,28.78166726833344,28.52001285594675,28.786068653674015,0.2660557977272653
19,Savory Bakery,2024-12-21,27.28344102863783,27.288078951086362,27.27476397425145,0.013314976834912784
19,Savory Bakery,2024-12-22,39.86065939596874,37.08522626314036,39.85660351126809,2.7754331328283754
19,Savory Bakery,2024-12-23,28.7929674076259,28.55559403028495,28.776557573756094,0.23737337734094766
19,Savory Bakery,2024-12-24,29.08161487538657,28.78408034613299,29.069821301779548,0.29753452925358204
19,Savory Bakery,2024-12-25,29.94867000961918,29.262981312889732,29.940965766156644,0.6856886967294464
19,Savory Bakery,2024-12-26,28.742585061158117,28.593280233795536,28.736923838987813,0.149304827362581
19,Savory Bakery,2024-12-27,43.37648114157135,41.85450139203695,43.37184103553996,1.5219797495343954
19,Savory Bakery,2024-12-28,27.426242479525136,27.039951909576587,27.43814029070152,0.3981883811249318
19,Savory Bakery,2024-12-29,27.144060962761376,26.940574232175496,27.148387041060666,0.20781280888516918
19,Savory Bakery,2024-12-30,43.14403639665521,43.65460664320166,43.146501628320905,0.5105702465464503
19,Savory Bakery,2024-12-31,35.38978525638115,35.99973689070075,35.395372530368306,0.6099516343196001
19,Tea,2024-11-01,36.57997097349305,36.29718796436681,37.84231622294055,1.5451282585737403
19,Tea,2024-11-02,34.62146825380784,34.22883324297278,36.15381941289361,1.9249861699208282
19,Tea,2024-11-03,35.44192106425866,35.104034274500776,35.5146189727625,0.4105846982617223
19,Tea,2024-11-04,38.25417455881562,35.424509943946276,38.57399598459474,3.149486040648462
19,Tea,2024-11-05,38.054263187022116,36.46031010146481,38.47394770297153,2.0136376015067157
19,Tea,2024-11-06,38.486422493254906,37.51841511834216,38.709321165356194,1.1909060470140318
19,Tea,2024-11-07,36.70874166250943,37.12522050713109,36.7055406327779,0.41967987435319287
19,Tea,2024-11-08,37.30268536904404,36.7977425908044,37.306314434737494,0.5085718439330975
19,Tea,2024-11-09,35.3732126533842,34.8801916562626,35.39485519049243,0.5146635342298254
19,Tea,2024-11-10,35.800850885353306,35.48237811581235,35.8286052965175,0.34622718070514935
19,Tea,2024-11-11,38.709470347992514,39.04187659658327,38.71331268247911,0.3324062485907575
19,Tea,2024-11-12,38.05351970362298,37.647867504171415,38.041482753002,0.4056521994515663
19,Tea,2024-11-13,39.14358876788109,37.824279867675514,39.125576295383375,1.3193089002055771
19,Tea,2024-11-14,37.235063333447826,37.003353918630694,37.22417363907483,0.23170941481713214
19,Tea,2024-11-15,45.94544943168776,46.77241655633196,45.957643337152426,0.8269671246441987
19,Tea,2024-11-16,35.68486726905254,35.02600516578781,35.72118189999653,0.6951767342087223
19,Tea,2024-11-17,36.34750788967529,35.73109429837232,36.3873621832355,0.6562678848631833
19,Tea,2024-11-18,38.74627918999714,38.95167382419898,38.77988425840508,0.2053946342018378
19,Tea,2024-11-19,43.71185522287108,43.8246866676331,43.7327553148715,0.11283144476202267
19,Tea,2024-11-20,44.413451730904725,43.99142930080666,44.420211152947424,0.4287818521407658
19,Tea,2024-11-21,42.511373982742825,42.94071701082363,42.509801687284124,0.4309153235395087
19,Tea,2024-11-22,42.58658542750346,43.322080148054695,42.599519905106426,0.7354947205512374
19,Tea,2024-11-23,40.172778003617665,40.71997999265372,40.2056258928911,0.5472019890360542
19,Tea,2024-11-24,40.53082758553717,40.73170392284834,40.57360271259246,0.20087633731117194
19,Tea,2024-11-25,43.61831021250995,43.897228693166596,43.64282201401983,0.2789184806566496
19,Tea,2024-11-26,43.22716166947682,42.770265044274396,43.22870150013095,0.4584364558565568
19,Tea,2024-11-27,38.587679673152046,37.764416035747374,38.57609673033665,0.823263637404672
19,Tea,2024-11-28,36.46837658897893,36.598120103576164,36.46306884315946,0.13505126041670223
19,Tea,2024-11-29,38.60764610108606,39.51310890847061,38.61893835903584,0.9054628073845521
19,Tea,2024-11-30,44.28970910810269,44.89218600369489,44.324493148375396,0.6024768955921971
19,Tea,2024-12-01,48.35815505505302,49.23444319757693,48.3947686119284,0.8762881425239115
19,Tea,2024-12-02,51.68818019029247,52.37098433224258,51.70836031281903,0.6828041419501076
19,Tea,2024-12-03,51.589182148813464,51.96663268913813,51.5920600288748,0.3774505403246664
19,Tea,2024-12-04,52.21059539089352,51.93896519939132,52.210125899873454,0.27163019150220435
19,Tea,2024-12-05,70.87089711443572,72.62356983498202,70.86606834934844,1.7575014856335827
19,Tea,2024-12-06,60.90540113448034,61.406563392706154,60.92010619257921,0.5011622582258113
19,Tea,2024-12-07,105.70282555175191,114.57292629474648,105.73672879690346,8.870100742994566
19,Tea,2024-12-08,59.042223118862815,59.046718760340205,59.07867060577632,0.0364474869135023
19,Tea,2024-12-09,62.42264431475054,63.038729486333835,62.44576624803052,0.6160851715832933
19,Tea,2024-12-10,84.68135346812545,84.26358103407439,84.68036653806627,0.41777243405105935
19,Tea,2024-12-11,62.99879777001149,63.533376923517665,62.973149575476704,0.5602273480409607
19,Tea,2024-12-12,61.179468251597456,62.43831472558328,61.15851596618044,1.2797987594028442
19,Tea,2024-12-13,61.415702567825704,62.640249113068776,61.419511438590675,1.2245465452430722
19,Tea,2024-12-14,58.3406380158023,59.36606102525296,58.36033865813813,1.0254230094506624
19,Tea,2024-12-15,73.09677659232094,72.41911762983449,73.10299584996129,0.6838782201268003
19,Tea,2024-12-16,44.694198447293964,45.05014220731108,44.682939715498144,0.3672024918129395
19,Tea,2024-12-17,44.09919534902325,43.93729259603536,44.07266011613564,0.16190275298788492
19,Tea,2024-12-18,44.97727212835524,44.60410994701014,44.95288094608083,0.3731621813451014
19,Tea,2024-12-19,43.16228022619395,43.68981755140142,43.136314875491344,0.5535026759100745
19,Tea,2024-12-20,43.44731641494927,43.708456600925985,43.431383438049494,0.27707316287649064
19,Tea,2024-12-21,41.56078555756321,41.99914939735138,41.5619283186844,0.43836383978817395
19,Tea,2024-12-22,62.80572251500132,60.22714281305194,62.81375880278105,2.586615989729111
19,Tea,2024-12-23,44.20393617271266,44.40289404170175,44.196061210038756,0.20683283166299304
19,Tea,2024-12-24,43.67227930848175,43.64517413471197,43.64977370703024,0.02710517376977606
19,Tea,2024-12-25,44.10773045125823,43.65736141909783,44.07446538924594,0.4503690321603955
19,Tea,2024-12-26,42.30420855544726,42.750460650939495,42.27251141863153,0.4779492323079637
19,Tea,2024-12-27,62.972206811436145,61.27463201342612,62.95452498048661,1.6975747980100238
19,Tea,2024-12-28,40.92974785328448,40.92726344506573,40.93050353404339,0.0032400889776553754
19,Tea,2024-12-29,40.94359492835889,41.48268019302236,40.93412469513381,0.5485554978885503
19,Tea,2024-12-30,63.89264914429451,65.72592740154059,63.87139218917298,1.8545352123676082
19,Tea,2024-12-31,52.627074805203435,53.904328522949115,52.59466044593577,1.3096680770133418
20,Bakery,2024-11-01,33.43290944651114,31.886300038080027,31.563866117141384,1.869043329369756
20,Bakery,2024-11-02,24.752416215419032,23.765382104995098,24.04480829873802,0.9870341104239344
20,Bakery,2024-11-03,23.82707538971151,23.683752981204872,23.6594400213124,0.16763536839911097
20,Bakery,2024-11-04,31.49530693831394,32.04050121155801,31.459227657662726,0.5812735538952829
20,Bakery,2024-11-05,31.36895200131075,32.08813228111222,30.884859044327,1.203273236785222
20,Bakery,2024-11-06,31.268428949328108,31.88326378440377,30.659083469028054,1.2241803153757154
20,Bakery,2024-11-07,30.512129525454736,31.0795508875059,30.516486837576938,0.5674213620511637
20,Bakery,2024-11-08,30.722430017788554,31.166203159375147,30.720265035728026,0.44593812364712093
20,Bakery,2024-11-09,22.993438499103963,22.880237317923278,22.99499774334816,0.1147604254248833
20,Bakery,2024-11-10,22.671748367594695,23.293531144709625,22.68126710470849,0.6217827771149302
20,Bakery,2024-11-11,30.270275990991163,31.4917242425055,30.293123409138996,1.2214482515143388
20,Bakery,2024-11-12,30.657917778855214,31.10199803342104,30.684412481543372,0.4440802545658258
20,Bakery,2024-11-13,30.582783049457642,31.557562027894253,30.61668599911178,0.9747789784366105
20,Bakery,2024-11-14,31.16219529336725,32.58944628081147,31.21169333862766,1.4272509874442214
20,Bakery,2024-11-15,37.69998902922319,39.75506875626634,37.756633066364,2.0550797270431502
20,Bakery,2024-11-16,27.52326521075144,28.26061960366479,27.579927003684045,0.7373543929133497
20,Bakery,2024-11-17,27.62415805377856,28.191731467861,27.682657060937117,0.5675734140824389
20,Bakery,2024-11-18,35.663673680296085,36.23558378873476,35.727553100544924,0.5719101084386722
20,Bakery,2024-11-19,36.12599987088399,36.24152697910807,36.19631668405829,0.11552710822408585
20,Bakery,2024-11-20,36.37999672774177,37.00082644827606,36.45182257912832,0.6208297205342888
20,Bakery,2024-11-21,36.548743600263,36.678077366430834,36.616567051273506,0.1293337661678322
20,Bakery,2024-11-22,36.311327551600534,36.74398516997973,36.373658952531024,0.4326576183791957
20,Bakery,2024-11-23,27.82797313936587,26.815158035519033,27.890060041002567,1.0749020054835334
20,Bakery,2024-11-24,23.988220052533244,23.380358446779912,24.04550391044704,0.6651454636671268
20,Bakery,2024-11-25,31.905693552095183,32.22691709089358,31.964241948927445,0.32122353879839594
20,Bakery,2024-11-26,32.13416763781007,31.86862831989634,32.19706355046562,0.3284352305692799
20,Bakery,2024-11-27,32.42227459921759,32.365878165525785,32.47939600184102,0.11351783631523205
20,Bakery,2024-11-28,49.77120228934864,49.856547284391496,49.81801961822848,0.08534499504285264
20,Bakery,2024-11-29,51.85983661386499,53.5853799591508,51.90209948010694,1.725543345285807
20,Bakery,2024-11-30,50.60665043745991,50.41002450356535,50.64062318574384,0.23059868217848845
20,Bakery,2024-12-01,29.895934731781566,30.092771754490638,29.922893330041326,0.19683702270907233
20,Bakery,2024-12-02,37.618027217158215,37.20312723202713,37.64117097334827,0.4380437413211382
20,Bakery,2024-12-03,37.5280309188193,37.549826421504484,37.55317720177952,0.02514628296022181
20,Bakery,2024-12-04,37.03246340063017,36.59685969252131,37.05698210819106,0.4601224156697441
20,Bakery,2024-12-05,51.465058808213726,50.20220512654429,51.49155616406617,1.2893510375218753
20,Bakery,2024-12-06,41.45601659047118,41.341524325318886,41.476537795805484,0.13501347048659795
20,Bakery,2024-12-07,32.700269441552756,32.67616584549529,32.71759307369388,0.04142722819858591
20,Bakery,2024-12-08,32.75430189385597,33.181449264185986,32.773893777375356,0.4271473703300188
20,Bakery,2024-12-09,40.71922300442176,41.024975702632396,40.73637714018266,0.30575269821063955
20,Bakery,2024-12-10,56.54406341129727,57.167735519844356,56.55573570145619,0.6236721085470833
20,Bakery,2024-12-11,41.05279155998128,40.9606916412515,41.05837055221418,0.09767891096267789
20,Bakery,2024-12-12,40.98471830054912,40.656693866231535,40.98091774474868,0.32802443431758377
20,Bakery,2024-12-13,41.15397354209702,41.281665933270645,41.143449051627805,0.1382168816428404
20,Bakery,2024-12-14,33.02664165783146,33.103899413412684,33.01074216264533,0.09315725076735504
20,Bakery,2024-12-15,39.6876350632342,39.83578956362574,39.6630451284166,0.17274443520913962
20,Bakery,2024-12-16,43.39890126941429,44.129226313074255,43.36744861902662,0.7617776940476375
20,Bakery,2024-12-17,37.07387762496984,37.22333586122396,37.0469657632195,0.1763700980044618
20,Bakery,2024-12-18,36.83032714181843,36.935087996430525,36.80427327258152,0.1308147238490065
20,Bakery,2024-12-19,37.2840394517045,37.46059188601764,37.2615871509463,0.1990047350713411
20,Bakery,2024-12-20,37.3135542727886,37.46412436375831,37.29564623019026,0.1684781335680512
20,Bakery,2024-12-21,29.682143535434577,30.123911659871688,29.66216561651101,0.4617460433606766
20,Bakery,2024-12-22,29.36778002628328,30.028351683092595,29.345533855981444,0.6828178271111511
20,Bakery,2024-12-23,55.338425607517806,57.2643230827593,55.323146646641156,1.9411764361181412
20,Bakery,2024-12-24,37.263598071919404,37.26707680856506,37.24821563763545,0.01886117092961115
20,Bakery,2024-12-25,37.22636903961226,37.28199033851804,37.20777954197054,0.07421079654750429
20,Bakery,2024-12-26,72.12293181657589,76.37246516574976,72.10533766372197,4.26712750202779
20,Bakery,2024-12-27,37.43166803758492,37.893399327995986,37.42215889268048,0.47124043531550797
20,Bakery,2024-12-28,29.948439295848278,30.41636623631384,29.94035571652574,0.47601051978810105
20,Bakery,2024-12-29,29.58828205526603,31.042471912399584,29.583775349585355,1.4586965628142288
20,Bakery,2024-12-30,37.507115957435204,38.61796515270083,37.503199478764245,1.1147656739365885
20,Bakery,2024-12-31,44.87984854936755,46.54229165347076,44.88124778739612,1.662443104103211
20,Chocolate & Milk,2024-11-01,17.80292395242722,17.630527048236495,18.780450814150456,1.149923765913961
20,Chocolate & Milk,2024-11-02,13.568076875912798,12.722422948197915,14.20001973512538,1.4775967869274655
20,Chocolate & Milk,2024-11-03,13.680956393561669,12.902051205683746,13.241536388454128,0.778905187877923
20,Chocolate & Milk,2024-11-04,18.20416273698987,17.56700949717738,17.8936668695183,0.6371532398124877
20,Chocolate & Milk,2024-11-05,17.89572885583584,17.257880171823388,18.03740203327262,0.7795218614492327
20,Chocolate & Milk,2024-11-06,18.078651022059073,17.62080620583712,18.198157676938294,0.5773514711011742
20,Chocolate & Milk,2024-11-07,17.95522374390588,17.7552076621825,17.952693262585637,0.2000160817233798
20,Chocolate & Milk,2024-11-08,17.965160990318232,17.873371680445857,17.96261096743374,0.09178930987237521
20,Chocolate & Milk,2024-11-09,13.180043044383165,13.083216773009399,13.169231900836053,0.0968262713737662
20,Chocolate & Milk,2024-11-10,13.208581261913748,13.333531760505306,13.193689984951122,0.1398417755541832
20,Chocolate & Milk,2024-11-11,17.666566380758116,17.84990478553313,17.65387319702284,0.1960315885102908
20,Chocolate & Milk,2024-11-12,17.61343828032169,17.702280574903167,17.599435146279287,0.1028454286238798
20,Chocolate & Milk,2024-11-13,17.71950614559995,18.525284126811435,17.706618695725922,0.8186654310855133
20,Chocolate & Milk,2024-11-14,17.807727170436195,18.597661394329478,17.79798936091821,0.7996720334112695
20,Chocolate & Milk,2024-11-15,21.79858163695671,22.278379846939412,21.791147614513587,0.4872322324258249
20,Chocolate & Milk,2024-11-16,13.413745888248352,13.704095377391287,13.407091350368185,0.29700402702310136
20,Chocolate & Milk,2024-11-17,13.371705674892318,13.771842964530927,13.371016456626164,0.40082650790476393
20,Chocolate & Milk,2024-11-18,18.020167410236322,18.45713107602404,18.025084079902367,0.4369636657877187
20,Chocolate & Milk,2024-11-19,18.45901277276974,18.48071752306465,18.46668534749722,0.021704750294912145
20,Chocolate & Milk,2024-11-20,18.64175407225337,18.533092782645696,18.652160227468883,0.11906744482318743
20,Chocolate & Milk,2024-11-21,18.637425453931314,18.59324673600411,18.651089847359934,0.05784311135582243
20,Chocolate & Milk,2024-11-22,18.65460911431177,18.853196055643405,18.672724204874317,0.19858694133163368
20,Chocolate & Milk,2024-11-23,13.882070048585003,13.66795140221328,13.899663506432418,0.23171210421913813
20,Chocolate & Milk,2024-11-24,13.78785540917078,13.70197830269027,13.798098334849591,0.09612003215932141
20,Chocolate & Milk,2024-11-25,18.334608186619576,18.56403858522231,18.34457801440044,0.22943039860273373
20,Chocolate & Milk,2024-11-26,18.834028098114334,18.802698670539616,18.846200133136076,0.04350146259645982
20,Chocolate & Milk,2024-11-27,18.780280610972518,18.45768745505337,18.793046999948498,0.33535954489512676
20,Chocolate & Milk,2024-11-28,28.746317494184265,28.50226035247182,28.7554728682872,0.25321251581538107
20,Chocolate & Milk,2024-11-29,29.735545148786365,30.680552333102362,29.74241022735879,0.9450071843159975
20,Chocolate & Milk,2024-11-30,29.151239135226565,29.526726197993586,29.157211714864445,0.3754870627670215
20,Chocolate & Milk,2024-12-01,17.07890686606511,17.281819096144773,17.08505126626794,0.20291223007966153
20,Chocolate & Milk,2024-12-02,21.58755580090234,21.344659127865178,21.5959275764288,0.2512684485636214
20,Chocolate & Milk,2024-12-03,21.679732996537034,21.533585206547393,21.68542437125032,0.15183916470292758
20,Chocolate & Milk,2024-12-04,21.644947217424402,21.292500011977936,21.655855161289796,0.36335514931186097
20,Chocolate & Milk,2024-12-05,30.079496728321345,29.2543590874767,30.096328367663894,0.8419692801871932
20,Chocolate & Milk,2024-12-06,24.03377499660303,23.99165537777648,24.04835022052647,0.056694842749990926
20,Chocolate & Milk,2024-12-07,19.126772554146598,19.020724827657673,19.136996845764145,0.11627201810647136
20,Chocolate & Milk,2024-12-08,19.127470373875745,19.295188017682555,19.136003321932144,0.1677176438068102
20,Chocolate & Milk,2024-12-09,23.981856401093914,23.947430086144973,23.99021752858536,0.0427874424403889
20,Chocolate & Milk,2024-12-10,32.83439963371835,33.19902523327618,32.84044481359494,0.3646255995578329
20,Chocolate & Milk,2024-12-11,24.047662407101576,23.875166472204796,24.05224977418487,0.1770833019800726
20,Chocolate & Milk,2024-12-12,23.910857860216208,23.68199214722782,23.913165579804005,0.23117343257618472
20,Chocolate & Milk,2024-12-13,23.67641532908585,23.862996802824085,23.674801909780918,0.1881948930431676
20,Chocolate & Milk,2024-12-14,18.865640638622597,18.69126445120643,18.86050344573147,0.17437618741616845
20,Chocolate & Milk,2024-12-15,22.92396166842095,22.687482783058087,22.91788188243057,0.23647888536286388
20,Chocolate & Milk,2024-12-16,25.246091110089107,24.342363561407275,25.245390759786353,0.9037275486818324
20,Chocolate & Milk,2024-12-17,21.166216145777938,21.182935488465258,21.16968631618788,0.01671934268732045
20,Chocolate & Milk,2024-12-18,21.106081065182618,21.207782040643053,21.108245399298962,0.10170097546043522
20,Chocolate & Milk,2024-12-19,20.98806293890651,21.056127340618076,20.995828865440927,0.0680644017115668
20,Chocolate & Milk,2024-12-20,20.946971220550427,20.928773878990885,20.960557629222635,0.03178375023174951
20,Chocolate & Milk,2024-12-21,16.30769824365924,16.452025204155824,16.32291670569765,0.1443269604965849
20,Chocolate & Milk,2024-12-22,15.800631874744335,16.081501337554933,15.813917234426691,0.2808694628105979
20,Chocolate & Milk,2024-12-23,28.889553596705298,30.116944612309922,28.906056598967286,1.2273910156046242
20,Chocolate & Milk,2024-12-24,20.151482546260773,20.271044093921574,20.171371865656997,0.11956154766080118
20,Chocolate & Milk,2024-12-25,20.206422446219054,20.35572504025845,20.230199568898406,0.14930259403939417
20,Chocolate & Milk,2024-12-26,40.07603341314095,41.92251876179732,40.104033873206674,1.8464853486563726
20,Chocolate & Milk,2024-12-27,20.495056879047766,20.849793586223875,20.519479901850836,0.3547367071761087
20,Chocolate & Milk,2024-12-28,16.173664215064644,16.400245163700383,16.195374348447718,0.22658094863573908
20,Chocolate & Milk,2024-12-29,16.010183901265638,16.499343157088994,16.03034450355384,0.4891592558233562
20,Chocolate & Milk,2024-12-30,20.616771156380892,21.41067301304466,20.632341911077646,0.7939018566637692
20,Chocolate & Milk,2024-12-31,24.60367888744737,25.50292161311456,24.616414905323484,0.8992427256671895
20,Coffee,2024-11-01,121.76343648881239,126.45596597813838,124.82468999771658,4.692529489325992
20,Coffee,2024-11-02,95.9401206118067,98.07270565307779,96.9501738470874,2.132585041271085
20,Coffee,2024-11-03,95.14016561133646,97.17112283573545,95.38589353873878,2.030957224398989
20,Coffee,2024-11-04,122.76602079073145,126.05245641791856,124.11547806659165,3.2864356271871173
20,Coffee,2024-11-05,121.37009786861844,124.9175027077624,120.2411253226609,4.676377385101489
20,Coffee,2024-11-06,121.98951557728599,125.19346258303916,120.01834350501849,5.175119078020671
20,Coffee,2024-11-07,121.0818912626806,125.91066375144274,121.11613518094221,4.828772488762141
20,Coffee,2024-11-08,121.18978463744301,125.43349555456275,121.21197927324282,4.243710917119742
20,Coffee,2024-11-09,93.45025898492985,95.31705932097104,93.48189849180753,1.8668003360411944
20,Coffee,2024-11-10,93.37022070347531,93.91113396827839,93.39106445958924,0.5409132648030806
20,Coffee,2024-11-11,120.81932320369194,122.29565786176877,120.82957648632076,1.476334658076837
20,Coffee,2024-11-12,121.42696389233635,124.34490081248613,121.4541225700941,2.917936920149785
20,Coffee,2024-11-13,120.7496365134737,124.88236423571597,120.7918742534587,4.132727722242265
20,Coffee,2024-11-14,120.87550982491749,125.97145421236749,120.92661963477677,5.095944387450004
20,Coffee,2024-11-15,144.9914675019339,152.18269710181585,145.05212940674167,7.19122959988195
20,Coffee,2024-11-16,109.49439892344287,113.42258568456944,109.57049683309988,3.928186761126568
20,Coffee,2024-11-17,109.29879629615385,114.06668887211701,109.39496482138395,4.76789257596316
20,Coffee,2024-11-18,138.02483724591235,143.7934214727844,138.1632526815901,5.768584226872036
20,Coffee,2024-11-19,140.99682655581606,143.71534345991503,141.17925668496636,2.7185169040989763
20,Coffee,2024-11-20,143.2532948284493,146.74534194856307,143.4456403439519,3.4920471201137673
20,Coffee,2024-11-21,143.80430335934085,146.8610736332605,143.98834396281117,3.0567702739196534
20,Coffee,2024-11-22,142.8189683077539,146.17487146963094,143.0081662383174,3.355903161877052
20,Coffee,2024-11-23,112.0678542260612,111.83130989822615,112.2676757848593,0.4363658866331548
20,Coffee,2024-11-24,96.66221951317908,95.66547276892011,96.86330659581866,1.1978338268985453
20,Coffee,2024-11-25,125.26653171483946,126.74106339100086,125.46713840632182,1.474531676161405
20,Coffee,2024-11-26,125.36508386447781,126.72155176086625,125.5684367568046,1.3564678963884376
20,Coffee,2024-11-27,125.67116188931807,126.98474885125893,125.83804949516873,1.3135869619408567
20,Coffee,2024-11-28,186.68528844015054,189.8814511639693,186.8311524077359,3.196162723818759
20,Coffee,2024-11-29,195.11749090516633,206.76262671740645,195.27508177818146,11.645135812240113
20,Coffee,2024-11-30,192.846331669829,194.54745968373882,193.01886616439265,1.7011280139098233
20,Coffee,2024-12-01,116.36974953378927,116.6685301123816,116.53074617553722,0.29878057859232854
20,Coffee,2024-12-02,142.6293329708338,140.68799097087037,142.7769604889229,2.0889695180525223
20,Coffee,2024-12-03,145.6275477938094,144.73837561562692,145.7882361669293,1.0498605513023733
20,Coffee,2024-12-04,143.18163102433135,140.815934382518,143.34819060978833,2.5322562272703237
20,Coffee,2024-12-05,198.74376912130188,191.86170560188728,198.8966195705629,7.034913968675625
20,Coffee,2024-12-06,159.477672549535,158.6913728075691,159.61479212830255,0.9234193207334442
20,Coffee,2024-12-07,129.83372175866148,127.55877800914436,129.95035522935729,2.3915772202129233
20,Coffee,2024-12-08,129.5211846390616,126.41949389904727,129.6183005436223,3.198806644575029
20,Coffee,2024-12-09,159.5060412126876,159.0896594339418,159.57878978722786,0.4891303532860718
20,Coffee,2024-12-10,214.8727619410705,216.81464652141565,214.92825875916293,1.941884580345146
20,Coffee,2024-12-11,159.13870449735836,157.99116750943523,159.18007739217634,1.1889098827411146
20,Coffee,2024-12-12,158.74741117931237,157.84310104958251,158.78564918675488,0.9425481371723663
20,Coffee,2024-12-13,158.6903761904081,157.70102960155612,158.7268210196984,1.0257914181422905
20,Coffee,2024-12-14,130.68247293528532,128.90669040443413,130.70516806671807,1.7984776622839433
20,Coffee,2024-12-15,154.92444618564488,152.84372036913533,154.92656667877057,2.0828463096352436
20,Coffee,2024-12-16,169.8999314305796,169.62890106500467,169.9033597727589,0.27445870775423487
20,Coffee,2024-12-17,143.83321760023136,144.1153494887651,143.8601385513812,0.2821318885337405
20,Coffee,2024-12-18,144.47532611301176,144.53606771321236,144.51772892132396,0.06074160020060049
20,Coffee,2024-12-19,143.9221949400081,143.71615105851754,143.96675845039744,0.2506073918798961
20,Coffee,2024-12-20,143.7692629794951,143.73441101189903,143.81777684301284,0.08336583111380946
20,Coffee,2024-12-21,116.56037007954505,115.51701070467625,116.58633659716227,1.0693258924860203
20,Coffee,2024-12-22,115.92698652737847,116.12598007612328,115.9309495780705,0.19899354874480935
20,Coffee,2024-12-23,211.0290094358252,217.77468605952504,211.032474459855,6.745676623699836
20,Coffee,2024-12-24,143.39893527937863,143.62951523058507,143.40160600026152,0.23057995120643682
20,Coffee,2024-12-25,143.90013481351065,143.42530362086725,143.8785771721528,0.4748311926433928
20,Coffee,2024-12-26,266.8185080144267,282.4005672208508,266.77998642806324,15.620580792787564
20,Coffee,2024-12-27,146.26231708842923,148.35622313014045,146.23290741480847,2.1233157153319837
20,Coffee,2024-12-28,118.9300046363825,120.0285996977909,118.8998507444492,1.1287489533416988
20,Coffee,2024-12-29,119.14808075740076,122.79319461374412,119.11294377716405,3.680250836580072
20,Coffee,2024-12-30,146.5020355506387,151.07147790916514,146.47261882281597,4.598859086349165
20,Coffee,2024-12-31,170.5716163242278,176.2142711065533,170.55847011335263,5.655800993200671
20,Juice & Smoothie,2024-11-01,9.394538278042132,10.239821322505886,9.738478975349386,0.8452830444637538
20,Juice & Smoothie,2024-11-02,6.5103462156386955,7.274255385071091,6.9159665675282795,0.7639091694323952
20,Juice & Smoothie,2024-11-03,6.419937750849479,6.9286376908954885,6.536262294460219,0.5086999400460099
20,Juice & Smoothie,2024-11-04,9.22200959817593,9.777106306131373,9.32094750193757,0.5550967079554425
20,Juice & Smoothie,2024-11-05,9.349912099153444,10.000847077488919,9.036588993612913,0.9642580838760058
20,Juice & Smoothie,2024-11-06,9.29769864067,9.763059682767818,9.111694117781639,0.6513655649861789
20,Juice & Smoothie,2024-11-07,9.391604427287264,9.997803165863335,9.397061302316395,0.6061987385760705
20,Juice & Smoothie,2024-11-08,9.282871974156226,9.806982909991442,9.290063291210188,0.5241109358352158
20,Juice & Smoothie,2024-11-09,6.47895429319617,6.968368531807238,6.488495968813724,0.4894142386110678
20,Juice & Smoothie,2024-11-10,6.366906779036263,6.928490388595014,6.376700455690535,0.5615836095587508
20,Juice & Smoothie,2024-11-11,9.168301807705078,9.751408866290056,9.177463314682472,0.5831070585849787
20,Juice & Smoothie,2024-11-12,9.39639854055575,9.769026618174786,9.40639592320776,0.3726280776190354
20,Juice & Smoothie,2024-11-13,9.434726972438456,10.068168501361601,9.447631112748953,0.6334415289231448
20,Juice & Smoothie,2024-11-14,9.456598949497344,10.076573737586699,9.474370362902778,0.6199747880893547
20,Juice & Smoothie,2024-11-15,11.840141976720881,12.594430174097628,11.862240672056275,0.7542881973767468
20,Juice & Smoothie,2024-11-16,6.815895264751344,7.245727429468653,6.8414585099662375,0.42983216471730934
20,Juice & Smoothie,2024-11-17,6.836805259676293,7.445199822105442,6.861125526804671,0.6083945624291491
20,Juice & Smoothie,2024-11-18,9.452150173207919,9.957942128361047,9.47461618946477,0.5057919551531285
20,Juice & Smoothie,2024-11-19,9.704702947724329,9.977332604212933,9.726903496058593,0.27262965648860416
20,Juice & Smoothie,2024-11-20,9.575170077503378,9.99176918938773,9.593880148333051,0.41659911188435217
20,Juice & Smoothie,2024-11-21,9.697964773779704,10.044118314335943,9.711571591428148,0.34615354055623904
20,Juice & Smoothie,2024-11-22,9.510604243454559,9.732735687650976,9.523614338746402,0.2221314441964175
20,Juice & Smoothie,2024-11-23,6.625688039529601,6.642658256043143,6.64149228145154,0.016970216513541914
20,Juice & Smoothie,2024-11-24,6.644501153358369,6.785759943770534,6.665582247455813,0.1412587904121656
20,Juice & Smoothie,2024-11-25,9.518988478145365,9.870774648493342,9.543382039187064,0.3517861703479763
20,Juice & Smoothie,2024-11-26,9.47958437230615,9.669399007528606,9.504538976196487,0.18981463522245612
20,Juice & Smoothie,2024-11-27,9.473392586840626,9.601031679952637,9.495706133182757,0.12763909311201083
20,Juice & Smoothie,2024-11-28,9.602376972685535,9.656208710146268,9.623497151710357,0.05383173746073311
20,Juice & Smoothie,2024-11-29,9.948953470891237,10.164178857106476,9.967465833905095,0.21522538621523957
20,Juice & Smoothie,2024-11-30,9.373683766007838,9.608886844935453,9.389546828810584,0.23520307892761494
20,Juice & Smoothie,2024-12-01,8.499904611868057,8.756947181261584,8.517768668160763,0.2570425693935263
20,Juice & Smoothie,2024-12-02,11.131350615504045,11.088907792922258,11.15023289220187,0.06132509927961216
20,Juice & Smoothie,2024-12-03,11.310260402896951,11.355188993759231,11.330144066392558,0.044928590862280515
20,Juice & Smoothie,2024-12-04,11.224463377313162,11.203290629829361,11.243736890264245,0.04044626043488364
20,Juice & Smoothie,2024-12-05,16.40583942940711,15.902630643310351,16.422902747761892,0.520272104451541
20,Juice & Smoothie,2024-12-06,12.458375015839767,12.482708952917,12.475203979422073,0.024333937077232193
20,Juice & Smoothie,2024-12-07,9.554366872346975,9.524215189162437,9.571668105685438,0.04745291652300132
20,Juice & Smoothie,2024-12-08,9.553476648629506,9.539853558921864,9.57206389217255,0.0322103332506849
20,Juice & Smoothie,2024-12-09,12.54576293256184,12.571194771776147,12.563685035776395,0.025431839214308027
20,Juice & Smoothie,2024-12-10,18.077067602984823,18.166928633896426,18.09437889778974,0.08986103091160302
20,Juice & Smoothie,2024-12-11,12.600867871022873,12.501474924349372,12.617012500094532,0.11553757574515977
20,Juice & Smoothie,2024-12-12,12.514037396148543,12.40341656666666,12.530048904279429,0.1266323376127687
20,Juice & Smoothie,2024-12-13,12.660090980932274,12.68512562987455,12.67743694909851,0.025034648942275695
20,Juice & Smoothie,2024-12-14,9.762570587310229,9.644629377715098,9.77745644953263,0.13282707181753217
20,Juice & Smoothie,2024-12-15,12.095352299152038,12.038927462370788,12.10519458042887,0.06626711805808227
20,Juice & Smoothie,2024-12-16,13.65013310816062,13.781720976868257,13.65846322842535,0.13158786870763706
20,Juice & Smoothie,2024-12-17,11.282262204260242,11.387929351289934,11.293860675808624,0.10566714702969193
20,Juice & Smoothie,2024-12-18,11.229211458325386,11.248510744811963,11.24798027263997,0.01929928648657686
20,Juice & Smoothie,2024-12-19,11.478749997684822,11.505205033005677,11.501948333907716,0.026455035320854137
20,Juice & Smoothie,2024-12-20,11.382679068202068,11.35108367043507,11.408218088501577,0.05713441806650721
20,Juice & Smoothie,2024-12-21,8.695357306069537,8.819022039207331,8.718275159566058,0.1236647331377938
20,Juice & Smoothie,2024-12-22,8.504939336079763,8.70373017727309,8.525035799590865,0.19879084119332724
20,Juice & Smoothie,2024-12-23,16.838576115403256,16.561539700832583,16.85104707088497,0.28950737005238736
20,Juice & Smoothie,2024-12-24,11.40440785293368,11.414612412842107,11.40950131553409,0.010204559908427058
20,Juice & Smoothie,2024-12-25,11.49012742805511,11.507461432830834,11.496028478130224,0.01733400477572289
20,Juice & Smoothie,2024-12-26,23.89122333670423,24.899731044108123,23.899681160197023,1.0085077074038935
20,Juice & Smoothie,2024-12-27,11.555928297675253,11.628855308414034,11.566940185729383,0.0729270107387805
20,Juice & Smoothie,2024-12-28,8.900510355643846,9.137946013181274,8.912671263166994,0.23743565753742857
20,Juice & Smoothie,2024-12-29,8.893478930674775,9.090063634500563,8.905935026144496,0.1965847038257884
20,Juice & Smoothie,2024-12-30,11.673206319316675,12.043650071537634,11.686036314358995,0.37044375222095915
20,Juice & Smoothie,2024-12-31,14.373182570173807,15.108443395103542,14.385116707722265,0.7352608249297354
20,Merchandise,2024-11-01,6.412965558769027,6.477881996908206,6.392406375573393,0.08547562133481268
20,Merchandise,2024-11-02,4.80390647789656,4.733658437294094,4.741626171633288,0.0702480406024657
20,Merchandise,2024-11-03,4.7455106162223775,4.642993263118992,4.543311500456089,0.20219911576628835
20,Merchandise,2024-11-04,6.443090265513397,6.430710840766655,6.3487296632770835,0.09436060223631326
20,Merchandise,2024-11-05,6.387696026694583,6.435251692116285,6.35675816826913,0.07849352384715491
20,Merchandise,2024-11-06,6.432472509577856,6.526585389084129,6.428575469443663,0.09800991964046624
20,Merchandise,2024-11-07,6.354590495297913,6.459334801261775,6.358120480936202,0.10474430596386242
20,Merchandise,2024-11-08,6.346384255302185,6.337476197168477,6.349381986508053,0.011905789339576422
20,Merchandise,2024-11-09,4.614837937833596,4.616953042131894,4.616871569292823,0.002115104298297865
20,Merchandise,2024-11-10,4.627890459375882,4.6691866062757805,4.6308004581745195,0.04129614689989847
20,Merchandise,2024-11-11,6.336165716954272,6.421082633292757,6.340217193779821,0.08491691633848486
20,Merchandise,2024-11-12,6.316984598572755,6.335929799583794,6.321796008343383,0.01894520101103936
20,Merchandise,2024-11-13,6.369684121118574,6.395182395235405,6.374741028552186,0.025498274116831254
20,Merchandise,2024-11-14,6.327623646395364,6.409111728128153,6.33231460349347,0.08148808173278876
20,Merchandise,2024-11-15,7.693441680534105,7.872927504399007,7.697439484643778,0.1794858238649022
20,Merchandise,2024-11-16,4.637622013227192,4.663444822187206,4.642463847104145,0.025822808960013433
20,Merchandise,2024-11-17,4.601000477421151,4.532665174553326,4.608940212438946,0.07627503788561985
20,Merchandise,2024-11-18,6.25267222543236,6.135053346219987,6.26259565045183,0.12754230423184332
20,Merchandise,2024-11-19,6.264475762054344,6.233157991136821,6.274160243031218,0.041002251894397546
20,Merchandise,2024-11-20,6.355520839561114,6.357680520427446,6.364432017250584,0.008911177689469696
20,Merchandise,2024-11-21,6.254174202896488,6.166161625281056,6.261374431216689,0.09521280593563297
20,Merchandise,2024-11-22,6.280499255433713,6.287409071656487,6.2868520097481815,0.00690981622277409
20,Merchandise,2024-11-23,4.548630976844301,4.415326739035878,4.55533480429763,0.14000806526175147
20,Merchandise,2024-11-24,4.5053114289494065,4.380831278994088,4.513399457567212,0.1325681785731243
20,Merchandise,2024-11-25,6.120418002681006,6.140088614768257,6.128810511545283,0.01967061208725074
20,Merchandise,2024-11-26,6.2010668212691025,6.085527306848838,6.20918646990936,0.12365916306052238
20,Merchandise,2024-11-27,6.219805208173455,6.20509692817569,6.2272516517063154,0.022154723530625198
20,Merchandise,2024-11-28,6.281645159543209,6.207333890333142,6.287972871373935,0.08063898104079303
20,Merchandise,2024-11-29,6.594883661521147,6.806097130547942,6.599773164615007,0.21121346902679505
20,Merchandise,2024-11-30,6.412326105713218,6.576499733164639,6.416604710930007,0.1641736274514214
20,Merchandise,2024-12-01,5.595997952609674,5.69477644747213,5.599876739146179,0.09877849486245527
20,Merchandise,2024-12-02,7.2895846806399325,7.261663944670865,7.29384845649672,0.032184511825855466
20,Merchandise,2024-12-03,7.146998619476405,7.098396488837464,7.1515190389345,0.05312255009703559
20,Merchandise,2024-12-04,7.191710752468074,7.08988222455225,7.1986878706752275,0.1088056461229776
20,Merchandise,2024-12-05,10.516518340736825,10.042207684173047,10.525431647157006,0.48322396298395986
20,Merchandise,2024-12-06,8.205744319261687,8.132385143877457,8.215340350281652,0.08295520640419518
20,Merchandise,2024-12-07,6.340728361941596,6.444377841431309,6.350186049383747,0.1036494794897127
20,Merchandise,2024-12-08,6.315366656539894,6.423079920583694,6.324497332675701,0.10771326404380055
20,Merchandise,2024-12-09,8.038027871466946,8.100068580087822,8.045689962596207,0.06204070862087541
20,Merchandise,2024-12-10,11.648243145100908,11.522714573473802,11.654970125490497,0.13225555201669437
20,Merchandise,2024-12-11,8.174969510809474,8.168828355561903,8.182579459995507,0.013751104433604056
20,Merchandise,2024-12-12,8.225902700087678,8.167173344515712,8.23408592362936,0.06691257911364801
20,Merchandise,2024-12-13,8.141465543818462,7.998784258145581,8.148746376885764,0.1499621187401834
20,Merchandise,2024-12-14,6.339772181681296,6.371465011181083,6.346121635267248,0.03169282949978758
20,Merchandise,2024-12-15,7.805301179923214,7.866637899223613,7.810650321422136,0.061336719300398634
20,Merchandise,2024-12-16,8.488070416435882,8.567925154312553,8.493469164535838,0.07985473787667097
20,Merchandise,2024-12-17,7.161713119645897,7.165421861307349,7.1671751077907615,0.005461988144864094
20,Merchandise,2024-12-18,7.171550597434328,7.194644865757915,7.177084651485131,0.02309426832358774
20,Merchandise,2024-12-19,7.179662248951625,7.171009650556236,7.184224047107786,0.013214396551549434
20,Merchandise,2024-12-20,7.304673889486358,7.284543533264493,7.308701160969452,0.024157627704958884
20,Merchandise,2024-12-21,5.566504265128115,5.623614978200355,5.571228420857964,0.05711071307224014
20,Merchandise,2024-12-22,5.51728982276618,5.638711746123914,5.522888719389504,0.12142192335773316
20,Merchandise,2024-12-23,10.487181505364102,10.536437144567333,10.49267009068368,0.04925563920323128
20,Merchandise,2024-12-24,7.271075973880255,7.279806487021963,7.276049956489476,0.008730513141707696
20,Merchandise,2024-12-25,7.309661837164653,7.331296001319911,7.313706329840008,0.021634164155257984
20,Merchandise,2024-12-26,13.43927098760259,14.046695325760284,13.442299238588072,0.6074243381576938
20,Merchandise,2024-12-27,7.3585415068427995,7.408991183837528,7.360141642623546,0.05044967699472824
20,Merchandise,2024-12-28,5.780812379585566,5.8557105566944045,5.783384651669342,0.07489817710883884
20,Merchandise,2024-12-29,5.737140450650273,5.890777490425938,5.741460004035321,0.15363703977566523
20,Merchandise,2024-12-30,7.54433700352591,7.774003011924461,7.549739100191027,0.2296660083985511
20,Merchandise,2024-12-31,8.994449024556774,9.333284877727817,9.000343647320502,0.3388358531710427
20,Savory Bakery,2024-11-01,25.195052035272298,24.366330713006917,25.452136535961984,1.0858058229550664
20,Savory Bakery,2024-11-02,18.723982761026914,18.028820997038938,20.141712684604123,2.1128916875651846
20,Savory Bakery,2024-11-03,18.812218259108874,17.840122617170636,19.240535156356696,1.4004125391860605
20,Savory Bakery,2024-11-04,25.586009932068112,24.73735191345478,25.81989719052618,1.0825452770714001
20,Savory Bakery,2024-11-05,25.039543968478643,23.69543011825209,24.3671503000576,1.3441138502265524
20,Savory Bakery,2024-11-06,25.433983727571604,24.350562975783298,24.657343343089906,1.0834207517883065
20,Savory Bakery,2024-11-07,25.345029539882898,24.529066749388647,25.401512822687383,0.872446073298736
20,Savory Bakery,2024-11-08,25.462789287846437,24.548931825432753,25.513334165615387,0.9644023401826338
20,Savory Bakery,2024-11-09,18.949972715400357,18.177731298732727,19.002800217135572,0.8250689184028452
20,Savory Bakery,2024-11-10,18.905554795239695,18.79474549463435,18.965658031881112,0.17091253724676392
20,Savory Bakery,2024-11-11,25.084538432230264,24.665436575977893,25.150462603511798,0.48502602753390534
20,Savory Bakery,2024-11-12,25.218690764372386,24.77616833036465,25.28702576167508,0.510857431310427
20,Savory Bakery,2024-11-13,25.069307065677094,25.16607260041961,25.13730277743852,0.09676553474251648
20,Savory Bakery,2024-11-14,25.408234497828246,26.05121357676138,25.472679020924488,0.6429790789331342
20,Savory Bakery,2024-11-15,30.284029527696717,31.05421684850296,30.347517694832987,0.7701873208062437
20,Savory Bakery,2024-11-16,21.788749184626326,21.919900243397553,21.85551925832666,0.131151058771227
20,Savory Bakery,2024-11-17,21.512027282108463,21.67232690979121,21.581699526730585,0.16029962768274686
20,Savory Bakery,2024-11-18,28.0707481854043,28.25106990381196,28.144932019661688,0.18032171840765798
20,Savory Bakery,2024-11-19,28.189394428850576,27.926434344761716,28.266881137683587,0.3404467929218704
20,Savory Bakery,2024-11-20,28.4963120498093,28.740760068487326,28.56989870849358,0.24444801867802468
20,Savory Bakery,2024-11-21,28.716264195142116,28.65983507462615,28.785371459169497,0.12553638454334504
20,Savory Bakery,2024-11-22,28.639235681596986,28.810927672978394,28.704783171631615,0.17169199138140812
20,Savory Bakery,2024-11-23,21.556305216590896,21.21800389546363,21.618422372956054,0.40041847749242265
20,Savory Bakery,2024-11-24,18.706562536906798,18.894985856251363,18.76633556864188,0.18842331934456524
20,Savory Bakery,2024-11-25,24.92063078117211,25.7318658679149,24.983999661785962,0.8112350867427907
20,Savory Bakery,2024-11-26,25.070595878143404,25.48324985921958,25.133726515917335,0.41265398107617557
20,Savory Bakery,2024-11-27,24.732965907434313,24.948779177986236,24.789906936790203,0.2158132705519229
20,Savory Bakery,2024-11-28,25.289691063241303,24.980780986609965,25.345194793191144,0.3644138065811795
20,Savory Bakery,2024-11-29,26.368726932253594,26.609527937166323,26.428887376895034,0.24080100491272916
20,Savory Bakery,2024-11-30,25.049512512319758,25.48064945345617,25.113128138549868,0.4311369411364119
20,Savory Bakery,2024-12-01,22.978473639723703,23.248359761139948,23.04579218377346,0.2698861214162456
20,Savory Bakery,2024-12-02,29.36592035589885,29.144634463491002,29.43554868326843,0.29091421977742726
20,Savory Bakery,2024-12-03,29.00281885490647,29.072749664885357,29.07232847361222,0.06993080997888868
20,Savory Bakery,2024-12-04,28.92817024287885,28.79994598664683,28.994595747759426,0.19464976111259702
20,Savory Bakery,2024-12-05,40.558417817390605,39.525010615014736,40.622654559049536,1.0976439440348003
20,Savory Bakery,2024-12-06,32.523092405026205,32.32572908517282,32.588085976330454,0.26235689115763705
20,Savory Bakery,2024-12-07,25.306594946870646,25.533600088510028,25.373201981898482,0.22700514163938124
20,Savory Bakery,2024-12-08,25.46948309912458,25.818385518212477,25.535893909886823,0.34890241908789577
20,Savory Bakery,2024-12-09,31.92264364637112,32.26279780676053,31.98700751691899,0.34015416038941026
20,Savory Bakery,2024-12-10,44.6003026681164,44.77567745515584,44.663752201278626,0.17537478703943776
20,Savory Bakery,2024-12-11,32.18921916450644,31.96637752657488,32.24739565551939,0.2810181289445097
20,Savory Bakery,2024-12-12,32.491158819530156,32.27487200591743,32.54751390027976,0.2726418943623301
20,Savory Bakery,2024-12-13,32.133319561628866,32.12783288025764,32.19073658135724,0.06290370109960008
20,Savory Bakery,2024-12-14,25.49964240002233,26.114101919699994,25.5592557776852,0.6144595196776628
20,Savory Bakery,2024-12-15,30.932808989797955,31.251143269234426,30.997610051641807,0.3183342794364705
20,Savory Bakery,2024-12-16,34.577184422009815,34.00987478836058,34.64542522836297,0.6355504400023904
20,Savory Bakery,2024-12-17,29.046985372910218,29.402123344753775,29.112792404001226,0.35513797184355766
20,Savory Bakery,2024-12-18,29.068637197076463,29.36259549631466,29.1276781645342,0.2939582992381986
20,Savory Bakery,2024-12-19,29.203880243096542,29.507725984440757,29.264901119172663,0.30384574134421527
20,Savory Bakery,2024-12-20,29.1468693391491,29.37761403923285,29.209921305604094,0.2307447000837506
20,Savory Bakery,2024-12-21,22.84203689351716,23.29118282485433,22.90321131487473,0.4491459313371706
20,Savory Bakery,2024-12-22,22.776117289221624,23.32040296661467,22.840698764802774,0.5442856773930451
20,Savory Bakery,2024-12-23,44.0026632989564,45.339452827551845,44.07497289016543,1.336789528595446
20,Savory Bakery,2024-12-24,29.286155141713305,29.3568808363317,29.361929573004513,0.07577443129120809
20,Savory Bakery,2024-12-25,29.163225468912763,29.18404986664796,29.236588413773,0.07336294486023576
20,Savory Bakery,2024-12-26,57.71126100052071,60.957783600096114,57.78425213465641,3.246522599575407
20,Savory Bakery,2024-12-27,29.774464213776973,30.22591554331028,29.84759601520277,0.451451329533306
20,Savory Bakery,2024-12-28,23.650321346922986,24.56288523266888,23.725105163495186,0.9125638857458931
20,Savory Bakery,2024-12-29,23.415468736481962,24.257775688316762,23.49305797393839,0.8423069518348001
20,Savory Bakery,2024-12-30,30.058583195120264,31.17360645386655,30.14012597592025,1.1150232587462874
20,Savory Bakery,2024-12-31,35.880380122735986,37.17360995084109,35.96450048303483,1.2932298281051047
20,Tea,2024-11-01,37.701227261677914,38.22734155228481,38.281208553412895,0.5799812917349811
20,Tea,2024-11-02,28.78707242583148,28.972068782644236,29.253660409587614,0.46658798375613486
20,Tea,2024-11-03,28.83991909460441,29.256789869542317,29.22751731081852,0.41687077493790525
20,Tea,2024-11-04,37.723307268741365,38.85889313935074,38.53190986550627,1.1355858706093755
20,Tea,2024-11-05,37.121226570081014,38.23652684645678,36.86962192044271,1.3669049260140724
20,Tea,2024-11-06,37.62985878722839,39.00693528193817,36.600047169381995,2.4068881125561745
20,Tea,2024-11-07,37.07707298186909,38.4105410285196,37.11007419038938,1.3334680466505162
20,Tea,2024-11-08,37.04330587739636,37.967795989000294,37.07844789974397,0.9244901116039372
20,Tea,2024-11-09,28.462131490117795,29.115057518524797,28.502140821713457,0.652926028407002
20,Tea,2024-11-10,28.353465184684524,29.351928759579234,28.40126978279754,0.9984635748947106
20,Tea,2024-11-11,36.8601487926584,38.17391407891877,36.89553238894527,1.3137652862603701
20,Tea,2024-11-12,37.11786316911818,38.81494737933478,37.13724159053431,1.6970842102166017
20,Tea,2024-11-13,37.872424588283295,40.213685120721124,37.89779818981123,2.341260532437829
20,Tea,2024-11-14,37.81803310093639,40.743264580445995,37.84975162395087,2.9252314795096055
20,Tea,2024-11-15,44.88603872341372,48.76437879349993,44.918598473587934,3.8783400700862103
20,Tea,2024-11-16,28.944872859119307,30.575964372383407,28.975280528025003,1.6310915132640993
20,Tea,2024-11-17,28.88513515544464,30.319865923290315,28.91631982709524,1.434730767845675
20,Tea,2024-11-18,37.07473879335606,38.4834129585162,37.10116883017058,1.4086741651601358
20,Tea,2024-11-19,37.76859954255336,38.868277303094054,37.78937783086374,1.0996777605406933
20,Tea,2024-11-20,38.30158713075319,39.10045935624838,38.32061761358518,0.7988722254951881
20,Tea,2024-11-21,37.74734111029217,38.740618193063725,37.7691406794726,0.9932770827715558
20,Tea,2024-11-22,37.65278189712446,39.21473380135371,37.67780034890589,1.5619519042292467
20,Tea,2024-11-23,28.36102239510401,28.443282824600765,28.38164091109822,0.08226042949675616
20,Tea,2024-11-24,28.525419733878792,28.47443957862382,28.53746778340134,0.06302820477752036
20,Tea,2024-11-25,37.39742984702018,37.93670967019371,37.40450332125449,0.5392798231735298
20,Tea,2024-11-26,37.996968983202265,38.621124586409394,37.99803567186033,0.6241556032071287
20,Tea,2024-11-27,37.86932941791399,38.28312119926632,37.87151406208757,0.4137917813523302
20,Tea,2024-11-28,56.19104590739147,56.99419854171063,56.194275606736014,0.8031526343191615
20,Tea,2024-11-29,58.751542601727905,61.172599361231455,58.76007881517834,2.42105675950355
20,Tea,2024-11-30,57.28792317048517,58.19099386742921,57.30975316175682,0.9030706969440416
20,Tea,2024-12-01,34.58554029789418,35.38555602617347,34.61281291396136,0.8000157282792912
20,Tea,2024-12-02,42.979102126768375,43.02547946775839,42.99587799461695,0.04637734099001278
20,Tea,2024-12-03,43.42236137414528,43.47282199021424,43.43226432821284,0.05046061606896046
20,Tea,2024-12-04,43.323159511656264,43.2265888760237,43.346445256330504,0.1198563803068069
20,Tea,2024-12-05,59.225671428804986,58.482052030950236,59.25433219362759,0.7722801626773546
20,Tea,2024-12-06,46.96041947545177,47.594255817739636,46.98698855249065,0.6338363422878643
20,Tea,2024-12-07,37.97704240262051,37.74041299308639,38.005257202120546,0.26484420903415895
20,Tea,2024-12-08,38.26391402682075,38.66906700656756,38.292732986517734,0.4051529797468092
20,Tea,2024-12-09,47.186792471455455,47.718177549949026,47.20926155199177,0.531385078493571
20,Tea,2024-12-10,63.62210238067749,65.53328151267802,63.63596403753502,1.9111791320005267
20,Tea,2024-12-11,46.86812636840522,47.42128744954993,46.876908662771385,0.5531610811447081
20,Tea,2024-12-12,46.79887157393537,47.04520160927902,46.80616521397066,0.24633003534364661
20,Tea,2024-12-13,46.73351360948972,47.12834938850275,46.74511997531736,0.3948357790130288
20,Tea,2024-12-14,38.141523310958256,38.60715151971742,38.1564972896107,0.46562820875916344
20,Tea,2024-12-15,45.61845981036713,46.062555849993835,45.63156902750157,0.4440960396267073
20,Tea,2024-12-16,50.5932735195548,51.236059219410926,50.601074194443925,0.6427856998561268
20,Tea,2024-12-17,42.90313294739247,43.57913661907572,42.90870582380823,0.6760036716832474
20,Tea,2024-12-18,43.23546350212753,43.86451119625744,43.248056895803984,0.629047694129909
20,Tea,2024-12-19,43.00100782830616,43.25213071355158,43.02587236684085,0.25112288524542237
20,Tea,2024-12-20,43.29646317626036,43.61813124381074,43.32434716368688,0.3216680675503767
20,Tea,2024-12-21,34.50513412218013,34.924006961303675,34.531875365720495,0.41887283912354434
20,Tea,2024-12-22,34.207745415953994,34.79701957460772,34.22807323196534,0.5892741586537227
20,Tea,2024-12-23,63.48205895592198,65.59729881595209,63.49409979428215,2.1152398600301083
20,Tea,2024-12-24,42.964384293551134,43.49920164704918,42.97745722952491,0.5348173534980489
20,Tea,2024-12-25,43.36297734739557,43.69054957432924,43.38311339155775,0.3275722269336683
20,Tea,2024-12-26,81.87913410239433,88.59239123663454,81.90301026098726,6.713257134240209
20,Tea,2024-12-27,43.97054044000814,44.76828232880311,43.99583449340124,0.7977418887949668
20,Tea,2024-12-28,35.44012711336597,36.30224762047632,35.471120238516235,0.8621205071103546
20,Tea,2024-12-29,35.82386718279213,37.3187973313145,35.85031141658256,1.4949301485223714
20,Tea,2024-12-30,44.42858178166656,45.931373638400686,44.444932416284374,1.5027918567341274
20,Tea,2024-12-31,52.03069799660079,54.36399843894935,52.049515524794174,2.333300442348559
