store_id,category,date,units_sold,opened_date,effective_opened_date,is_active_train_day,item_id,neighborhood_type,dow_num,baseline_store_category_dow_median,event_type_norm,event_lift_ratio
1,Bakery,2023-05-01,94,2019-12-21,2023-01-01,True,1_Bakery,university,0,29.0,sports,3.0
1,Bakery,2023-05-15,86,2019-12-21,2023-01-01,True,1_Bakery,university,0,29.0,music_festival,2.9655172413793105
1,Bakery,2023-08-21,50,2019-12-21,2023-01-01,True,1_Bakery,university,0,27.0,music_festival,1.8518518518518519
1,Bakery,2023-11-06,40,2019-12-21,2023-01-01,True,1_Bakery,university,0,27.5,market,1.4545454545454546
1,Bakery,2023-11-27,59,2019-12-21,2023-01-01,True,1_Bakery,university,0,28.0,music_festival,2.107142857142857
1,Bakery,2024-01-01,268,2019-12-21,2023-01-01,True,1_Bakery,university,0,28.0,food_festival,3.0
1,Bakery,2024-01-01,268,2019-12-21,2023-01-01,True,1_Bakery,university,0,28.0,food_festival,3.0
1,Bakery,2024-06-17,32,2019-12-21,2023-01-01,True,1_Bakery,university,0,29.0,cultural,1.103448275862069
1,Bakery,2024-10-14,66,2019-12-21,2023-01-01,True,1_Bakery,university,0,27.0,food_festival,2.4444444444444446
1,Bakery,2024-10-28,23,2019-12-21,2023-01-01,True,1_Bakery,university,0,28.0,sports,0.8214285714285714
1,Bakery,2023-03-14,29,2019-12-21,2023-01-01,True,1_Bakery,university,1,24.5,sports,1.183673469387755
1,Bakery,2023-05-30,63,2019-12-21,2023-01-01,True,1_Bakery,university,1,30.0,cultural,2.1
1,Bakery,2023-05-30,63,2019-12-21,2023-01-01,True,1_Bakery,university,1,30.0,food_festival,2.1
1,Bakery,2023-06-13,48,2019-12-21,2023-01-01,True,1_Bakery,university,1,30.0,convention,1.6
1,Bakery,2023-06-20,58,2019-12-21,2023-01-01,True,1_Bakery,university,1,31.5,cultural,1.8412698412698412
1,Bakery,2023-08-22,31,2019-12-21,2023-01-01,True,1_Bakery,university,1,30.0,book_fair,1.0333333333333334
1,Bakery,2023-08-29,32,2019-12-21,2023-01-01,True,1_Bakery,university,1,30.0,convention,1.0666666666666667
1,Bakery,2023-09-26,36,2019-12-21,2023-01-01,True,1_Bakery,university,1,30.0,music_festival,1.2
1,Bakery,2023-10-03,105,2019-12-21,2023-01-01,True,1_Bakery,university,1,30.0,food_festival,3.0
1,Bakery,2023-12-19,41,2019-12-21,2023-01-01,True,1_Bakery,university,1,31.5,market,1.3015873015873016
1,Bakery,2024-02-13,30,2019-12-21,2023-01-01,True,1_Bakery,university,1,32.5,sports,0.9230769230769231
1,Bakery,2024-02-20,51,2019-12-21,2023-01-01,True,1_Bakery,university,1,32.0,market,1.59375
1,Bakery,2024-06-25,31,2019-12-21,2023-01-01,True,1_Bakery,university,1,31.0,book_fair,1.0
1,Bakery,2024-08-27,56,2019-12-21,2023-01-01,True,1_Bakery,university,1,30.0,convention,1.8666666666666667
1,Bakery,2024-10-29,35,2019-12-21,2023-01-01,True,1_Bakery,university,1,30.0,cultural,1.1666666666666667
1,Bakery,2023-04-05,37,2019-12-21,2023-01-01,True,1_Bakery,university,2,28.0,cultural,1.3214285714285714
1,Bakery,2023-10-04,97,2019-12-21,2023-01-01,True,1_Bakery,university,2,27.0,food_festival,3.0
1,Bakery,2023-11-22,54,2019-12-21,2023-01-01,True,1_Bakery,university,2,28.5,market,1.894736842105263
1,Bakery,2024-01-10,45,2019-12-21,2023-01-01,True,1_Bakery,university,2,28.0,cultural,1.6071428571428572
1,Bakery,2024-05-15,52,2019-12-21,2023-01-01,True,1_Bakery,university,2,29.0,sports,1.793103448275862
1,Bakery,2024-06-12,22,2019-12-21,2023-01-01,True,1_Bakery,university,2,29.0,food_festival,0.7586206896551724
1,Bakery,2024-06-19,31,2019-12-21,2023-01-01,True,1_Bakery,university,2,28.5,market,1.087719298245614
1,Bakery,2024-07-31,35,2019-12-21,2023-01-01,True,1_Bakery,university,2,28.0,market,1.25
1,Bakery,2024-09-11,36,2019-12-21,2023-01-01,True,1_Bakery,university,2,28.0,market,1.2857142857142858
1,Bakery,2023-02-09,27,2019-12-21,2023-01-01,True,1_Bakery,university,3,37.0,convention,0.7297297297297297
1,Bakery,2023-03-23,50,2019-12-21,2023-01-01,True,1_Bakery,university,3,35.0,market,1.4285714285714286
1,Bakery,2023-05-04,46,2019-12-21,2023-01-01,True,1_Bakery,university,3,35.0,sports,1.3142857142857143
1,Bakery,2023-07-13,43,2019-12-21,2023-01-01,True,1_Bakery,university,3,30.0,food_festival,1.4333333333333333
1,Bakery,2023-08-17,42,2019-12-21,2023-01-01,True,1_Bakery,university,3,28.5,food_festival,1.4736842105263157
1,Bakery,2023-09-14,19,2019-12-21,2023-01-01,True,1_Bakery,university,3,28.5,cultural,0.6666666666666666
1,Bakery,2023-11-02,29,2019-12-21,2023-01-01,True,1_Bakery,university,3,29.0,food_festival,1.0
1,Bakery,2023-11-09,51,2019-12-21,2023-01-01,True,1_Bakery,university,3,29.0,food_festival,1.7586206896551724
1,Bakery,2023-11-30,42,2019-12-21,2023-01-01,True,1_Bakery,university,3,29.0,cultural,1.4482758620689655
1,Bakery,2024-01-04,40,2019-12-21,2023-01-01,True,1_Bakery,university,3,29.5,sports,1.3559322033898304
1,Bakery,2024-02-15,52,2019-12-21,2023-01-01,True,1_Bakery,university,3,29.5,market,1.7627118644067796
1,Bakery,2024-07-25,29,2019-12-21,2023-01-01,True,1_Bakery,university,3,29.0,food_festival,1.0
1,Bakery,2023-04-14,64,2019-12-21,2023-01-01,True,1_Bakery,university,4,27.0,cultural,2.3703703703703702
1,Bakery,2023-05-12,54,2019-12-21,2023-01-01,True,1_Bakery,university,4,27.0,food_festival,2.0
1,Bakery,2023-09-29,27,2019-12-21,2023-01-01,True,1_Bakery,university,4,25.0,market,1.08
1,Bakery,2023-10-20,33,2019-12-21,2023-01-01,True,1_Bakery,university,4,25.0,book_fair,1.32
1,Bakery,2024-09-27,28,2019-12-21,2023-01-01,True,1_Bakery,university,4,26.0,cultural,1.0769230769230769
1,Bakery,2023-07-15,19,2019-12-21,2023-01-01,True,1_Bakery,university,5,17.0,sports,1.1176470588235294
1,Bakery,2023-09-30,36,2019-12-21,2023-01-01,True,1_Bakery,university,5,16.5,concert,2.1818181818181817
1,Bakery,2023-10-28,27,2019-12-21,2023-01-01,True,1_Bakery,university,5,17.0,music_festival,1.588235294117647
1,Bakery,2023-12-16,26,2019-12-21,2023-01-01,True,1_Bakery,university,5,17.0,cultural,1.5294117647058822
1,Bakery,2024-03-23,21,2019-12-21,2023-01-01,True,1_Bakery,university,5,17.0,sports,1.2352941176470589
1,Bakery,2024-04-13,41,2019-12-21,2023-01-01,True,1_Bakery,university,5,17.5,market,2.342857142857143
1,Bakery,2024-07-13,24,2019-12-21,2023-01-01,True,1_Bakery,university,5,17.0,convention,1.411764705882353
1,Bakery,2024-08-10,18,2019-12-21,2023-01-01,True,1_Bakery,university,5,17.0,sports,1.0588235294117647
1,Bakery,2023-04-23,36,2019-12-21,2023-01-01,True,1_Bakery,university,6,18.0,convention,2.0
1,Bakery,2023-09-24,13,2019-12-21,2023-01-01,True,1_Bakery,university,6,17.0,sports,0.7647058823529411
1,Bakery,2023-11-05,19,2019-12-21,2023-01-01,True,1_Bakery,university,6,17.5,cultural,1.0857142857142856
1,Bakery,2024-02-04,28,2019-12-21,2023-01-01,True,1_Bakery,university,6,18.0,book_fair,1.5555555555555556
1,Bakery,2024-09-15,32,2019-12-21,2023-01-01,True,1_Bakery,university,6,17.0,convention,1.8823529411764706
1,Chocolate & Milk,2023-05-01,76,2019-12-21,2023-01-01,True,1_Chocolate-Milk,university,0,16.0,sports,3.0
1,Chocolate & Milk,2023-05-15,40,2019-12-21,2023-01-01,True,1_Chocolate-Milk,university,0,16.0,music_festival,2.5
1,Chocolate & Milk,2023-08-21,42,2019-12-21,2023-01-01,True,1_Chocolate-Milk,university,0,16.0,music_festival,2.625
1,Chocolate & Milk,2023-11-06,24,2019-12-21,2023-01-01,True,1_Chocolate-Milk,university,0,16.0,market,1.5
1,Chocolate & Milk,2023-11-27,38,2019-12-21,2023-01-01,True,1_Chocolate-Milk,university,0,16.0,music_festival,2.375
1,Chocolate & Milk,2024-01-01,148,2019-12-21,2023-01-01,True,1_Chocolate-Milk,university,0,16.0,food_festival,3.0
1,Chocolate & Milk,2024-01-01,148,2019-12-21,2023-01-01,True,1_Chocolate-Milk,university,0,16.0,food_festival,3.0
1,Chocolate & Milk,2024-06-17,7,2019-12-21,2023-01-01,True,1_Chocolate-Milk,university,0,16.0,cultural,0.4375
1,Chocolate & Milk,2024-10-14,33,2019-12-21,2023-01-01,True,1_Chocolate-Milk,university,0,16.0,food_festival,2.0625
1,Chocolate & Milk,2024-10-28,21,2019-12-21,2023-01-01,True,1_Chocolate-Milk,university,0,16.0,sports,1.3125
1,Chocolate & Milk,2023-03-14,22,2019-12-21,2023-01-01,True,1_Chocolate-Milk,university,1,16.0,sports,1.375
1,Chocolate & Milk,2023-05-30,29,2019-12-21,2023-01-01,True,1_Chocolate-Milk,university,1,15.0,cultural,1.9333333333333333
1,Chocolate & Milk,2023-05-30,29,2019-12-21,2023-01-01,True,1_Chocolate-Milk,university,1,15.0,food_festival,1.9333333333333333
1,Chocolate & Milk,2023-06-13,39,2019-12-21,2023-01-01,True,1_Chocolate-Milk,university,1,15.0,convention,2.6
1,Chocolate & Milk,2023-06-20,24,2019-12-21,2023-01-01,True,1_Chocolate-Milk,university,1,15.5,cultural,1.5483870967741935
1,Chocolate & Milk,2023-08-22,26,2019-12-21,2023-01-01,True,1_Chocolate-Milk,university,1,16.0,book_fair,1.625
1,Chocolate & Milk,2023-08-29,22,2019-12-21,2023-01-01,True,1_Chocolate-Milk,university,1,16.5,convention,1.3333333333333333
1,Chocolate & Milk,2023-09-26,24,2019-12-21,2023-01-01,True,1_Chocolate-Milk,university,1,16.5,music_festival,1.4545454545454546
1,Chocolate & Milk,2023-10-03,65,2019-12-21,2023-01-01,True,1_Chocolate-Milk,university,1,17.0,food_festival,3.0
1,Chocolate & Milk,2023-12-19,34,2019-12-21,2023-01-01,True,1_Chocolate-Milk,university,1,17.0,market,2.0
1,Chocolate & Milk,2024-02-13,23,2019-12-21,2023-01-01,True,1_Chocolate-Milk,university,1,16.5,sports,1.393939393939394
1,Chocolate & Milk,2024-02-20,20,2019-12-21,2023-01-01,True,1_Chocolate-Milk,university,1,17.0,market,1.1764705882352942
1,Chocolate & Milk,2024-06-25,13,2019-12-21,2023-01-01,True,1_Chocolate-Milk,university,1,17.0,book_fair,0.7647058823529411
1,Chocolate & Milk,2024-08-27,20,2019-12-21,2023-01-01,True,1_Chocolate-Milk,university,1,16.5,convention,1.2121212121212122
1,Chocolate & Milk,2024-10-29,17,2019-12-21,2023-01-01,True,1_Chocolate-Milk,university,1,16.0,cultural,1.0625
1,Chocolate & Milk,2023-04-05,21,2019-12-21,2023-01-01,True,1_Chocolate-Milk,university,2,16.0,cultural,1.3125
1,Chocolate & Milk,2023-10-04,54,2019-12-21,2023-01-01,True,1_Chocolate-Milk,university,2,14.0,food_festival,3.0
1,Chocolate & Milk,2023-11-22,16,2019-12-21,2023-01-01,True,1_Chocolate-Milk,university,2,14.0,market,1.1428571428571428
1,Chocolate & Milk,2024-01-10,16,2019-12-21,2023-01-01,True,1_Chocolate-Milk,university,2,15.0,cultural,1.0666666666666667
1,Chocolate & Milk,2024-05-15,22,2019-12-21,2023-01-01,True,1_Chocolate-Milk,university,2,16.0,sports,1.375
1,Chocolate & Milk,2024-06-12,26,2019-12-21,2023-01-01,True,1_Chocolate-Milk,university,2,16.0,food_festival,1.625
1,Chocolate & Milk,2024-06-19,9,2019-12-21,2023-01-01,True,1_Chocolate-Milk,university,2,16.0,market,0.5625
1,Chocolate & Milk,2024-07-31,18,2019-12-21,2023-01-01,True,1_Chocolate-Milk,university,2,16.0,market,1.125
1,Chocolate & Milk,2024-09-11,22,2019-12-21,2023-01-01,True,1_Chocolate-Milk,university,2,16.0,market,1.375
1,Chocolate & Milk,2023-02-09,20,2019-12-21,2023-01-01,True,1_Chocolate-Milk,university,3,23.0,convention,0.8695652173913043
1,Chocolate & Milk,2023-03-23,23,2019-12-21,2023-01-01,True,1_Chocolate-Milk,university,3,19.0,market,1.2105263157894737
1,Chocolate & Milk,2023-05-04,43,2019-12-21,2023-01-01,True,1_Chocolate-Milk,university,3,20.0,sports,2.15
1,Chocolate & Milk,2023-07-13,24,2019-12-21,2023-01-01,True,1_Chocolate-Milk,university,3,19.0,food_festival,1.263157894736842
1,Chocolate & Milk,2023-08-17,24,2019-12-21,2023-01-01,True,1_Chocolate-Milk,university,3,16.5,food_festival,1.4545454545454546
1,Chocolate & Milk,2023-09-14,15,2019-12-21,2023-01-01,True,1_Chocolate-Milk,university,3,18.0,cultural,0.8333333333333334
1,Chocolate & Milk,2023-11-02,34,2019-12-21,2023-01-01,True,1_Chocolate-Milk,university,3,18.0,food_festival,1.8888888888888888
1,Chocolate & Milk,2023-11-09,26,2019-12-21,2023-01-01,True,1_Chocolate-Milk,university,3,18.0,food_festival,1.4444444444444444
1,Chocolate & Milk,2023-11-30,20,2019-12-21,2023-01-01,True,1_Chocolate-Milk,university,3,18.0,cultural,1.1111111111111112
1,Chocolate & Milk,2024-01-04,30,2019-12-21,2023-01-01,True,1_Chocolate-Milk,university,3,18.0,sports,1.6666666666666667
1,Chocolate & Milk,2024-02-15,20,2019-12-21,2023-01-01,True,1_Chocolate-Milk,university,3,18.0,market,1.1111111111111112
1,Chocolate & Milk,2024-07-25,25,2019-12-21,2023-01-01,True,1_Chocolate-Milk,university,3,16.0,food_festival,1.5625
1,Chocolate & Milk,2023-04-14,55,2019-12-21,2023-01-01,True,1_Chocolate-Milk,university,4,16.5,cultural,3.0
1,Chocolate & Milk,2023-05-12,30,2019-12-21,2023-01-01,True,1_Chocolate-Milk,university,4,17.0,food_festival,1.7647058823529411
1,Chocolate & Milk,2023-09-29,22,2019-12-21,2023-01-01,True,1_Chocolate-Milk,university,4,15.0,market,1.4666666666666666
1,Chocolate & Milk,2023-10-20,28,2019-12-21,2023-01-01,True,1_Chocolate-Milk,university,4,15.0,book_fair,1.8666666666666667
1,Chocolate & Milk,2024-09-27,12,2019-12-21,2023-01-01,True,1_Chocolate-Milk,university,4,15.0,cultural,0.8
1,Chocolate & Milk,2023-07-15,15,2019-12-21,2023-01-01,True,1_Chocolate-Milk,university,5,9.0,sports,1.6666666666666667
1,Chocolate & Milk,2023-09-30,20,2019-12-21,2023-01-01,True,1_Chocolate-Milk,university,5,8.5,concert,2.3529411764705883
1,Chocolate & Milk,2023-10-28,33,2019-12-21,2023-01-01,True,1_Chocolate-Milk,university,5,8.5,music_festival,3.0
1,Chocolate & Milk,2023-12-16,4,2019-12-21,2023-01-01,True,1_Chocolate-Milk,university,5,9.0,cultural,0.4444444444444444
1,Chocolate & Milk,2024-03-23,9,2019-12-21,2023-01-01,True,1_Chocolate-Milk,university,5,9.0,sports,1.0
1,Chocolate & Milk,2024-04-13,21,2019-12-21,2023-01-01,True,1_Chocolate-Milk,university,5,9.0,market,2.3333333333333335
1,Chocolate & Milk,2024-07-13,11,2019-12-21,2023-01-01,True,1_Chocolate-Milk,university,5,9.0,convention,1.2222222222222223
1,Chocolate & Milk,2024-08-10,8,2019-12-21,2023-01-01,True,1_Chocolate-Milk,university,5,9.0,sports,0.8888888888888888
1,Chocolate & Milk,2023-04-23,15,2019-12-21,2023-01-01,True,1_Chocolate-Milk,university,6,11.0,convention,1.3636363636363635
1,Chocolate & Milk,2023-09-24,15,2019-12-21,2023-01-01,True,1_Chocolate-Milk,university,6,8.0,sports,1.875
1,Chocolate & Milk,2023-11-05,7,2019-12-21,2023-01-01,True,1_Chocolate-Milk,university,6,9.5,cultural,0.7368421052631579
1,Chocolate & Milk,2024-02-04,19,2019-12-21,2023-01-01,True,1_Chocolate-Milk,university,6,10.0,book_fair,1.9
1,Chocolate & Milk,2024-09-15,21,2019-12-21,2023-01-01,True,1_Chocolate-Milk,university,6,9.0,convention,2.3333333333333335
1,Coffee,2023-05-01,370,2019-12-21,2023-01-01,True,1_Coffee,university,0,119.0,sports,3.0
1,Coffee,2023-05-15,284,2019-12-21,2023-01-01,True,1_Coffee,university,0,119.0,music_festival,2.3865546218487395
1,Coffee,2023-08-21,242,2019-12-21,2023-01-01,True,1_Coffee,university,0,103.0,music_festival,2.349514563106796
1,Coffee,2023-11-06,137,2019-12-21,2023-01-01,True,1_Coffee,university,0,109.5,market,1.2511415525114156
1,Coffee,2023-11-27,243,2019-12-21,2023-01-01,True,1_Coffee,university,0,107.0,music_festival,2.2710280373831777
1,Coffee,2024-01-01,975,2019-12-21,2023-01-01,True,1_Coffee,university,0,113.0,food_festival,3.0
1,Coffee,2024-01-01,975,2019-12-21,2023-01-01,True,1_Coffee,university,0,113.0,food_festival,3.0
1,Coffee,2024-06-17,114,2019-12-21,2023-01-01,True,1_Coffee,university,0,116.5,cultural,0.9785407725321889
1,Coffee,2024-10-14,274,2019-12-21,2023-01-01,True,1_Coffee,university,0,108.0,food_festival,2.537037037037037
1,Coffee,2024-10-28,138,2019-12-21,2023-01-01,True,1_Coffee,university,0,110.0,sports,1.2545454545454546
1,Coffee,2023-03-14,128,2019-12-21,2023-01-01,True,1_Coffee,university,1,110.0,sports,1.1636363636363636
1,Coffee,2023-05-30,191,2019-12-21,2023-01-01,True,1_Coffee,university,1,111.0,cultural,1.7207207207207207
1,Coffee,2023-05-30,191,2019-12-21,2023-01-01,True,1_Coffee,university,1,111.0,food_festival,1.7207207207207207
1,Coffee,2023-06-13,245,2019-12-21,2023-01-01,True,1_Coffee,university,1,111.0,convention,2.2072072072072073
1,Coffee,2023-06-20,183,2019-12-21,2023-01-01,True,1_Coffee,university,1,112.0,cultural,1.6339285714285714
1,Coffee,2023-08-22,137,2019-12-21,2023-01-01,True,1_Coffee,university,1,111.0,book_fair,1.2342342342342343
1,Coffee,2023-08-29,143,2019-12-21,2023-01-01,True,1_Coffee,university,1,111.5,convention,1.2825112107623318
1,Coffee,2023-09-26,175,2019-12-21,2023-01-01,True,1_Coffee,university,1,110.0,music_festival,1.5909090909090908
1,Coffee,2023-10-03,367,2019-12-21,2023-01-01,True,1_Coffee,university,1,111.0,food_festival,3.0
1,Coffee,2023-12-19,178,2019-12-21,2023-01-01,True,1_Coffee,university,1,114.5,market,1.554585152838428
1,Coffee,2024-02-13,137,2019-12-21,2023-01-01,True,1_Coffee,university,1,120.0,sports,1.1416666666666666
1,Coffee,2024-02-20,209,2019-12-21,2023-01-01,True,1_Coffee,university,1,124.0,market,1.685483870967742
1,Coffee,2024-06-25,78,2019-12-21,2023-01-01,True,1_Coffee,university,1,116.0,book_fair,0.6724137931034483
1,Coffee,2024-08-27,191,2019-12-21,2023-01-01,True,1_Coffee,university,1,112.0,convention,1.7053571428571428
1,Coffee,2024-10-29,132,2019-12-21,2023-01-01,True,1_Coffee,university,1,112.0,cultural,1.1785714285714286
1,Coffee,2023-04-05,164,2019-12-21,2023-01-01,True,1_Coffee,university,2,116.0,cultural,1.4137931034482758
1,Coffee,2023-10-04,381,2019-12-21,2023-01-01,True,1_Coffee,university,2,106.0,food_festival,3.0
1,Coffee,2023-11-22,156,2019-12-21,2023-01-01,True,1_Coffee,university,2,107.5,market,1.4511627906976745
1,Coffee,2024-01-10,146,2019-12-21,2023-01-01,True,1_Coffee,university,2,108.0,cultural,1.3518518518518519
1,Coffee,2024-05-15,240,2019-12-21,2023-01-01,True,1_Coffee,university,2,108.0,sports,2.2222222222222223
1,Coffee,2024-06-12,131,2019-12-21,2023-01-01,True,1_Coffee,university,2,109.0,food_festival,1.201834862385321
1,Coffee,2024-06-19,96,2019-12-21,2023-01-01,True,1_Coffee,university,2,109.5,market,0.8767123287671232
1,Coffee,2024-07-31,144,2019-12-21,2023-01-01,True,1_Coffee,university,2,108.0,market,1.3333333333333333
1,Coffee,2024-09-11,118,2019-12-21,2023-01-01,True,1_Coffee,university,2,107.0,market,1.102803738317757
1,Coffee,2023-02-09,86,2019-12-21,2023-01-01,True,1_Coffee,university,3,150.0,convention,0.5733333333333334
1,Coffee,2023-03-23,168,2019-12-21,2023-01-01,True,1_Coffee,university,3,120.0,market,1.4
1,Coffee,2023-05-04,174,2019-12-21,2023-01-01,True,1_Coffee,university,3,125.0,sports,1.392
1,Coffee,2023-07-13,135,2019-12-21,2023-01-01,True,1_Coffee,university,3,120.0,food_festival,1.125
1,Coffee,2023-08-17,156,2019-12-21,2023-01-01,True,1_Coffee,university,3,116.0,food_festival,1.3448275862068966
1,Coffee,2023-09-14,100,2019-12-21,2023-01-01,True,1_Coffee,university,3,119.0,cultural,0.8403361344537815
1,Coffee,2023-11-02,211,2019-12-21,2023-01-01,True,1_Coffee,university,3,114.0,food_festival,1.8508771929824561
1,Coffee,2023-11-09,228,2019-12-21,2023-01-01,True,1_Coffee,university,3,116.0,food_festival,1.9655172413793103
1,Coffee,2023-11-30,176,2019-12-21,2023-01-01,True,1_Coffee,university,3,118.0,cultural,1.4915254237288136
1,Coffee,2024-01-04,210,2019-12-21,2023-01-01,True,1_Coffee,university,3,119.0,sports,1.7647058823529411
1,Coffee,2024-02-15,208,2019-12-21,2023-01-01,True,1_Coffee,university,3,119.0,market,1.7478991596638656
1,Coffee,2024-07-25,134,2019-12-21,2023-01-01,True,1_Coffee,university,3,115.0,food_festival,1.1652173913043478
1,Coffee,2023-04-14,312,2019-12-21,2023-01-01,True,1_Coffee,university,4,121.5,cultural,2.567901234567901
1,Coffee,2023-05-12,206,2019-12-21,2023-01-01,True,1_Coffee,university,4,130.0,food_festival,1.5846153846153845
1,Coffee,2023-09-29,170,2019-12-21,2023-01-01,True,1_Coffee,university,4,109.0,market,1.5596330275229358
1,Coffee,2023-10-20,177,2019-12-21,2023-01-01,True,1_Coffee,university,4,110.0,book_fair,1.6090909090909091
1,Coffee,2024-09-27,93,2019-12-21,2023-01-01,True,1_Coffee,university,4,110.0,cultural,0.8454545454545455
1,Coffee,2023-07-15,107,2019-12-21,2023-01-01,True,1_Coffee,university,5,76.0,sports,1.4078947368421053
1,Coffee,2023-09-30,158,2019-12-21,2023-01-01,True,1_Coffee,university,5,69.5,concert,2.273381294964029
1,Coffee,2023-10-28,138,2019-12-21,2023-01-01,True,1_Coffee,university,5,70.5,music_festival,1.9574468085106382
1,Coffee,2023-12-16,96,2019-12-21,2023-01-01,True,1_Coffee,university,5,70.0,cultural,1.3714285714285714
1,Coffee,2024-03-23,77,2019-12-21,2023-01-01,True,1_Coffee,university,5,74.0,sports,1.0405405405405406
1,Coffee,2024-04-13,146,2019-12-21,2023-01-01,True,1_Coffee,university,5,75.5,market,1.9337748344370862
1,Coffee,2024-07-13,73,2019-12-21,2023-01-01,True,1_Coffee,university,5,74.0,convention,0.9864864864864865
1,Coffee,2024-08-10,68,2019-12-21,2023-01-01,True,1_Coffee,university,5,73.0,sports,0.9315068493150684
1,Coffee,2023-04-23,161,2019-12-21,2023-01-01,True,1_Coffee,university,6,77.5,convention,2.07741935483871
1,Coffee,2023-09-24,81,2019-12-21,2023-01-01,True,1_Coffee,university,6,65.0,sports,1.2461538461538462
1,Coffee,2023-11-05,93,2019-12-21,2023-01-01,True,1_Coffee,university,6,70.0,cultural,1.3285714285714285
1,Coffee,2024-02-04,126,2019-12-21,2023-01-01,True,1_Coffee,university,6,74.0,book_fair,1.7027027027027026
1,Coffee,2024-09-15,85,2019-12-21,2023-01-01,True,1_Coffee,university,6,71.0,convention,1.1971830985915493
1,Juice & Smoothie,2023-05-01,45,2019-12-21,2023-01-01,True,1_Juice-Smoothie,university,0,11.0,sports,3.0
1,Juice & Smoothie,2023-05-15,25,2019-12-21,2023-01-01,True,1_Juice-Smoothie,university,0,11.0,music_festival,2.272727272727273
1,Juice & Smoothie,2023-08-21,15,2019-12-21,2023-01-01,True,1_Juice-Smoothie,university,0,11.0,music_festival,1.3636363636363635
1,Juice & Smoothie,2023-11-06,10,2019-12-21,2023-01-01,True,1_Juice-Smoothie,university,0,10.0,market,1.0
1,Juice & Smoothie,2023-11-27,17,2019-12-21,2023-01-01,True,1_Juice-Smoothie,university,0,10.0,music_festival,1.7
1,Juice & Smoothie,2024-01-01,84,2019-12-21,2023-01-01,True,1_Juice-Smoothie,university,0,11.0,food_festival,3.0
1,Juice & Smoothie,2024-01-01,84,2019-12-21,2023-01-01,True,1_Juice-Smoothie,university,0,11.0,food_festival,3.0
1,Juice & Smoothie,2024-06-17,16,2019-12-21,2023-01-01,True,1_Juice-Smoothie,university,0,10.0,cultural,1.6
1,Juice & Smoothie,2024-10-14,22,2019-12-21,2023-01-01,True,1_Juice-Smoothie,university,0,10.0,food_festival,2.2
1,Juice & Smoothie,2024-10-28,8,2019-12-21,2023-01-01,True,1_Juice-Smoothie,university,0,10.0,sports,0.8
1,Juice & Smoothie,2023-03-14,10,2019-12-21,2023-01-01,True,1_Juice-Smoothie,university,1,11.0,sports,0.9090909090909091
1,Juice & Smoothie,2023-05-30,29,2019-12-21,2023-01-01,True,1_Juice-Smoothie,university,1,11.0,cultural,2.6363636363636362
1,Juice & Smoothie,2023-05-30,29,2019-12-21,2023-01-01,True,1_Juice-Smoothie,university,1,11.0,food_festival,2.6363636363636362
1,Juice & Smoothie,2023-06-13,10,2019-12-21,2023-01-01,True,1_Juice-Smoothie,university,1,11.0,convention,0.9090909090909091
1,Juice & Smoothie,2023-06-20,24,2019-12-21,2023-01-01,True,1_Juice-Smoothie,university,1,10.5,cultural,2.2857142857142856
1,Juice & Smoothie,2023-08-22,15,2019-12-21,2023-01-01,True,1_Juice-Smoothie,university,1,10.0,book_fair,1.5
1,Juice & Smoothie,2023-08-29,13,2019-12-21,2023-01-01,True,1_Juice-Smoothie,university,1,10.0,convention,1.3
1,Juice & Smoothie,2023-09-26,17,2019-12-21,2023-01-01,True,1_Juice-Smoothie,university,1,10.0,music_festival,1.7
1,Juice & Smoothie,2023-10-03,25,2019-12-21,2023-01-01,True,1_Juice-Smoothie,university,1,10.0,food_festival,2.5
1,Juice & Smoothie,2023-12-19,19,2019-12-21,2023-01-01,True,1_Juice-Smoothie,university,1,10.0,market,1.9
1,Juice & Smoothie,2024-02-13,11,2019-12-21,2023-01-01,True,1_Juice-Smoothie,university,1,10.0,sports,1.1
1,Juice & Smoothie,2024-02-20,16,2019-12-21,2023-01-01,True,1_Juice-Smoothie,university,1,10.0,market,1.6
1,Juice & Smoothie,2024-06-25,14,2019-12-21,2023-01-01,True,1_Juice-Smoothie,university,1,10.0,book_fair,1.4
1,Juice & Smoothie,2024-08-27,7,2019-12-21,2023-01-01,True,1_Juice-Smoothie,university,1,10.0,convention,0.7
1,Juice & Smoothie,2024-10-29,11,2019-12-21,2023-01-01,True,1_Juice-Smoothie,university,1,10.0,cultural,1.1
1,Juice & Smoothie,2023-04-05,22,2019-12-21,2023-01-01,True,1_Juice-Smoothie,university,2,8.0,cultural,2.75
1,Juice & Smoothie,2023-10-04,22,2019-12-21,2023-01-01,True,1_Juice-Smoothie,university,2,8.0,food_festival,2.75
1,Juice & Smoothie,2023-11-22,18,2019-12-21,2023-01-01,True,1_Juice-Smoothie,university,2,8.0,market,2.25
1,Juice & Smoothie,2024-01-10,10,2019-12-21,2023-01-01,True,1_Juice-Smoothie,university,2,8.0,cultural,1.25
1,Juice & Smoothie,2024-05-15,18,2019-12-21,2023-01-01,True,1_Juice-Smoothie,university,2,9.0,sports,2.0
1,Juice & Smoothie,2024-06-12,17,2019-12-21,2023-01-01,True,1_Juice-Smoothie,university,2,9.0,food_festival,1.8888888888888888
1,Juice & Smoothie,2024-06-19,12,2019-12-21,2023-01-01,True,1_Juice-Smoothie,university,2,9.0,market,1.3333333333333333
1,Juice & Smoothie,2024-07-31,12,2019-12-21,2023-01-01,True,1_Juice-Smoothie,university,2,9.0,market,1.3333333333333333
1,Juice & Smoothie,2024-09-11,13,2019-12-21,2023-01-01,True,1_Juice-Smoothie,university,2,9.0,market,1.4444444444444444
1,Juice & Smoothie,2023-02-09,15,2019-12-21,2023-01-01,True,1_Juice-Smoothie,university,3,12.0,convention,1.25
1,Juice & Smoothie,2023-03-23,13,2019-12-21,2023-01-01,True,1_Juice-Smoothie,university,3,11.0,market,1.1818181818181819
1,Juice & Smoothie,2023-05-04,19,2019-12-21,2023-01-01,True,1_Juice-Smoothie,university,3,10.0,sports,1.9
1,Juice & Smoothie,2023-07-13,10,2019-12-21,2023-01-01,True,1_Juice-Smoothie,university,3,10.0,food_festival,1.0
1,Juice & Smoothie,2023-08-17,15,2019-12-21,2023-01-01,True,1_Juice-Smoothie,university,3,10.0,food_festival,1.5
1,Juice & Smoothie,2023-09-14,6,2019-12-21,2023-01-01,True,1_Juice-Smoothie,university,3,10.0,cultural,0.6
1,Juice & Smoothie,2023-11-02,18,2019-12-21,2023-01-01,True,1_Juice-Smoothie,university,3,10.0,food_festival,1.8
1,Juice & Smoothie,2023-11-09,16,2019-12-21,2023-01-01,True,1_Juice-Smoothie,university,3,10.0,food_festival,1.6
1,Juice & Smoothie,2023-11-30,10,2019-12-21,2023-01-01,True,1_Juice-Smoothie,university,3,10.0,cultural,1.0
1,Juice & Smoothie,2024-01-04,17,2019-12-21,2023-01-01,True,1_Juice-Smoothie,university,3,10.5,sports,1.619047619047619
1,Juice & Smoothie,2024-02-15,21,2019-12-21,2023-01-01,True,1_Juice-Smoothie,university,3,10.0,market,2.1
1,Juice & Smoothie,2024-07-25,7,2019-12-21,2023-01-01,True,1_Juice-Smoothie,university,3,10.0,food_festival,0.7
1,Juice & Smoothie,2023-04-14,18,2019-12-21,2023-01-01,True,1_Juice-Smoothie,university,4,9.0,cultural,2.0
1,Juice & Smoothie,2023-05-12,15,2019-12-21,2023-01-01,True,1_Juice-Smoothie,university,4,10.0,food_festival,1.5
1,Juice & Smoothie,2023-09-29,14,2019-12-21,2023-01-01,True,1_Juice-Smoothie,university,4,9.5,market,1.4736842105263157
1,Juice & Smoothie,2023-10-20,18,2019-12-21,2023-01-01,True,1_Juice-Smoothie,university,4,10.0,book_fair,1.8
1,Juice & Smoothie,2024-09-27,6,2019-12-21,2023-01-01,True,1_Juice-Smoothie,university,4,10.0,cultural,0.6
1,Juice & Smoothie,2023-07-15,9,2019-12-21,2023-01-01,True,1_Juice-Smoothie,university,5,7.0,sports,1.2857142857142858
1,Juice & Smoothie,2023-09-30,15,2019-12-21,2023-01-01,True,1_Juice-Smoothie,university,5,6.5,concert,2.3076923076923075
1,Juice & Smoothie,2023-10-28,12,2019-12-21,2023-01-01,True,1_Juice-Smoothie,university,5,6.5,music_festival,1.8461538461538463
1,Juice & Smoothie,2023-12-16,10,2019-12-21,2023-01-01,True,1_Juice-Smoothie,university,5,5.0,cultural,2.0
1,Juice & Smoothie,2024-03-23,6,2019-12-21,2023-01-01,True,1_Juice-Smoothie,university,5,6.0,sports,1.0
1,Juice & Smoothie,2024-04-13,15,2019-12-21,2023-01-01,True,1_Juice-Smoothie,university,5,6.0,market,2.5
1,Juice & Smoothie,2024-07-13,13,2019-12-21,2023-01-01,True,1_Juice-Smoothie,university,5,6.0,convention,2.1666666666666665
1,Juice & Smoothie,2024-08-10,3,2019-12-21,2023-01-01,True,1_Juice-Smoothie,university,5,6.0,sports,0.5
1,Juice & Smoothie,2023-04-23,6,2019-12-21,2023-01-01,True,1_Juice-Smoothie,university,6,8.5,convention,0.7058823529411765
1,Juice & Smoothie,2023-09-24,5,2019-12-21,2023-01-01,True,1_Juice-Smoothie,university,6,6.0,sports,0.8333333333333334
1,Juice & Smoothie,2023-11-05,8,2019-12-21,2023-01-01,True,1_Juice-Smoothie,university,6,6.0,cultural,1.3333333333333333
1,Juice & Smoothie,2024-02-04,6,2019-12-21,2023-01-01,True,1_Juice-Smoothie,university,6,7.0,book_fair,0.8571428571428571
1,Juice & Smoothie,2024-09-15,8,2019-12-21,2023-01-01,True,1_Juice-Smoothie,university,6,6.0,convention,1.3333333333333333
1,Merchandise,2023-05-01,22,2019-12-21,2023-01-01,True,1_Merchandise,university,0,7.0,sports,3.0
1,Merchandise,2023-05-15,22,2019-12-21,2023-01-01,True,1_Merchandise,university,0,7.0,music_festival,3.0
1,Merchandise,2023-08-21,16,2019-12-21,2023-01-01,True,1_Merchandise,university,0,6.0,music_festival,2.6666666666666665
1,Merchandise,2023-11-06,10,2019-12-21,2023-01-01,True,1_Merchandise,university,0,6.0,market,1.6666666666666667
1,Merchandise,2023-11-27,8,2019-12-21,2023-01-01,True,1_Merchandise,university,0,6.0,music_festival,1.3333333333333333
1,Merchandise,2024-01-01,49,2019-12-21,2023-01-01,True,1_Merchandise,university,0,6.0,food_festival,3.0
1,Merchandise,2024-01-01,49,2019-12-21,2023-01-01,True,1_Merchandise,university,0,6.0,food_festival,3.0
1,Merchandise,2024-06-17,8,2019-12-21,2023-01-01,True,1_Merchandise,university,0,6.0,cultural,1.3333333333333333
1,Merchandise,2024-10-14,8,2019-12-21,2023-01-01,True,1_Merchandise,university,0,6.0,food_festival,1.3333333333333333
1,Merchandise,2024-10-28,9,2019-12-21,2023-01-01,True,1_Merchandise,university,0,6.0,sports,1.5
1,Merchandise,2023-03-14,9,2019-12-21,2023-01-01,True,1_Merchandise,university,1,5.5,sports,1.6363636363636365
1,Merchandise,2023-05-30,4,2019-12-21,2023-01-01,True,1_Merchandise,university,1,6.0,cultural,0.6666666666666666
1,Merchandise,2023-05-30,4,2019-12-21,2023-01-01,True,1_Merchandise,university,1,6.0,food_festival,0.6666666666666666
1,Merchandise,2023-06-13,7,2019-12-21,2023-01-01,True,1_Merchandise,university,1,6.0,convention,1.1666666666666667
1,Merchandise,2023-06-20,7,2019-12-21,2023-01-01,True,1_Merchandise,university,1,6.0,cultural,1.1666666666666667
1,Merchandise,2023-08-22,5,2019-12-21,2023-01-01,True,1_Merchandise,university,1,6.0,book_fair,0.8333333333333334
1,Merchandise,2023-08-29,5,2019-12-21,2023-01-01,True,1_Merchandise,university,1,6.0,convention,0.8333333333333334
1,Merchandise,2023-09-26,6,2019-12-21,2023-01-01,True,1_Merchandise,university,1,5.5,music_festival,1.0909090909090908
1,Merchandise,2023-10-03,20,2019-12-21,2023-01-01,True,1_Merchandise,university,1,6.0,food_festival,3.0
1,Merchandise,2023-12-19,12,2019-12-21,2023-01-01,True,1_Merchandise,university,1,6.0,market,2.0
1,Merchandise,2024-02-13,11,2019-12-21,2023-01-01,True,1_Merchandise,university,1,6.0,sports,1.8333333333333333
1,Merchandise,2024-02-20,11,2019-12-21,2023-01-01,True,1_Merchandise,university,1,6.0,market,1.8333333333333333
1,Merchandise,2024-06-25,3,2019-12-21,2023-01-01,True,1_Merchandise,university,1,6.0,book_fair,0.5
1,Merchandise,2024-08-27,8,2019-12-21,2023-01-01,True,1_Merchandise,university,1,6.0,convention,1.3333333333333333
1,Merchandise,2024-10-29,9,2019-12-21,2023-01-01,True,1_Merchandise,university,1,6.0,cultural,1.5
1,Merchandise,2023-04-05,10,2019-12-21,2023-01-01,True,1_Merchandise,university,2,9.0,cultural,1.1111111111111112
1,Merchandise,2023-10-04,15,2019-12-21,2023-01-01,True,1_Merchandise,university,2,6.0,food_festival,2.5
1,Merchandise,2023-11-22,5,2019-12-21,2023-01-01,True,1_Merchandise,university,2,6.0,market,0.8333333333333334
1,Merchandise,2024-01-10,4,2019-12-21,2023-01-01,True,1_Merchandise,university,2,6.0,cultural,0.6666666666666666
1,Merchandise,2024-05-15,17,2019-12-21,2023-01-01,True,1_Merchandise,university,2,6.0,sports,2.8333333333333335
1,Merchandise,2024-06-12,7,2019-12-21,2023-01-01,True,1_Merchandise,university,2,6.0,food_festival,1.1666666666666667
1,Merchandise,2024-06-19,6,2019-12-21,2023-01-01,True,1_Merchandise,university,2,6.0,market,1.0
1,Merchandise,2024-07-31,6,2019-12-21,2023-01-01,True,1_Merchandise,university,2,6.0,market,1.0
1,Merchandise,2024-09-11,9,2019-12-21,2023-01-01,True,1_Merchandise,university,2,6.0,market,1.5
1,Merchandise,2023-02-09,8,2019-12-21,2023-01-01,True,1_Merchandise,university,3,5.0,convention,1.6
1,Merchandise,2023-03-23,11,2019-12-21,2023-01-01,True,1_Merchandise,university,3,7.0,market,1.5714285714285714
1,Merchandise,2023-05-04,8,2019-12-21,2023-01-01,True,1_Merchandise,university,3,8.0,sports,1.0
1,Merchandise,2023-07-13,4,2019-12-21,2023-01-01,True,1_Merchandise,university,3,7.0,food_festival,0.5714285714285714
1,Merchandise,2023-08-17,7,2019-12-21,2023-01-01,True,1_Merchandise,university,3,6.0,food_festival,1.1666666666666667
1,Merchandise,2023-09-14,6,2019-12-21,2023-01-01,True,1_Merchandise,university,3,6.0,cultural,1.0
1,Merchandise,2023-11-02,15,2019-12-21,2023-01-01,True,1_Merchandise,university,3,6.0,food_festival,2.5
1,Merchandise,2023-11-09,11,2019-12-21,2023-01-01,True,1_Merchandise,university,3,6.0,food_festival,1.8333333333333333
1,Merchandise,2023-11-30,14,2019-12-21,2023-01-01,True,1_Merchandise,university,3,6.0,cultural,2.3333333333333335
1,Merchandise,2024-01-04,13,2019-12-21,2023-01-01,True,1_Merchandise,university,3,6.0,sports,2.1666666666666665
1,Merchandise,2024-02-15,13,2019-12-21,2023-01-01,True,1_Merchandise,university,3,6.0,market,2.1666666666666665
1,Merchandise,2024-07-25,6,2019-12-21,2023-01-01,True,1_Merchandise,university,3,6.0,food_festival,1.0
1,Merchandise,2023-04-14,12,2019-12-21,2023-01-01,True,1_Merchandise,university,4,5.5,cultural,2.1818181818181817
1,Merchandise,2023-05-12,11,2019-12-21,2023-01-01,True,1_Merchandise,university,4,5.5,food_festival,2.0
1,Merchandise,2023-09-29,7,2019-12-21,2023-01-01,True,1_Merchandise,university,4,4.0,market,1.75
1,Merchandise,2023-10-20,13,2019-12-21,2023-01-01,True,1_Merchandise,university,4,4.0,book_fair,3.0
1,Merchandise,2024-09-27,6,2019-12-21,2023-01-01,True,1_Merchandise,university,4,5.0,cultural,1.2
1,Merchandise,2023-07-15,2,2019-12-21,2023-01-01,True,1_Merchandise,university,5,4.0,sports,0.5
1,Merchandise,2023-09-30,4,2019-12-21,2023-01-01,True,1_Merchandise,university,5,3.0,concert,1.3333333333333333
1,Merchandise,2023-10-28,11,2019-12-21,2023-01-01,True,1_Merchandise,university,5,3.0,music_festival,3.0
1,Merchandise,2023-12-16,2,2019-12-21,2023-01-01,True,1_Merchandise,university,5,4.0,cultural,0.5
1,Merchandise,2024-03-23,5,2019-12-21,2023-01-01,True,1_Merchandise,university,5,4.0,sports,1.25
1,Merchandise,2024-04-13,9,2019-12-21,2023-01-01,True,1_Merchandise,university,5,4.0,market,2.25
1,Merchandise,2024-07-13,6,2019-12-21,2023-01-01,True,1_Merchandise,university,5,3.0,convention,2.0
1,Merchandise,2024-08-10,1,2019-12-21,2023-01-01,True,1_Merchandise,university,5,3.0,sports,0.3333333333333333
1,Merchandise,2023-04-23,3,2019-12-21,2023-01-01,True,1_Merchandise,university,6,4.0,convention,0.75
1,Merchandise,2023-09-24,2,2019-12-21,2023-01-01,True,1_Merchandise,university,6,3.0,sports,0.6666666666666666
1,Merchandise,2023-11-05,5,2019-12-21,2023-01-01,True,1_Merchandise,university,6,3.0,cultural,1.6666666666666667
1,Merchandise,2024-02-04,4,2019-12-21,2023-01-01,True,1_Merchandise,university,6,3.0,book_fair,1.3333333333333333
1,Merchandise,2024-09-15,10,2019-12-21,2023-01-01,True,1_Merchandise,university,6,3.0,convention,3.0
1,Savory Bakery,2023-05-01,83,2019-12-21,2023-01-01,True,1_Savory-Bakery,university,0,24.0,sports,3.0
1,Savory Bakery,2023-05-15,73,2019-12-21,2023-01-01,True,1_Savory-Bakery,university,0,24.0,music_festival,3.0
1,Savory Bakery,2023-08-21,50,2019-12-21,2023-01-01,True,1_Savory-Bakery,university,0,23.0,music_festival,2.1739130434782608
1,Savory Bakery,2023-11-06,29,2019-12-21,2023-01-01,True,1_Savory-Bakery,university,0,22.0,market,1.3181818181818181
1,Savory Bakery,2023-11-27,51,2019-12-21,2023-01-01,True,1_Savory-Bakery,university,0,22.0,music_festival,2.3181818181818183
1,Savory Bakery,2024-01-01,207,2019-12-21,2023-01-01,True,1_Savory-Bakery,university,0,22.0,food_festival,3.0
1,Savory Bakery,2024-01-01,207,2019-12-21,2023-01-01,True,1_Savory-Bakery,university,0,22.0,food_festival,3.0
1,Savory Bakery,2024-06-17,13,2019-12-21,2023-01-01,True,1_Savory-Bakery,university,0,22.0,cultural,0.5909090909090909
1,Savory Bakery,2024-10-14,38,2019-12-21,2023-01-01,True,1_Savory-Bakery,university,0,22.0,food_festival,1.7272727272727273
1,Savory Bakery,2024-10-28,21,2019-12-21,2023-01-01,True,1_Savory-Bakery,university,0,22.0,sports,0.9545454545454546
1,Savory Bakery,2023-03-14,12,2019-12-21,2023-01-01,True,1_Savory-Bakery,university,1,27.0,sports,0.4444444444444444
1,Savory Bakery,2023-05-30,38,2019-12-21,2023-01-01,True,1_Savory-Bakery,university,1,23.0,cultural,1.6521739130434783
1,Savory Bakery,2023-05-30,38,2019-12-21,2023-01-01,True,1_Savory-Bakery,university,1,23.0,food_festival,1.6521739130434783
1,Savory Bakery,2023-06-13,47,2019-12-21,2023-01-01,True,1_Savory-Bakery,university,1,23.0,convention,2.0434782608695654
1,Savory Bakery,2023-06-20,24,2019-12-21,2023-01-01,True,1_Savory-Bakery,university,1,24.5,cultural,0.9795918367346939
1,Savory Bakery,2023-08-22,34,2019-12-21,2023-01-01,True,1_Savory-Bakery,university,1,22.0,book_fair,1.5454545454545454
1,Savory Bakery,2023-08-29,20,2019-12-21,2023-01-01,True,1_Savory-Bakery,university,1,22.5,convention,0.8888888888888888
1,Savory Bakery,2023-09-26,41,2019-12-21,2023-01-01,True,1_Savory-Bakery,university,1,21.5,music_festival,1.9069767441860466
1,Savory Bakery,2023-10-03,73,2019-12-21,2023-01-01,True,1_Savory-Bakery,university,1,22.0,food_festival,3.0
1,Savory Bakery,2023-12-19,34,2019-12-21,2023-01-01,True,1_Savory-Bakery,university,1,22.5,market,1.511111111111111
1,Savory Bakery,2024-02-13,33,2019-12-21,2023-01-01,True,1_Savory-Bakery,university,1,24.5,sports,1.346938775510204
1,Savory Bakery,2024-02-20,38,2019-12-21,2023-01-01,True,1_Savory-Bakery,university,1,25.0,market,1.52
1,Savory Bakery,2024-06-25,23,2019-12-21,2023-01-01,True,1_Savory-Bakery,university,1,24.0,book_fair,0.9583333333333334
1,Savory Bakery,2024-08-27,23,2019-12-21,2023-01-01,True,1_Savory-Bakery,university,1,23.0,convention,1.0
1,Savory Bakery,2024-10-29,24,2019-12-21,2023-01-01,True,1_Savory-Bakery,university,1,23.0,cultural,1.0434782608695652
1,Savory Bakery,2023-04-05,34,2019-12-21,2023-01-01,True,1_Savory-Bakery,university,2,25.0,cultural,1.36
1,Savory Bakery,2023-10-04,69,2019-12-21,2023-01-01,True,1_Savory-Bakery,university,2,21.0,food_festival,3.0
1,Savory Bakery,2023-11-22,31,2019-12-21,2023-01-01,True,1_Savory-Bakery,university,2,21.5,market,1.441860465116279
1,Savory Bakery,2024-01-10,32,2019-12-21,2023-01-01,True,1_Savory-Bakery,university,2,22.0,cultural,1.4545454545454546
1,Savory Bakery,2024-05-15,44,2019-12-21,2023-01-01,True,1_Savory-Bakery,university,2,23.0,sports,1.9130434782608696
1,Savory Bakery,2024-06-12,14,2019-12-21,2023-01-01,True,1_Savory-Bakery,university,2,24.0,food_festival,0.5833333333333334
1,Savory Bakery,2024-06-19,23,2019-12-21,2023-01-01,True,1_Savory-Bakery,university,2,23.5,market,0.9787234042553191
1,Savory Bakery,2024-07-31,27,2019-12-21,2023-01-01,True,1_Savory-Bakery,university,2,23.0,market,1.173913043478261
1,Savory Bakery,2024-09-11,27,2019-12-21,2023-01-01,True,1_Savory-Bakery,university,2,22.5,market,1.2
1,Savory Bakery,2023-02-09,29,2019-12-21,2023-01-01,True,1_Savory-Bakery,university,3,27.0,convention,1.0740740740740742
1,Savory Bakery,2023-03-23,35,2019-12-21,2023-01-01,True,1_Savory-Bakery,university,3,27.0,market,1.2962962962962963
1,Savory Bakery,2023-05-04,34,2019-12-21,2023-01-01,True,1_Savory-Bakery,university,3,27.0,sports,1.2592592592592593
1,Savory Bakery,2023-07-13,40,2019-12-21,2023-01-01,True,1_Savory-Bakery,university,3,24.0,food_festival,1.6666666666666667
1,Savory Bakery,2023-08-17,19,2019-12-21,2023-01-01,True,1_Savory-Bakery,university,3,22.0,food_festival,0.8636363636363636
1,Savory Bakery,2023-09-14,24,2019-12-21,2023-01-01,True,1_Savory-Bakery,university,3,22.0,cultural,1.0909090909090908
1,Savory Bakery,2023-11-02,36,2019-12-21,2023-01-01,True,1_Savory-Bakery,university,3,22.0,food_festival,1.6363636363636365
1,Savory Bakery,2023-11-09,51,2019-12-21,2023-01-01,True,1_Savory-Bakery,university,3,23.0,food_festival,2.217391304347826
1,Savory Bakery,2023-11-30,33,2019-12-21,2023-01-01,True,1_Savory-Bakery,university,3,24.0,cultural,1.375
1,Savory Bakery,2024-01-04,34,2019-12-21,2023-01-01,True,1_Savory-Bakery,university,3,24.0,sports,1.4166666666666667
1,Savory Bakery,2024-02-15,24,2019-12-21,2023-01-01,True,1_Savory-Bakery,university,3,23.5,market,1.0212765957446808
1,Savory Bakery,2024-07-25,27,2019-12-21,2023-01-01,True,1_Savory-Bakery,university,3,23.0,food_festival,1.173913043478261
1,Savory Bakery,2023-04-14,58,2019-12-21,2023-01-01,True,1_Savory-Bakery,university,4,22.0,cultural,2.6363636363636362
1,Savory Bakery,2023-05-12,38,2019-12-21,2023-01-01,True,1_Savory-Bakery,university,4,22.5,food_festival,1.6888888888888889
1,Savory Bakery,2023-09-29,24,2019-12-21,2023-01-01,True,1_Savory-Bakery,university,4,22.0,market,1.0909090909090908
1,Savory Bakery,2023-10-20,48,2019-12-21,2023-01-01,True,1_Savory-Bakery,university,4,22.0,book_fair,2.1818181818181817
1,Savory Bakery,2024-09-27,23,2019-12-21,2023-01-01,True,1_Savory-Bakery,university,4,21.5,cultural,1.069767441860465
1,Savory Bakery,2023-07-15,19,2019-12-21,2023-01-01,True,1_Savory-Bakery,university,5,15.0,sports,1.2666666666666666
1,Savory Bakery,2023-09-30,34,2019-12-21,2023-01-01,True,1_Savory-Bakery,university,5,13.5,concert,2.5185185185185186
1,Savory Bakery,2023-10-28,32,2019-12-21,2023-01-01,True,1_Savory-Bakery,university,5,13.5,music_festival,2.3703703703703702
1,Savory Bakery,2023-12-16,30,2019-12-21,2023-01-01,True,1_Savory-Bakery,university,5,13.0,cultural,2.3076923076923075
1,Savory Bakery,2024-03-23,9,2019-12-21,2023-01-01,True,1_Savory-Bakery,university,5,14.0,sports,0.6428571428571429
1,Savory Bakery,2024-04-13,23,2019-12-21,2023-01-01,True,1_Savory-Bakery,university,5,13.5,market,1.7037037037037037
1,Savory Bakery,2024-07-13,18,2019-12-21,2023-01-01,True,1_Savory-Bakery,university,5,13.0,convention,1.3846153846153846
1,Savory Bakery,2024-08-10,18,2019-12-21,2023-01-01,True,1_Savory-Bakery,university,5,13.0,sports,1.3846153846153846
1,Savory Bakery,2023-04-23,35,2019-12-21,2023-01-01,True,1_Savory-Bakery,university,6,14.0,convention,2.5
1,Savory Bakery,2023-09-24,8,2019-12-21,2023-01-01,True,1_Savory-Bakery,university,6,13.0,sports,0.6153846153846154
1,Savory Bakery,2023-11-05,12,2019-12-21,2023-01-01,True,1_Savory-Bakery,university,6,13.0,cultural,0.9230769230769231
1,Savory Bakery,2024-02-04,26,2019-12-21,2023-01-01,True,1_Savory-Bakery,university,6,14.0,book_fair,1.8571428571428572
1,Savory Bakery,2024-09-15,36,2019-12-21,2023-01-01,True,1_Savory-Bakery,university,6,13.0,convention,2.769230769230769
1,Tea,2023-05-01,129,2019-12-21,2023-01-01,True,1_Tea,university,0,36.0,sports,3.0
1,Tea,2023-05-15,89,2019-12-21,2023-01-01,True,1_Tea,university,0,36.0,music_festival,2.4722222222222223
1,Tea,2023-08-21,47,2019-12-21,2023-01-01,True,1_Tea,university,0,32.0,music_festival,1.46875
1,Tea,2023-11-06,55,2019-12-21,2023-01-01,True,1_Tea,university,0,32.0,market,1.71875
1,Tea,2023-11-27,62,2019-12-21,2023-01-01,True,1_Tea,university,0,32.0,music_festival,1.9375
1,Tea,2024-01-01,294,2019-12-21,2023-01-01,True,1_Tea,university,0,33.0,food_festival,3.0
1,Tea,2024-01-01,294,2019-12-21,2023-01-01,True,1_Tea,university,0,33.0,food_festival,3.0
1,Tea,2024-06-17,46,2019-12-21,2023-01-01,True,1_Tea,university,0,33.5,cultural,1.373134328358209
1,Tea,2024-10-14,62,2019-12-21,2023-01-01,True,1_Tea,university,0,32.0,food_festival,1.9375
1,Tea,2024-10-28,36,2019-12-21,2023-01-01,True,1_Tea,university,0,32.0,sports,1.125
1,Tea,2023-03-14,49,2019-12-21,2023-01-01,True,1_Tea,university,1,32.5,sports,1.5076923076923077
1,Tea,2023-05-30,83,2019-12-21,2023-01-01,True,1_Tea,university,1,40.0,cultural,2.075
1,Tea,2023-05-30,83,2019-12-21,2023-01-01,True,1_Tea,university,1,40.0,food_festival,2.075
1,Tea,2023-06-13,59,2019-12-21,2023-01-01,True,1_Tea,university,1,40.0,convention,1.475
1,Tea,2023-06-20,66,2019-12-21,2023-01-01,True,1_Tea,university,1,40.5,cultural,1.6296296296296295
1,Tea,2023-08-22,58,2019-12-21,2023-01-01,True,1_Tea,university,1,36.0,book_fair,1.6111111111111112
1,Tea,2023-08-29,46,2019-12-21,2023-01-01,True,1_Tea,university,1,37.5,convention,1.2266666666666666
1,Tea,2023-09-26,58,2019-12-21,2023-01-01,True,1_Tea,university,1,35.0,music_festival,1.6571428571428573
1,Tea,2023-10-03,100,2019-12-21,2023-01-01,True,1_Tea,university,1,36.0,food_festival,2.7777777777777777
1,Tea,2023-12-19,61,2019-12-21,2023-01-01,True,1_Tea,university,1,38.5,market,1.5844155844155845
1,Tea,2024-02-13,47,2019-12-21,2023-01-01,True,1_Tea,university,1,36.5,sports,1.2876712328767124
1,Tea,2024-02-20,54,2019-12-21,2023-01-01,True,1_Tea,university,1,37.0,market,1.4594594594594594
1,Tea,2024-06-25,32,2019-12-21,2023-01-01,True,1_Tea,university,1,36.0,book_fair,0.8888888888888888
1,Tea,2024-08-27,46,2019-12-21,2023-01-01,True,1_Tea,university,1,35.0,convention,1.3142857142857143
1,Tea,2024-10-29,54,2019-12-21,2023-01-01,True,1_Tea,university,1,34.0,cultural,1.588235294117647
1,Tea,2023-04-05,44,2019-12-21,2023-01-01,True,1_Tea,university,2,41.0,cultural,1.0731707317073171
1,Tea,2023-10-04,99,2019-12-21,2023-01-01,True,1_Tea,university,2,30.0,food_festival,3.0
1,Tea,2023-11-22,49,2019-12-21,2023-01-01,True,1_Tea,university,2,31.0,market,1.5806451612903225
1,Tea,2024-01-10,45,2019-12-21,2023-01-01,True,1_Tea,university,2,32.0,cultural,1.40625
1,Tea,2024-05-15,71,2019-12-21,2023-01-01,True,1_Tea,university,2,35.0,sports,2.0285714285714285
1,Tea,2024-06-12,34,2019-12-21,2023-01-01,True,1_Tea,university,2,35.0,food_festival,0.9714285714285714
1,Tea,2024-06-19,24,2019-12-21,2023-01-01,True,1_Tea,university,2,35.0,market,0.6857142857142857
1,Tea,2024-07-31,41,2019-12-21,2023-01-01,True,1_Tea,university,2,34.0,market,1.2058823529411764
1,Tea,2024-09-11,28,2019-12-21,2023-01-01,True,1_Tea,university,2,33.0,market,0.8484848484848485
1,Tea,2023-02-09,54,2019-12-21,2023-01-01,True,1_Tea,university,3,52.0,convention,1.0384615384615385
1,Tea,2023-03-23,79,2019-12-21,2023-01-01,True,1_Tea,university,3,43.0,market,1.8372093023255813
1,Tea,2023-05-04,78,2019-12-21,2023-01-01,True,1_Tea,university,3,43.0,sports,1.813953488372093
1,Tea,2023-07-13,42,2019-12-21,2023-01-01,True,1_Tea,university,3,37.0,food_festival,1.135135135135135
1,Tea,2023-08-17,40,2019-12-21,2023-01-01,True,1_Tea,university,3,36.0,food_festival,1.1111111111111112
1,Tea,2023-09-14,27,2019-12-21,2023-01-01,True,1_Tea,university,3,36.0,cultural,0.75
1,Tea,2023-11-02,70,2019-12-21,2023-01-01,True,1_Tea,university,3,34.0,food_festival,2.0588235294117645
1,Tea,2023-11-09,69,2019-12-21,2023-01-01,True,1_Tea,university,3,34.5,food_festival,2.0
1,Tea,2023-11-30,51,2019-12-21,2023-01-01,True,1_Tea,university,3,35.0,cultural,1.457142857142857
1,Tea,2024-01-04,75,2019-12-21,2023-01-01,True,1_Tea,university,3,35.0,sports,2.142857142857143
1,Tea,2024-02-15,60,2019-12-21,2023-01-01,True,1_Tea,university,3,35.0,market,1.7142857142857142
1,Tea,2024-07-25,38,2019-12-21,2023-01-01,True,1_Tea,university,3,34.0,food_festival,1.1176470588235294
1,Tea,2023-04-14,107,2019-12-21,2023-01-01,True,1_Tea,university,4,34.5,cultural,3.0
1,Tea,2023-05-12,73,2019-12-21,2023-01-01,True,1_Tea,university,4,38.0,food_festival,1.9210526315789473
1,Tea,2023-09-29,39,2019-12-21,2023-01-01,True,1_Tea,university,4,33.0,market,1.1818181818181819
1,Tea,2023-10-20,92,2019-12-21,2023-01-01,True,1_Tea,university,4,34.0,book_fair,2.7058823529411766
1,Tea,2024-09-27,32,2019-12-21,2023-01-01,True,1_Tea,university,4,32.0,cultural,1.0
1,Tea,2023-07-15,40,2019-12-21,2023-01-01,True,1_Tea,university,5,20.0,sports,2.0
1,Tea,2023-09-30,63,2019-12-21,2023-01-01,True,1_Tea,university,5,20.0,concert,3.0
1,Tea,2023-10-28,38,2019-12-21,2023-01-01,True,1_Tea,university,5,20.5,music_festival,1.853658536585366
1,Tea,2023-12-16,32,2019-12-21,2023-01-01,True,1_Tea,university,5,20.0,cultural,1.6
1,Tea,2024-03-23,27,2019-12-21,2023-01-01,True,1_Tea,university,5,21.0,sports,1.2857142857142858
1,Tea,2024-04-13,66,2019-12-21,2023-01-01,True,1_Tea,university,5,21.0,market,3.0
1,Tea,2024-07-13,23,2019-12-21,2023-01-01,True,1_Tea,university,5,21.0,convention,1.0952380952380953
1,Tea,2024-08-10,9,2019-12-21,2023-01-01,True,1_Tea,university,5,21.0,sports,0.42857142857142855
1,Tea,2023-04-23,44,2019-12-21,2023-01-01,True,1_Tea,university,6,24.0,convention,1.8333333333333333
1,Tea,2023-09-24,23,2019-12-21,2023-01-01,True,1_Tea,university,6,19.0,sports,1.2105263157894737
1,Tea,2023-11-05,22,2019-12-21,2023-01-01,True,1_Tea,university,6,21.0,cultural,1.0476190476190477
1,Tea,2024-02-04,35,2019-12-21,2023-01-01,True,1_Tea,university,6,23.0,book_fair,1.5217391304347827
1,Tea,2024-09-15,25,2019-12-21,2023-01-01,True,1_Tea,university,6,19.0,convention,1.3157894736842106
2,Bakery,2023-05-22,73,2017-10-06,2023-01-01,True,2_Bakery,tourist,0,33.5,cultural,2.1791044776119404
2,Bakery,2023-07-17,68,2017-10-06,2023-01-01,True,2_Bakery,tourist,0,31.5,food_festival,2.1587301587301586
2,Bakery,2023-07-31,46,2017-10-06,2023-01-01,True,2_Bakery,tourist,0,31.5,cultural,1.4603174603174602
2,Bakery,2024-01-08,42,2017-10-06,2023-01-01,True,2_Bakery,tourist,0,31.0,sports,1.3548387096774193
2,Bakery,2024-04-01,61,2017-10-06,2023-01-01,True,2_Bakery,tourist,0,33.0,music_festival,1.8484848484848484
2,Bakery,2024-04-29,102,2017-10-06,2023-01-01,True,2_Bakery,tourist,0,33.0,cultural,3.0
2,Bakery,2024-05-06,63,2017-10-06,2023-01-01,True,2_Bakery,tourist,0,33.5,concert,1.8805970149253732
2,Bakery,2024-07-08,18,2017-10-06,2023-01-01,True,2_Bakery,tourist,0,33.0,convention,0.5454545454545454
2,Bakery,2024-09-30,83,2017-10-06,2023-01-01,True,2_Bakery,tourist,0,32.0,sports,2.59375
2,Bakery,2024-09-30,83,2017-10-06,2023-01-01,True,2_Bakery,tourist,0,32.0,food_festival,2.59375
2,Bakery,2024-10-07,27,2017-10-06,2023-01-01,True,2_Bakery,tourist,0,32.5,convention,0.8307692307692308
2,Bakery,2023-02-07,52,2017-10-06,2023-01-01,True,2_Bakery,tourist,1,47.0,food_festival,1.1063829787234043
2,Bakery,2023-09-05,56,2017-10-06,2023-01-01,True,2_Bakery,tourist,1,28.0,cultural,2.0
2,Bakery,2023-10-24,33,2017-10-06,2023-01-01,True,2_Bakery,tourist,1,29.5,convention,1.11864406779661
2,Bakery,2024-08-20,39,2017-10-06,2023-01-01,True,2_Bakery,tourist,1,32.0,concert,1.21875
2,Bakery,2024-09-17,45,2017-10-06,2023-01-01,True,2_Bakery,tourist,1,32.0,market,1.40625
2,Bakery,2023-04-05,117,2017-10-06,2023-01-01,True,2_Bakery,tourist,2,33.0,food_festival,3.0
2,Bakery,2023-05-17,53,2017-10-06,2023-01-01,True,2_Bakery,tourist,2,34.0,cultural,1.5588235294117647
2,Bakery,2023-06-14,39,2017-10-06,2023-01-01,True,2_Bakery,tourist,2,33.0,food_festival,1.1818181818181819
2,Bakery,2023-07-26,16,2017-10-06,2023-01-01,True,2_Bakery,tourist,2,33.0,sports,0.48484848484848486
2,Bakery,2023-08-30,38,2017-10-06,2023-01-01,True,2_Bakery,tourist,2,28.5,market,1.3333333333333333
2,Bakery,2023-09-06,100,2017-10-06,2023-01-01,True,2_Bakery,tourist,2,29.0,music_festival,3.0
2,Bakery,2023-09-27,19,2017-10-06,2023-01-01,True,2_Bakery,tourist,2,30.0,book_fair,0.6333333333333333
2,Bakery,2024-04-17,39,2017-10-06,2023-01-01,True,2_Bakery,tourist,2,33.0,book_fair,1.1818181818181819
2,Bakery,2024-05-29,50,2017-10-06,2023-01-01,True,2_Bakery,tourist,2,33.0,market,1.5151515151515151
2,Bakery,2024-08-28,71,2017-10-06,2023-01-01,True,2_Bakery,tourist,2,31.0,food_festival,2.2903225806451615
2,Bakery,2023-05-25,54,2017-10-06,2023-01-01,True,2_Bakery,tourist,3,39.0,convention,1.3846153846153846
2,Bakery,2023-06-15,54,2017-10-06,2023-01-01,True,2_Bakery,tourist,3,39.0,cultural,1.3846153846153846
2,Bakery,2023-08-03,60,2017-10-06,2023-01-01,True,2_Bakery,tourist,3,37.0,cultural,1.6216216216216217
2,Bakery,2023-10-26,41,2017-10-06,2023-01-01,True,2_Bakery,tourist,3,35.5,convention,1.1549295774647887
2,Bakery,2024-02-08,29,2017-10-06,2023-01-01,True,2_Bakery,tourist,3,36.0,book_fair,0.8055555555555556
2,Bakery,2024-05-23,99,2017-10-06,2023-01-01,True,2_Bakery,tourist,3,34.0,food_festival,2.911764705882353
2,Bakery,2024-07-18,68,2017-10-06,2023-01-01,True,2_Bakery,tourist,3,33.0,cultural,2.0606060606060606
2,Bakery,2024-10-03,69,2017-10-06,2023-01-01,True,2_Bakery,tourist,3,31.0,food_festival,2.225806451612903
2,Bakery,2024-10-17,138,2017-10-06,2023-01-01,True,2_Bakery,tourist,3,32.0,food_festival,3.0
2,Bakery,2024-10-31,39,2017-10-06,2023-01-01,True,2_Bakery,tourist,3,32.0,book_fair,1.21875
2,Bakery,2023-01-13,94,2017-10-06,2023-01-01,True,2_Bakery,tourist,4,39.5,music_festival,2.3797468354430378
2,Bakery,2023-09-15,67,2017-10-06,2023-01-01,True,2_Bakery,tourist,4,29.0,sports,2.310344827586207
2,Bakery,2024-01-12,51,2017-10-06,2023-01-01,True,2_Bakery,tourist,4,32.0,cultural,1.59375
2,Bakery,2024-02-02,68,2017-10-06,2023-01-01,True,2_Bakery,tourist,4,32.0,music_festival,2.125
2,Bakery,2024-07-05,21,2017-10-06,2023-01-01,True,2_Bakery,tourist,4,32.0,sports,0.65625
2,Bakery,2024-07-12,72,2017-10-06,2023-01-01,True,2_Bakery,tourist,4,32.0,music_festival,2.25
2,Bakery,2023-01-21,76,2017-10-06,2023-01-01,True,2_Bakery,tourist,5,40.0,sports,1.9
2,Bakery,2023-01-28,68,2017-10-06,2023-01-01,True,2_Bakery,tourist,5,75.0,convention,0.9066666666666666
2,Bakery,2023-10-14,113,2017-10-06,2023-01-01,True,2_Bakery,tourist,5,52.0,cultural,2.173076923076923
2,Bakery,2023-11-18,222,2017-10-06,2023-01-01,True,2_Bakery,tourist,5,55.0,music_festival,3.0
2,Bakery,2023-11-18,222,2017-10-06,2023-01-01,True,2_Bakery,tourist,5,55.0,cultural,3.0
2,Bakery,2023-12-02,41,2017-10-06,2023-01-01,True,2_Bakery,tourist,5,55.0,book_fair,0.7454545454545455
2,Bakery,2024-01-20,103,2017-10-06,2023-01-01,True,2_Bakery,tourist,5,55.5,market,1.8558558558558558
2,Bakery,2024-02-17,64,2017-10-06,2023-01-01,True,2_Bakery,tourist,5,56.0,convention,1.1428571428571428
2,Bakery,2024-07-06,28,2017-10-06,2023-01-01,True,2_Bakery,tourist,5,56.0,sports,0.5
2,Bakery,2024-07-27,105,2017-10-06,2023-01-01,True,2_Bakery,tourist,5,56.0,food_festival,1.875
2,Bakery,2024-08-17,87,2017-10-06,2023-01-01,True,2_Bakery,tourist,5,55.5,market,1.5675675675675675
2,Bakery,2023-01-15,197,2017-10-06,2023-01-01,True,2_Bakery,tourist,6,40.0,food_festival,3.0
2,Bakery,2023-04-02,115,2017-10-06,2023-01-01,True,2_Bakery,tourist,6,63.0,market,1.8253968253968254
2,Bakery,2023-04-16,152,2017-10-06,2023-01-01,True,2_Bakery,tourist,6,65.0,food_festival,2.3384615384615386
2,Bakery,2023-04-23,159,2017-10-06,2023-01-01,True,2_Bakery,tourist,6,65.0,cultural,2.4461538461538463
2,Bakery,2023-05-21,72,2017-10-06,2023-01-01,True,2_Bakery,tourist,6,66.5,market,1.0827067669172932
2,Bakery,2023-07-23,21,2017-10-06,2023-01-01,True,2_Bakery,tourist,6,63.0,book_fair,0.3333333333333333
2,Bakery,2023-08-06,93,2017-10-06,2023-01-01,True,2_Bakery,tourist,6,62.0,concert,1.5
2,Bakery,2023-08-20,87,2017-10-06,2023-01-01,True,2_Bakery,tourist,6,62.0,cultural,1.403225806451613
2,Bakery,2024-06-02,72,2017-10-06,2023-01-01,True,2_Bakery,tourist,6,58.5,book_fair,1.2307692307692308
2,Bakery,2024-06-02,72,2017-10-06,2023-01-01,True,2_Bakery,tourist,6,58.5,food_festival,1.2307692307692308
2,Bakery,2024-06-16,75,2017-10-06,2023-01-01,True,2_Bakery,tourist,6,58.5,cultural,1.2820512820512822
2,Chocolate & Milk,2023-05-22,54,2017-10-06,2023-01-01,True,2_Chocolate-Milk,tourist,0,21.0,cultural,2.5714285714285716
2,Chocolate & Milk,2023-07-17,36,2017-10-06,2023-01-01,True,2_Chocolate-Milk,tourist,0,18.5,food_festival,1.945945945945946
2,Chocolate & Milk,2023-07-31,20,2017-10-06,2023-01-01,True,2_Chocolate-Milk,tourist,0,18.5,cultural,1.0810810810810811
2,Chocolate & Milk,2024-01-08,35,2017-10-06,2023-01-01,True,2_Chocolate-Milk,tourist,0,20.0,sports,1.75
2,Chocolate & Milk,2024-04-01,47,2017-10-06,2023-01-01,True,2_Chocolate-Milk,tourist,0,19.0,music_festival,2.473684210526316
2,Chocolate & Milk,2024-04-29,68,2017-10-06,2023-01-01,True,2_Chocolate-Milk,tourist,0,20.0,cultural,3.0
2,Chocolate & Milk,2024-05-06,37,2017-10-06,2023-01-01,True,2_Chocolate-Milk,tourist,0,20.0,concert,1.85
2,Chocolate & Milk,2024-07-08,12,2017-10-06,2023-01-01,True,2_Chocolate-Milk,tourist,0,18.0,convention,0.6666666666666666
2,Chocolate & Milk,2024-09-30,50,2017-10-06,2023-01-01,True,2_Chocolate-Milk,tourist,0,18.0,sports,2.7777777777777777
2,Chocolate & Milk,2024-09-30,50,2017-10-06,2023-01-01,True,2_Chocolate-Milk,tourist,0,18.0,food_festival,2.7777777777777777
2,Chocolate & Milk,2024-10-07,25,2017-10-06,2023-01-01,True,2_Chocolate-Milk,tourist,0,18.0,convention,1.3888888888888888
2,Chocolate & Milk,2023-02-07,23,2017-10-06,2023-01-01,True,2_Chocolate-Milk,tourist,1,24.0,food_festival,0.9583333333333334
2,Chocolate & Milk,2023-09-05,28,2017-10-06,2023-01-01,True,2_Chocolate-Milk,tourist,1,18.0,cultural,1.5555555555555556
2,Chocolate & Milk,2023-10-24,20,2017-10-06,2023-01-01,True,2_Chocolate-Milk,tourist,1,20.0,convention,1.0
2,Chocolate & Milk,2024-08-20,26,2017-10-06,2023-01-01,True,2_Chocolate-Milk,tourist,1,20.0,concert,1.3
2,Chocolate & Milk,2024-09-17,28,2017-10-06,2023-01-01,True,2_Chocolate-Milk,tourist,1,20.0,market,1.4
2,Chocolate & Milk,2023-04-05,53,2017-10-06,2023-01-01,True,2_Chocolate-Milk,tourist,2,21.0,food_festival,2.5238095238095237
2,Chocolate & Milk,2023-05-17,37,2017-10-06,2023-01-01,True,2_Chocolate-Milk,tourist,2,22.0,cultural,1.6818181818181819
2,Chocolate & Milk,2023-06-14,19,2017-10-06,2023-01-01,True,2_Chocolate-Milk,tourist,2,21.0,food_festival,0.9047619047619048
2,Chocolate & Milk,2023-07-26,15,2017-10-06,2023-01-01,True,2_Chocolate-Milk,tourist,2,20.0,sports,0.75
2,Chocolate & Milk,2023-08-30,11,2017-10-06,2023-01-01,True,2_Chocolate-Milk,tourist,2,19.0,market,0.5789473684210527
2,Chocolate & Milk,2023-09-06,57,2017-10-06,2023-01-01,True,2_Chocolate-Milk,tourist,2,19.0,music_festival,3.0
2,Chocolate & Milk,2023-09-27,5,2017-10-06,2023-01-01,True,2_Chocolate-Milk,tourist,2,19.5,book_fair,0.2564102564102564
2,Chocolate & Milk,2024-04-17,22,2017-10-06,2023-01-01,True,2_Chocolate-Milk,tourist,2,21.0,book_fair,1.0476190476190477
2,Chocolate & Milk,2024-05-29,26,2017-10-06,2023-01-01,True,2_Chocolate-Milk,tourist,2,21.0,market,1.2380952380952381
2,Chocolate & Milk,2024-08-28,50,2017-10-06,2023-01-01,True,2_Chocolate-Milk,tourist,2,20.0,food_festival,2.5
2,Chocolate & Milk,2023-05-25,17,2017-10-06,2023-01-01,True,2_Chocolate-Milk,tourist,3,20.5,convention,0.8292682926829268
2,Chocolate & Milk,2023-06-15,18,2017-10-06,2023-01-01,True,2_Chocolate-Milk,tourist,3,20.0,cultural,0.9
2,Chocolate & Milk,2023-08-03,35,2017-10-06,2023-01-01,True,2_Chocolate-Milk,tourist,3,18.0,cultural,1.9444444444444444
2,Chocolate & Milk,2023-10-26,25,2017-10-06,2023-01-01,True,2_Chocolate-Milk,tourist,3,18.0,convention,1.3888888888888888
2,Chocolate & Milk,2024-02-08,29,2017-10-06,2023-01-01,True,2_Chocolate-Milk,tourist,3,20.0,book_fair,1.45
2,Chocolate & Milk,2024-05-23,52,2017-10-06,2023-01-01,True,2_Chocolate-Milk,tourist,3,20.0,food_festival,2.6
2,Chocolate & Milk,2024-07-18,34,2017-10-06,2023-01-01,True,2_Chocolate-Milk,tourist,3,20.0,cultural,1.7
2,Chocolate & Milk,2024-10-03,45,2017-10-06,2023-01-01,True,2_Chocolate-Milk,tourist,3,20.0,food_festival,2.25
2,Chocolate & Milk,2024-10-17,65,2017-10-06,2023-01-01,True,2_Chocolate-Milk,tourist,3,20.0,food_festival,3.0
2,Chocolate & Milk,2024-10-31,27,2017-10-06,2023-01-01,True,2_Chocolate-Milk,tourist,3,20.0,book_fair,1.35
2,Chocolate & Milk,2023-01-13,43,2017-10-06,2023-01-01,True,2_Chocolate-Milk,tourist,4,25.5,music_festival,1.6862745098039216
2,Chocolate & Milk,2023-09-15,58,2017-10-06,2023-01-01,True,2_Chocolate-Milk,tourist,4,16.5,sports,3.0
2,Chocolate & Milk,2024-01-12,56,2017-10-06,2023-01-01,True,2_Chocolate-Milk,tourist,4,18.0,cultural,3.0
2,Chocolate & Milk,2024-02-02,37,2017-10-06,2023-01-01,True,2_Chocolate-Milk,tourist,4,18.5,music_festival,2.0
2,Chocolate & Milk,2024-07-05,11,2017-10-06,2023-01-01,True,2_Chocolate-Milk,tourist,4,20.5,sports,0.5365853658536586
2,Chocolate & Milk,2024-07-12,55,2017-10-06,2023-01-01,True,2_Chocolate-Milk,tourist,4,20.0,music_festival,2.75
2,Chocolate & Milk,2023-01-21,46,2017-10-06,2023-01-01,True,2_Chocolate-Milk,tourist,5,25.5,sports,1.803921568627451
2,Chocolate & Milk,2023-01-28,54,2017-10-06,2023-01-01,True,2_Chocolate-Milk,tourist,5,46.0,convention,1.173913043478261
2,Chocolate & Milk,2023-10-14,68,2017-10-06,2023-01-01,True,2_Chocolate-Milk,tourist,5,32.0,cultural,2.125
2,Chocolate & Milk,2023-11-18,128,2017-10-06,2023-01-01,True,2_Chocolate-Milk,tourist,5,33.0,music_festival,3.0
2,Chocolate & Milk,2023-11-18,128,2017-10-06,2023-01-01,True,2_Chocolate-Milk,tourist,5,33.0,cultural,3.0
2,Chocolate & Milk,2023-12-02,20,2017-10-06,2023-01-01,True,2_Chocolate-Milk,tourist,5,34.0,book_fair,0.5882352941176471
2,Chocolate & Milk,2024-01-20,42,2017-10-06,2023-01-01,True,2_Chocolate-Milk,tourist,5,33.5,market,1.2537313432835822
2,Chocolate & Milk,2024-02-17,31,2017-10-06,2023-01-01,True,2_Chocolate-Milk,tourist,5,32.5,convention,0.9538461538461539
2,Chocolate & Milk,2024-07-06,26,2017-10-06,2023-01-01,True,2_Chocolate-Milk,tourist,5,33.5,sports,0.7761194029850746
2,Chocolate & Milk,2024-07-27,58,2017-10-06,2023-01-01,True,2_Chocolate-Milk,tourist,5,32.0,food_festival,1.8125
2,Chocolate & Milk,2024-08-17,52,2017-10-06,2023-01-01,True,2_Chocolate-Milk,tourist,5,32.0,market,1.625
2,Chocolate & Milk,2023-01-15,129,2017-10-06,2023-01-01,True,2_Chocolate-Milk,tourist,6,28.5,food_festival,3.0
2,Chocolate & Milk,2023-04-02,97,2017-10-06,2023-01-01,True,2_Chocolate-Milk,tourist,6,38.0,market,2.5526315789473686
2,Chocolate & Milk,2023-04-16,91,2017-10-06,2023-01-01,True,2_Chocolate-Milk,tourist,6,42.0,food_festival,2.1666666666666665
2,Chocolate & Milk,2023-04-23,94,2017-10-06,2023-01-01,True,2_Chocolate-Milk,tourist,6,42.0,cultural,2.238095238095238
2,Chocolate & Milk,2023-05-21,59,2017-10-06,2023-01-01,True,2_Chocolate-Milk,tourist,6,42.0,market,1.4047619047619047
2,Chocolate & Milk,2023-07-23,10,2017-10-06,2023-01-01,True,2_Chocolate-Milk,tourist,6,37.0,book_fair,0.2702702702702703
2,Chocolate & Milk,2023-08-06,60,2017-10-06,2023-01-01,True,2_Chocolate-Milk,tourist,6,37.0,concert,1.6216216216216217
2,Chocolate & Milk,2023-08-20,35,2017-10-06,2023-01-01,True,2_Chocolate-Milk,tourist,6,37.0,cultural,0.9459459459459459
2,Chocolate & Milk,2024-06-02,42,2017-10-06,2023-01-01,True,2_Chocolate-Milk,tourist,6,38.0,book_fair,1.105263157894737
2,Chocolate & Milk,2024-06-02,42,2017-10-06,2023-01-01,True,2_Chocolate-Milk,tourist,6,38.0,food_festival,1.105263157894737
2,Chocolate & Milk,2024-06-16,27,2017-10-06,2023-01-01,True,2_Chocolate-Milk,tourist,6,38.0,cultural,0.7105263157894737
2,Coffee,2023-05-22,323,2017-10-06,2023-01-01,True,2_Coffee,tourist,0,141.5,cultural,2.282685512367491
2,Coffee,2023-07-17,229,2017-10-06,2023-01-01,True,2_Coffee,tourist,0,136.0,food_festival,1.6838235294117647
2,Coffee,2023-07-31,194,2017-10-06,2023-01-01,True,2_Coffee,tourist,0,136.0,cultural,1.4264705882352942
2,Coffee,2024-01-08,247,2017-10-06,2023-01-01,True,2_Coffee,tourist,0,135.0,sports,1.8296296296296297
2,Coffee,2024-04-01,257,2017-10-06,2023-01-01,True,2_Coffee,tourist,0,137.0,music_festival,1.8759124087591241
2,Coffee,2024-04-29,452,2017-10-06,2023-01-01,True,2_Coffee,tourist,0,138.0,cultural,3.0
2,Coffee,2024-05-06,265,2017-10-06,2023-01-01,True,2_Coffee,tourist,0,141.5,concert,1.872791519434629
2,Coffee,2024-07-08,83,2017-10-06,2023-01-01,True,2_Coffee,tourist,0,135.0,convention,0.6148148148148148
2,Coffee,2024-09-30,328,2017-10-06,2023-01-01,True,2_Coffee,tourist,0,131.0,sports,2.50381679389313
2,Coffee,2024-09-30,328,2017-10-06,2023-01-01,True,2_Coffee,tourist,0,131.0,food_festival,2.50381679389313
2,Coffee,2024-10-07,133,2017-10-06,2023-01-01,True,2_Coffee,tourist,0,131.0,convention,1.015267175572519
2,Coffee,2023-02-07,190,2017-10-06,2023-01-01,True,2_Coffee,tourist,1,177.0,food_festival,1.073446327683616
2,Coffee,2023-09-05,264,2017-10-06,2023-01-01,True,2_Coffee,tourist,1,128.0,cultural,2.0625
2,Coffee,2023-10-24,146,2017-10-06,2023-01-01,True,2_Coffee,tourist,1,128.0,convention,1.140625
2,Coffee,2024-08-20,217,2017-10-06,2023-01-01,True,2_Coffee,tourist,1,132.0,concert,1.643939393939394
2,Coffee,2024-09-17,235,2017-10-06,2023-01-01,True,2_Coffee,tourist,1,132.0,market,1.7803030303030303
2,Coffee,2023-04-05,332,2017-10-06,2023-01-01,True,2_Coffee,tourist,2,145.0,food_festival,2.2896551724137932
2,Coffee,2023-05-17,241,2017-10-06,2023-01-01,True,2_Coffee,tourist,2,149.0,cultural,1.6174496644295302
2,Coffee,2023-06-14,199,2017-10-06,2023-01-01,True,2_Coffee,tourist,2,145.0,food_festival,1.3724137931034484
2,Coffee,2023-07-26,110,2017-10-06,2023-01-01,True,2_Coffee,tourist,2,138.0,sports,0.7971014492753623
2,Coffee,2023-08-30,145,2017-10-06,2023-01-01,True,2_Coffee,tourist,2,125.0,market,1.16
2,Coffee,2023-09-06,281,2017-10-06,2023-01-01,True,2_Coffee,tourist,2,129.0,music_festival,2.1782945736434107
2,Coffee,2023-09-27,114,2017-10-06,2023-01-01,True,2_Coffee,tourist,2,130.5,book_fair,0.8735632183908046
2,Coffee,2024-04-17,130,2017-10-06,2023-01-01,True,2_Coffee,tourist,2,134.0,book_fair,0.9701492537313433
2,Coffee,2024-05-29,201,2017-10-06,2023-01-01,True,2_Coffee,tourist,2,134.0,market,1.5
2,Coffee,2024-08-28,248,2017-10-06,2023-01-01,True,2_Coffee,tourist,2,131.0,food_festival,1.8931297709923665
2,Coffee,2023-05-25,130,2017-10-06,2023-01-01,True,2_Coffee,tourist,3,151.0,convention,0.8609271523178808
2,Coffee,2023-06-15,160,2017-10-06,2023-01-01,True,2_Coffee,tourist,3,150.0,cultural,1.0666666666666667
2,Coffee,2023-08-03,273,2017-10-06,2023-01-01,True,2_Coffee,tourist,3,140.0,cultural,1.95
2,Coffee,2023-10-26,173,2017-10-06,2023-01-01,True,2_Coffee,tourist,3,134.5,convention,1.2862453531598512
2,Coffee,2024-02-08,113,2017-10-06,2023-01-01,True,2_Coffee,tourist,3,139.0,book_fair,0.8129496402877698
2,Coffee,2024-05-23,277,2017-10-06,2023-01-01,True,2_Coffee,tourist,3,136.5,food_festival,2.029304029304029
2,Coffee,2024-07-18,281,2017-10-06,2023-01-01,True,2_Coffee,tourist,3,131.5,cultural,2.1368821292775664
2,Coffee,2024-10-03,421,2017-10-06,2023-01-01,True,2_Coffee,tourist,3,129.0,food_festival,3.0
2,Coffee,2024-10-17,515,2017-10-06,2023-01-01,True,2_Coffee,tourist,3,129.0,food_festival,3.0
2,Coffee,2024-10-31,163,2017-10-06,2023-01-01,True,2_Coffee,tourist,3,130.0,book_fair,1.2538461538461538
2,Coffee,2023-01-13,403,2017-10-06,2023-01-01,True,2_Coffee,tourist,4,175.0,music_festival,2.302857142857143
2,Coffee,2023-09-15,248,2017-10-06,2023-01-01,True,2_Coffee,tourist,4,117.5,sports,2.1106382978723404
2,Coffee,2024-01-12,236,2017-10-06,2023-01-01,True,2_Coffee,tourist,4,134.0,cultural,1.7611940298507462
2,Coffee,2024-02-02,230,2017-10-06,2023-01-01,True,2_Coffee,tourist,4,132.0,music_festival,1.7424242424242424
2,Coffee,2024-07-05,104,2017-10-06,2023-01-01,True,2_Coffee,tourist,4,136.5,sports,0.7619047619047619
2,Coffee,2024-07-12,353,2017-10-06,2023-01-01,True,2_Coffee,tourist,4,135.0,music_festival,2.6148148148148147
2,Coffee,2023-01-21,299,2017-10-06,2023-01-01,True,2_Coffee,tourist,5,174.5,sports,1.7134670487106016
2,Coffee,2023-01-28,308,2017-10-06,2023-01-01,True,2_Coffee,tourist,5,279.0,convention,1.103942652329749
2,Coffee,2023-10-14,363,2017-10-06,2023-01-01,True,2_Coffee,tourist,5,207.0,cultural,1.7536231884057971
2,Coffee,2023-11-18,962,2017-10-06,2023-01-01,True,2_Coffee,tourist,5,214.0,music_festival,3.0
2,Coffee,2023-11-18,962,2017-10-06,2023-01-01,True,2_Coffee,tourist,5,214.0,cultural,3.0
2,Coffee,2023-12-02,229,2017-10-06,2023-01-01,True,2_Coffee,tourist,5,214.0,book_fair,1.0700934579439252
2,Coffee,2024-01-20,397,2017-10-06,2023-01-01,True,2_Coffee,tourist,5,227.5,market,1.745054945054945
2,Coffee,2024-02-17,183,2017-10-06,2023-01-01,True,2_Coffee,tourist,5,230.0,convention,0.7956521739130434
2,Coffee,2024-07-06,147,2017-10-06,2023-01-01,True,2_Coffee,tourist,5,225.5,sports,0.6518847006651884
2,Coffee,2024-07-27,392,2017-10-06,2023-01-01,True,2_Coffee,tourist,5,226.0,food_festival,1.7345132743362832
2,Coffee,2024-08-17,347,2017-10-06,2023-01-01,True,2_Coffee,tourist,5,225.5,market,1.5388026607538803
2,Coffee,2023-01-15,792,2017-10-06,2023-01-01,True,2_Coffee,tourist,6,176.5,food_festival,3.0
2,Coffee,2023-04-02,462,2017-10-06,2023-01-01,True,2_Coffee,tourist,6,249.0,market,1.855421686746988
2,Coffee,2023-04-16,526,2017-10-06,2023-01-01,True,2_Coffee,tourist,6,251.0,food_festival,2.095617529880478
2,Coffee,2023-04-23,764,2017-10-06,2023-01-01,True,2_Coffee,tourist,6,257.0,cultural,2.972762645914397
2,Coffee,2023-05-21,323,2017-10-06,2023-01-01,True,2_Coffee,tourist,6,264.5,market,1.22117202268431
2,Coffee,2023-07-23,134,2017-10-06,2023-01-01,True,2_Coffee,tourist,6,249.0,book_fair,0.5381526104417671
2,Coffee,2023-08-06,292,2017-10-06,2023-01-01,True,2_Coffee,tourist,6,228.0,concert,1.280701754385965
2,Coffee,2023-08-20,262,2017-10-06,2023-01-01,True,2_Coffee,tourist,6,228.0,cultural,1.1491228070175439
2,Coffee,2024-06-02,274,2017-10-06,2023-01-01,True,2_Coffee,tourist,6,239.5,book_fair,1.1440501043841336
2,Coffee,2024-06-02,274,2017-10-06,2023-01-01,True,2_Coffee,tourist,6,239.5,food_festival,1.1440501043841336
2,Coffee,2024-06-16,237,2017-10-06,2023-01-01,True,2_Coffee,tourist,6,239.5,cultural,0.9895615866388309
2,Juice & Smoothie,2023-05-22,37,2017-10-06,2023-01-01,True,2_Juice-Smoothie,tourist,0,11.0,cultural,3.0
2,Juice & Smoothie,2023-07-17,28,2017-10-06,2023-01-01,True,2_Juice-Smoothie,tourist,0,11.0,food_festival,2.5454545454545454
2,Juice & Smoothie,2023-07-31,14,2017-10-06,2023-01-01,True,2_Juice-Smoothie,tourist,0,11.0,cultural,1.2727272727272727
2,Juice & Smoothie,2024-01-08,20,2017-10-06,2023-01-01,True,2_Juice-Smoothie,tourist,0,12.0,sports,1.6666666666666667
2,Juice & Smoothie,2024-04-01,20,2017-10-06,2023-01-01,True,2_Juice-Smoothie,tourist,0,11.0,music_festival,1.8181818181818181
2,Juice & Smoothie,2024-04-29,37,2017-10-06,2023-01-01,True,2_Juice-Smoothie,tourist,0,12.0,cultural,3.0
2,Juice & Smoothie,2024-05-06,31,2017-10-06,2023-01-01,True,2_Juice-Smoothie,tourist,0,12.0,concert,2.5833333333333335
2,Juice & Smoothie,2024-07-08,12,2017-10-06,2023-01-01,True,2_Juice-Smoothie,tourist,0,12.0,convention,1.0
2,Juice & Smoothie,2024-09-30,28,2017-10-06,2023-01-01,True,2_Juice-Smoothie,tourist,0,11.0,sports,2.5454545454545454
2,Juice & Smoothie,2024-09-30,28,2017-10-06,2023-01-01,True,2_Juice-Smoothie,tourist,0,11.0,food_festival,2.5454545454545454
2,Juice & Smoothie,2024-10-07,11,2017-10-06,2023-01-01,True,2_Juice-Smoothie,tourist,0,11.0,convention,1.0
2,Juice & Smoothie,2023-02-07,9,2017-10-06,2023-01-01,True,2_Juice-Smoothie,tourist,1,13.0,food_festival,0.6923076923076923
2,Juice & Smoothie,2023-09-05,18,2017-10-06,2023-01-01,True,2_Juice-Smoothie,tourist,1,11.0,cultural,1.6363636363636365
2,Juice & Smoothie,2023-10-24,12,2017-10-06,2023-01-01,True,2_Juice-Smoothie,tourist,1,11.0,convention,1.0909090909090908
2,Juice & Smoothie,2024-08-20,28,2017-10-06,2023-01-01,True,2_Juice-Smoothie,tourist,1,12.0,concert,2.3333333333333335
2,Juice & Smoothie,2024-09-17,13,2017-10-06,2023-01-01,True,2_Juice-Smoothie,tourist,1,12.0,market,1.0833333333333333
2,Juice & Smoothie,2023-04-05,35,2017-10-06,2023-01-01,True,2_Juice-Smoothie,tourist,2,13.0,food_festival,2.6923076923076925
2,Juice & Smoothie,2023-05-17,28,2017-10-06,2023-01-01,True,2_Juice-Smoothie,tourist,2,14.0,cultural,2.0
2,Juice & Smoothie,2023-06-14,14,2017-10-06,2023-01-01,True,2_Juice-Smoothie,tourist,2,14.0,food_festival,1.0
2,Juice & Smoothie,2023-07-26,9,2017-10-06,2023-01-01,True,2_Juice-Smoothie,tourist,2,13.0,sports,0.6923076923076923
2,Juice & Smoothie,2023-08-30,21,2017-10-06,2023-01-01,True,2_Juice-Smoothie,tourist,2,13.0,market,1.6153846153846154
2,Juice & Smoothie,2023-09-06,30,2017-10-06,2023-01-01,True,2_Juice-Smoothie,tourist,2,13.0,music_festival,2.3076923076923075
2,Juice & Smoothie,2023-09-27,9,2017-10-06,2023-01-01,True,2_Juice-Smoothie,tourist,2,13.0,book_fair,0.6923076923076923
2,Juice & Smoothie,2024-04-17,9,2017-10-06,2023-01-01,True,2_Juice-Smoothie,tourist,2,12.0,book_fair,0.75
2,Juice & Smoothie,2024-05-29,19,2017-10-06,2023-01-01,True,2_Juice-Smoothie,tourist,2,12.0,market,1.5833333333333333
2,Juice & Smoothie,2024-08-28,17,2017-10-06,2023-01-01,True,2_Juice-Smoothie,tourist,2,11.0,food_festival,1.5454545454545454
2,Juice & Smoothie,2023-05-25,5,2017-10-06,2023-01-01,True,2_Juice-Smoothie,tourist,3,13.5,convention,0.37037037037037035
2,Juice & Smoothie,2023-06-15,9,2017-10-06,2023-01-01,True,2_Juice-Smoothie,tourist,3,13.0,cultural,0.6923076923076923
2,Juice & Smoothie,2023-08-03,15,2017-10-06,2023-01-01,True,2_Juice-Smoothie,tourist,3,12.0,cultural,1.25
2,Juice & Smoothie,2023-10-26,13,2017-10-06,2023-01-01,True,2_Juice-Smoothie,tourist,3,11.5,convention,1.1304347826086956
2,Juice & Smoothie,2024-02-08,13,2017-10-06,2023-01-01,True,2_Juice-Smoothie,tourist,3,12.0,book_fair,1.0833333333333333
2,Juice & Smoothie,2024-05-23,49,2017-10-06,2023-01-01,True,2_Juice-Smoothie,tourist,3,12.0,food_festival,3.0
2,Juice & Smoothie,2024-07-18,27,2017-10-06,2023-01-01,True,2_Juice-Smoothie,tourist,3,12.0,cultural,2.25
2,Juice & Smoothie,2024-10-03,31,2017-10-06,2023-01-01,True,2_Juice-Smoothie,tourist,3,12.0,food_festival,2.5833333333333335
2,Juice & Smoothie,2024-10-17,64,2017-10-06,2023-01-01,True,2_Juice-Smoothie,tourist,3,12.0,food_festival,3.0
2,Juice & Smoothie,2024-10-31,11,2017-10-06,2023-01-01,True,2_Juice-Smoothie,tourist,3,12.0,book_fair,0.9166666666666666
2,Juice & Smoothie,2023-01-13,33,2017-10-06,2023-01-01,True,2_Juice-Smoothie,tourist,4,14.5,music_festival,2.2758620689655173
2,Juice & Smoothie,2023-09-15,28,2017-10-06,2023-01-01,True,2_Juice-Smoothie,tourist,4,13.0,sports,2.1538461538461537
2,Juice & Smoothie,2024-01-12,32,2017-10-06,2023-01-01,True,2_Juice-Smoothie,tourist,4,13.0,cultural,2.4615384615384617
2,Juice & Smoothie,2024-02-02,31,2017-10-06,2023-01-01,True,2_Juice-Smoothie,tourist,4,13.0,music_festival,2.3846153846153846
2,Juice & Smoothie,2024-07-05,10,2017-10-06,2023-01-01,True,2_Juice-Smoothie,tourist,4,13.0,sports,0.7692307692307693
2,Juice & Smoothie,2024-07-12,31,2017-10-06,2023-01-01,True,2_Juice-Smoothie,tourist,4,13.0,music_festival,2.3846153846153846
2,Juice & Smoothie,2023-01-21,35,2017-10-06,2023-01-01,True,2_Juice-Smoothie,tourist,5,14.0,sports,2.5
2,Juice & Smoothie,2023-01-28,32,2017-10-06,2023-01-01,True,2_Juice-Smoothie,tourist,5,21.0,convention,1.5238095238095237
2,Juice & Smoothie,2023-10-14,37,2017-10-06,2023-01-01,True,2_Juice-Smoothie,tourist,5,21.0,cultural,1.7619047619047619
2,Juice & Smoothie,2023-11-18,97,2017-10-06,2023-01-01,True,2_Juice-Smoothie,tourist,5,21.0,music_festival,3.0
2,Juice & Smoothie,2023-11-18,97,2017-10-06,2023-01-01,True,2_Juice-Smoothie,tourist,5,21.0,cultural,3.0
2,Juice & Smoothie,2023-12-02,15,2017-10-06,2023-01-01,True,2_Juice-Smoothie,tourist,5,21.0,book_fair,0.7142857142857143
2,Juice & Smoothie,2024-01-20,33,2017-10-06,2023-01-01,True,2_Juice-Smoothie,tourist,5,21.0,market,1.5714285714285714
2,Juice & Smoothie,2024-02-17,17,2017-10-06,2023-01-01,True,2_Juice-Smoothie,tourist,5,21.0,convention,0.8095238095238095
2,Juice & Smoothie,2024-07-06,5,2017-10-06,2023-01-01,True,2_Juice-Smoothie,tourist,5,21.0,sports,0.25
2,Juice & Smoothie,2024-07-27,21,2017-10-06,2023-01-01,True,2_Juice-Smoothie,tourist,5,21.0,food_festival,1.0
2,Juice & Smoothie,2024-08-17,22,2017-10-06,2023-01-01,True,2_Juice-Smoothie,tourist,5,21.0,market,1.0476190476190477
2,Juice & Smoothie,2023-01-15,59,2017-10-06,2023-01-01,True,2_Juice-Smoothie,tourist,6,16.0,food_festival,3.0
2,Juice & Smoothie,2023-04-02,53,2017-10-06,2023-01-01,True,2_Juice-Smoothie,tourist,6,19.0,market,2.789473684210526
2,Juice & Smoothie,2023-04-16,56,2017-10-06,2023-01-01,True,2_Juice-Smoothie,tourist,6,20.0,food_festival,2.8
2,Juice & Smoothie,2023-04-23,88,2017-10-06,2023-01-01,True,2_Juice-Smoothie,tourist,6,23.0,cultural,3.0
2,Juice & Smoothie,2023-05-21,45,2017-10-06,2023-01-01,True,2_Juice-Smoothie,tourist,6,26.0,market,1.7307692307692308
2,Juice & Smoothie,2023-07-23,8,2017-10-06,2023-01-01,True,2_Juice-Smoothie,tourist,6,20.0,book_fair,0.4
2,Juice & Smoothie,2023-08-06,30,2017-10-06,2023-01-01,True,2_Juice-Smoothie,tourist,6,19.0,concert,1.5789473684210527
2,Juice & Smoothie,2023-08-20,27,2017-10-06,2023-01-01,True,2_Juice-Smoothie,tourist,6,19.0,cultural,1.4210526315789473
2,Juice & Smoothie,2024-06-02,21,2017-10-06,2023-01-01,True,2_Juice-Smoothie,tourist,6,20.5,book_fair,1.024390243902439
2,Juice & Smoothie,2024-06-02,21,2017-10-06,2023-01-01,True,2_Juice-Smoothie,tourist,6,20.5,food_festival,1.024390243902439
2,Juice & Smoothie,2024-06-16,29,2017-10-06,2023-01-01,True,2_Juice-Smoothie,tourist,6,20.5,cultural,1.4146341463414633
2,Merchandise,2023-05-22,24,2017-10-06,2023-01-01,True,2_Merchandise,tourist,0,7.0,cultural,3.0
2,Merchandise,2023-07-17,16,2017-10-06,2023-01-01,True,2_Merchandise,tourist,0,7.0,food_festival,2.2857142857142856
2,Merchandise,2023-07-31,10,2017-10-06,2023-01-01,True,2_Merchandise,tourist,0,7.0,cultural,1.4285714285714286
2,Merchandise,2024-01-08,14,2017-10-06,2023-01-01,True,2_Merchandise,tourist,0,7.0,sports,2.0
2,Merchandise,2024-04-01,10,2017-10-06,2023-01-01,True,2_Merchandise,tourist,0,7.0,music_festival,1.4285714285714286
2,Merchandise,2024-04-29,17,2017-10-06,2023-01-01,True,2_Merchandise,tourist,0,7.0,cultural,2.4285714285714284
2,Merchandise,2024-05-06,16,2017-10-06,2023-01-01,True,2_Merchandise,tourist,0,7.0,concert,2.2857142857142856
2,Merchandise,2024-07-08,3,2017-10-06,2023-01-01,True,2_Merchandise,tourist,0,7.0,convention,0.42857142857142855
2,Merchandise,2024-09-30,15,2017-10-06,2023-01-01,True,2_Merchandise,tourist,0,7.0,sports,2.142857142857143
2,Merchandise,2024-09-30,15,2017-10-06,2023-01-01,True,2_Merchandise,tourist,0,7.0,food_festival,2.142857142857143
2,Merchandise,2024-10-07,10,2017-10-06,2023-01-01,True,2_Merchandise,tourist,0,7.0,convention,1.4285714285714286
2,Merchandise,2023-02-07,8,2017-10-06,2023-01-01,True,2_Merchandise,tourist,1,8.0,food_festival,1.0
2,Merchandise,2023-09-05,16,2017-10-06,2023-01-01,True,2_Merchandise,tourist,1,7.0,cultural,2.2857142857142856
2,Merchandise,2023-10-24,9,2017-10-06,2023-01-01,True,2_Merchandise,tourist,1,7.0,convention,1.2857142857142858
2,Merchandise,2024-08-20,12,2017-10-06,2023-01-01,True,2_Merchandise,tourist,1,7.0,concert,1.7142857142857142
2,Merchandise,2024-09-17,8,2017-10-06,2023-01-01,True,2_Merchandise,tourist,1,7.0,market,1.1428571428571428
2,Merchandise,2023-04-05,26,2017-10-06,2023-01-01,True,2_Merchandise,tourist,2,7.0,food_festival,3.0
2,Merchandise,2023-05-17,15,2017-10-06,2023-01-01,True,2_Merchandise,tourist,2,8.0,cultural,1.875
2,Merchandise,2023-06-14,16,2017-10-06,2023-01-01,True,2_Merchandise,tourist,2,8.0,food_festival,2.0
2,Merchandise,2023-07-26,4,2017-10-06,2023-01-01,True,2_Merchandise,tourist,2,7.0,sports,0.5714285714285714
2,Merchandise,2023-08-30,7,2017-10-06,2023-01-01,True,2_Merchandise,tourist,2,6.5,market,1.0769230769230769
2,Merchandise,2023-09-06,15,2017-10-06,2023-01-01,True,2_Merchandise,tourist,2,7.0,music_festival,2.142857142857143
2,Merchandise,2023-09-27,2,2017-10-06,2023-01-01,True,2_Merchandise,tourist,2,7.0,book_fair,0.2857142857142857
2,Merchandise,2024-04-17,7,2017-10-06,2023-01-01,True,2_Merchandise,tourist,2,7.0,book_fair,1.0
2,Merchandise,2024-05-29,6,2017-10-06,2023-01-01,True,2_Merchandise,tourist,2,7.0,market,0.8571428571428571
2,Merchandise,2024-08-28,16,2017-10-06,2023-01-01,True,2_Merchandise,tourist,2,7.0,food_festival,2.2857142857142856
2,Merchandise,2023-05-25,6,2017-10-06,2023-01-01,True,2_Merchandise,tourist,3,7.0,convention,0.8571428571428571
2,Merchandise,2023-06-15,10,2017-10-06,2023-01-01,True,2_Merchandise,tourist,3,6.0,cultural,1.6666666666666667
2,Merchandise,2023-08-03,13,2017-10-06,2023-01-01,True,2_Merchandise,tourist,3,6.5,cultural,2.0
2,Merchandise,2023-10-26,7,2017-10-06,2023-01-01,True,2_Merchandise,tourist,3,7.0,convention,1.0
2,Merchandise,2024-02-08,4,2017-10-06,2023-01-01,True,2_Merchandise,tourist,3,6.0,book_fair,0.6666666666666666
2,Merchandise,2024-05-23,27,2017-10-06,2023-01-01,True,2_Merchandise,tourist,3,6.0,food_festival,3.0
2,Merchandise,2024-07-18,5,2017-10-06,2023-01-01,True,2_Merchandise,tourist,3,6.0,cultural,0.8333333333333334
2,Merchandise,2024-10-03,11,2017-10-06,2023-01-01,True,2_Merchandise,tourist,3,6.0,food_festival,1.8333333333333333
2,Merchandise,2024-10-17,29,2017-10-06,2023-01-01,True,2_Merchandise,tourist,3,6.0,food_festival,3.0
2,Merchandise,2024-10-31,9,2017-10-06,2023-01-01,True,2_Merchandise,tourist,3,6.0,book_fair,1.5
2,Merchandise,2023-01-13,20,2017-10-06,2023-01-01,True,2_Merchandise,tourist,4,8.0,music_festival,2.5
2,Merchandise,2023-09-15,20,2017-10-06,2023-01-01,True,2_Merchandise,tourist,4,6.0,sports,3.0
2,Merchandise,2024-01-12,17,2017-10-06,2023-01-01,True,2_Merchandise,tourist,4,7.0,cultural,2.4285714285714284
2,Merchandise,2024-02-02,7,2017-10-06,2023-01-01,True,2_Merchandise,tourist,4,7.0,music_festival,1.0
2,Merchandise,2024-07-05,1,2017-10-06,2023-01-01,True,2_Merchandise,tourist,4,7.0,sports,0.25
2,Merchandise,2024-07-12,19,2017-10-06,2023-01-01,True,2_Merchandise,tourist,4,7.0,music_festival,2.7142857142857144
2,Merchandise,2023-01-21,10,2017-10-06,2023-01-01,True,2_Merchandise,tourist,5,7.5,sports,1.3333333333333333
2,Merchandise,2023-01-28,25,2017-10-06,2023-01-01,True,2_Merchandise,tourist,5,10.0,convention,2.5
2,Merchandise,2023-10-14,20,2017-10-06,2023-01-01,True,2_Merchandise,tourist,5,11.0,cultural,1.8181818181818181
2,Merchandise,2023-11-18,57,2017-10-06,2023-01-01,True,2_Merchandise,tourist,5,11.0,music_festival,3.0
2,Merchandise,2023-11-18,57,2017-10-06,2023-01-01,True,2_Merchandise,tourist,5,11.0,cultural,3.0
2,Merchandise,2023-12-02,13,2017-10-06,2023-01-01,True,2_Merchandise,tourist,5,11.0,book_fair,1.1818181818181819
2,Merchandise,2024-01-20,20,2017-10-06,2023-01-01,True,2_Merchandise,tourist,5,11.0,market,1.8181818181818181
2,Merchandise,2024-02-17,7,2017-10-06,2023-01-01,True,2_Merchandise,tourist,5,11.0,convention,0.6363636363636364
2,Merchandise,2024-07-06,5,2017-10-06,2023-01-01,True,2_Merchandise,tourist,5,11.0,sports,0.45454545454545453
2,Merchandise,2024-07-27,17,2017-10-06,2023-01-01,True,2_Merchandise,tourist,5,11.0,food_festival,1.5454545454545454
2,Merchandise,2024-08-17,12,2017-10-06,2023-01-01,True,2_Merchandise,tourist,5,11.0,market,1.0909090909090908
2,Merchandise,2023-01-15,35,2017-10-06,2023-01-01,True,2_Merchandise,tourist,6,8.0,food_festival,3.0
2,Merchandise,2023-04-02,20,2017-10-06,2023-01-01,True,2_Merchandise,tourist,6,12.0,market,1.6666666666666667
2,Merchandise,2023-04-16,27,2017-10-06,2023-01-01,True,2_Merchandise,tourist,6,12.0,food_festival,2.25
2,Merchandise,2023-04-23,36,2017-10-06,2023-01-01,True,2_Merchandise,tourist,6,13.0,cultural,2.769230769230769
2,Merchandise,2023-05-21,10,2017-10-06,2023-01-01,True,2_Merchandise,tourist,6,12.5,market,0.8
2,Merchandise,2023-07-23,9,2017-10-06,2023-01-01,True,2_Merchandise,tourist,6,11.0,book_fair,0.8181818181818182
2,Merchandise,2023-08-06,18,2017-10-06,2023-01-01,True,2_Merchandise,tourist,6,11.0,concert,1.6363636363636365
2,Merchandise,2023-08-20,15,2017-10-06,2023-01-01,True,2_Merchandise,tourist,6,11.0,cultural,1.3636363636363635
2,Merchandise,2024-06-02,21,2017-10-06,2023-01-01,True,2_Merchandise,tourist,6,12.0,book_fair,1.75
2,Merchandise,2024-06-02,21,2017-10-06,2023-01-01,True,2_Merchandise,tourist,6,12.0,food_festival,1.75
2,Merchandise,2024-06-16,13,2017-10-06,2023-01-01,True,2_Merchandise,tourist,6,12.0,cultural,1.0833333333333333
2,Savory Bakery,2023-05-22,75,2017-10-06,2023-01-01,True,2_Savory-Bakery,tourist,0,27.5,cultural,2.727272727272727
2,Savory Bakery,2023-07-17,38,2017-10-06,2023-01-01,True,2_Savory-Bakery,tourist,0,23.5,food_festival,1.6170212765957446
2,Savory Bakery,2023-07-31,26,2017-10-06,2023-01-01,True,2_Savory-Bakery,tourist,0,25.5,cultural,1.0196078431372548
2,Savory Bakery,2024-01-08,48,2017-10-06,2023-01-01,True,2_Savory-Bakery,tourist,0,26.0,sports,1.8461538461538463
2,Savory Bakery,2024-04-01,51,2017-10-06,2023-01-01,True,2_Savory-Bakery,tourist,0,27.0,music_festival,1.8888888888888888
2,Savory Bakery,2024-04-29,75,2017-10-06,2023-01-01,True,2_Savory-Bakery,tourist,0,28.0,cultural,2.6785714285714284
2,Savory Bakery,2024-05-06,43,2017-10-06,2023-01-01,True,2_Savory-Bakery,tourist,0,28.0,concert,1.5357142857142858
2,Savory Bakery,2024-07-08,22,2017-10-06,2023-01-01,True,2_Savory-Bakery,tourist,0,26.0,convention,0.8461538461538461
2,Savory Bakery,2024-09-30,77,2017-10-06,2023-01-01,True,2_Savory-Bakery,tourist,0,25.0,sports,3.0
2,Savory Bakery,2024-09-30,77,2017-10-06,2023-01-01,True,2_Savory-Bakery,tourist,0,25.0,food_festival,3.0
2,Savory Bakery,2024-10-07,48,2017-10-06,2023-01-01,True,2_Savory-Bakery,tourist,0,25.0,convention,1.92
2,Savory Bakery,2023-02-07,46,2017-10-06,2023-01-01,True,2_Savory-Bakery,tourist,1,38.0,food_festival,1.2105263157894737
2,Savory Bakery,2023-09-05,53,2017-10-06,2023-01-01,True,2_Savory-Bakery,tourist,1,20.0,cultural,2.65
2,Savory Bakery,2023-10-24,25,2017-10-06,2023-01-01,True,2_Savory-Bakery,tourist,1,24.0,convention,1.0416666666666667
2,Savory Bakery,2024-08-20,46,2017-10-06,2023-01-01,True,2_Savory-Bakery,tourist,1,25.0,concert,1.84
2,Savory Bakery,2024-09-17,44,2017-10-06,2023-01-01,True,2_Savory-Bakery,tourist,1,26.0,market,1.6923076923076923
2,Savory Bakery,2023-04-05,84,2017-10-06,2023-01-01,True,2_Savory-Bakery,tourist,2,24.0,food_festival,3.0
2,Savory Bakery,2023-05-17,43,2017-10-06,2023-01-01,True,2_Savory-Bakery,tourist,2,27.0,cultural,1.5925925925925926
2,Savory Bakery,2023-06-14,28,2017-10-06,2023-01-01,True,2_Savory-Bakery,tourist,2,27.0,food_festival,1.037037037037037
2,Savory Bakery,2023-07-26,28,2017-10-06,2023-01-01,True,2_Savory-Bakery,tourist,2,26.0,sports,1.0769230769230769
2,Savory Bakery,2023-08-30,24,2017-10-06,2023-01-01,True,2_Savory-Bakery,tourist,2,25.5,market,0.9411764705882353
2,Savory Bakery,2023-09-06,55,2017-10-06,2023-01-01,True,2_Savory-Bakery,tourist,2,25.0,music_festival,2.2
2,Savory Bakery,2023-09-27,14,2017-10-06,2023-01-01,True,2_Savory-Bakery,tourist,2,25.5,book_fair,0.5490196078431373
2,Savory Bakery,2024-04-17,23,2017-10-06,2023-01-01,True,2_Savory-Bakery,tourist,2,26.0,book_fair,0.8846153846153846
2,Savory Bakery,2024-05-29,40,2017-10-06,2023-01-01,True,2_Savory-Bakery,tourist,2,26.0,market,1.5384615384615385
2,Savory Bakery,2024-08-28,47,2017-10-06,2023-01-01,True,2_Savory-Bakery,tourist,2,24.5,food_festival,1.9183673469387754
2,Savory Bakery,2023-05-25,26,2017-10-06,2023-01-01,True,2_Savory-Bakery,tourist,3,26.0,convention,1.0
2,Savory Bakery,2023-06-15,28,2017-10-06,2023-01-01,True,2_Savory-Bakery,tourist,3,26.0,cultural,1.0769230769230769
2,Savory Bakery,2023-08-03,57,2017-10-06,2023-01-01,True,2_Savory-Bakery,tourist,3,24.5,cultural,2.326530612244898
2,Savory Bakery,2023-10-26,37,2017-10-06,2023-01-01,True,2_Savory-Bakery,tourist,3,24.5,convention,1.510204081632653
2,Savory Bakery,2024-02-08,12,2017-10-06,2023-01-01,True,2_Savory-Bakery,tourist,3,25.0,book_fair,0.48
2,Savory Bakery,2024-05-23,72,2017-10-06,2023-01-01,True,2_Savory-Bakery,tourist,3,25.0,food_festival,2.88
2,Savory Bakery,2024-07-18,41,2017-10-06,2023-01-01,True,2_Savory-Bakery,tourist,3,25.0,cultural,1.64
2,Savory Bakery,2024-10-03,77,2017-10-06,2023-01-01,True,2_Savory-Bakery,tourist,3,24.0,food_festival,3.0
2,Savory Bakery,2024-10-17,113,2017-10-06,2023-01-01,True,2_Savory-Bakery,tourist,3,25.0,food_festival,3.0
2,Savory Bakery,2024-10-31,28,2017-10-06,2023-01-01,True,2_Savory-Bakery,tourist,3,25.0,book_fair,1.12
2,Savory Bakery,2023-01-13,83,2017-10-06,2023-01-01,True,2_Savory-Bakery,tourist,4,33.5,music_festival,2.4776119402985075
2,Savory Bakery,2023-09-15,68,2017-10-06,2023-01-01,True,2_Savory-Bakery,tourist,4,21.5,sports,3.0
2,Savory Bakery,2024-01-12,38,2017-10-06,2023-01-01,True,2_Savory-Bakery,tourist,4,24.0,cultural,1.5833333333333333
2,Savory Bakery,2024-02-02,57,2017-10-06,2023-01-01,True,2_Savory-Bakery,tourist,4,24.0,music_festival,2.375
2,Savory Bakery,2024-07-05,18,2017-10-06,2023-01-01,True,2_Savory-Bakery,tourist,4,25.5,sports,0.7058823529411765
2,Savory Bakery,2024-07-12,57,2017-10-06,2023-01-01,True,2_Savory-Bakery,tourist,4,25.0,music_festival,2.28
2,Savory Bakery,2023-01-21,53,2017-10-06,2023-01-01,True,2_Savory-Bakery,tourist,5,37.0,sports,1.4324324324324325
2,Savory Bakery,2023-01-28,77,2017-10-06,2023-01-01,True,2_Savory-Bakery,tourist,5,53.0,convention,1.4528301886792452
2,Savory Bakery,2023-10-14,77,2017-10-06,2023-01-01,True,2_Savory-Bakery,tourist,5,44.0,cultural,1.75
2,Savory Bakery,2023-11-18,178,2017-10-06,2023-01-01,True,2_Savory-Bakery,tourist,5,43.0,music_festival,3.0
2,Savory Bakery,2023-11-18,178,2017-10-06,2023-01-01,True,2_Savory-Bakery,tourist,5,43.0,cultural,3.0
2,Savory Bakery,2023-12-02,49,2017-10-06,2023-01-01,True,2_Savory-Bakery,tourist,5,43.0,book_fair,1.1395348837209303
2,Savory Bakery,2024-01-20,62,2017-10-06,2023-01-01,True,2_Savory-Bakery,tourist,5,46.5,market,1.3333333333333333
2,Savory Bakery,2024-02-17,61,2017-10-06,2023-01-01,True,2_Savory-Bakery,tourist,5,47.0,convention,1.297872340425532
2,Savory Bakery,2024-07-06,21,2017-10-06,2023-01-01,True,2_Savory-Bakery,tourist,5,47.0,sports,0.44680851063829785
2,Savory Bakery,2024-07-27,86,2017-10-06,2023-01-01,True,2_Savory-Bakery,tourist,5,47.0,food_festival,1.8297872340425532
2,Savory Bakery,2024-08-17,69,2017-10-06,2023-01-01,True,2_Savory-Bakery,tourist,5,47.0,market,1.4680851063829787
2,Savory Bakery,2023-01-15,140,2017-10-06,2023-01-01,True,2_Savory-Bakery,tourist,6,38.0,food_festival,3.0
2,Savory Bakery,2023-04-02,93,2017-10-06,2023-01-01,True,2_Savory-Bakery,tourist,6,46.0,market,2.0217391304347827
2,Savory Bakery,2023-04-16,123,2017-10-06,2023-01-01,True,2_Savory-Bakery,tourist,6,46.0,food_festival,2.6739130434782608
2,Savory Bakery,2023-04-23,106,2017-10-06,2023-01-01,True,2_Savory-Bakery,tourist,6,47.5,cultural,2.231578947368421
2,Savory Bakery,2023-05-21,70,2017-10-06,2023-01-01,True,2_Savory-Bakery,tourist,6,50.5,market,1.386138613861386
2,Savory Bakery,2023-07-23,18,2017-10-06,2023-01-01,True,2_Savory-Bakery,tourist,6,45.0,book_fair,0.4
2,Savory Bakery,2023-08-06,73,2017-10-06,2023-01-01,True,2_Savory-Bakery,tourist,6,43.0,concert,1.697674418604651
2,Savory Bakery,2023-08-20,60,2017-10-06,2023-01-01,True,2_Savory-Bakery,tourist,6,43.0,cultural,1.3953488372093024
2,Savory Bakery,2024-06-02,66,2017-10-06,2023-01-01,True,2_Savory-Bakery,tourist,6,43.0,book_fair,1.5348837209302326
2,Savory Bakery,2024-06-02,66,2017-10-06,2023-01-01,True,2_Savory-Bakery,tourist,6,43.0,food_festival,1.5348837209302326
2,Savory Bakery,2024-06-16,71,2017-10-06,2023-01-01,True,2_Savory-Bakery,tourist,6,43.0,cultural,1.6511627906976745
2,Tea,2023-05-22,113,2017-10-06,2023-01-01,True,2_Tea,tourist,0,49.0,cultural,2.306122448979592
2,Tea,2023-07-17,69,2017-10-06,2023-01-01,True,2_Tea,tourist,0,43.5,food_festival,1.5862068965517242
2,Tea,2023-07-31,56,2017-10-06,2023-01-01,True,2_Tea,tourist,0,43.5,cultural,1.2873563218390804
2,Tea,2024-01-08,88,2017-10-06,2023-01-01,True,2_Tea,tourist,0,43.0,sports,2.046511627906977
2,Tea,2024-04-01,56,2017-10-06,2023-01-01,True,2_Tea,tourist,0,45.0,music_festival,1.2444444444444445
2,Tea,2024-04-29,114,2017-10-06,2023-01-01,True,2_Tea,tourist,0,46.0,cultural,2.4782608695652173
2,Tea,2024-05-06,80,2017-10-06,2023-01-01,True,2_Tea,tourist,0,47.0,concert,1.702127659574468
2,Tea,2024-07-08,38,2017-10-06,2023-01-01,True,2_Tea,tourist,0,45.0,convention,0.8444444444444444
2,Tea,2024-09-30,106,2017-10-06,2023-01-01,True,2_Tea,tourist,0,43.0,sports,2.4651162790697674
2,Tea,2024-09-30,106,2017-10-06,2023-01-01,True,2_Tea,tourist,0,43.0,food_festival,2.4651162790697674
2,Tea,2024-10-07,45,2017-10-06,2023-01-01,True,2_Tea,tourist,0,43.0,convention,1.0465116279069768
2,Tea,2023-02-07,67,2017-10-06,2023-01-01,True,2_Tea,tourist,1,51.0,food_festival,1.3137254901960784
2,Tea,2023-09-05,99,2017-10-06,2023-01-01,True,2_Tea,tourist,1,41.0,cultural,2.4146341463414633
2,Tea,2023-10-24,53,2017-10-06,2023-01-01,True,2_Tea,tourist,1,43.0,convention,1.2325581395348837
2,Tea,2024-08-20,68,2017-10-06,2023-01-01,True,2_Tea,tourist,1,45.0,concert,1.511111111111111
2,Tea,2024-09-17,70,2017-10-06,2023-01-01,True,2_Tea,tourist,1,45.0,market,1.5555555555555556
2,Tea,2023-04-05,150,2017-10-06,2023-01-01,True,2_Tea,tourist,2,42.0,food_festival,3.0
2,Tea,2023-05-17,84,2017-10-06,2023-01-01,True,2_Tea,tourist,2,46.0,cultural,1.826086956521739
2,Tea,2023-06-14,77,2017-10-06,2023-01-01,True,2_Tea,tourist,2,44.0,food_festival,1.75
2,Tea,2023-07-26,32,2017-10-06,2023-01-01,True,2_Tea,tourist,2,41.0,sports,0.7804878048780488
2,Tea,2023-08-30,36,2017-10-06,2023-01-01,True,2_Tea,tourist,2,39.0,market,0.9230769230769231
2,Tea,2023-09-06,90,2017-10-06,2023-01-01,True,2_Tea,tourist,2,38.0,music_festival,2.3684210526315788
2,Tea,2023-09-27,33,2017-10-06,2023-01-01,True,2_Tea,tourist,2,39.0,book_fair,0.8461538461538461
2,Tea,2024-04-17,42,2017-10-06,2023-01-01,True,2_Tea,tourist,2,44.0,book_fair,0.9545454545454546
2,Tea,2024-05-29,64,2017-10-06,2023-01-01,True,2_Tea,tourist,2,44.0,market,1.4545454545454546
2,Tea,2024-08-28,94,2017-10-06,2023-01-01,True,2_Tea,tourist,2,42.0,food_festival,2.238095238095238
2,Tea,2023-05-25,46,2017-10-06,2023-01-01,True,2_Tea,tourist,3,50.0,convention,0.92
2,Tea,2023-06-15,51,2017-10-06,2023-01-01,True,2_Tea,tourist,3,47.0,cultural,1.0851063829787233
2,Tea,2023-08-03,70,2017-10-06,2023-01-01,True,2_Tea,tourist,3,44.5,cultural,1.5730337078651686
2,Tea,2023-10-26,58,2017-10-06,2023-01-01,True,2_Tea,tourist,3,43.5,convention,1.3333333333333333
2,Tea,2024-02-08,44,2017-10-06,2023-01-01,True,2_Tea,tourist,3,45.0,book_fair,0.9777777777777777
2,Tea,2024-05-23,110,2017-10-06,2023-01-01,True,2_Tea,tourist,3,45.0,food_festival,2.4444444444444446
2,Tea,2024-07-18,82,2017-10-06,2023-01-01,True,2_Tea,tourist,3,44.5,cultural,1.8426966292134832
2,Tea,2024-10-03,112,2017-10-06,2023-01-01,True,2_Tea,tourist,3,44.0,food_festival,2.5454545454545454
2,Tea,2024-10-17,149,2017-10-06,2023-01-01,True,2_Tea,tourist,3,44.0,food_festival,3.0
2,Tea,2024-10-31,49,2017-10-06,2023-01-01,True,2_Tea,tourist,3,44.0,book_fair,1.1136363636363635
2,Tea,2023-01-13,86,2017-10-06,2023-01-01,True,2_Tea,tourist,4,51.0,music_festival,1.6862745098039216
2,Tea,2023-09-15,108,2017-10-06,2023-01-01,True,2_Tea,tourist,4,40.5,sports,2.6666666666666665
2,Tea,2024-01-12,88,2017-10-06,2023-01-01,True,2_Tea,tourist,4,46.0,cultural,1.9130434782608696
2,Tea,2024-02-02,73,2017-10-06,2023-01-01,True,2_Tea,tourist,4,47.0,music_festival,1.553191489361702
2,Tea,2024-07-05,34,2017-10-06,2023-01-01,True,2_Tea,tourist,4,46.5,sports,0.7311827956989247
2,Tea,2024-07-12,117,2017-10-06,2023-01-01,True,2_Tea,tourist,4,46.0,music_festival,2.5434782608695654
2,Tea,2023-01-21,90,2017-10-06,2023-01-01,True,2_Tea,tourist,5,51.0,sports,1.7647058823529411
2,Tea,2023-01-28,115,2017-10-06,2023-01-01,True,2_Tea,tourist,5,90.0,convention,1.2777777777777777
2,Tea,2023-10-14,116,2017-10-06,2023-01-01,True,2_Tea,tourist,5,71.0,cultural,1.6338028169014085
2,Tea,2023-11-18,336,2017-10-06,2023-01-01,True,2_Tea,tourist,5,71.0,music_festival,3.0
2,Tea,2023-11-18,336,2017-10-06,2023-01-01,True,2_Tea,tourist,5,71.0,cultural,3.0
2,Tea,2023-12-02,79,2017-10-06,2023-01-01,True,2_Tea,tourist,5,71.0,book_fair,1.1126760563380282
2,Tea,2024-01-20,129,2017-10-06,2023-01-01,True,2_Tea,tourist,5,74.0,market,1.7432432432432432
2,Tea,2024-02-17,79,2017-10-06,2023-01-01,True,2_Tea,tourist,5,74.0,convention,1.0675675675675675
2,Tea,2024-07-06,53,2017-10-06,2023-01-01,True,2_Tea,tourist,5,74.0,sports,0.7162162162162162
2,Tea,2024-07-27,120,2017-10-06,2023-01-01,True,2_Tea,tourist,5,75.0,food_festival,1.6
2,Tea,2024-08-17,85,2017-10-06,2023-01-01,True,2_Tea,tourist,5,74.0,market,1.1486486486486487
2,Tea,2023-01-15,320,2017-10-06,2023-01-01,True,2_Tea,tourist,6,53.0,food_festival,3.0
2,Tea,2023-04-02,162,2017-10-06,2023-01-01,True,2_Tea,tourist,6,80.0,market,2.025
2,Tea,2023-04-16,235,2017-10-06,2023-01-01,True,2_Tea,tourist,6,83.0,food_festival,2.8313253012048194
2,Tea,2023-04-23,194,2017-10-06,2023-01-01,True,2_Tea,tourist,6,85.0,cultural,2.2823529411764705
2,Tea,2023-05-21,118,2017-10-06,2023-01-01,True,2_Tea,tourist,6,91.0,market,1.2967032967032968
2,Tea,2023-07-23,42,2017-10-06,2023-01-01,True,2_Tea,tourist,6,80.0,book_fair,0.525
2,Tea,2023-08-06,76,2017-10-06,2023-01-01,True,2_Tea,tourist,6,78.0,concert,0.9743589743589743
2,Tea,2023-08-20,79,2017-10-06,2023-01-01,True,2_Tea,tourist,6,76.0,cultural,1.0394736842105263
2,Tea,2024-06-02,80,2017-10-06,2023-01-01,True,2_Tea,tourist,6,78.5,book_fair,1.019108280254777
2,Tea,2024-06-02,80,2017-10-06,2023-01-01,True,2_Tea,tourist,6,78.5,food_festival,1.019108280254777
2,Tea,2024-06-16,85,2017-10-06,2023-01-01,True,2_Tea,tourist,6,78.5,cultural,1.0828025477707006
3,Bakery,2023-02-06,46,2019-02-24,2023-01-01,True,3_Bakery,university,0,41.0,market,1.1219512195121952
3,Bakery,2023-03-13,50,2019-02-24,2023-01-01,True,3_Bakery,university,0,40.0,market,1.25
3,Bakery,2023-04-10,102,2019-02-24,2023-01-01,True,3_Bakery,university,0,40.0,cultural,2.55
3,Bakery,2023-05-08,46,2019-02-24,2023-01-01,True,3_Bakery,university,0,42.0,sports,1.0952380952380953
3,Bakery,2023-05-29,61,2019-02-24,2023-01-01,True,3_Bakery,university,0,45.0,food_festival,1.3555555555555556
3,Bakery,2023-07-10,32,2019-02-24,2023-01-01,True,3_Bakery,university,0,41.0,cultural,0.7804878048780488
3,Bakery,2023-10-30,78,2019-02-24,2023-01-01,True,3_Bakery,university,0,36.0,concert,2.1666666666666665
3,Bakery,2023-11-06,81,2019-02-24,2023-01-01,True,3_Bakery,university,0,37.0,sports,2.189189189189189
3,Bakery,2023-11-27,108,2019-02-24,2023-01-01,True,3_Bakery,university,0,38.0,concert,2.8421052631578947
3,Bakery,2024-01-22,50,2019-02-24,2023-01-01,True,3_Bakery,university,0,39.0,market,1.2820512820512822
3,Bakery,2024-02-05,90,2019-02-24,2023-01-01,True,3_Bakery,university,0,40.0,convention,2.25
3,Bakery,2024-07-22,50,2019-02-24,2023-01-01,True,3_Bakery,university,0,41.0,book_fair,1.2195121951219512
3,Bakery,2024-08-26,40,2019-02-24,2023-01-01,True,3_Bakery,university,0,41.0,cultural,0.975609756097561
3,Bakery,2024-09-02,51,2019-02-24,2023-01-01,True,3_Bakery,university,0,41.0,sports,1.2439024390243902
3,Bakery,2023-06-06,53,2019-02-24,2023-01-01,True,3_Bakery,university,1,37.5,food_festival,1.4133333333333333
3,Bakery,2023-09-05,69,2019-02-24,2023-01-01,True,3_Bakery,university,1,36.0,sports,1.9166666666666667
3,Bakery,2023-09-19,68,2019-02-24,2023-01-01,True,3_Bakery,university,1,36.0,food_festival,1.8888888888888888
3,Bakery,2024-03-26,55,2019-02-24,2023-01-01,True,3_Bakery,university,1,36.0,market,1.5277777777777777
3,Bakery,2024-05-07,68,2019-02-24,2023-01-01,True,3_Bakery,university,1,37.0,market,1.837837837837838
3,Bakery,2024-06-18,53,2019-02-24,2023-01-01,True,3_Bakery,university,1,37.0,music_festival,1.4324324324324325
3,Bakery,2024-06-25,28,2019-02-24,2023-01-01,True,3_Bakery,university,1,37.0,concert,0.7567567567567568
3,Bakery,2024-07-16,44,2019-02-24,2023-01-01,True,3_Bakery,university,1,36.5,food_festival,1.2054794520547945
3,Bakery,2023-06-21,39,2019-02-24,2023-01-01,True,3_Bakery,university,2,38.0,cultural,1.0263157894736843
3,Bakery,2023-08-09,34,2019-02-24,2023-01-01,True,3_Bakery,university,2,35.0,cultural,0.9714285714285714
3,Bakery,2023-08-23,71,2019-02-24,2023-01-01,True,3_Bakery,university,2,34.0,food_festival,2.088235294117647
3,Bakery,2024-02-21,41,2019-02-24,2023-01-01,True,3_Bakery,university,2,37.0,convention,1.1081081081081081
3,Bakery,2024-06-12,30,2019-02-24,2023-01-01,True,3_Bakery,university,2,39.0,convention,0.7692307692307693
3,Bakery,2023-03-30,87,2019-02-24,2023-01-01,True,3_Bakery,university,3,33.5,food_festival,2.5970149253731343
3,Bakery,2023-05-18,72,2019-02-24,2023-01-01,True,3_Bakery,university,3,37.0,food_festival,1.945945945945946
3,Bakery,2024-03-14,140,2019-02-24,2023-01-01,True,3_Bakery,university,3,37.0,concert,3.0
3,Bakery,2024-09-05,55,2019-02-24,2023-01-01,True,3_Bakery,university,3,35.0,cultural,1.5714285714285714
3,Bakery,2024-10-03,48,2019-02-24,2023-01-01,True,3_Bakery,university,3,35.0,market,1.3714285714285714
3,Bakery,2023-02-03,32,2019-02-24,2023-01-01,True,3_Bakery,university,4,35.5,market,0.9014084507042254
3,Bakery,2023-03-24,78,2019-02-24,2023-01-01,True,3_Bakery,university,4,35.0,market,2.2285714285714286
3,Bakery,2023-04-28,99,2019-02-24,2023-01-01,True,3_Bakery,university,4,41.0,food_festival,2.4146341463414633
3,Bakery,2023-06-02,50,2019-02-24,2023-01-01,True,3_Bakery,university,4,41.0,food_festival,1.2195121951219512
3,Bakery,2023-07-14,40,2019-02-24,2023-01-01,True,3_Bakery,university,4,35.0,market,1.1428571428571428
3,Bakery,2023-10-27,60,2019-02-24,2023-01-01,True,3_Bakery,university,4,33.5,cultural,1.791044776119403
3,Bakery,2023-12-01,103,2019-02-24,2023-01-01,True,3_Bakery,university,4,36.0,book_fair,2.861111111111111
3,Bakery,2023-12-01,103,2019-02-24,2023-01-01,True,3_Bakery,university,4,36.0,market,2.861111111111111
3,Bakery,2023-12-15,87,2019-02-24,2023-01-01,True,3_Bakery,university,4,36.0,sports,2.4166666666666665
3,Bakery,2024-04-12,107,2019-02-24,2023-01-01,True,3_Bakery,university,4,38.5,concert,2.779220779220779
3,Bakery,2024-07-05,67,2019-02-24,2023-01-01,True,3_Bakery,university,4,39.5,market,1.6962025316455696
3,Bakery,2023-01-28,55,2019-02-24,2023-01-01,True,3_Bakery,university,5,41.0,market,1.3414634146341464
3,Bakery,2023-03-04,17,2019-02-24,2023-01-01,True,3_Bakery,university,5,34.0,market,0.5
3,Bakery,2023-04-08,75,2019-02-24,2023-01-01,True,3_Bakery,university,5,31.0,food_festival,2.4193548387096775
3,Bakery,2023-09-16,33,2019-02-24,2023-01-01,True,3_Bakery,university,5,26.5,convention,1.2452830188679245
3,Bakery,2023-10-28,56,2019-02-24,2023-01-01,True,3_Bakery,university,5,26.5,food_festival,2.1132075471698113
3,Bakery,2023-12-23,44,2019-02-24,2023-01-01,True,3_Bakery,university,5,27.5,cultural,1.6
3,Bakery,2024-01-27,34,2019-02-24,2023-01-01,True,3_Bakery,university,5,27.0,cultural,1.2592592592592593
3,Bakery,2024-04-27,35,2019-02-24,2023-01-01,True,3_Bakery,university,5,29.0,market,1.206896551724138
3,Bakery,2024-06-08,25,2019-02-24,2023-01-01,True,3_Bakery,university,5,29.0,cultural,0.8620689655172413
3,Bakery,2024-06-15,56,2019-02-24,2023-01-01,True,3_Bakery,university,5,29.0,convention,1.9310344827586208
3,Bakery,2024-06-15,56,2019-02-24,2023-01-01,True,3_Bakery,university,5,29.0,sports,1.9310344827586208
3,Bakery,2024-07-06,49,2019-02-24,2023-01-01,True,3_Bakery,university,5,29.0,music_festival,1.6896551724137931
3,Bakery,2024-10-12,40,2019-02-24,2023-01-01,True,3_Bakery,university,5,29.0,cultural,1.3793103448275863
3,Bakery,2023-04-02,31,2019-02-24,2023-01-01,True,3_Bakery,university,6,33.0,sports,0.9393939393939394
3,Bakery,2023-05-07,59,2019-02-24,2023-01-01,True,3_Bakery,university,6,34.0,concert,1.7352941176470589
3,Bakery,2023-05-21,67,2019-02-24,2023-01-01,True,3_Bakery,university,6,34.0,market,1.9705882352941178
3,Bakery,2023-06-11,52,2019-02-24,2023-01-01,True,3_Bakery,university,6,33.0,market,1.5757575757575757
3,Bakery,2023-06-11,52,2019-02-24,2023-01-01,True,3_Bakery,university,6,33.0,concert,1.5757575757575757
3,Bakery,2023-07-30,29,2019-02-24,2023-01-01,True,3_Bakery,university,6,32.0,convention,0.90625
3,Bakery,2023-10-22,45,2019-02-24,2023-01-01,True,3_Bakery,university,6,29.5,market,1.5254237288135593
3,Bakery,2024-03-31,46,2019-02-24,2023-01-01,True,3_Bakery,university,6,31.0,sports,1.4838709677419355
3,Bakery,2024-05-12,46,2019-02-24,2023-01-01,True,3_Bakery,university,6,31.0,convention,1.4838709677419355
3,Bakery,2024-10-13,28,2019-02-24,2023-01-01,True,3_Bakery,university,6,29.0,convention,0.9655172413793104
3,Chocolate & Milk,2023-02-06,19,2019-02-24,2023-01-01,True,3_Chocolate-Milk,university,0,24.0,market,0.7916666666666666
3,Chocolate & Milk,2023-03-13,30,2019-02-24,2023-01-01,True,3_Chocolate-Milk,university,0,23.0,market,1.3043478260869565
3,Chocolate & Milk,2023-04-10,51,2019-02-24,2023-01-01,True,3_Chocolate-Milk,university,0,23.0,cultural,2.217391304347826
3,Chocolate & Milk,2023-05-08,28,2019-02-24,2023-01-01,True,3_Chocolate-Milk,university,0,24.0,sports,1.1666666666666667
3,Chocolate & Milk,2023-05-29,60,2019-02-24,2023-01-01,True,3_Chocolate-Milk,university,0,25.0,food_festival,2.4
3,Chocolate & Milk,2023-07-10,28,2019-02-24,2023-01-01,True,3_Chocolate-Milk,university,0,24.0,cultural,1.1666666666666667
3,Chocolate & Milk,2023-10-30,61,2019-02-24,2023-01-01,True,3_Chocolate-Milk,university,0,20.0,concert,3.0
3,Chocolate & Milk,2023-11-06,23,2019-02-24,2023-01-01,True,3_Chocolate-Milk,university,0,20.5,sports,1.1219512195121952
3,Chocolate & Milk,2023-11-27,46,2019-02-24,2023-01-01,True,3_Chocolate-Milk,university,0,21.0,concert,2.1904761904761907
3,Chocolate & Milk,2024-01-22,39,2019-02-24,2023-01-01,True,3_Chocolate-Milk,university,0,22.0,market,1.7727272727272727
3,Chocolate & Milk,2024-02-05,54,2019-02-24,2023-01-01,True,3_Chocolate-Milk,university,0,23.0,convention,2.347826086956522
3,Chocolate & Milk,2024-07-22,15,2019-02-24,2023-01-01,True,3_Chocolate-Milk,university,0,23.0,book_fair,0.6521739130434783
3,Chocolate & Milk,2024-08-26,21,2019-02-24,2023-01-01,True,3_Chocolate-Milk,university,0,21.0,cultural,1.0
3,Chocolate & Milk,2024-09-02,26,2019-02-24,2023-01-01,True,3_Chocolate-Milk,university,0,21.0,sports,1.2380952380952381
3,Chocolate & Milk,2023-06-06,43,2019-02-24,2023-01-01,True,3_Chocolate-Milk,university,1,24.5,food_festival,1.7551020408163265
3,Chocolate & Milk,2023-09-05,44,2019-02-24,2023-01-01,True,3_Chocolate-Milk,university,1,20.0,sports,2.2
3,Chocolate & Milk,2023-09-19,24,2019-02-24,2023-01-01,True,3_Chocolate-Milk,university,1,21.0,food_festival,1.1428571428571428
3,Chocolate & Milk,2024-03-26,41,2019-02-24,2023-01-01,True,3_Chocolate-Milk,university,1,23.0,market,1.7826086956521738
3,Chocolate & Milk,2024-05-07,53,2019-02-24,2023-01-01,True,3_Chocolate-Milk,university,1,23.5,market,2.25531914893617
3,Chocolate & Milk,2024-06-18,19,2019-02-24,2023-01-01,True,3_Chocolate-Milk,university,1,23.5,music_festival,0.8085106382978723
3,Chocolate & Milk,2024-06-25,27,2019-02-24,2023-01-01,True,3_Chocolate-Milk,university,1,23.0,concert,1.173913043478261
3,Chocolate & Milk,2024-07-16,33,2019-02-24,2023-01-01,True,3_Chocolate-Milk,university,1,23.0,food_festival,1.434782608695652
3,Chocolate & Milk,2023-06-21,22,2019-02-24,2023-01-01,True,3_Chocolate-Milk,university,2,23.0,cultural,0.9565217391304348
3,Chocolate & Milk,2023-08-09,14,2019-02-24,2023-01-01,True,3_Chocolate-Milk,university,2,21.0,cultural,0.6666666666666666
3,Chocolate & Milk,2023-08-23,29,2019-02-24,2023-01-01,True,3_Chocolate-Milk,university,2,20.0,food_festival,1.45
3,Chocolate & Milk,2024-02-21,31,2019-02-24,2023-01-01,True,3_Chocolate-Milk,university,2,21.0,convention,1.4761904761904763
3,Chocolate & Milk,2024-06-12,12,2019-02-24,2023-01-01,True,3_Chocolate-Milk,university,2,22.0,convention,0.5454545454545454
3,Chocolate & Milk,2023-03-30,51,2019-02-24,2023-01-01,True,3_Chocolate-Milk,university,3,21.5,food_festival,2.372093023255814
3,Chocolate & Milk,2023-05-18,20,2019-02-24,2023-01-01,True,3_Chocolate-Milk,university,3,22.0,food_festival,0.9090909090909091
3,Chocolate & Milk,2024-03-14,103,2019-02-24,2023-01-01,True,3_Chocolate-Milk,university,3,21.0,concert,3.0
3,Chocolate & Milk,2024-09-05,37,2019-02-24,2023-01-01,True,3_Chocolate-Milk,university,3,21.0,cultural,1.7619047619047619
3,Chocolate & Milk,2024-10-03,17,2019-02-24,2023-01-01,True,3_Chocolate-Milk,university,3,20.0,market,0.85
3,Chocolate & Milk,2023-02-03,16,2019-02-24,2023-01-01,True,3_Chocolate-Milk,university,4,18.5,market,0.8648648648648649
3,Chocolate & Milk,2023-03-24,25,2019-02-24,2023-01-01,True,3_Chocolate-Milk,university,4,17.0,market,1.4705882352941178
3,Chocolate & Milk,2023-04-28,52,2019-02-24,2023-01-01,True,3_Chocolate-Milk,university,4,21.0,food_festival,2.4761904761904763
3,Chocolate & Milk,2023-06-02,20,2019-02-24,2023-01-01,True,3_Chocolate-Milk,university,4,20.0,food_festival,1.0
3,Chocolate & Milk,2023-07-14,23,2019-02-24,2023-01-01,True,3_Chocolate-Milk,university,4,20.0,market,1.15
3,Chocolate & Milk,2023-10-27,20,2019-02-24,2023-01-01,True,3_Chocolate-Milk,university,4,19.0,cultural,1.0526315789473684
3,Chocolate & Milk,2023-12-01,58,2019-02-24,2023-01-01,True,3_Chocolate-Milk,university,4,19.0,book_fair,3.0
3,Chocolate & Milk,2023-12-01,58,2019-02-24,2023-01-01,True,3_Chocolate-Milk,university,4,19.0,market,3.0
3,Chocolate & Milk,2023-12-15,49,2019-02-24,2023-01-01,True,3_Chocolate-Milk,university,4,20.0,sports,2.45
3,Chocolate & Milk,2024-04-12,52,2019-02-24,2023-01-01,True,3_Chocolate-Milk,university,4,20.0,concert,2.6
3,Chocolate & Milk,2024-07-05,28,2019-02-24,2023-01-01,True,3_Chocolate-Milk,university,4,21.0,market,1.3333333333333333
3,Chocolate & Milk,2023-01-28,23,2019-02-24,2023-01-01,True,3_Chocolate-Milk,university,5,22.0,market,1.0454545454545454
3,Chocolate & Milk,2023-03-04,16,2019-02-24,2023-01-01,True,3_Chocolate-Milk,university,5,20.0,market,0.8
3,Chocolate & Milk,2023-04-08,76,2019-02-24,2023-01-01,True,3_Chocolate-Milk,university,5,20.0,food_festival,3.0
3,Chocolate & Milk,2023-09-16,25,2019-02-24,2023-01-01,True,3_Chocolate-Milk,university,5,14.0,convention,1.7857142857142858
3,Chocolate & Milk,2023-10-28,29,2019-02-24,2023-01-01,True,3_Chocolate-Milk,university,5,15.5,food_festival,1.8709677419354838
3,Chocolate & Milk,2023-12-23,30,2019-02-24,2023-01-01,True,3_Chocolate-Milk,university,5,16.0,cultural,1.875
3,Chocolate & Milk,2024-01-27,21,2019-02-24,2023-01-01,True,3_Chocolate-Milk,university,5,16.0,cultural,1.3125
3,Chocolate & Milk,2024-04-27,26,2019-02-24,2023-01-01,True,3_Chocolate-Milk,university,5,17.0,market,1.5294117647058822
3,Chocolate & Milk,2024-06-08,15,2019-02-24,2023-01-01,True,3_Chocolate-Milk,university,5,17.0,cultural,0.8823529411764706
3,Chocolate & Milk,2024-06-15,28,2019-02-24,2023-01-01,True,3_Chocolate-Milk,university,5,17.0,convention,1.6470588235294117
3,Chocolate & Milk,2024-06-15,28,2019-02-24,2023-01-01,True,3_Chocolate-Milk,university,5,17.0,sports,1.6470588235294117
3,Chocolate & Milk,2024-07-06,41,2019-02-24,2023-01-01,True,3_Chocolate-Milk,university,5,17.0,music_festival,2.411764705882353
3,Chocolate & Milk,2024-10-12,28,2019-02-24,2023-01-01,True,3_Chocolate-Milk,university,5,16.0,cultural,1.75
3,Chocolate & Milk,2023-04-02,32,2019-02-24,2023-01-01,True,3_Chocolate-Milk,university,6,16.0,sports,2.0
3,Chocolate & Milk,2023-05-07,40,2019-02-24,2023-01-01,True,3_Chocolate-Milk,university,6,17.5,concert,2.2857142857142856
3,Chocolate & Milk,2023-05-21,14,2019-02-24,2023-01-01,True,3_Chocolate-Milk,university,6,18.0,market,0.7777777777777778
3,Chocolate & Milk,2023-06-11,41,2019-02-24,2023-01-01,True,3_Chocolate-Milk,university,6,17.0,market,2.411764705882353
3,Chocolate & Milk,2023-06-11,41,2019-02-24,2023-01-01,True,3_Chocolate-Milk,university,6,17.0,concert,2.411764705882353
3,Chocolate & Milk,2023-07-30,13,2019-02-24,2023-01-01,True,3_Chocolate-Milk,university,6,15.5,convention,0.8387096774193549
3,Chocolate & Milk,2023-10-22,22,2019-02-24,2023-01-01,True,3_Chocolate-Milk,university,6,15.0,market,1.4666666666666666
3,Chocolate & Milk,2024-03-31,19,2019-02-24,2023-01-01,True,3_Chocolate-Milk,university,6,15.0,sports,1.2666666666666666
3,Chocolate & Milk,2024-05-12,24,2019-02-24,2023-01-01,True,3_Chocolate-Milk,university,6,15.0,convention,1.6
3,Chocolate & Milk,2024-10-13,14,2019-02-24,2023-01-01,True,3_Chocolate-Milk,university,6,15.0,convention,0.9333333333333333
3,Coffee,2023-02-06,183,2019-02-24,2023-01-01,True,3_Coffee,university,0,181.0,market,1.011049723756906
3,Coffee,2023-03-13,206,2019-02-24,2023-01-01,True,3_Coffee,university,0,171.0,market,1.2046783625730995
3,Coffee,2023-04-10,414,2019-02-24,2023-01-01,True,3_Coffee,university,0,172.5,cultural,2.4
3,Coffee,2023-05-08,142,2019-02-24,2023-01-01,True,3_Coffee,university,0,178.0,sports,0.797752808988764
3,Coffee,2023-05-29,408,2019-02-24,2023-01-01,True,3_Coffee,university,0,181.0,food_festival,2.25414364640884
3,Coffee,2023-07-10,98,2019-02-24,2023-01-01,True,3_Coffee,university,0,174.0,cultural,0.5632183908045977
3,Coffee,2023-10-30,274,2019-02-24,2023-01-01,True,3_Coffee,university,0,154.0,concert,1.7792207792207793
3,Coffee,2023-11-06,259,2019-02-24,2023-01-01,True,3_Coffee,university,0,155.5,sports,1.6655948553054662
3,Coffee,2023-11-27,345,2019-02-24,2023-01-01,True,3_Coffee,university,0,157.0,concert,2.1974522292993632
3,Coffee,2024-01-22,243,2019-02-24,2023-01-01,True,3_Coffee,university,0,159.0,market,1.528301886792453
3,Coffee,2024-02-05,337,2019-02-24,2023-01-01,True,3_Coffee,university,0,168.0,convention,2.005952380952381
3,Coffee,2024-07-22,188,2019-02-24,2023-01-01,True,3_Coffee,university,0,164.0,book_fair,1.146341463414634
3,Coffee,2024-08-26,113,2019-02-24,2023-01-01,True,3_Coffee,university,0,163.5,cultural,0.691131498470948
3,Coffee,2024-09-02,182,2019-02-24,2023-01-01,True,3_Coffee,university,0,163.0,sports,1.116564417177914
3,Coffee,2023-06-06,227,2019-02-24,2023-01-01,True,3_Coffee,university,1,154.0,food_festival,1.474025974025974
3,Coffee,2023-09-05,233,2019-02-24,2023-01-01,True,3_Coffee,university,1,142.0,sports,1.6408450704225352
3,Coffee,2023-09-19,246,2019-02-24,2023-01-01,True,3_Coffee,university,1,145.0,food_festival,1.696551724137931
3,Coffee,2024-03-26,207,2019-02-24,2023-01-01,True,3_Coffee,university,1,151.0,market,1.3708609271523178
3,Coffee,2024-05-07,262,2019-02-24,2023-01-01,True,3_Coffee,university,1,155.5,market,1.684887459807074
3,Coffee,2024-06-18,146,2019-02-24,2023-01-01,True,3_Coffee,university,1,153.5,music_festival,0.9511400651465798
3,Coffee,2024-06-25,158,2019-02-24,2023-01-01,True,3_Coffee,university,1,152.0,concert,1.0394736842105263
3,Coffee,2024-07-16,145,2019-02-24,2023-01-01,True,3_Coffee,university,1,155.5,food_festival,0.932475884244373
3,Coffee,2023-06-21,145,2019-02-24,2023-01-01,True,3_Coffee,university,2,173.5,cultural,0.8357348703170029
3,Coffee,2023-08-09,153,2019-02-24,2023-01-01,True,3_Coffee,university,2,145.0,cultural,1.0551724137931036
3,Coffee,2023-08-23,213,2019-02-24,2023-01-01,True,3_Coffee,university,2,145.0,food_festival,1.4689655172413794
3,Coffee,2024-02-21,247,2019-02-24,2023-01-01,True,3_Coffee,university,2,152.0,convention,1.625
3,Coffee,2024-06-12,178,2019-02-24,2023-01-01,True,3_Coffee,university,2,156.0,convention,1.141025641025641
3,Coffee,2023-03-30,319,2019-02-24,2023-01-01,True,3_Coffee,university,3,151.5,food_festival,2.1056105610561056
3,Coffee,2023-05-18,282,2019-02-24,2023-01-01,True,3_Coffee,university,3,173.0,food_festival,1.630057803468208
3,Coffee,2024-03-14,554,2019-02-24,2023-01-01,True,3_Coffee,university,3,152.0,concert,3.0
3,Coffee,2024-09-05,185,2019-02-24,2023-01-01,True,3_Coffee,university,3,150.0,cultural,1.2333333333333334
3,Coffee,2024-10-03,190,2019-02-24,2023-01-01,True,3_Coffee,university,3,149.0,market,1.2751677852348993
3,Coffee,2023-02-03,142,2019-02-24,2023-01-01,True,3_Coffee,university,4,155.5,market,0.9131832797427653
3,Coffee,2023-03-24,198,2019-02-24,2023-01-01,True,3_Coffee,university,4,150.0,market,1.32
3,Coffee,2023-04-28,449,2019-02-24,2023-01-01,True,3_Coffee,university,4,167.5,food_festival,2.680597014925373
3,Coffee,2023-06-02,229,2019-02-24,2023-01-01,True,3_Coffee,university,4,161.0,food_festival,1.4223602484472049
3,Coffee,2023-07-14,139,2019-02-24,2023-01-01,True,3_Coffee,university,4,150.0,market,0.9266666666666666
3,Coffee,2023-10-27,190,2019-02-24,2023-01-01,True,3_Coffee,university,4,143.0,cultural,1.3286713286713288
3,Coffee,2023-12-01,330,2019-02-24,2023-01-01,True,3_Coffee,university,4,152.0,book_fair,2.1710526315789473
3,Coffee,2023-12-01,330,2019-02-24,2023-01-01,True,3_Coffee,university,4,152.0,market,2.1710526315789473
3,Coffee,2023-12-15,299,2019-02-24,2023-01-01,True,3_Coffee,university,4,152.0,sports,1.9671052631578947
3,Coffee,2024-04-12,355,2019-02-24,2023-01-01,True,3_Coffee,university,4,157.0,concert,2.261146496815287
3,Coffee,2024-07-05,192,2019-02-24,2023-01-01,True,3_Coffee,university,4,159.0,market,1.2075471698113207
3,Coffee,2023-01-28,178,2019-02-24,2023-01-01,True,3_Coffee,university,5,113.0,market,1.575221238938053
3,Coffee,2023-03-04,139,2019-02-24,2023-01-01,True,3_Coffee,university,5,111.0,market,1.2522522522522523
3,Coffee,2023-04-08,422,2019-02-24,2023-01-01,True,3_Coffee,university,5,113.0,food_festival,3.0
3,Coffee,2023-09-16,136,2019-02-24,2023-01-01,True,3_Coffee,university,5,105.0,convention,1.2952380952380953
3,Coffee,2023-10-28,194,2019-02-24,2023-01-01,True,3_Coffee,university,5,108.0,food_festival,1.7962962962962963
3,Coffee,2023-12-23,157,2019-02-24,2023-01-01,True,3_Coffee,university,5,111.5,cultural,1.4080717488789238
3,Coffee,2024-01-27,170,2019-02-24,2023-01-01,True,3_Coffee,university,5,113.0,cultural,1.5044247787610618
3,Coffee,2024-04-27,128,2019-02-24,2023-01-01,True,3_Coffee,university,5,115.0,market,1.1130434782608696
3,Coffee,2024-06-08,132,2019-02-24,2023-01-01,True,3_Coffee,university,5,119.0,cultural,1.1092436974789917
3,Coffee,2024-06-15,218,2019-02-24,2023-01-01,True,3_Coffee,university,5,119.0,convention,1.8319327731092436
3,Coffee,2024-06-15,218,2019-02-24,2023-01-01,True,3_Coffee,university,5,119.0,sports,1.8319327731092436
3,Coffee,2024-07-06,269,2019-02-24,2023-01-01,True,3_Coffee,university,5,119.0,music_festival,2.2605042016806722
3,Coffee,2024-10-12,158,2019-02-24,2023-01-01,True,3_Coffee,university,5,114.0,cultural,1.3859649122807018
3,Coffee,2023-04-02,190,2019-02-24,2023-01-01,True,3_Coffee,university,6,110.0,sports,1.7272727272727273
3,Coffee,2023-05-07,248,2019-02-24,2023-01-01,True,3_Coffee,university,6,121.0,concert,2.049586776859504
3,Coffee,2023-05-21,230,2019-02-24,2023-01-01,True,3_Coffee,university,6,121.0,market,1.9008264462809918
3,Coffee,2023-06-11,187,2019-02-24,2023-01-01,True,3_Coffee,university,6,115.0,market,1.626086956521739
3,Coffee,2023-06-11,187,2019-02-24,2023-01-01,True,3_Coffee,university,6,115.0,concert,1.626086956521739
3,Coffee,2023-07-30,100,2019-02-24,2023-01-01,True,3_Coffee,university,6,110.0,convention,0.9090909090909091
3,Coffee,2023-10-22,145,2019-02-24,2023-01-01,True,3_Coffee,university,6,108.0,market,1.3425925925925926
3,Coffee,2024-03-31,206,2019-02-24,2023-01-01,True,3_Coffee,university,6,108.0,sports,1.9074074074074074
3,Coffee,2024-05-12,227,2019-02-24,2023-01-01,True,3_Coffee,university,6,109.0,convention,2.0825688073394497
3,Coffee,2024-10-13,140,2019-02-24,2023-01-01,True,3_Coffee,university,6,108.0,convention,1.2962962962962963
3,Juice & Smoothie,2023-02-06,12,2019-02-24,2023-01-01,True,3_Juice-Smoothie,university,0,18.0,market,0.6666666666666666
3,Juice & Smoothie,2023-03-13,21,2019-02-24,2023-01-01,True,3_Juice-Smoothie,university,0,16.0,market,1.3125
3,Juice & Smoothie,2023-04-10,21,2019-02-24,2023-01-01,True,3_Juice-Smoothie,university,0,14.5,cultural,1.4482758620689655
3,Juice & Smoothie,2023-05-08,15,2019-02-24,2023-01-01,True,3_Juice-Smoothie,university,0,17.0,sports,0.8823529411764706
3,Juice & Smoothie,2023-05-29,26,2019-02-24,2023-01-01,True,3_Juice-Smoothie,university,0,17.0,food_festival,1.5294117647058822
3,Juice & Smoothie,2023-07-10,16,2019-02-24,2023-01-01,True,3_Juice-Smoothie,university,0,15.0,cultural,1.0666666666666667
3,Juice & Smoothie,2023-10-30,19,2019-02-24,2023-01-01,True,3_Juice-Smoothie,university,0,14.0,concert,1.3571428571428572
3,Juice & Smoothie,2023-11-06,22,2019-02-24,2023-01-01,True,3_Juice-Smoothie,university,0,14.5,sports,1.5172413793103448
3,Juice & Smoothie,2023-11-27,37,2019-02-24,2023-01-01,True,3_Juice-Smoothie,university,0,14.0,concert,2.642857142857143
3,Juice & Smoothie,2024-01-22,24,2019-02-24,2023-01-01,True,3_Juice-Smoothie,university,0,14.0,market,1.7142857142857142
3,Juice & Smoothie,2024-02-05,33,2019-02-24,2023-01-01,True,3_Juice-Smoothie,university,0,15.0,convention,2.2
3,Juice & Smoothie,2024-07-22,4,2019-02-24,2023-01-01,True,3_Juice-Smoothie,university,0,15.0,book_fair,0.26666666666666666
3,Juice & Smoothie,2024-08-26,8,2019-02-24,2023-01-01,True,3_Juice-Smoothie,university,0,14.5,cultural,0.5517241379310345
3,Juice & Smoothie,2024-09-02,20,2019-02-24,2023-01-01,True,3_Juice-Smoothie,university,0,14.0,sports,1.4285714285714286
3,Juice & Smoothie,2023-06-06,20,2019-02-24,2023-01-01,True,3_Juice-Smoothie,university,1,14.0,food_festival,1.4285714285714286
3,Juice & Smoothie,2023-09-05,36,2019-02-24,2023-01-01,True,3_Juice-Smoothie,university,1,12.0,sports,3.0
3,Juice & Smoothie,2023-09-19,21,2019-02-24,2023-01-01,True,3_Juice-Smoothie,university,1,12.0,food_festival,1.75
3,Juice & Smoothie,2024-03-26,22,2019-02-24,2023-01-01,True,3_Juice-Smoothie,university,1,13.0,market,1.6923076923076923
3,Juice & Smoothie,2024-05-07,26,2019-02-24,2023-01-01,True,3_Juice-Smoothie,university,1,14.0,market,1.8571428571428572
3,Juice & Smoothie,2024-06-18,9,2019-02-24,2023-01-01,True,3_Juice-Smoothie,university,1,15.0,music_festival,0.6
3,Juice & Smoothie,2024-06-25,19,2019-02-24,2023-01-01,True,3_Juice-Smoothie,university,1,15.0,concert,1.2666666666666666
3,Juice & Smoothie,2024-07-16,10,2019-02-24,2023-01-01,True,3_Juice-Smoothie,university,1,14.5,food_festival,0.6896551724137931
3,Juice & Smoothie,2023-06-21,17,2019-02-24,2023-01-01,True,3_Juice-Smoothie,university,2,14.5,cultural,1.1724137931034482
3,Juice & Smoothie,2023-08-09,5,2019-02-24,2023-01-01,True,3_Juice-Smoothie,university,2,14.0,cultural,0.35714285714285715
3,Juice & Smoothie,2023-08-23,19,2019-02-24,2023-01-01,True,3_Juice-Smoothie,university,2,14.0,food_festival,1.3571428571428572
3,Juice & Smoothie,2024-02-21,12,2019-02-24,2023-01-01,True,3_Juice-Smoothie,university,2,14.0,convention,0.8571428571428571
3,Juice & Smoothie,2024-06-12,9,2019-02-24,2023-01-01,True,3_Juice-Smoothie,university,2,14.0,convention,0.6428571428571429
3,Juice & Smoothie,2023-03-30,27,2019-02-24,2023-01-01,True,3_Juice-Smoothie,university,3,9.0,food_festival,3.0
3,Juice & Smoothie,2023-05-18,28,2019-02-24,2023-01-01,True,3_Juice-Smoothie,university,3,13.0,food_festival,2.1538461538461537
3,Juice & Smoothie,2024-03-14,61,2019-02-24,2023-01-01,True,3_Juice-Smoothie,university,3,11.0,concert,3.0
3,Juice & Smoothie,2024-09-05,27,2019-02-24,2023-01-01,True,3_Juice-Smoothie,university,3,11.0,cultural,2.4545454545454546
3,Juice & Smoothie,2024-10-03,18,2019-02-24,2023-01-01,True,3_Juice-Smoothie,university,3,11.0,market,1.6363636363636365
3,Juice & Smoothie,2023-02-03,20,2019-02-24,2023-01-01,True,3_Juice-Smoothie,university,4,19.5,market,1.0256410256410255
3,Juice & Smoothie,2023-03-24,30,2019-02-24,2023-01-01,True,3_Juice-Smoothie,university,4,17.0,market,1.7647058823529411
3,Juice & Smoothie,2023-04-28,33,2019-02-24,2023-01-01,True,3_Juice-Smoothie,university,4,18.0,food_festival,1.8333333333333333
3,Juice & Smoothie,2023-06-02,19,2019-02-24,2023-01-01,True,3_Juice-Smoothie,university,4,17.0,food_festival,1.1176470588235294
3,Juice & Smoothie,2023-07-14,31,2019-02-24,2023-01-01,True,3_Juice-Smoothie,university,4,14.0,market,2.2142857142857144
3,Juice & Smoothie,2023-10-27,13,2019-02-24,2023-01-01,True,3_Juice-Smoothie,university,4,12.0,cultural,1.0833333333333333
3,Juice & Smoothie,2023-12-01,33,2019-02-24,2023-01-01,True,3_Juice-Smoothie,university,4,13.0,book_fair,2.5384615384615383
3,Juice & Smoothie,2023-12-01,33,2019-02-24,2023-01-01,True,3_Juice-Smoothie,university,4,13.0,market,2.5384615384615383
3,Juice & Smoothie,2023-12-15,26,2019-02-24,2023-01-01,True,3_Juice-Smoothie,university,4,13.0,sports,2.0
3,Juice & Smoothie,2024-04-12,34,2019-02-24,2023-01-01,True,3_Juice-Smoothie,university,4,13.5,concert,2.5185185185185186
3,Juice & Smoothie,2024-07-05,14,2019-02-24,2023-01-01,True,3_Juice-Smoothie,university,4,14.0,market,1.0
3,Juice & Smoothie,2023-01-28,10,2019-02-24,2023-01-01,True,3_Juice-Smoothie,university,5,9.0,market,1.1111111111111112
3,Juice & Smoothie,2023-03-04,15,2019-02-24,2023-01-01,True,3_Juice-Smoothie,university,5,7.5,market,2.0
3,Juice & Smoothie,2023-04-08,30,2019-02-24,2023-01-01,True,3_Juice-Smoothie,university,5,9.0,food_festival,3.0
3,Juice & Smoothie,2023-09-16,4,2019-02-24,2023-01-01,True,3_Juice-Smoothie,university,5,8.0,convention,0.5
3,Juice & Smoothie,2023-10-28,22,2019-02-24,2023-01-01,True,3_Juice-Smoothie,university,5,9.0,food_festival,2.4444444444444446
3,Juice & Smoothie,2023-12-23,19,2019-02-24,2023-01-01,True,3_Juice-Smoothie,university,5,9.5,cultural,2.0
3,Juice & Smoothie,2024-01-27,8,2019-02-24,2023-01-01,True,3_Juice-Smoothie,university,5,9.0,cultural,0.8888888888888888
3,Juice & Smoothie,2024-04-27,9,2019-02-24,2023-01-01,True,3_Juice-Smoothie,university,5,9.0,market,1.0
3,Juice & Smoothie,2024-06-08,9,2019-02-24,2023-01-01,True,3_Juice-Smoothie,university,5,9.0,cultural,1.0
3,Juice & Smoothie,2024-06-15,29,2019-02-24,2023-01-01,True,3_Juice-Smoothie,university,5,9.0,convention,3.0
3,Juice & Smoothie,2024-06-15,29,2019-02-24,2023-01-01,True,3_Juice-Smoothie,university,5,9.0,sports,3.0
3,Juice & Smoothie,2024-07-06,20,2019-02-24,2023-01-01,True,3_Juice-Smoothie,university,5,9.0,music_festival,2.2222222222222223
3,Juice & Smoothie,2024-10-12,5,2019-02-24,2023-01-01,True,3_Juice-Smoothie,university,5,9.0,cultural,0.5555555555555556
3,Juice & Smoothie,2023-04-02,16,2019-02-24,2023-01-01,True,3_Juice-Smoothie,university,6,8.0,sports,2.0
3,Juice & Smoothie,2023-05-07,20,2019-02-24,2023-01-01,True,3_Juice-Smoothie,university,6,8.5,concert,2.3529411764705883
3,Juice & Smoothie,2023-05-21,24,2019-02-24,2023-01-01,True,3_Juice-Smoothie,university,6,8.5,market,2.823529411764706
3,Juice & Smoothie,2023-06-11,26,2019-02-24,2023-01-01,True,3_Juice-Smoothie,university,6,9.0,market,2.888888888888889
3,Juice & Smoothie,2023-06-11,26,2019-02-24,2023-01-01,True,3_Juice-Smoothie,university,6,9.0,concert,2.888888888888889
3,Juice & Smoothie,2023-07-30,16,2019-02-24,2023-01-01,True,3_Juice-Smoothie,university,6,9.0,convention,1.7777777777777777
3,Juice & Smoothie,2023-10-22,18,2019-02-24,2023-01-01,True,3_Juice-Smoothie,university,6,9.0,market,2.0
3,Juice & Smoothie,2024-03-31,20,2019-02-24,2023-01-01,True,3_Juice-Smoothie,university,6,9.0,sports,2.2222222222222223
3,Juice & Smoothie,2024-05-12,9,2019-02-24,2023-01-01,True,3_Juice-Smoothie,university,6,10.0,convention,0.9
3,Juice & Smoothie,2024-10-13,18,2019-02-24,2023-01-01,True,3_Juice-Smoothie,university,6,9.0,convention,2.0
3,Merchandise,2023-02-06,7,2019-02-24,2023-01-01,True,3_Merchandise,university,0,9.0,market,0.7777777777777778
3,Merchandise,2023-03-13,11,2019-02-24,2023-01-01,True,3_Merchandise,university,0,7.0,market,1.5714285714285714
3,Merchandise,2023-04-10,30,2019-02-24,2023-01-01,True,3_Merchandise,university,0,7.0,cultural,3.0
3,Merchandise,2023-05-08,9,2019-02-24,2023-01-01,True,3_Merchandise,university,0,7.5,sports,1.2
3,Merchandise,2023-05-29,27,2019-02-24,2023-01-01,True,3_Merchandise,university,0,8.0,food_festival,3.0
3,Merchandise,2023-07-10,7,2019-02-24,2023-01-01,True,3_Merchandise,university,0,9.0,cultural,0.7777777777777778
3,Merchandise,2023-10-30,14,2019-02-24,2023-01-01,True,3_Merchandise,university,0,8.0,concert,1.75
3,Merchandise,2023-11-06,8,2019-02-24,2023-01-01,True,3_Merchandise,university,0,8.0,sports,1.0
3,Merchandise,2023-11-27,25,2019-02-24,2023-01-01,True,3_Merchandise,university,0,8.0,concert,3.0
3,Merchandise,2024-01-22,16,2019-02-24,2023-01-01,True,3_Merchandise,university,0,8.0,market,2.0
3,Merchandise,2024-02-05,10,2019-02-24,2023-01-01,True,3_Merchandise,university,0,9.0,convention,1.1111111111111112
3,Merchandise,2024-07-22,14,2019-02-24,2023-01-01,True,3_Merchandise,university,0,9.0,book_fair,1.5555555555555556
3,Merchandise,2024-08-26,6,2019-02-24,2023-01-01,True,3_Merchandise,university,0,8.5,cultural,0.7058823529411765
3,Merchandise,2024-09-02,6,2019-02-24,2023-01-01,True,3_Merchandise,university,0,8.0,sports,0.75
3,Merchandise,2023-06-06,6,2019-02-24,2023-01-01,True,3_Merchandise,university,1,7.0,food_festival,0.8571428571428571
3,Merchandise,2023-09-05,12,2019-02-24,2023-01-01,True,3_Merchandise,university,1,7.0,sports,1.7142857142857142
3,Merchandise,2023-09-19,13,2019-02-24,2023-01-01,True,3_Merchandise,university,1,7.0,food_festival,1.8571428571428572
3,Merchandise,2024-03-26,9,2019-02-24,2023-01-01,True,3_Merchandise,university,1,7.0,market,1.2857142857142858
3,Merchandise,2024-05-07,14,2019-02-24,2023-01-01,True,3_Merchandise,university,1,7.0,market,2.0
3,Merchandise,2024-06-18,6,2019-02-24,2023-01-01,True,3_Merchandise,university,1,7.0,music_festival,0.8571428571428571
3,Merchandise,2024-06-25,15,2019-02-24,2023-01-01,True,3_Merchandise,university,1,7.0,concert,2.142857142857143
3,Merchandise,2024-07-16,11,2019-02-24,2023-01-01,True,3_Merchandise,university,1,7.0,food_festival,1.5714285714285714
3,Merchandise,2023-06-21,5,2019-02-24,2023-01-01,True,3_Merchandise,university,2,8.0,cultural,0.625
3,Merchandise,2023-08-09,2,2019-02-24,2023-01-01,True,3_Merchandise,university,2,8.0,cultural,0.25
3,Merchandise,2023-08-23,9,2019-02-24,2023-01-01,True,3_Merchandise,university,2,7.0,food_festival,1.2857142857142858
3,Merchandise,2024-02-21,12,2019-02-24,2023-01-01,True,3_Merchandise,university,2,8.0,convention,1.5
3,Merchandise,2024-06-12,11,2019-02-24,2023-01-01,True,3_Merchandise,university,2,8.0,convention,1.375
3,Merchandise,2023-03-30,21,2019-02-24,2023-01-01,True,3_Merchandise,university,3,8.5,food_festival,2.4705882352941178
3,Merchandise,2023-05-18,8,2019-02-24,2023-01-01,True,3_Merchandise,university,3,9.0,food_festival,0.8888888888888888
3,Merchandise,2024-03-14,31,2019-02-24,2023-01-01,True,3_Merchandise,university,3,9.0,concert,3.0
3,Merchandise,2024-09-05,9,2019-02-24,2023-01-01,True,3_Merchandise,university,3,8.0,cultural,1.125
3,Merchandise,2024-10-03,8,2019-02-24,2023-01-01,True,3_Merchandise,university,3,8.0,market,1.0
3,Merchandise,2023-02-03,7,2019-02-24,2023-01-01,True,3_Merchandise,university,4,8.5,market,0.8235294117647058
3,Merchandise,2023-03-24,11,2019-02-24,2023-01-01,True,3_Merchandise,university,4,8.0,market,1.375
3,Merchandise,2023-04-28,22,2019-02-24,2023-01-01,True,3_Merchandise,university,4,9.0,food_festival,2.4444444444444446
3,Merchandise,2023-06-02,10,2019-02-24,2023-01-01,True,3_Merchandise,university,4,9.0,food_festival,1.1111111111111112
3,Merchandise,2023-07-14,6,2019-02-24,2023-01-01,True,3_Merchandise,university,4,8.0,market,0.75
3,Merchandise,2023-10-27,8,2019-02-24,2023-01-01,True,3_Merchandise,university,4,8.0,cultural,1.0
3,Merchandise,2023-12-01,13,2019-02-24,2023-01-01,True,3_Merchandise,university,4,8.0,book_fair,1.625
3,Merchandise,2023-12-01,13,2019-02-24,2023-01-01,True,3_Merchandise,university,4,8.0,market,1.625
3,Merchandise,2023-12-15,22,2019-02-24,2023-01-01,True,3_Merchandise,university,4,8.0,sports,2.75
3,Merchandise,2024-04-12,16,2019-02-24,2023-01-01,True,3_Merchandise,university,4,9.0,concert,1.7777777777777777
3,Merchandise,2024-07-05,10,2019-02-24,2023-01-01,True,3_Merchandise,university,4,9.0,market,1.1111111111111112
3,Merchandise,2023-01-28,6,2019-02-24,2023-01-01,True,3_Merchandise,university,5,11.0,market,0.5454545454545454
3,Merchandise,2023-03-04,5,2019-02-24,2023-01-01,True,3_Merchandise,university,5,6.5,market,0.7692307692307693
3,Merchandise,2023-04-08,14,2019-02-24,2023-01-01,True,3_Merchandise,university,5,6.0,food_festival,2.3333333333333335
3,Merchandise,2023-09-16,9,2019-02-24,2023-01-01,True,3_Merchandise,university,5,5.0,convention,1.8
3,Merchandise,2023-10-28,11,2019-02-24,2023-01-01,True,3_Merchandise,university,5,5.0,food_festival,2.2
3,Merchandise,2023-12-23,6,2019-02-24,2023-01-01,True,3_Merchandise,university,5,5.5,cultural,1.0909090909090908
3,Merchandise,2024-01-27,9,2019-02-24,2023-01-01,True,3_Merchandise,university,5,5.0,cultural,1.8
3,Merchandise,2024-04-27,11,2019-02-24,2023-01-01,True,3_Merchandise,university,5,6.0,market,1.8333333333333333
3,Merchandise,2024-06-08,5,2019-02-24,2023-01-01,True,3_Merchandise,university,5,6.0,cultural,0.8333333333333334
3,Merchandise,2024-06-15,12,2019-02-24,2023-01-01,True,3_Merchandise,university,5,6.0,convention,2.0
3,Merchandise,2024-06-15,12,2019-02-24,2023-01-01,True,3_Merchandise,university,5,6.0,sports,2.0
3,Merchandise,2024-07-06,10,2019-02-24,2023-01-01,True,3_Merchandise,university,5,6.0,music_festival,1.6666666666666667
3,Merchandise,2024-10-12,14,2019-02-24,2023-01-01,True,3_Merchandise,university,5,5.0,cultural,2.8
3,Merchandise,2023-04-02,7,2019-02-24,2023-01-01,True,3_Merchandise,university,6,6.0,sports,1.1666666666666667
3,Merchandise,2023-05-07,14,2019-02-24,2023-01-01,True,3_Merchandise,university,6,6.0,concert,2.3333333333333335
3,Merchandise,2023-05-21,11,2019-02-24,2023-01-01,True,3_Merchandise,university,6,6.0,market,1.8333333333333333
3,Merchandise,2023-06-11,10,2019-02-24,2023-01-01,True,3_Merchandise,university,6,6.0,market,1.6666666666666667
3,Merchandise,2023-06-11,10,2019-02-24,2023-01-01,True,3_Merchandise,university,6,6.0,concert,1.6666666666666667
3,Merchandise,2023-07-30,4,2019-02-24,2023-01-01,True,3_Merchandise,university,6,6.0,convention,0.6666666666666666
3,Merchandise,2023-10-22,9,2019-02-24,2023-01-01,True,3_Merchandise,university,6,6.0,market,1.5
3,Merchandise,2024-03-31,10,2019-02-24,2023-01-01,True,3_Merchandise,university,6,6.0,sports,1.6666666666666667
3,Merchandise,2024-05-12,7,2019-02-24,2023-01-01,True,3_Merchandise,university,6,6.0,convention,1.1666666666666667
3,Merchandise,2024-10-13,6,2019-02-24,2023-01-01,True,3_Merchandise,university,6,6.0,convention,1.0
3,Savory Bakery,2023-02-06,28,2019-02-24,2023-01-01,True,3_Savory-Bakery,university,0,37.0,market,0.7567567567567568
3,Savory Bakery,2023-03-13,52,2019-02-24,2023-01-01,True,3_Savory-Bakery,university,0,36.5,market,1.4246575342465753
3,Savory Bakery,2023-04-10,56,2019-02-24,2023-01-01,True,3_Savory-Bakery,university,0,36.5,cultural,1.5342465753424657
3,Savory Bakery,2023-05-08,24,2019-02-24,2023-01-01,True,3_Savory-Bakery,university,0,38.0,sports,0.631578947368421
3,Savory Bakery,2023-05-29,55,2019-02-24,2023-01-01,True,3_Savory-Bakery,university,0,38.0,food_festival,1.4473684210526316
3,Savory Bakery,2023-07-10,28,2019-02-24,2023-01-01,True,3_Savory-Bakery,university,0,37.0,cultural,0.7567567567567568
3,Savory Bakery,2023-10-30,67,2019-02-24,2023-01-01,True,3_Savory-Bakery,university,0,28.0,concert,2.392857142857143
3,Savory Bakery,2023-11-06,49,2019-02-24,2023-01-01,True,3_Savory-Bakery,university,0,29.0,sports,1.6896551724137931
3,Savory Bakery,2023-11-27,88,2019-02-24,2023-01-01,True,3_Savory-Bakery,university,0,30.0,concert,2.933333333333333
3,Savory Bakery,2024-01-22,48,2019-02-24,2023-01-01,True,3_Savory-Bakery,university,0,32.0,market,1.5
3,Savory Bakery,2024-02-05,55,2019-02-24,2023-01-01,True,3_Savory-Bakery,university,0,33.0,convention,1.6666666666666667
3,Savory Bakery,2024-07-22,32,2019-02-24,2023-01-01,True,3_Savory-Bakery,university,0,33.0,book_fair,0.9696969696969697
3,Savory Bakery,2024-08-26,22,2019-02-24,2023-01-01,True,3_Savory-Bakery,university,0,32.0,cultural,0.6875
3,Savory Bakery,2024-09-02,35,2019-02-24,2023-01-01,True,3_Savory-Bakery,university,0,32.0,sports,1.09375
3,Savory Bakery,2023-06-06,57,2019-02-24,2023-01-01,True,3_Savory-Bakery,university,1,36.0,food_festival,1.5833333333333333
3,Savory Bakery,2023-09-05,45,2019-02-24,2023-01-01,True,3_Savory-Bakery,university,1,33.0,sports,1.3636363636363635
3,Savory Bakery,2023-09-19,55,2019-02-24,2023-01-01,True,3_Savory-Bakery,university,1,34.0,food_festival,1.6176470588235294
3,Savory Bakery,2024-03-26,53,2019-02-24,2023-01-01,True,3_Savory-Bakery,university,1,33.0,market,1.606060606060606
3,Savory Bakery,2024-05-07,61,2019-02-24,2023-01-01,True,3_Savory-Bakery,university,1,34.0,market,1.7941176470588236
3,Savory Bakery,2024-06-18,35,2019-02-24,2023-01-01,True,3_Savory-Bakery,university,1,34.0,music_festival,1.0294117647058822
3,Savory Bakery,2024-06-25,42,2019-02-24,2023-01-01,True,3_Savory-Bakery,university,1,34.0,concert,1.2352941176470589
3,Savory Bakery,2024-07-16,20,2019-02-24,2023-01-01,True,3_Savory-Bakery,university,1,34.0,food_festival,0.5882352941176471
3,Savory Bakery,2023-06-21,23,2019-02-24,2023-01-01,True,3_Savory-Bakery,university,2,32.0,cultural,0.71875
3,Savory Bakery,2023-08-09,18,2019-02-24,2023-01-01,True,3_Savory-Bakery,university,2,26.0,cultural,0.6923076923076923
3,Savory Bakery,2023-08-23,50,2019-02-24,2023-01-01,True,3_Savory-Bakery,university,2,25.0,food_festival,2.0
3,Savory Bakery,2024-02-21,53,2019-02-24,2023-01-01,True,3_Savory-Bakery,university,2,27.0,convention,1.962962962962963
3,Savory Bakery,2024-06-12,26,2019-02-24,2023-01-01,True,3_Savory-Bakery,university,2,30.0,convention,0.8666666666666667
3,Savory Bakery,2023-03-30,54,2019-02-24,2023-01-01,True,3_Savory-Bakery,university,3,25.5,food_festival,2.1176470588235294
3,Savory Bakery,2023-05-18,51,2019-02-24,2023-01-01,True,3_Savory-Bakery,university,3,27.0,food_festival,1.8888888888888888
3,Savory Bakery,2024-03-14,103,2019-02-24,2023-01-01,True,3_Savory-Bakery,university,3,29.0,concert,3.0
3,Savory Bakery,2024-09-05,38,2019-02-24,2023-01-01,True,3_Savory-Bakery,university,3,28.0,cultural,1.3571428571428572
3,Savory Bakery,2024-10-03,43,2019-02-24,2023-01-01,True,3_Savory-Bakery,university,3,28.0,market,1.5357142857142858
3,Savory Bakery,2023-02-03,25,2019-02-24,2023-01-01,True,3_Savory-Bakery,university,4,28.0,market,0.8928571428571429
3,Savory Bakery,2023-03-24,49,2019-02-24,2023-01-01,True,3_Savory-Bakery,university,4,29.0,market,1.6896551724137931
3,Savory Bakery,2023-04-28,73,2019-02-24,2023-01-01,True,3_Savory-Bakery,university,4,31.0,food_festival,2.3548387096774195
3,Savory Bakery,2023-06-02,51,2019-02-24,2023-01-01,True,3_Savory-Bakery,university,4,31.0,food_festival,1.6451612903225807
3,Savory Bakery,2023-07-14,28,2019-02-24,2023-01-01,True,3_Savory-Bakery,university,4,29.0,market,0.9655172413793104
3,Savory Bakery,2023-10-27,37,2019-02-24,2023-01-01,True,3_Savory-Bakery,university,4,27.5,cultural,1.3454545454545455
3,Savory Bakery,2023-12-01,72,2019-02-24,2023-01-01,True,3_Savory-Bakery,university,4,28.0,book_fair,2.5714285714285716
3,Savory Bakery,2023-12-01,72,2019-02-24,2023-01-01,True,3_Savory-Bakery,university,4,28.0,market,2.5714285714285716
3,Savory Bakery,2023-12-15,63,2019-02-24,2023-01-01,True,3_Savory-Bakery,university,4,28.0,sports,2.25
3,Savory Bakery,2024-04-12,83,2019-02-24,2023-01-01,True,3_Savory-Bakery,university,4,29.0,concert,2.8620689655172415
3,Savory Bakery,2024-07-05,49,2019-02-24,2023-01-01,True,3_Savory-Bakery,university,4,29.0,market,1.6896551724137931
3,Savory Bakery,2023-01-28,35,2019-02-24,2023-01-01,True,3_Savory-Bakery,university,5,29.0,market,1.206896551724138
3,Savory Bakery,2023-03-04,29,2019-02-24,2023-01-01,True,3_Savory-Bakery,university,5,26.5,market,1.0943396226415094
3,Savory Bakery,2023-04-08,63,2019-02-24,2023-01-01,True,3_Savory-Bakery,university,5,23.0,food_festival,2.739130434782609
3,Savory Bakery,2023-09-16,19,2019-02-24,2023-01-01,True,3_Savory-Bakery,university,5,18.0,convention,1.0555555555555556
3,Savory Bakery,2023-10-28,55,2019-02-24,2023-01-01,True,3_Savory-Bakery,university,5,18.0,food_festival,3.0
3,Savory Bakery,2023-12-23,38,2019-02-24,2023-01-01,True,3_Savory-Bakery,university,5,19.0,cultural,2.0
3,Savory Bakery,2024-01-27,31,2019-02-24,2023-01-01,True,3_Savory-Bakery,university,5,19.0,cultural,1.631578947368421
3,Savory Bakery,2024-04-27,22,2019-02-24,2023-01-01,True,3_Savory-Bakery,university,5,20.5,market,1.0731707317073171
3,Savory Bakery,2024-06-08,30,2019-02-24,2023-01-01,True,3_Savory-Bakery,university,5,21.0,cultural,1.4285714285714286
3,Savory Bakery,2024-06-15,48,2019-02-24,2023-01-01,True,3_Savory-Bakery,university,5,21.0,convention,2.2857142857142856
3,Savory Bakery,2024-06-15,48,2019-02-24,2023-01-01,True,3_Savory-Bakery,university,5,21.0,sports,2.2857142857142856
3,Savory Bakery,2024-07-06,52,2019-02-24,2023-01-01,True,3_Savory-Bakery,university,5,21.0,music_festival,2.4761904761904763
3,Savory Bakery,2024-10-12,39,2019-02-24,2023-01-01,True,3_Savory-Bakery,university,5,21.0,cultural,1.8571428571428572
3,Savory Bakery,2023-04-02,32,2019-02-24,2023-01-01,True,3_Savory-Bakery,university,6,24.0,sports,1.3333333333333333
3,Savory Bakery,2023-05-07,38,2019-02-24,2023-01-01,True,3_Savory-Bakery,university,6,24.0,concert,1.5833333333333333
3,Savory Bakery,2023-05-21,26,2019-02-24,2023-01-01,True,3_Savory-Bakery,university,6,24.0,market,1.0833333333333333
3,Savory Bakery,2023-06-11,49,2019-02-24,2023-01-01,True,3_Savory-Bakery,university,6,24.0,market,2.0416666666666665
3,Savory Bakery,2023-06-11,49,2019-02-24,2023-01-01,True,3_Savory-Bakery,university,6,24.0,concert,2.0416666666666665
3,Savory Bakery,2023-07-30,22,2019-02-24,2023-01-01,True,3_Savory-Bakery,university,6,22.5,convention,0.9777777777777777
3,Savory Bakery,2023-10-22,42,2019-02-24,2023-01-01,True,3_Savory-Bakery,university,6,22.5,market,1.8666666666666667
3,Savory Bakery,2024-03-31,46,2019-02-24,2023-01-01,True,3_Savory-Bakery,university,6,23.0,sports,2.0
3,Savory Bakery,2024-05-12,32,2019-02-24,2023-01-01,True,3_Savory-Bakery,university,6,23.0,convention,1.391304347826087
3,Savory Bakery,2024-10-13,29,2019-02-24,2023-01-01,True,3_Savory-Bakery,university,6,22.0,convention,1.3181818181818181
3,Tea,2023-02-06,79,2019-02-24,2023-01-01,True,3_Tea,university,0,50.0,market,1.58
3,Tea,2023-03-13,54,2019-02-24,2023-01-01,True,3_Tea,university,0,50.5,market,1.0693069306930694
3,Tea,2023-04-10,101,2019-02-24,2023-01-01,True,3_Tea,university,0,52.0,cultural,1.9423076923076923
3,Tea,2023-05-08,50,2019-02-24,2023-01-01,True,3_Tea,university,0,56.0,sports,0.8928571428571429
3,Tea,2023-05-29,113,2019-02-24,2023-01-01,True,3_Tea,university,0,54.0,food_festival,2.0925925925925926
3,Tea,2023-07-10,43,2019-02-24,2023-01-01,True,3_Tea,university,0,51.0,cultural,0.8431372549019608
3,Tea,2023-10-30,88,2019-02-24,2023-01-01,True,3_Tea,university,0,50.0,concert,1.76
3,Tea,2023-11-06,76,2019-02-24,2023-01-01,True,3_Tea,university,0,50.0,sports,1.52
3,Tea,2023-11-27,113,2019-02-24,2023-01-01,True,3_Tea,university,0,50.0,concert,2.26
3,Tea,2024-01-22,51,2019-02-24,2023-01-01,True,3_Tea,university,0,50.0,market,1.02
3,Tea,2024-02-05,112,2019-02-24,2023-01-01,True,3_Tea,university,0,50.0,convention,2.24
3,Tea,2024-07-22,51,2019-02-24,2023-01-01,True,3_Tea,university,0,51.0,book_fair,1.0
3,Tea,2024-08-26,41,2019-02-24,2023-01-01,True,3_Tea,university,0,50.0,cultural,0.82
3,Tea,2024-09-02,50,2019-02-24,2023-01-01,True,3_Tea,university,0,50.0,sports,1.0
3,Tea,2023-06-06,75,2019-02-24,2023-01-01,True,3_Tea,university,1,50.5,food_festival,1.4851485148514851
3,Tea,2023-09-05,73,2019-02-24,2023-01-01,True,3_Tea,university,1,45.0,sports,1.6222222222222222
3,Tea,2023-09-19,72,2019-02-24,2023-01-01,True,3_Tea,university,1,48.0,food_festival,1.5
3,Tea,2024-03-26,78,2019-02-24,2023-01-01,True,3_Tea,university,1,48.0,market,1.625
3,Tea,2024-05-07,70,2019-02-24,2023-01-01,True,3_Tea,university,1,50.0,market,1.4
3,Tea,2024-06-18,49,2019-02-24,2023-01-01,True,3_Tea,university,1,50.0,music_festival,0.98
3,Tea,2024-06-25,47,2019-02-24,2023-01-01,True,3_Tea,university,1,50.0,concert,0.94
3,Tea,2024-07-16,43,2019-02-24,2023-01-01,True,3_Tea,university,1,49.0,food_festival,0.8775510204081632
3,Tea,2023-06-21,51,2019-02-24,2023-01-01,True,3_Tea,university,2,50.5,cultural,1.00990099009901
3,Tea,2023-08-09,35,2019-02-24,2023-01-01,True,3_Tea,university,2,43.0,cultural,0.813953488372093
3,Tea,2023-08-23,61,2019-02-24,2023-01-01,True,3_Tea,university,2,41.0,food_festival,1.4878048780487805
3,Tea,2024-02-21,95,2019-02-24,2023-01-01,True,3_Tea,university,2,46.0,convention,2.0652173913043477
3,Tea,2024-06-12,36,2019-02-24,2023-01-01,True,3_Tea,university,2,50.0,convention,0.72
3,Tea,2023-03-30,94,2019-02-24,2023-01-01,True,3_Tea,university,3,44.0,food_festival,2.1363636363636362
3,Tea,2023-05-18,97,2019-02-24,2023-01-01,True,3_Tea,university,3,49.0,food_festival,1.9795918367346939
3,Tea,2024-03-14,171,2019-02-24,2023-01-01,True,3_Tea,university,3,46.0,concert,3.0
3,Tea,2024-09-05,73,2019-02-24,2023-01-01,True,3_Tea,university,3,46.0,cultural,1.5869565217391304
3,Tea,2024-10-03,53,2019-02-24,2023-01-01,True,3_Tea,university,3,46.0,market,1.1521739130434783
3,Tea,2023-02-03,50,2019-02-24,2023-01-01,True,3_Tea,university,4,49.5,market,1.0101010101010102
3,Tea,2023-03-24,61,2019-02-24,2023-01-01,True,3_Tea,university,4,48.0,market,1.2708333333333333
3,Tea,2023-04-28,126,2019-02-24,2023-01-01,True,3_Tea,university,4,53.0,food_festival,2.3773584905660377
3,Tea,2023-06-02,71,2019-02-24,2023-01-01,True,3_Tea,university,4,50.0,food_festival,1.42
3,Tea,2023-07-14,40,2019-02-24,2023-01-01,True,3_Tea,university,4,48.0,market,0.8333333333333334
3,Tea,2023-10-27,41,2019-02-24,2023-01-01,True,3_Tea,university,4,47.0,cultural,0.8723404255319149
3,Tea,2023-12-01,103,2019-02-24,2023-01-01,True,3_Tea,university,4,46.0,book_fair,2.239130434782609
3,Tea,2023-12-01,103,2019-02-24,2023-01-01,True,3_Tea,university,4,46.0,market,2.239130434782609
3,Tea,2023-12-15,98,2019-02-24,2023-01-01,True,3_Tea,university,4,48.0,sports,2.0416666666666665
3,Tea,2024-04-12,128,2019-02-24,2023-01-01,True,3_Tea,university,4,48.0,concert,2.6666666666666665
3,Tea,2024-07-05,81,2019-02-24,2023-01-01,True,3_Tea,university,4,48.0,market,1.6875
3,Tea,2023-01-28,52,2019-02-24,2023-01-01,True,3_Tea,university,5,45.0,market,1.1555555555555554
3,Tea,2023-03-04,34,2019-02-24,2023-01-01,True,3_Tea,university,5,41.5,market,0.8192771084337349
3,Tea,2023-04-08,119,2019-02-24,2023-01-01,True,3_Tea,university,5,35.0,food_festival,3.0
3,Tea,2023-09-16,61,2019-02-24,2023-01-01,True,3_Tea,university,5,32.5,convention,1.876923076923077
3,Tea,2023-10-28,47,2019-02-24,2023-01-01,True,3_Tea,university,5,33.5,food_festival,1.4029850746268657
3,Tea,2023-12-23,37,2019-02-24,2023-01-01,True,3_Tea,university,5,34.0,cultural,1.088235294117647
3,Tea,2024-01-27,51,2019-02-24,2023-01-01,True,3_Tea,university,5,34.0,cultural,1.5
3,Tea,2024-04-27,47,2019-02-24,2023-01-01,True,3_Tea,university,5,35.0,market,1.3428571428571427
3,Tea,2024-06-08,37,2019-02-24,2023-01-01,True,3_Tea,university,5,35.0,cultural,1.0571428571428572
3,Tea,2024-06-15,60,2019-02-24,2023-01-01,True,3_Tea,university,5,35.0,convention,1.7142857142857142
3,Tea,2024-06-15,60,2019-02-24,2023-01-01,True,3_Tea,university,5,35.0,sports,1.7142857142857142
3,Tea,2024-07-06,87,2019-02-24,2023-01-01,True,3_Tea,university,5,35.0,music_festival,2.4857142857142858
3,Tea,2024-10-12,42,2019-02-24,2023-01-01,True,3_Tea,university,5,35.0,cultural,1.2
3,Tea,2023-04-02,47,2019-02-24,2023-01-01,True,3_Tea,university,6,36.0,sports,1.3055555555555556
3,Tea,2023-05-07,78,2019-02-24,2023-01-01,True,3_Tea,university,6,39.0,concert,2.0
3,Tea,2023-05-21,68,2019-02-24,2023-01-01,True,3_Tea,university,6,39.0,market,1.7435897435897436
3,Tea,2023-06-11,63,2019-02-24,2023-01-01,True,3_Tea,university,6,36.0,market,1.75
3,Tea,2023-06-11,63,2019-02-24,2023-01-01,True,3_Tea,university,6,36.0,concert,1.75
3,Tea,2023-07-30,26,2019-02-24,2023-01-01,True,3_Tea,university,6,35.0,convention,0.7428571428571429
3,Tea,2023-10-22,40,2019-02-24,2023-01-01,True,3_Tea,university,6,33.5,market,1.1940298507462686
3,Tea,2024-03-31,74,2019-02-24,2023-01-01,True,3_Tea,university,6,36.0,sports,2.0555555555555554
3,Tea,2024-05-12,87,2019-02-24,2023-01-01,True,3_Tea,university,6,36.0,convention,2.4166666666666665
3,Tea,2024-10-13,49,2019-02-24,2023-01-01,True,3_Tea,university,6,34.0,convention,1.4411764705882353
4,Bakery,2023-02-06,18,2017-06-23,2023-01-01,True,4_Bakery,hospital,0,21.0,music_festival,0.8571428571428571
4,Bakery,2023-03-13,25,2017-06-23,2023-01-01,True,4_Bakery,hospital,0,19.0,cultural,1.3157894736842106
4,Bakery,2023-06-19,18,2017-06-23,2023-01-01,True,4_Bakery,hospital,0,20.5,convention,0.8780487804878049
4,Bakery,2024-01-15,24,2017-06-23,2023-01-01,True,4_Bakery,hospital,0,19.5,convention,1.2307692307692308
4,Bakery,2024-04-01,16,2017-06-23,2023-01-01,True,4_Bakery,hospital,0,20.0,sports,0.8
4,Bakery,2024-04-01,16,2017-06-23,2023-01-01,True,4_Bakery,hospital,0,20.0,convention,0.8
4,Bakery,2024-06-17,7,2017-06-23,2023-01-01,True,4_Bakery,hospital,0,18.5,music_festival,0.3783783783783784
4,Bakery,2024-08-26,13,2017-06-23,2023-01-01,True,4_Bakery,hospital,0,18.0,sports,0.7222222222222222
4,Bakery,2024-09-30,15,2017-06-23,2023-01-01,True,4_Bakery,hospital,0,18.0,market,0.8333333333333334
4,Bakery,2023-02-21,9,2017-06-23,2023-01-01,True,4_Bakery,hospital,1,17.0,sports,0.5294117647058824
4,Bakery,2023-05-09,12,2017-06-23,2023-01-01,True,4_Bakery,hospital,1,18.5,concert,0.6486486486486487
4,Bakery,2023-07-04,26,2017-06-23,2023-01-01,True,4_Bakery,hospital,1,17.0,market,1.5294117647058822
4,Bakery,2023-08-15,21,2017-06-23,2023-01-01,True,4_Bakery,hospital,1,16.5,music_festival,1.2727272727272727
4,Bakery,2024-06-18,15,2017-06-23,2023-01-01,True,4_Bakery,hospital,1,17.0,sports,0.8823529411764706
4,Bakery,2023-01-11,15,2017-06-23,2023-01-01,True,4_Bakery,hospital,2,20.0,sports,0.75
4,Bakery,2023-03-22,25,2017-06-23,2023-01-01,True,4_Bakery,hospital,2,23.0,concert,1.0869565217391304
4,Bakery,2023-05-10,40,2017-06-23,2023-01-01,True,4_Bakery,hospital,2,23.5,convention,1.702127659574468
4,Bakery,2023-06-14,12,2017-06-23,2023-01-01,True,4_Bakery,hospital,2,23.0,sports,0.5217391304347826
4,Bakery,2023-11-01,35,2017-06-23,2023-01-01,True,4_Bakery,hospital,2,20.0,food_festival,1.75
4,Bakery,2023-11-29,21,2017-06-23,2023-01-01,True,4_Bakery,hospital,2,20.0,cultural,1.05
4,Bakery,2024-04-24,27,2017-06-23,2023-01-01,True,4_Bakery,hospital,2,20.0,music_festival,1.35
4,Bakery,2024-05-15,46,2017-06-23,2023-01-01,True,4_Bakery,hospital,2,20.0,food_festival,2.3
4,Bakery,2024-07-17,19,2017-06-23,2023-01-01,True,4_Bakery,hospital,2,20.0,music_festival,0.95
4,Bakery,2023-02-09,32,2017-06-23,2023-01-01,True,4_Bakery,hospital,3,20.0,market,1.6
4,Bakery,2023-03-09,30,2017-06-23,2023-01-01,True,4_Bakery,hospital,3,25.0,cultural,1.2
4,Bakery,2023-03-09,30,2017-06-23,2023-01-01,True,4_Bakery,hospital,3,25.0,book_fair,1.2
4,Bakery,2023-10-12,10,2017-06-23,2023-01-01,True,4_Bakery,hospital,3,20.0,convention,0.5
4,Bakery,2023-10-26,30,2017-06-23,2023-01-01,True,4_Bakery,hospital,3,19.5,food_festival,1.5384615384615385
4,Bakery,2023-11-02,36,2017-06-23,2023-01-01,True,4_Bakery,hospital,3,20.0,market,1.8
4,Bakery,2023-11-02,36,2017-06-23,2023-01-01,True,4_Bakery,hospital,3,20.0,food_festival,1.8
4,Bakery,2023-11-16,28,2017-06-23,2023-01-01,True,4_Bakery,hospital,3,20.0,food_festival,1.4
4,Bakery,2023-11-30,9,2017-06-23,2023-01-01,True,4_Bakery,hospital,3,20.0,sports,0.45
4,Bakery,2024-01-11,12,2017-06-23,2023-01-01,True,4_Bakery,hospital,3,20.0,sports,0.6
4,Bakery,2024-05-16,14,2017-06-23,2023-01-01,True,4_Bakery,hospital,3,19.0,sports,0.7368421052631579
4,Bakery,2024-05-16,14,2017-06-23,2023-01-01,True,4_Bakery,hospital,3,19.0,book_fair,0.7368421052631579
4,Bakery,2024-05-23,9,2017-06-23,2023-01-01,True,4_Bakery,hospital,3,19.0,market,0.47368421052631576
4,Bakery,2024-08-08,26,2017-06-23,2023-01-01,True,4_Bakery,hospital,3,18.0,cultural,1.4444444444444444
4,Bakery,2024-10-17,14,2017-06-23,2023-01-01,True,4_Bakery,hospital,3,18.0,book_fair,0.7777777777777778
4,Bakery,2023-03-17,51,2017-06-23,2023-01-01,True,4_Bakery,hospital,4,16.5,food_festival,3.0
4,Bakery,2023-03-24,51,2017-06-23,2023-01-01,True,4_Bakery,hospital,4,18.0,market,2.8333333333333335
4,Bakery,2023-06-16,6,2017-06-23,2023-01-01,True,4_Bakery,hospital,4,18.0,book_fair,0.3333333333333333
4,Bakery,2023-07-14,27,2017-06-23,2023-01-01,True,4_Bakery,hospital,4,18.0,market,1.5
4,Bakery,2023-09-01,16,2017-06-23,2023-01-01,True,4_Bakery,hospital,4,17.5,sports,0.9142857142857143
4,Bakery,2023-10-20,16,2017-06-23,2023-01-01,True,4_Bakery,hospital,4,18.0,market,0.8888888888888888
4,Bakery,2023-12-08,15,2017-06-23,2023-01-01,True,4_Bakery,hospital,4,18.0,sports,0.8333333333333334
4,Bakery,2024-05-03,36,2017-06-23,2023-01-01,True,4_Bakery,hospital,4,19.0,market,1.894736842105263
4,Bakery,2024-07-12,22,2017-06-23,2023-01-01,True,4_Bakery,hospital,4,19.0,concert,1.1578947368421053
4,Bakery,2024-09-13,47,2017-06-23,2023-01-01,True,4_Bakery,hospital,4,18.0,food_festival,2.611111111111111
4,Bakery,2024-09-13,47,2017-06-23,2023-01-01,True,4_Bakery,hospital,4,18.0,cultural,2.611111111111111
4,Bakery,2023-01-21,21,2017-06-23,2023-01-01,True,4_Bakery,hospital,5,19.0,sports,1.105263157894737
4,Bakery,2023-08-05,11,2017-06-23,2023-01-01,True,4_Bakery,hospital,5,20.5,market,0.5365853658536586
4,Bakery,2023-10-14,50,2017-06-23,2023-01-01,True,4_Bakery,hospital,5,20.5,food_festival,2.4390243902439024
4,Bakery,2024-03-16,26,2017-06-23,2023-01-01,True,4_Bakery,hospital,5,21.0,cultural,1.2380952380952381
4,Bakery,2024-03-30,29,2017-06-23,2023-01-01,True,4_Bakery,hospital,5,21.0,food_festival,1.380952380952381
4,Bakery,2024-04-27,38,2017-06-23,2023-01-01,True,4_Bakery,hospital,5,21.0,book_fair,1.8095238095238095
4,Bakery,2024-06-08,12,2017-06-23,2023-01-01,True,4_Bakery,hospital,5,21.0,food_festival,0.5714285714285714
4,Bakery,2024-07-20,14,2017-06-23,2023-01-01,True,4_Bakery,hospital,5,21.0,music_festival,0.6666666666666666
4,Bakery,2024-08-03,21,2017-06-23,2023-01-01,True,4_Bakery,hospital,5,21.0,music_festival,1.0
4,Bakery,2024-10-05,79,2017-06-23,2023-01-01,True,4_Bakery,hospital,5,21.0,food_festival,3.0
4,Bakery,2024-10-05,79,2017-06-23,2023-01-01,True,4_Bakery,hospital,5,21.0,food_festival,3.0
4,Bakery,2023-04-30,45,2017-06-23,2023-01-01,True,4_Bakery,hospital,6,21.0,music_festival,2.142857142857143
4,Bakery,2023-05-14,33,2017-06-23,2023-01-01,True,4_Bakery,hospital,6,21.0,food_festival,1.5714285714285714
4,Bakery,2023-06-11,15,2017-06-23,2023-01-01,True,4_Bakery,hospital,6,21.0,concert,0.7142857142857143
4,Bakery,2023-11-12,23,2017-06-23,2023-01-01,True,4_Bakery,hospital,6,17.0,convention,1.3529411764705883
4,Bakery,2024-04-07,11,2017-06-23,2023-01-01,True,4_Bakery,hospital,6,18.0,sports,0.6111111111111112
4,Bakery,2024-05-05,28,2017-06-23,2023-01-01,True,4_Bakery,hospital,6,18.0,market,1.5555555555555556
4,Bakery,2024-05-12,29,2017-06-23,2023-01-01,True,4_Bakery,hospital,6,18.0,market,1.6111111111111112
4,Bakery,2024-06-23,12,2017-06-23,2023-01-01,True,4_Bakery,hospital,6,18.0,music_festival,0.6666666666666666
4,Bakery,2024-07-14,15,2017-06-23,2023-01-01,True,4_Bakery,hospital,6,18.0,cultural,0.8333333333333334
4,Bakery,2024-09-22,21,2017-06-23,2023-01-01,True,4_Bakery,hospital,6,18.0,sports,1.1666666666666667
4,Chocolate & Milk,2023-02-06,6,2017-06-23,2023-01-01,True,4_Chocolate-Milk,hospital,0,11.0,music_festival,0.5454545454545454
4,Chocolate & Milk,2023-03-13,15,2017-06-23,2023-01-01,True,4_Chocolate-Milk,hospital,0,11.0,cultural,1.3636363636363635
4,Chocolate & Milk,2023-06-19,7,2017-06-23,2023-01-01,True,4_Chocolate-Milk,hospital,0,10.5,convention,0.6666666666666666
4,Chocolate & Milk,2024-01-15,16,2017-06-23,2023-01-01,True,4_Chocolate-Milk,hospital,0,10.0,convention,1.6
4,Chocolate & Milk,2024-04-01,12,2017-06-23,2023-01-01,True,4_Chocolate-Milk,hospital,0,10.0,sports,1.2
4,Chocolate & Milk,2024-04-01,12,2017-06-23,2023-01-01,True,4_Chocolate-Milk,hospital,0,10.0,convention,1.2
4,Chocolate & Milk,2024-06-17,10,2017-06-23,2023-01-01,True,4_Chocolate-Milk,hospital,0,10.5,music_festival,0.9523809523809523
4,Chocolate & Milk,2024-08-26,2,2017-06-23,2023-01-01,True,4_Chocolate-Milk,hospital,0,10.0,sports,0.25
4,Chocolate & Milk,2024-09-30,11,2017-06-23,2023-01-01,True,4_Chocolate-Milk,hospital,0,10.0,market,1.1
4,Chocolate & Milk,2023-02-21,4,2017-06-23,2023-01-01,True,4_Chocolate-Milk,hospital,1,8.0,sports,0.5
4,Chocolate & Milk,2023-05-09,13,2017-06-23,2023-01-01,True,4_Chocolate-Milk,hospital,1,8.5,concert,1.5294117647058822
4,Chocolate & Milk,2023-07-04,11,2017-06-23,2023-01-01,True,4_Chocolate-Milk,hospital,1,8.5,market,1.2941176470588236
4,Chocolate & Milk,2023-08-15,6,2017-06-23,2023-01-01,True,4_Chocolate-Milk,hospital,1,8.5,music_festival,0.7058823529411765
4,Chocolate & Milk,2024-06-18,7,2017-06-23,2023-01-01,True,4_Chocolate-Milk,hospital,1,10.0,sports,0.7
4,Chocolate & Milk,2023-01-11,5,2017-06-23,2023-01-01,True,4_Chocolate-Milk,hospital,2,12.0,sports,0.4166666666666667
4,Chocolate & Milk,2023-03-22,22,2017-06-23,2023-01-01,True,4_Chocolate-Milk,hospital,2,14.0,concert,1.5714285714285714
4,Chocolate & Milk,2023-05-10,12,2017-06-23,2023-01-01,True,4_Chocolate-Milk,hospital,2,12.0,convention,1.0
4,Chocolate & Milk,2023-06-14,6,2017-06-23,2023-01-01,True,4_Chocolate-Milk,hospital,2,12.0,sports,0.5
4,Chocolate & Milk,2023-11-01,16,2017-06-23,2023-01-01,True,4_Chocolate-Milk,hospital,2,10.0,food_festival,1.6
4,Chocolate & Milk,2023-11-29,18,2017-06-23,2023-01-01,True,4_Chocolate-Milk,hospital,2,10.0,cultural,1.8
4,Chocolate & Milk,2024-04-24,10,2017-06-23,2023-01-01,True,4_Chocolate-Milk,hospital,2,10.0,music_festival,1.0
4,Chocolate & Milk,2024-05-15,16,2017-06-23,2023-01-01,True,4_Chocolate-Milk,hospital,2,10.0,food_festival,1.6
4,Chocolate & Milk,2024-07-17,5,2017-06-23,2023-01-01,True,4_Chocolate-Milk,hospital,2,10.0,music_festival,0.5
4,Chocolate & Milk,2023-02-09,11,2017-06-23,2023-01-01,True,4_Chocolate-Milk,hospital,3,15.0,market,0.7333333333333333
4,Chocolate & Milk,2023-03-09,17,2017-06-23,2023-01-01,True,4_Chocolate-Milk,hospital,3,15.0,cultural,1.1333333333333333
4,Chocolate & Milk,2023-03-09,17,2017-06-23,2023-01-01,True,4_Chocolate-Milk,hospital,3,15.0,book_fair,1.1333333333333333
4,Chocolate & Milk,2023-10-12,8,2017-06-23,2023-01-01,True,4_Chocolate-Milk,hospital,3,10.5,convention,0.7619047619047619
4,Chocolate & Milk,2023-10-26,14,2017-06-23,2023-01-01,True,4_Chocolate-Milk,hospital,3,10.0,food_festival,1.4
4,Chocolate & Milk,2023-11-02,38,2017-06-23,2023-01-01,True,4_Chocolate-Milk,hospital,3,10.0,market,3.0
4,Chocolate & Milk,2023-11-02,38,2017-06-23,2023-01-01,True,4_Chocolate-Milk,hospital,3,10.0,food_festival,3.0
4,Chocolate & Milk,2023-11-16,24,2017-06-23,2023-01-01,True,4_Chocolate-Milk,hospital,3,10.0,food_festival,2.4
4,Chocolate & Milk,2023-11-30,7,2017-06-23,2023-01-01,True,4_Chocolate-Milk,hospital,3,10.0,sports,0.7
4,Chocolate & Milk,2024-01-11,11,2017-06-23,2023-01-01,True,4_Chocolate-Milk,hospital,3,10.0,sports,1.1
4,Chocolate & Milk,2024-05-16,8,2017-06-23,2023-01-01,True,4_Chocolate-Milk,hospital,3,11.0,sports,0.7272727272727273
4,Chocolate & Milk,2024-05-16,8,2017-06-23,2023-01-01,True,4_Chocolate-Milk,hospital,3,11.0,book_fair,0.7272727272727273
4,Chocolate & Milk,2024-05-23,9,2017-06-23,2023-01-01,True,4_Chocolate-Milk,hospital,3,10.5,market,0.8571428571428571
4,Chocolate & Milk,2024-08-08,8,2017-06-23,2023-01-01,True,4_Chocolate-Milk,hospital,3,10.0,cultural,0.8
4,Chocolate & Milk,2024-10-17,5,2017-06-23,2023-01-01,True,4_Chocolate-Milk,hospital,3,10.0,book_fair,0.5
4,Chocolate & Milk,2023-03-17,13,2017-06-23,2023-01-01,True,4_Chocolate-Milk,hospital,4,8.5,food_festival,1.5294117647058822
4,Chocolate & Milk,2023-03-24,16,2017-06-23,2023-01-01,True,4_Chocolate-Milk,hospital,4,9.0,market,1.7777777777777777
4,Chocolate & Milk,2023-06-16,11,2017-06-23,2023-01-01,True,4_Chocolate-Milk,hospital,4,9.0,book_fair,1.2222222222222223
4,Chocolate & Milk,2023-07-14,11,2017-06-23,2023-01-01,True,4_Chocolate-Milk,hospital,4,9.0,market,1.2222222222222223
4,Chocolate & Milk,2023-09-01,14,2017-06-23,2023-01-01,True,4_Chocolate-Milk,hospital,4,9.0,sports,1.5555555555555556
4,Chocolate & Milk,2023-10-20,6,2017-06-23,2023-01-01,True,4_Chocolate-Milk,hospital,4,9.0,market,0.6666666666666666
4,Chocolate & Milk,2023-12-08,12,2017-06-23,2023-01-01,True,4_Chocolate-Milk,hospital,4,9.5,sports,1.263157894736842
4,Chocolate & Milk,2024-05-03,22,2017-06-23,2023-01-01,True,4_Chocolate-Milk,hospital,4,11.0,market,2.0
4,Chocolate & Milk,2024-07-12,17,2017-06-23,2023-01-01,True,4_Chocolate-Milk,hospital,4,10.0,concert,1.7
4,Chocolate & Milk,2024-09-13,21,2017-06-23,2023-01-01,True,4_Chocolate-Milk,hospital,4,10.0,food_festival,2.1
4,Chocolate & Milk,2024-09-13,21,2017-06-23,2023-01-01,True,4_Chocolate-Milk,hospital,4,10.0,cultural,2.1
4,Chocolate & Milk,2023-01-21,20,2017-06-23,2023-01-01,True,4_Chocolate-Milk,hospital,5,11.0,sports,1.8181818181818181
4,Chocolate & Milk,2023-08-05,10,2017-06-23,2023-01-01,True,4_Chocolate-Milk,hospital,5,10.0,market,1.0
4,Chocolate & Milk,2023-10-14,19,2017-06-23,2023-01-01,True,4_Chocolate-Milk,hospital,5,10.0,food_festival,1.9
4,Chocolate & Milk,2024-03-16,14,2017-06-23,2023-01-01,True,4_Chocolate-Milk,hospital,5,11.0,cultural,1.2727272727272727
4,Chocolate & Milk,2024-03-30,19,2017-06-23,2023-01-01,True,4_Chocolate-Milk,hospital,5,11.0,food_festival,1.7272727272727273
4,Chocolate & Milk,2024-04-27,19,2017-06-23,2023-01-01,True,4_Chocolate-Milk,hospital,5,11.0,book_fair,1.7272727272727273
4,Chocolate & Milk,2024-06-08,21,2017-06-23,2023-01-01,True,4_Chocolate-Milk,hospital,5,11.0,food_festival,1.9090909090909092
4,Chocolate & Milk,2024-07-20,17,2017-06-23,2023-01-01,True,4_Chocolate-Milk,hospital,5,11.0,music_festival,1.5454545454545454
4,Chocolate & Milk,2024-08-03,9,2017-06-23,2023-01-01,True,4_Chocolate-Milk,hospital,5,11.0,music_festival,0.8181818181818182
4,Chocolate & Milk,2024-10-05,17,2017-06-23,2023-01-01,True,4_Chocolate-Milk,hospital,5,10.0,food_festival,1.7
4,Chocolate & Milk,2024-10-05,17,2017-06-23,2023-01-01,True,4_Chocolate-Milk,hospital,5,10.0,food_festival,1.7
4,Chocolate & Milk,2023-04-30,13,2017-06-23,2023-01-01,True,4_Chocolate-Milk,hospital,6,12.0,music_festival,1.0833333333333333
4,Chocolate & Milk,2023-05-14,24,2017-06-23,2023-01-01,True,4_Chocolate-Milk,hospital,6,12.0,food_festival,2.0
4,Chocolate & Milk,2023-06-11,5,2017-06-23,2023-01-01,True,4_Chocolate-Milk,hospital,6,12.0,concert,0.4166666666666667
4,Chocolate & Milk,2023-11-12,5,2017-06-23,2023-01-01,True,4_Chocolate-Milk,hospital,6,9.0,convention,0.5555555555555556
4,Chocolate & Milk,2024-04-07,18,2017-06-23,2023-01-01,True,4_Chocolate-Milk,hospital,6,10.0,sports,1.8
4,Chocolate & Milk,2024-05-05,15,2017-06-23,2023-01-01,True,4_Chocolate-Milk,hospital,6,10.0,market,1.5
4,Chocolate & Milk,2024-05-12,12,2017-06-23,2023-01-01,True,4_Chocolate-Milk,hospital,6,10.0,market,1.2
4,Chocolate & Milk,2024-06-23,6,2017-06-23,2023-01-01,True,4_Chocolate-Milk,hospital,6,10.0,music_festival,0.6
4,Chocolate & Milk,2024-07-14,3,2017-06-23,2023-01-01,True,4_Chocolate-Milk,hospital,6,10.0,cultural,0.3
4,Chocolate & Milk,2024-09-22,4,2017-06-23,2023-01-01,True,4_Chocolate-Milk,hospital,6,10.0,sports,0.4
4,Coffee,2023-02-06,91,2017-06-23,2023-01-01,True,4_Coffee,hospital,0,103.0,music_festival,0.883495145631068
4,Coffee,2023-03-13,117,2017-06-23,2023-01-01,True,4_Coffee,hospital,0,78.0,cultural,1.5
4,Coffee,2023-06-19,39,2017-06-23,2023-01-01,True,4_Coffee,hospital,0,85.5,convention,0.45614035087719296
4,Coffee,2024-01-15,86,2017-06-23,2023-01-01,True,4_Coffee,hospital,0,83.0,convention,1.036144578313253
4,Coffee,2024-04-01,86,2017-06-23,2023-01-01,True,4_Coffee,hospital,0,82.0,sports,1.048780487804878
4,Coffee,2024-04-01,86,2017-06-23,2023-01-01,True,4_Coffee,hospital,0,82.0,convention,1.048780487804878
4,Coffee,2024-06-17,26,2017-06-23,2023-01-01,True,4_Coffee,hospital,0,81.5,music_festival,0.31901840490797545
4,Coffee,2024-08-26,32,2017-06-23,2023-01-01,True,4_Coffee,hospital,0,79.0,sports,0.4050632911392405
4,Coffee,2024-09-30,77,2017-06-23,2023-01-01,True,4_Coffee,hospital,0,79.0,market,0.9746835443037974
4,Coffee,2023-02-21,76,2017-06-23,2023-01-01,True,4_Coffee,hospital,1,97.0,sports,0.7835051546391752
4,Coffee,2023-05-09,69,2017-06-23,2023-01-01,True,4_Coffee,hospital,1,95.0,concert,0.7263157894736842
4,Coffee,2023-07-04,126,2017-06-23,2023-01-01,True,4_Coffee,hospital,1,85.0,market,1.4823529411764707
4,Coffee,2023-08-15,66,2017-06-23,2023-01-01,True,4_Coffee,hospital,1,80.0,music_festival,0.825
4,Coffee,2024-06-18,41,2017-06-23,2023-01-01,True,4_Coffee,hospital,1,76.0,sports,0.5394736842105263
4,Coffee,2023-01-11,60,2017-06-23,2023-01-01,True,4_Coffee,hospital,2,88.0,sports,0.6818181818181818
4,Coffee,2023-03-22,97,2017-06-23,2023-01-01,True,4_Coffee,hospital,2,92.0,concert,1.0543478260869565
4,Coffee,2023-05-10,92,2017-06-23,2023-01-01,True,4_Coffee,hospital,2,93.0,convention,0.989247311827957
4,Coffee,2023-06-14,65,2017-06-23,2023-01-01,True,4_Coffee,hospital,2,92.0,sports,0.7065217391304348
4,Coffee,2023-11-01,111,2017-06-23,2023-01-01,True,4_Coffee,hospital,2,81.0,food_festival,1.3703703703703705
4,Coffee,2023-11-29,79,2017-06-23,2023-01-01,True,4_Coffee,hospital,2,82.0,cultural,0.9634146341463414
4,Coffee,2024-04-24,106,2017-06-23,2023-01-01,True,4_Coffee,hospital,2,82.5,music_festival,1.284848484848485
4,Coffee,2024-05-15,176,2017-06-23,2023-01-01,True,4_Coffee,hospital,2,83.0,food_festival,2.1204819277108435
4,Coffee,2024-07-17,53,2017-06-23,2023-01-01,True,4_Coffee,hospital,2,80.0,music_festival,0.6625
4,Coffee,2023-02-09,119,2017-06-23,2023-01-01,True,4_Coffee,hospital,3,89.0,market,1.3370786516853932
4,Coffee,2023-03-09,120,2017-06-23,2023-01-01,True,4_Coffee,hospital,3,92.0,cultural,1.3043478260869565
4,Coffee,2023-03-09,120,2017-06-23,2023-01-01,True,4_Coffee,hospital,3,92.0,book_fair,1.3043478260869565
4,Coffee,2023-10-12,66,2017-06-23,2023-01-01,True,4_Coffee,hospital,3,75.0,convention,0.88
4,Coffee,2023-10-26,130,2017-06-23,2023-01-01,True,4_Coffee,hospital,3,73.5,food_festival,1.7687074829931972
4,Coffee,2023-11-02,176,2017-06-23,2023-01-01,True,4_Coffee,hospital,3,74.0,market,2.3783783783783785
4,Coffee,2023-11-02,176,2017-06-23,2023-01-01,True,4_Coffee,hospital,3,74.0,food_festival,2.3783783783783785
4,Coffee,2023-11-16,133,2017-06-23,2023-01-01,True,4_Coffee,hospital,3,74.0,food_festival,1.7972972972972974
4,Coffee,2023-11-30,38,2017-06-23,2023-01-01,True,4_Coffee,hospital,3,76.0,sports,0.5
4,Coffee,2024-01-11,53,2017-06-23,2023-01-01,True,4_Coffee,hospital,3,79.0,sports,0.6708860759493671
4,Coffee,2024-05-16,64,2017-06-23,2023-01-01,True,4_Coffee,hospital,3,81.0,sports,0.7901234567901234
4,Coffee,2024-05-16,64,2017-06-23,2023-01-01,True,4_Coffee,hospital,3,81.0,book_fair,0.7901234567901234
4,Coffee,2024-05-23,69,2017-06-23,2023-01-01,True,4_Coffee,hospital,3,80.0,market,0.8625
4,Coffee,2024-08-08,84,2017-06-23,2023-01-01,True,4_Coffee,hospital,3,73.0,cultural,1.1506849315068493
4,Coffee,2024-10-17,63,2017-06-23,2023-01-01,True,4_Coffee,hospital,3,72.0,book_fair,0.875
4,Coffee,2023-03-17,151,2017-06-23,2023-01-01,True,4_Coffee,hospital,4,80.5,food_festival,1.875776397515528
4,Coffee,2023-03-24,153,2017-06-23,2023-01-01,True,4_Coffee,hospital,4,81.0,market,1.8888888888888888
4,Coffee,2023-06-16,60,2017-06-23,2023-01-01,True,4_Coffee,hospital,4,82.0,book_fair,0.7317073170731707
4,Coffee,2023-07-14,74,2017-06-23,2023-01-01,True,4_Coffee,hospital,4,81.0,market,0.9135802469135802
4,Coffee,2023-09-01,55,2017-06-23,2023-01-01,True,4_Coffee,hospital,4,78.0,sports,0.7051282051282052
4,Coffee,2023-10-20,103,2017-06-23,2023-01-01,True,4_Coffee,hospital,4,80.0,market,1.2875
4,Coffee,2023-12-08,71,2017-06-23,2023-01-01,True,4_Coffee,hospital,4,80.5,sports,0.8819875776397516
4,Coffee,2024-05-03,116,2017-06-23,2023-01-01,True,4_Coffee,hospital,4,82.0,market,1.4146341463414633
4,Coffee,2024-07-12,58,2017-06-23,2023-01-01,True,4_Coffee,hospital,4,80.0,concert,0.725
4,Coffee,2024-09-13,187,2017-06-23,2023-01-01,True,4_Coffee,hospital,4,78.5,food_festival,2.3821656050955413
4,Coffee,2024-09-13,187,2017-06-23,2023-01-01,True,4_Coffee,hospital,4,78.5,cultural,2.3821656050955413
4,Coffee,2023-01-21,114,2017-06-23,2023-01-01,True,4_Coffee,hospital,5,87.5,sports,1.302857142857143
4,Coffee,2023-08-05,98,2017-06-23,2023-01-01,True,4_Coffee,hospital,5,79.5,market,1.2327044025157232
4,Coffee,2023-10-14,117,2017-06-23,2023-01-01,True,4_Coffee,hospital,5,82.0,food_festival,1.4268292682926829
4,Coffee,2024-03-16,103,2017-06-23,2023-01-01,True,4_Coffee,hospital,5,83.0,cultural,1.2409638554216869
4,Coffee,2024-03-30,152,2017-06-23,2023-01-01,True,4_Coffee,hospital,5,83.0,food_festival,1.8313253012048192
4,Coffee,2024-04-27,118,2017-06-23,2023-01-01,True,4_Coffee,hospital,5,84.5,book_fair,1.3964497041420119
4,Coffee,2024-06-08,105,2017-06-23,2023-01-01,True,4_Coffee,hospital,5,83.5,food_festival,1.2574850299401197
4,Coffee,2024-07-20,69,2017-06-23,2023-01-01,True,4_Coffee,hospital,5,82.5,music_festival,0.8363636363636363
4,Coffee,2024-08-03,57,2017-06-23,2023-01-01,True,4_Coffee,hospital,5,81.5,music_festival,0.6993865030674846
4,Coffee,2024-10-05,275,2017-06-23,2023-01-01,True,4_Coffee,hospital,5,80.0,food_festival,3.0
4,Coffee,2024-10-05,275,2017-06-23,2023-01-01,True,4_Coffee,hospital,5,80.0,food_festival,3.0
4,Coffee,2023-04-30,118,2017-06-23,2023-01-01,True,4_Coffee,hospital,6,95.0,music_festival,1.2421052631578948
4,Coffee,2023-05-14,131,2017-06-23,2023-01-01,True,4_Coffee,hospital,6,95.0,food_festival,1.3789473684210527
4,Coffee,2023-06-11,59,2017-06-23,2023-01-01,True,4_Coffee,hospital,6,95.0,concert,0.6210526315789474
4,Coffee,2023-11-12,77,2017-06-23,2023-01-01,True,4_Coffee,hospital,6,80.0,convention,0.9625
4,Coffee,2024-04-07,66,2017-06-23,2023-01-01,True,4_Coffee,hospital,6,82.5,sports,0.8
4,Coffee,2024-05-05,117,2017-06-23,2023-01-01,True,4_Coffee,hospital,6,83.5,market,1.401197604790419
4,Coffee,2024-05-12,90,2017-06-23,2023-01-01,True,4_Coffee,hospital,6,84.0,market,1.0714285714285714
4,Coffee,2024-06-23,37,2017-06-23,2023-01-01,True,4_Coffee,hospital,6,83.0,music_festival,0.4457831325301205
4,Coffee,2024-07-14,101,2017-06-23,2023-01-01,True,4_Coffee,hospital,6,82.5,cultural,1.2242424242424241
4,Coffee,2024-09-22,64,2017-06-23,2023-01-01,True,4_Coffee,hospital,6,79.5,sports,0.8050314465408805
4,Juice & Smoothie,2023-02-06,6,2017-06-23,2023-01-01,True,4_Juice-Smoothie,hospital,0,8.0,music_festival,0.75
4,Juice & Smoothie,2023-03-13,11,2017-06-23,2023-01-01,True,4_Juice-Smoothie,hospital,0,7.0,cultural,1.5714285714285714
4,Juice & Smoothie,2023-06-19,8,2017-06-23,2023-01-01,True,4_Juice-Smoothie,hospital,0,6.0,convention,1.3333333333333333
4,Juice & Smoothie,2024-01-15,9,2017-06-23,2023-01-01,True,4_Juice-Smoothie,hospital,0,6.0,convention,1.5
4,Juice & Smoothie,2024-04-01,9,2017-06-23,2023-01-01,True,4_Juice-Smoothie,hospital,0,6.0,sports,1.5
4,Juice & Smoothie,2024-04-01,9,2017-06-23,2023-01-01,True,4_Juice-Smoothie,hospital,0,6.0,convention,1.5
4,Juice & Smoothie,2024-06-17,6,2017-06-23,2023-01-01,True,4_Juice-Smoothie,hospital,0,6.0,music_festival,1.0
4,Juice & Smoothie,2024-08-26,1,2017-06-23,2023-01-01,True,4_Juice-Smoothie,hospital,0,6.0,sports,0.25
4,Juice & Smoothie,2024-09-30,7,2017-06-23,2023-01-01,True,4_Juice-Smoothie,hospital,0,6.0,market,1.1666666666666667
4,Juice & Smoothie,2023-02-21,3,2017-06-23,2023-01-01,True,4_Juice-Smoothie,hospital,1,3.0,sports,1.0
4,Juice & Smoothie,2023-05-09,6,2017-06-23,2023-01-01,True,4_Juice-Smoothie,hospital,1,6.0,concert,1.0
4,Juice & Smoothie,2023-07-04,9,2017-06-23,2023-01-01,True,4_Juice-Smoothie,hospital,1,5.5,market,1.6363636363636365
4,Juice & Smoothie,2023-08-15,3,2017-06-23,2023-01-01,True,4_Juice-Smoothie,hospital,1,5.5,music_festival,0.5454545454545454
4,Juice & Smoothie,2024-06-18,1,2017-06-23,2023-01-01,True,4_Juice-Smoothie,hospital,1,6.0,sports,0.25
4,Juice & Smoothie,2023-01-11,2,2017-06-23,2023-01-01,True,4_Juice-Smoothie,hospital,2,6.0,sports,0.3333333333333333
4,Juice & Smoothie,2023-03-22,4,2017-06-23,2023-01-01,True,4_Juice-Smoothie,hospital,2,7.0,concert,0.5714285714285714
4,Juice & Smoothie,2023-05-10,10,2017-06-23,2023-01-01,True,4_Juice-Smoothie,hospital,2,6.0,convention,1.6666666666666667
4,Juice & Smoothie,2023-06-14,6,2017-06-23,2023-01-01,True,4_Juice-Smoothie,hospital,2,6.0,sports,1.0
4,Juice & Smoothie,2023-11-01,12,2017-06-23,2023-01-01,True,4_Juice-Smoothie,hospital,2,6.0,food_festival,2.0
4,Juice & Smoothie,2023-11-29,5,2017-06-23,2023-01-01,True,4_Juice-Smoothie,hospital,2,6.0,cultural,0.8333333333333334
4,Juice & Smoothie,2024-04-24,12,2017-06-23,2023-01-01,True,4_Juice-Smoothie,hospital,2,6.0,music_festival,2.0
4,Juice & Smoothie,2024-05-15,13,2017-06-23,2023-01-01,True,4_Juice-Smoothie,hospital,2,6.0,food_festival,2.1666666666666665
4,Juice & Smoothie,2024-07-17,4,2017-06-23,2023-01-01,True,4_Juice-Smoothie,hospital,2,6.0,music_festival,0.6666666666666666
4,Juice & Smoothie,2023-02-09,7,2017-06-23,2023-01-01,True,4_Juice-Smoothie,hospital,3,8.0,market,0.875
4,Juice & Smoothie,2023-03-09,12,2017-06-23,2023-01-01,True,4_Juice-Smoothie,hospital,3,7.0,cultural,1.7142857142857142
4,Juice & Smoothie,2023-03-09,12,2017-06-23,2023-01-01,True,4_Juice-Smoothie,hospital,3,7.0,book_fair,1.7142857142857142
4,Juice & Smoothie,2023-10-12,19,2017-06-23,2023-01-01,True,4_Juice-Smoothie,hospital,3,5.0,convention,3.0
4,Juice & Smoothie,2023-10-26,8,2017-06-23,2023-01-01,True,4_Juice-Smoothie,hospital,3,5.0,food_festival,1.6
4,Juice & Smoothie,2023-11-02,9,2017-06-23,2023-01-01,True,4_Juice-Smoothie,hospital,3,5.0,market,1.8
4,Juice & Smoothie,2023-11-02,9,2017-06-23,2023-01-01,True,4_Juice-Smoothie,hospital,3,5.0,food_festival,1.8
4,Juice & Smoothie,2023-11-16,9,2017-06-23,2023-01-01,True,4_Juice-Smoothie,hospital,3,5.0,food_festival,1.8
4,Juice & Smoothie,2023-11-30,7,2017-06-23,2023-01-01,True,4_Juice-Smoothie,hospital,3,5.0,sports,1.4
4,Juice & Smoothie,2024-01-11,2,2017-06-23,2023-01-01,True,4_Juice-Smoothie,hospital,3,6.0,sports,0.3333333333333333
4,Juice & Smoothie,2024-05-16,1,2017-06-23,2023-01-01,True,4_Juice-Smoothie,hospital,3,6.0,sports,0.25
4,Juice & Smoothie,2024-05-16,1,2017-06-23,2023-01-01,True,4_Juice-Smoothie,hospital,3,6.0,book_fair,0.25
4,Juice & Smoothie,2024-05-23,9,2017-06-23,2023-01-01,True,4_Juice-Smoothie,hospital,3,6.0,market,1.5
4,Juice & Smoothie,2024-08-08,10,2017-06-23,2023-01-01,True,4_Juice-Smoothie,hospital,3,5.0,cultural,2.0
4,Juice & Smoothie,2024-10-17,6,2017-06-23,2023-01-01,True,4_Juice-Smoothie,hospital,3,5.0,book_fair,1.2
4,Juice & Smoothie,2023-03-17,17,2017-06-23,2023-01-01,True,4_Juice-Smoothie,hospital,4,4.5,food_festival,3.0
4,Juice & Smoothie,2023-03-24,6,2017-06-23,2023-01-01,True,4_Juice-Smoothie,hospital,4,5.0,market,1.2
4,Juice & Smoothie,2023-06-16,7,2017-06-23,2023-01-01,True,4_Juice-Smoothie,hospital,4,6.0,book_fair,1.1666666666666667
4,Juice & Smoothie,2023-07-14,7,2017-06-23,2023-01-01,True,4_Juice-Smoothie,hospital,4,6.0,market,1.1666666666666667
4,Juice & Smoothie,2023-09-01,5,2017-06-23,2023-01-01,True,4_Juice-Smoothie,hospital,4,5.5,sports,0.9090909090909091
4,Juice & Smoothie,2023-10-20,4,2017-06-23,2023-01-01,True,4_Juice-Smoothie,hospital,4,5.0,market,0.8
4,Juice & Smoothie,2023-12-08,5,2017-06-23,2023-01-01,True,4_Juice-Smoothie,hospital,4,5.0,sports,1.0
4,Juice & Smoothie,2024-05-03,11,2017-06-23,2023-01-01,True,4_Juice-Smoothie,hospital,4,6.0,market,1.8333333333333333
4,Juice & Smoothie,2024-07-12,3,2017-06-23,2023-01-01,True,4_Juice-Smoothie,hospital,4,6.0,concert,0.5
4,Juice & Smoothie,2024-09-13,15,2017-06-23,2023-01-01,True,4_Juice-Smoothie,hospital,4,6.0,food_festival,2.5
4,Juice & Smoothie,2024-09-13,15,2017-06-23,2023-01-01,True,4_Juice-Smoothie,hospital,4,6.0,cultural,2.5
4,Juice & Smoothie,2023-01-21,9,2017-06-23,2023-01-01,True,4_Juice-Smoothie,hospital,5,6.5,sports,1.3846153846153846
4,Juice & Smoothie,2023-08-05,5,2017-06-23,2023-01-01,True,4_Juice-Smoothie,hospital,5,6.0,market,0.8333333333333334
4,Juice & Smoothie,2023-10-14,8,2017-06-23,2023-01-01,True,4_Juice-Smoothie,hospital,5,6.0,food_festival,1.3333333333333333
4,Juice & Smoothie,2024-03-16,2,2017-06-23,2023-01-01,True,4_Juice-Smoothie,hospital,5,7.0,cultural,0.2857142857142857
4,Juice & Smoothie,2024-03-30,13,2017-06-23,2023-01-01,True,4_Juice-Smoothie,hospital,5,7.0,food_festival,1.8571428571428572
4,Juice & Smoothie,2024-04-27,16,2017-06-23,2023-01-01,True,4_Juice-Smoothie,hospital,5,7.0,book_fair,2.2857142857142856
4,Juice & Smoothie,2024-06-08,6,2017-06-23,2023-01-01,True,4_Juice-Smoothie,hospital,5,7.0,food_festival,0.8571428571428571
4,Juice & Smoothie,2024-07-20,8,2017-06-23,2023-01-01,True,4_Juice-Smoothie,hospital,5,7.0,music_festival,1.1428571428571428
4,Juice & Smoothie,2024-08-03,8,2017-06-23,2023-01-01,True,4_Juice-Smoothie,hospital,5,7.0,music_festival,1.1428571428571428
4,Juice & Smoothie,2024-10-05,31,2017-06-23,2023-01-01,True,4_Juice-Smoothie,hospital,5,7.0,food_festival,3.0
4,Juice & Smoothie,2024-10-05,31,2017-06-23,2023-01-01,True,4_Juice-Smoothie,hospital,5,7.0,food_festival,3.0
4,Juice & Smoothie,2023-04-30,16,2017-06-23,2023-01-01,True,4_Juice-Smoothie,hospital,6,7.0,music_festival,2.2857142857142856
4,Juice & Smoothie,2023-05-14,27,2017-06-23,2023-01-01,True,4_Juice-Smoothie,hospital,6,7.0,food_festival,3.0
4,Juice & Smoothie,2023-06-11,1,2017-06-23,2023-01-01,True,4_Juice-Smoothie,hospital,6,7.0,concert,0.25
4,Juice & Smoothie,2023-11-12,5,2017-06-23,2023-01-01,True,4_Juice-Smoothie,hospital,6,6.0,convention,0.8333333333333334
4,Juice & Smoothie,2024-04-07,8,2017-06-23,2023-01-01,True,4_Juice-Smoothie,hospital,6,6.5,sports,1.2307692307692308
4,Juice & Smoothie,2024-05-05,3,2017-06-23,2023-01-01,True,4_Juice-Smoothie,hospital,6,7.0,market,0.42857142857142855
4,Juice & Smoothie,2024-05-12,9,2017-06-23,2023-01-01,True,4_Juice-Smoothie,hospital,6,7.0,market,1.2857142857142858
4,Juice & Smoothie,2024-06-23,3,2017-06-23,2023-01-01,True,4_Juice-Smoothie,hospital,6,7.0,music_festival,0.42857142857142855
4,Juice & Smoothie,2024-07-14,6,2017-06-23,2023-01-01,True,4_Juice-Smoothie,hospital,6,6.5,cultural,0.9230769230769231
4,Juice & Smoothie,2024-09-22,5,2017-06-23,2023-01-01,True,4_Juice-Smoothie,hospital,6,6.0,sports,0.8333333333333334
4,Merchandise,2023-02-06,3,2017-06-23,2023-01-01,True,4_Merchandise,hospital,0,4.0,music_festival,0.75
4,Merchandise,2023-03-13,4,2017-06-23,2023-01-01,True,4_Merchandise,hospital,0,4.5,cultural,0.8888888888888888
4,Merchandise,2023-06-19,0,2017-06-23,2023-01-01,True,4_Merchandise,hospital,0,4.0,convention,0.25
4,Merchandise,2024-01-15,4,2017-06-23,2023-01-01,True,4_Merchandise,hospital,0,4.0,convention,1.0
4,Merchandise,2024-04-01,7,2017-06-23,2023-01-01,True,4_Merchandise,hospital,0,4.0,sports,1.75
4,Merchandise,2024-04-01,7,2017-06-23,2023-01-01,True,4_Merchandise,hospital,0,4.0,convention,1.75
4,Merchandise,2024-06-17,4,2017-06-23,2023-01-01,True,4_Merchandise,hospital,0,4.0,music_festival,1.0
4,Merchandise,2024-08-26,3,2017-06-23,2023-01-01,True,4_Merchandise,hospital,0,4.0,sports,0.75
4,Merchandise,2024-09-30,3,2017-06-23,2023-01-01,True,4_Merchandise,hospital,0,4.0,market,0.75
4,Merchandise,2023-02-21,1,2017-06-23,2023-01-01,True,4_Merchandise,hospital,1,5.0,sports,0.25
4,Merchandise,2023-05-09,1,2017-06-23,2023-01-01,True,4_Merchandise,hospital,1,5.0,concert,0.25
4,Merchandise,2023-07-04,3,2017-06-23,2023-01-01,True,4_Merchandise,hospital,1,5.0,market,0.6
4,Merchandise,2023-08-15,2,2017-06-23,2023-01-01,True,4_Merchandise,hospital,1,4.0,music_festival,0.5
4,Merchandise,2024-06-18,2,2017-06-23,2023-01-01,True,4_Merchandise,hospital,1,4.0,sports,0.5
4,Merchandise,2023-01-11,1,2017-06-23,2023-01-01,True,4_Merchandise,hospital,2,5.0,sports,0.25
4,Merchandise,2023-03-22,1,2017-06-23,2023-01-01,True,4_Merchandise,hospital,2,5.0,concert,0.25
4,Merchandise,2023-05-10,2,2017-06-23,2023-01-01,True,4_Merchandise,hospital,2,3.5,convention,0.5714285714285714
4,Merchandise,2023-06-14,4,2017-06-23,2023-01-01,True,4_Merchandise,hospital,2,3.0,sports,1.3333333333333333
4,Merchandise,2023-11-01,3,2017-06-23,2023-01-01,True,4_Merchandise,hospital,2,3.0,food_festival,1.0
4,Merchandise,2023-11-29,3,2017-06-23,2023-01-01,True,4_Merchandise,hospital,2,3.0,cultural,1.0
4,Merchandise,2024-04-24,8,2017-06-23,2023-01-01,True,4_Merchandise,hospital,2,4.0,music_festival,2.0
4,Merchandise,2024-05-15,17,2017-06-23,2023-01-01,True,4_Merchandise,hospital,2,4.0,food_festival,3.0
4,Merchandise,2024-07-17,3,2017-06-23,2023-01-01,True,4_Merchandise,hospital,2,4.0,music_festival,0.75
4,Merchandise,2023-02-09,4,2017-06-23,2023-01-01,True,4_Merchandise,hospital,3,3.0,market,1.3333333333333333
4,Merchandise,2023-03-09,4,2017-06-23,2023-01-01,True,4_Merchandise,hospital,3,5.0,cultural,0.8
4,Merchandise,2023-03-09,4,2017-06-23,2023-01-01,True,4_Merchandise,hospital,3,5.0,book_fair,0.8
4,Merchandise,2023-10-12,5,2017-06-23,2023-01-01,True,4_Merchandise,hospital,3,4.0,convention,1.25
4,Merchandise,2023-10-26,6,2017-06-23,2023-01-01,True,4_Merchandise,hospital,3,4.0,food_festival,1.5
4,Merchandise,2023-11-02,12,2017-06-23,2023-01-01,True,4_Merchandise,hospital,3,4.0,market,3.0
4,Merchandise,2023-11-02,12,2017-06-23,2023-01-01,True,4_Merchandise,hospital,3,4.0,food_festival,3.0
4,Merchandise,2023-11-16,6,2017-06-23,2023-01-01,True,4_Merchandise,hospital,3,4.0,food_festival,1.5
4,Merchandise,2023-11-30,6,2017-06-23,2023-01-01,True,4_Merchandise,hospital,3,4.0,sports,1.5
4,Merchandise,2024-01-11,5,2017-06-23,2023-01-01,True,4_Merchandise,hospital,3,4.0,sports,1.25
4,Merchandise,2024-05-16,2,2017-06-23,2023-01-01,True,4_Merchandise,hospital,3,4.0,sports,0.5
4,Merchandise,2024-05-16,2,2017-06-23,2023-01-01,True,4_Merchandise,hospital,3,4.0,book_fair,0.5
4,Merchandise,2024-05-23,8,2017-06-23,2023-01-01,True,4_Merchandise,hospital,3,4.0,market,2.0
4,Merchandise,2024-08-08,4,2017-06-23,2023-01-01,True,4_Merchandise,hospital,3,4.0,cultural,1.0
4,Merchandise,2024-10-17,4,2017-06-23,2023-01-01,True,4_Merchandise,hospital,3,4.0,book_fair,1.0
4,Merchandise,2023-03-17,10,2017-06-23,2023-01-01,True,4_Merchandise,hospital,4,4.0,food_festival,2.5
4,Merchandise,2023-03-24,6,2017-06-23,2023-01-01,True,4_Merchandise,hospital,4,4.0,market,1.5
4,Merchandise,2023-06-16,3,2017-06-23,2023-01-01,True,4_Merchandise,hospital,4,4.0,book_fair,0.75
4,Merchandise,2023-07-14,4,2017-06-23,2023-01-01,True,4_Merchandise,hospital,4,4.0,market,1.0
4,Merchandise,2023-09-01,2,2017-06-23,2023-01-01,True,4_Merchandise,hospital,4,3.5,sports,0.5714285714285714
4,Merchandise,2023-10-20,6,2017-06-23,2023-01-01,True,4_Merchandise,hospital,4,3.0,market,2.0
4,Merchandise,2023-12-08,5,2017-06-23,2023-01-01,True,4_Merchandise,hospital,4,3.5,sports,1.4285714285714286
4,Merchandise,2024-05-03,7,2017-06-23,2023-01-01,True,4_Merchandise,hospital,4,4.0,market,1.75
4,Merchandise,2024-07-12,5,2017-06-23,2023-01-01,True,4_Merchandise,hospital,4,3.0,concert,1.6666666666666667
4,Merchandise,2024-09-13,10,2017-06-23,2023-01-01,True,4_Merchandise,hospital,4,3.0,food_festival,3.0
4,Merchandise,2024-09-13,10,2017-06-23,2023-01-01,True,4_Merchandise,hospital,4,3.0,cultural,3.0
4,Merchandise,2023-01-21,9,2017-06-23,2023-01-01,True,4_Merchandise,hospital,5,5.0,sports,1.8
4,Merchandise,2023-08-05,2,2017-06-23,2023-01-01,True,4_Merchandise,hospital,5,3.0,market,0.6666666666666666
4,Merchandise,2023-10-14,16,2017-06-23,2023-01-01,True,4_Merchandise,hospital,5,3.0,food_festival,3.0
4,Merchandise,2024-03-16,2,2017-06-23,2023-01-01,True,4_Merchandise,hospital,5,3.5,cultural,0.5714285714285714
4,Merchandise,2024-03-30,8,2017-06-23,2023-01-01,True,4_Merchandise,hospital,5,3.5,food_festival,2.2857142857142856
4,Merchandise,2024-04-27,19,2017-06-23,2023-01-01,True,4_Merchandise,hospital,5,4.0,book_fair,3.0
4,Merchandise,2024-06-08,5,2017-06-23,2023-01-01,True,4_Merchandise,hospital,5,4.0,food_festival,1.25
4,Merchandise,2024-07-20,3,2017-06-23,2023-01-01,True,4_Merchandise,hospital,5,4.0,music_festival,0.75
4,Merchandise,2024-08-03,6,2017-06-23,2023-01-01,True,4_Merchandise,hospital,5,4.0,music_festival,1.5
4,Merchandise,2024-10-05,12,2017-06-23,2023-01-01,True,4_Merchandise,hospital,5,4.0,food_festival,3.0
4,Merchandise,2024-10-05,12,2017-06-23,2023-01-01,True,4_Merchandise,hospital,5,4.0,food_festival,3.0
4,Merchandise,2023-04-30,8,2017-06-23,2023-01-01,True,4_Merchandise,hospital,6,6.0,music_festival,1.3333333333333333
4,Merchandise,2023-05-14,8,2017-06-23,2023-01-01,True,4_Merchandise,hospital,6,6.0,food_festival,1.3333333333333333
4,Merchandise,2023-06-11,1,2017-06-23,2023-01-01,True,4_Merchandise,hospital,6,6.0,concert,0.25
4,Merchandise,2023-11-12,6,2017-06-23,2023-01-01,True,4_Merchandise,hospital,6,4.0,convention,1.5
4,Merchandise,2024-04-07,1,2017-06-23,2023-01-01,True,4_Merchandise,hospital,6,4.0,sports,0.25
4,Merchandise,2024-05-05,5,2017-06-23,2023-01-01,True,4_Merchandise,hospital,6,4.0,market,1.25
4,Merchandise,2024-05-12,2,2017-06-23,2023-01-01,True,4_Merchandise,hospital,6,4.0,market,0.5
4,Merchandise,2024-06-23,1,2017-06-23,2023-01-01,True,4_Merchandise,hospital,6,4.0,music_festival,0.25
4,Merchandise,2024-07-14,3,2017-06-23,2023-01-01,True,4_Merchandise,hospital,6,4.0,cultural,0.75
4,Merchandise,2024-09-22,3,2017-06-23,2023-01-01,True,4_Merchandise,hospital,6,4.0,sports,0.75
4,Savory Bakery,2023-02-06,6,2017-06-23,2023-01-01,True,4_Savory-Bakery,hospital,0,18.0,music_festival,0.3333333333333333
4,Savory Bakery,2023-03-13,24,2017-06-23,2023-01-01,True,4_Savory-Bakery,hospital,0,15.0,cultural,1.6
4,Savory Bakery,2023-06-19,8,2017-06-23,2023-01-01,True,4_Savory-Bakery,hospital,0,18.0,convention,0.4444444444444444
4,Savory Bakery,2024-01-15,23,2017-06-23,2023-01-01,True,4_Savory-Bakery,hospital,0,16.0,convention,1.4375
4,Savory Bakery,2024-04-01,18,2017-06-23,2023-01-01,True,4_Savory-Bakery,hospital,0,16.0,sports,1.125
4,Savory Bakery,2024-04-01,18,2017-06-23,2023-01-01,True,4_Savory-Bakery,hospital,0,16.0,convention,1.125
4,Savory Bakery,2024-06-17,8,2017-06-23,2023-01-01,True,4_Savory-Bakery,hospital,0,16.0,music_festival,0.5
4,Savory Bakery,2024-08-26,1,2017-06-23,2023-01-01,True,4_Savory-Bakery,hospital,0,15.0,sports,0.25
4,Savory Bakery,2024-09-30,23,2017-06-23,2023-01-01,True,4_Savory-Bakery,hospital,0,15.0,market,1.5333333333333334
4,Savory Bakery,2023-02-21,11,2017-06-23,2023-01-01,True,4_Savory-Bakery,hospital,1,21.0,sports,0.5238095238095238
4,Savory Bakery,2023-05-09,10,2017-06-23,2023-01-01,True,4_Savory-Bakery,hospital,1,18.0,concert,0.5555555555555556
4,Savory Bakery,2023-07-04,13,2017-06-23,2023-01-01,True,4_Savory-Bakery,hospital,1,15.5,market,0.8387096774193549
4,Savory Bakery,2023-08-15,8,2017-06-23,2023-01-01,True,4_Savory-Bakery,hospital,1,13.0,music_festival,0.6153846153846154
4,Savory Bakery,2024-06-18,6,2017-06-23,2023-01-01,True,4_Savory-Bakery,hospital,1,15.0,sports,0.4
4,Savory Bakery,2023-01-11,9,2017-06-23,2023-01-01,True,4_Savory-Bakery,hospital,2,16.5,sports,0.5454545454545454
4,Savory Bakery,2023-03-22,16,2017-06-23,2023-01-01,True,4_Savory-Bakery,hospital,2,19.0,concert,0.8421052631578947
4,Savory Bakery,2023-05-10,32,2017-06-23,2023-01-01,True,4_Savory-Bakery,hospital,2,16.5,convention,1.9393939393939394
4,Savory Bakery,2023-06-14,11,2017-06-23,2023-01-01,True,4_Savory-Bakery,hospital,2,17.0,sports,0.6470588235294118
4,Savory Bakery,2023-11-01,29,2017-06-23,2023-01-01,True,4_Savory-Bakery,hospital,2,14.0,food_festival,2.0714285714285716
4,Savory Bakery,2023-11-29,10,2017-06-23,2023-01-01,True,4_Savory-Bakery,hospital,2,14.0,cultural,0.7142857142857143
4,Savory Bakery,2024-04-24,40,2017-06-23,2023-01-01,True,4_Savory-Bakery,hospital,2,14.0,music_festival,2.857142857142857
4,Savory Bakery,2024-05-15,21,2017-06-23,2023-01-01,True,4_Savory-Bakery,hospital,2,14.0,food_festival,1.5
4,Savory Bakery,2024-07-17,13,2017-06-23,2023-01-01,True,4_Savory-Bakery,hospital,2,14.0,music_festival,0.9285714285714286
4,Savory Bakery,2023-02-09,32,2017-06-23,2023-01-01,True,4_Savory-Bakery,hospital,3,17.0,market,1.8823529411764706
4,Savory Bakery,2023-03-09,32,2017-06-23,2023-01-01,True,4_Savory-Bakery,hospital,3,18.0,cultural,1.7777777777777777
4,Savory Bakery,2023-03-09,32,2017-06-23,2023-01-01,True,4_Savory-Bakery,hospital,3,18.0,book_fair,1.7777777777777777
4,Savory Bakery,2023-10-12,19,2017-06-23,2023-01-01,True,4_Savory-Bakery,hospital,3,14.5,convention,1.3103448275862069
4,Savory Bakery,2023-10-26,30,2017-06-23,2023-01-01,True,4_Savory-Bakery,hospital,3,14.5,food_festival,2.0689655172413794
4,Savory Bakery,2023-11-02,38,2017-06-23,2023-01-01,True,4_Savory-Bakery,hospital,3,15.0,market,2.533333333333333
4,Savory Bakery,2023-11-02,38,2017-06-23,2023-01-01,True,4_Savory-Bakery,hospital,3,15.0,food_festival,2.533333333333333
4,Savory Bakery,2023-11-16,24,2017-06-23,2023-01-01,True,4_Savory-Bakery,hospital,3,15.0,food_festival,1.6
4,Savory Bakery,2023-11-30,16,2017-06-23,2023-01-01,True,4_Savory-Bakery,hospital,3,15.0,sports,1.0666666666666667
4,Savory Bakery,2024-01-11,20,2017-06-23,2023-01-01,True,4_Savory-Bakery,hospital,3,15.0,sports,1.3333333333333333
4,Savory Bakery,2024-05-16,9,2017-06-23,2023-01-01,True,4_Savory-Bakery,hospital,3,15.0,sports,0.6
4,Savory Bakery,2024-05-16,9,2017-06-23,2023-01-01,True,4_Savory-Bakery,hospital,3,15.0,book_fair,0.6
4,Savory Bakery,2024-05-23,11,2017-06-23,2023-01-01,True,4_Savory-Bakery,hospital,3,15.0,market,0.7333333333333333
4,Savory Bakery,2024-08-08,16,2017-06-23,2023-01-01,True,4_Savory-Bakery,hospital,3,15.0,cultural,1.0666666666666667
4,Savory Bakery,2024-10-17,11,2017-06-23,2023-01-01,True,4_Savory-Bakery,hospital,3,15.0,book_fair,0.7333333333333333
4,Savory Bakery,2023-03-17,36,2017-06-23,2023-01-01,True,4_Savory-Bakery,hospital,4,12.5,food_festival,2.88
4,Savory Bakery,2023-03-24,28,2017-06-23,2023-01-01,True,4_Savory-Bakery,hospital,4,13.0,market,2.1538461538461537
4,Savory Bakery,2023-06-16,7,2017-06-23,2023-01-01,True,4_Savory-Bakery,hospital,4,15.0,book_fair,0.4666666666666667
4,Savory Bakery,2023-07-14,17,2017-06-23,2023-01-01,True,4_Savory-Bakery,hospital,4,15.0,market,1.1333333333333333
4,Savory Bakery,2023-09-01,9,2017-06-23,2023-01-01,True,4_Savory-Bakery,hospital,4,13.0,sports,0.6923076923076923
4,Savory Bakery,2023-10-20,16,2017-06-23,2023-01-01,True,4_Savory-Bakery,hospital,4,13.0,market,1.2307692307692308
4,Savory Bakery,2023-12-08,15,2017-06-23,2023-01-01,True,4_Savory-Bakery,hospital,4,13.0,sports,1.1538461538461537
4,Savory Bakery,2024-05-03,29,2017-06-23,2023-01-01,True,4_Savory-Bakery,hospital,4,14.0,market,2.0714285714285716
4,Savory Bakery,2024-07-12,12,2017-06-23,2023-01-01,True,4_Savory-Bakery,hospital,4,13.0,concert,0.9230769230769231
4,Savory Bakery,2024-09-13,35,2017-06-23,2023-01-01,True,4_Savory-Bakery,hospital,4,13.0,food_festival,2.6923076923076925
4,Savory Bakery,2024-09-13,35,2017-06-23,2023-01-01,True,4_Savory-Bakery,hospital,4,13.0,cultural,2.6923076923076925
4,Savory Bakery,2023-01-21,24,2017-06-23,2023-01-01,True,4_Savory-Bakery,hospital,5,16.5,sports,1.4545454545454546
4,Savory Bakery,2023-08-05,23,2017-06-23,2023-01-01,True,4_Savory-Bakery,hospital,5,13.0,market,1.7692307692307692
4,Savory Bakery,2023-10-14,42,2017-06-23,2023-01-01,True,4_Savory-Bakery,hospital,5,14.0,food_festival,3.0
4,Savory Bakery,2024-03-16,13,2017-06-23,2023-01-01,True,4_Savory-Bakery,hospital,5,16.5,cultural,0.7878787878787878
4,Savory Bakery,2024-03-30,27,2017-06-23,2023-01-01,True,4_Savory-Bakery,hospital,5,16.0,food_festival,1.6875
4,Savory Bakery,2024-04-27,40,2017-06-23,2023-01-01,True,4_Savory-Bakery,hospital,5,16.5,book_fair,2.4242424242424243
4,Savory Bakery,2024-06-08,9,2017-06-23,2023-01-01,True,4_Savory-Bakery,hospital,5,16.5,food_festival,0.5454545454545454
4,Savory Bakery,2024-07-20,16,2017-06-23,2023-01-01,True,4_Savory-Bakery,hospital,5,15.5,music_festival,1.032258064516129
4,Savory Bakery,2024-08-03,17,2017-06-23,2023-01-01,True,4_Savory-Bakery,hospital,5,15.5,music_festival,1.096774193548387
4,Savory Bakery,2024-10-05,58,2017-06-23,2023-01-01,True,4_Savory-Bakery,hospital,5,15.0,food_festival,3.0
4,Savory Bakery,2024-10-05,58,2017-06-23,2023-01-01,True,4_Savory-Bakery,hospital,5,15.0,food_festival,3.0
4,Savory Bakery,2023-04-30,30,2017-06-23,2023-01-01,True,4_Savory-Bakery,hospital,6,19.0,music_festival,1.5789473684210527
4,Savory Bakery,2023-05-14,33,2017-06-23,2023-01-01,True,4_Savory-Bakery,hospital,6,21.0,food_festival,1.5714285714285714
4,Savory Bakery,2023-06-11,7,2017-06-23,2023-01-01,True,4_Savory-Bakery,hospital,6,21.0,concert,0.3333333333333333
4,Savory Bakery,2023-11-12,17,2017-06-23,2023-01-01,True,4_Savory-Bakery,hospital,6,16.0,convention,1.0625
4,Savory Bakery,2024-04-07,10,2017-06-23,2023-01-01,True,4_Savory-Bakery,hospital,6,16.5,sports,0.6060606060606061
4,Savory Bakery,2024-05-05,21,2017-06-23,2023-01-01,True,4_Savory-Bakery,hospital,6,16.5,market,1.2727272727272727
4,Savory Bakery,2024-05-12,23,2017-06-23,2023-01-01,True,4_Savory-Bakery,hospital,6,17.0,market,1.3529411764705883
4,Savory Bakery,2024-06-23,11,2017-06-23,2023-01-01,True,4_Savory-Bakery,hospital,6,16.0,music_festival,0.6875
4,Savory Bakery,2024-07-14,25,2017-06-23,2023-01-01,True,4_Savory-Bakery,hospital,6,16.0,cultural,1.5625
4,Savory Bakery,2024-09-22,17,2017-06-23,2023-01-01,True,4_Savory-Bakery,hospital,6,16.0,sports,1.0625
4,Tea,2023-02-06,22,2017-06-23,2023-01-01,True,4_Tea,hospital,0,28.0,music_festival,0.7857142857142857
4,Tea,2023-03-13,50,2017-06-23,2023-01-01,True,4_Tea,hospital,0,20.5,cultural,2.4390243902439024
4,Tea,2023-06-19,16,2017-06-23,2023-01-01,True,4_Tea,hospital,0,23.5,convention,0.6808510638297872
4,Tea,2024-01-15,27,2017-06-23,2023-01-01,True,4_Tea,hospital,0,23.5,convention,1.148936170212766
4,Tea,2024-04-01,44,2017-06-23,2023-01-01,True,4_Tea,hospital,0,23.0,sports,1.9130434782608696
4,Tea,2024-04-01,44,2017-06-23,2023-01-01,True,4_Tea,hospital,0,23.0,convention,1.9130434782608696
4,Tea,2024-06-17,15,2017-06-23,2023-01-01,True,4_Tea,hospital,0,24.5,music_festival,0.6122448979591837
4,Tea,2024-08-26,8,2017-06-23,2023-01-01,True,4_Tea,hospital,0,22.5,sports,0.35555555555555557
4,Tea,2024-09-30,23,2017-06-23,2023-01-01,True,4_Tea,hospital,0,21.0,market,1.0952380952380953
4,Tea,2023-02-21,11,2017-06-23,2023-01-01,True,4_Tea,hospital,1,26.0,sports,0.4230769230769231
4,Tea,2023-05-09,12,2017-06-23,2023-01-01,True,4_Tea,hospital,1,29.5,concert,0.4067796610169492
4,Tea,2023-07-04,41,2017-06-23,2023-01-01,True,4_Tea,hospital,1,26.0,market,1.5769230769230769
4,Tea,2023-08-15,28,2017-06-23,2023-01-01,True,4_Tea,hospital,1,23.5,music_festival,1.1914893617021276
4,Tea,2024-06-18,11,2017-06-23,2023-01-01,True,4_Tea,hospital,1,22.5,sports,0.4888888888888889
4,Tea,2023-01-11,22,2017-06-23,2023-01-01,True,4_Tea,hospital,2,21.0,sports,1.0476190476190477
4,Tea,2023-03-22,28,2017-06-23,2023-01-01,True,4_Tea,hospital,2,27.0,concert,1.037037037037037
4,Tea,2023-05-10,30,2017-06-23,2023-01-01,True,4_Tea,hospital,2,28.0,convention,1.0714285714285714
4,Tea,2023-06-14,12,2017-06-23,2023-01-01,True,4_Tea,hospital,2,28.0,sports,0.42857142857142855
4,Tea,2023-11-01,45,2017-06-23,2023-01-01,True,4_Tea,hospital,2,23.0,food_festival,1.9565217391304348
4,Tea,2023-11-29,24,2017-06-23,2023-01-01,True,4_Tea,hospital,2,24.0,cultural,1.0
4,Tea,2024-04-24,36,2017-06-23,2023-01-01,True,4_Tea,hospital,2,24.5,music_festival,1.469387755102041
4,Tea,2024-05-15,29,2017-06-23,2023-01-01,True,4_Tea,hospital,2,25.0,food_festival,1.16
4,Tea,2024-07-17,20,2017-06-23,2023-01-01,True,4_Tea,hospital,2,24.0,music_festival,0.8333333333333334
4,Tea,2023-02-09,49,2017-06-23,2023-01-01,True,4_Tea,hospital,3,20.0,market,2.45
4,Tea,2023-03-09,22,2017-06-23,2023-01-01,True,4_Tea,hospital,3,29.0,cultural,0.7586206896551724
4,Tea,2023-03-09,22,2017-06-23,2023-01-01,True,4_Tea,hospital,3,29.0,book_fair,0.7586206896551724
4,Tea,2023-10-12,12,2017-06-23,2023-01-01,True,4_Tea,hospital,3,22.0,convention,0.5454545454545454
4,Tea,2023-10-26,62,2017-06-23,2023-01-01,True,4_Tea,hospital,3,22.0,food_festival,2.8181818181818183
4,Tea,2023-11-02,40,2017-06-23,2023-01-01,True,4_Tea,hospital,3,22.0,market,1.8181818181818181
4,Tea,2023-11-02,40,2017-06-23,2023-01-01,True,4_Tea,hospital,3,22.0,food_festival,1.8181818181818181
4,Tea,2023-11-16,23,2017-06-23,2023-01-01,True,4_Tea,hospital,3,22.0,food_festival,1.0454545454545454
4,Tea,2023-11-30,19,2017-06-23,2023-01-01,True,4_Tea,hospital,3,22.0,sports,0.8636363636363636
4,Tea,2024-01-11,21,2017-06-23,2023-01-01,True,4_Tea,hospital,3,22.0,sports,0.9545454545454546
4,Tea,2024-05-16,15,2017-06-23,2023-01-01,True,4_Tea,hospital,3,22.0,sports,0.6818181818181818
4,Tea,2024-05-16,15,2017-06-23,2023-01-01,True,4_Tea,hospital,3,22.0,book_fair,0.6818181818181818
4,Tea,2024-05-23,24,2017-06-23,2023-01-01,True,4_Tea,hospital,3,22.0,market,1.0909090909090908
4,Tea,2024-08-08,19,2017-06-23,2023-01-01,True,4_Tea,hospital,3,21.0,cultural,0.9047619047619048
4,Tea,2024-10-17,15,2017-06-23,2023-01-01,True,4_Tea,hospital,3,20.0,book_fair,0.75
4,Tea,2023-03-17,52,2017-06-23,2023-01-01,True,4_Tea,hospital,4,17.5,food_festival,2.9714285714285715
4,Tea,2023-03-24,42,2017-06-23,2023-01-01,True,4_Tea,hospital,4,18.0,market,2.3333333333333335
4,Tea,2023-06-16,22,2017-06-23,2023-01-01,True,4_Tea,hospital,4,24.0,book_fair,0.9166666666666666
4,Tea,2023-07-14,26,2017-06-23,2023-01-01,True,4_Tea,hospital,4,24.0,market,1.0833333333333333
4,Tea,2023-09-01,31,2017-06-23,2023-01-01,True,4_Tea,hospital,4,21.5,sports,1.441860465116279
4,Tea,2023-10-20,34,2017-06-23,2023-01-01,True,4_Tea,hospital,4,22.0,market,1.5454545454545454
4,Tea,2023-12-08,19,2017-06-23,2023-01-01,True,4_Tea,hospital,4,22.0,sports,0.8636363636363636
4,Tea,2024-05-03,38,2017-06-23,2023-01-01,True,4_Tea,hospital,4,23.0,market,1.6521739130434783
4,Tea,2024-07-12,21,2017-06-23,2023-01-01,True,4_Tea,hospital,4,23.0,concert,0.9130434782608695
4,Tea,2024-09-13,59,2017-06-23,2023-01-01,True,4_Tea,hospital,4,22.0,food_festival,2.6818181818181817
4,Tea,2024-09-13,59,2017-06-23,2023-01-01,True,4_Tea,hospital,4,22.0,cultural,2.6818181818181817
4,Tea,2023-01-21,46,2017-06-23,2023-01-01,True,4_Tea,hospital,5,21.0,sports,2.1904761904761907
4,Tea,2023-08-05,12,2017-06-23,2023-01-01,True,4_Tea,hospital,5,25.5,market,0.47058823529411764
4,Tea,2023-10-14,51,2017-06-23,2023-01-01,True,4_Tea,hospital,5,25.5,food_festival,2.0
4,Tea,2024-03-16,34,2017-06-23,2023-01-01,True,4_Tea,hospital,5,26.0,cultural,1.3076923076923077
4,Tea,2024-03-30,50,2017-06-23,2023-01-01,True,4_Tea,hospital,5,26.0,food_festival,1.9230769230769231
4,Tea,2024-04-27,42,2017-06-23,2023-01-01,True,4_Tea,hospital,5,26.5,book_fair,1.5849056603773586
4,Tea,2024-06-08,18,2017-06-23,2023-01-01,True,4_Tea,hospital,5,27.5,food_festival,0.6545454545454545
4,Tea,2024-07-20,26,2017-06-23,2023-01-01,True,4_Tea,hospital,5,26.0,music_festival,1.0
4,Tea,2024-08-03,19,2017-06-23,2023-01-01,True,4_Tea,hospital,5,26.0,music_festival,0.7307692307692307
4,Tea,2024-10-05,66,2017-06-23,2023-01-01,True,4_Tea,hospital,5,26.0,food_festival,2.5384615384615383
4,Tea,2024-10-05,66,2017-06-23,2023-01-01,True,4_Tea,hospital,5,26.0,food_festival,2.5384615384615383
4,Tea,2023-04-30,31,2017-06-23,2023-01-01,True,4_Tea,hospital,6,26.0,music_festival,1.1923076923076923
4,Tea,2023-05-14,45,2017-06-23,2023-01-01,True,4_Tea,hospital,6,26.0,food_festival,1.7307692307692308
4,Tea,2023-06-11,5,2017-06-23,2023-01-01,True,4_Tea,hospital,6,27.0,concert,0.25
4,Tea,2023-11-12,23,2017-06-23,2023-01-01,True,4_Tea,hospital,6,25.0,convention,0.92
4,Tea,2024-04-07,15,2017-06-23,2023-01-01,True,4_Tea,hospital,6,25.0,sports,0.6
4,Tea,2024-05-05,30,2017-06-23,2023-01-01,True,4_Tea,hospital,6,25.0,market,1.2
4,Tea,2024-05-12,25,2017-06-23,2023-01-01,True,4_Tea,hospital,6,25.0,market,1.0
4,Tea,2024-06-23,6,2017-06-23,2023-01-01,True,4_Tea,hospital,6,25.0,music_festival,0.25
4,Tea,2024-07-14,28,2017-06-23,2023-01-01,True,4_Tea,hospital,6,24.5,cultural,1.1428571428571428
4,Tea,2024-09-22,15,2017-06-23,2023-01-01,True,4_Tea,hospital,6,24.5,sports,0.6122448979591837
5,Bakery,2023-05-01,107,2017-10-01,2023-01-01,True,5_Bakery,urban_residential,0,45.0,music_festival,2.3777777777777778
5,Bakery,2023-07-31,55,2017-10-01,2023-01-01,True,5_Bakery,urban_residential,0,42.5,market,1.2941176470588236
5,Bakery,2023-11-27,62,2017-10-01,2023-01-01,True,5_Bakery,urban_residential,0,36.0,convention,1.7222222222222223
5,Bakery,2024-07-01,51,2017-10-01,2023-01-01,True,5_Bakery,urban_residential,0,41.0,market,1.2439024390243902
5,Bakery,2024-08-12,54,2017-10-01,2023-01-01,True,5_Bakery,urban_residential,0,41.0,market,1.3170731707317074
5,Bakery,2024-08-26,69,2017-10-01,2023-01-01,True,5_Bakery,urban_residential,0,41.5,market,1.6626506024096386
5,Bakery,2024-10-28,59,2017-10-01,2023-01-01,True,5_Bakery,urban_residential,0,41.0,market,1.4390243902439024
5,Bakery,2023-03-28,118,2017-10-01,2023-01-01,True,5_Bakery,urban_residential,1,46.5,market,2.5376344086021505
5,Bakery,2023-06-13,32,2017-10-01,2023-01-01,True,5_Bakery,urban_residential,1,45.0,convention,0.7111111111111111
5,Bakery,2023-08-08,54,2017-10-01,2023-01-01,True,5_Bakery,urban_residential,1,39.0,market,1.3846153846153846
5,Bakery,2023-12-26,66,2017-10-01,2023-01-01,True,5_Bakery,urban_residential,1,40.0,sports,1.65
5,Bakery,2024-02-20,39,2017-10-01,2023-01-01,True,5_Bakery,urban_residential,1,40.0,sports,0.975
5,Bakery,2024-07-02,41,2017-10-01,2023-01-01,True,5_Bakery,urban_residential,1,40.5,market,1.0123456790123457
5,Bakery,2024-09-24,107,2017-10-01,2023-01-01,True,5_Bakery,urban_residential,1,40.0,cultural,2.675
5,Bakery,2024-09-24,107,2017-10-01,2023-01-01,True,5_Bakery,urban_residential,1,40.0,concert,2.675
5,Bakery,2023-01-18,120,2017-10-01,2023-01-01,True,5_Bakery,urban_residential,2,63.0,cultural,1.9047619047619047
5,Bakery,2023-02-15,42,2017-10-01,2023-01-01,True,5_Bakery,urban_residential,2,36.0,sports,1.1666666666666667
5,Bakery,2023-03-01,57,2017-10-01,2023-01-01,True,5_Bakery,urban_residential,2,40.0,cultural,1.425
5,Bakery,2023-04-26,115,2017-10-01,2023-01-01,True,5_Bakery,urban_residential,2,45.5,cultural,2.5274725274725274
5,Bakery,2023-05-10,116,2017-10-01,2023-01-01,True,5_Bakery,urban_residential,2,48.0,food_festival,2.4166666666666665
5,Bakery,2023-10-11,80,2017-10-01,2023-01-01,True,5_Bakery,urban_residential,2,39.0,music_festival,2.051282051282051
5,Bakery,2023-12-20,86,2017-10-01,2023-01-01,True,5_Bakery,urban_residential,2,40.0,concert,2.15
5,Bakery,2024-02-28,54,2017-10-01,2023-01-01,True,5_Bakery,urban_residential,2,42.0,market,1.2857142857142858
5,Bakery,2024-03-27,97,2017-10-01,2023-01-01,True,5_Bakery,urban_residential,2,41.0,food_festival,2.3658536585365852
5,Bakery,2024-04-10,78,2017-10-01,2023-01-01,True,5_Bakery,urban_residential,2,42.0,market,1.8571428571428572
5,Bakery,2024-08-14,35,2017-10-01,2023-01-01,True,5_Bakery,urban_residential,2,42.0,concert,0.8333333333333334
5,Bakery,2024-10-02,50,2017-10-01,2023-01-01,True,5_Bakery,urban_residential,2,40.0,sports,1.25
5,Bakery,2023-01-19,105,2017-10-01,2023-01-01,True,5_Bakery,urban_residential,3,63.5,market,1.6535433070866141
5,Bakery,2023-02-02,62,2017-10-01,2023-01-01,True,5_Bakery,urban_residential,3,55.0,convention,1.1272727272727272
5,Bakery,2023-04-20,53,2017-10-01,2023-01-01,True,5_Bakery,urban_residential,3,46.0,concert,1.1521739130434783
5,Bakery,2023-05-11,40,2017-10-01,2023-01-01,True,5_Bakery,urban_residential,3,47.5,convention,0.8421052631578947
5,Bakery,2023-07-06,66,2017-10-01,2023-01-01,True,5_Bakery,urban_residential,3,43.0,cultural,1.5348837209302326
5,Bakery,2023-10-12,120,2017-10-01,2023-01-01,True,5_Bakery,urban_residential,3,35.0,market,3.0
5,Bakery,2023-11-30,106,2017-10-01,2023-01-01,True,5_Bakery,urban_residential,3,39.0,music_festival,2.717948717948718
5,Bakery,2023-12-14,73,2017-10-01,2023-01-01,True,5_Bakery,urban_residential,3,39.0,book_fair,1.8717948717948718
5,Bakery,2024-06-20,54,2017-10-01,2023-01-01,True,5_Bakery,urban_residential,3,41.5,cultural,1.3012048192771084
5,Bakery,2023-01-20,87,2017-10-01,2023-01-01,True,5_Bakery,urban_residential,4,64.0,concert,1.359375
5,Bakery,2023-08-04,36,2017-10-01,2023-01-01,True,5_Bakery,urban_residential,4,39.0,sports,0.9230769230769231
5,Bakery,2023-12-08,142,2017-10-01,2023-01-01,True,5_Bakery,urban_residential,4,39.0,food_festival,3.0
5,Bakery,2024-05-24,52,2017-10-01,2023-01-01,True,5_Bakery,urban_residential,4,43.5,convention,1.1954022988505748
5,Bakery,2024-07-19,70,2017-10-01,2023-01-01,True,5_Bakery,urban_residential,4,42.5,market,1.6470588235294117
5,Bakery,2024-07-19,70,2017-10-01,2023-01-01,True,5_Bakery,urban_residential,4,42.5,music_festival,1.6470588235294117
5,Bakery,2024-08-09,42,2017-10-01,2023-01-01,True,5_Bakery,urban_residential,4,42.0,sports,1.0
5,Bakery,2024-08-09,42,2017-10-01,2023-01-01,True,5_Bakery,urban_residential,4,42.0,convention,1.0
5,Bakery,2024-08-16,53,2017-10-01,2023-01-01,True,5_Bakery,urban_residential,4,42.0,convention,1.2619047619047619
5,Bakery,2024-09-06,46,2017-10-01,2023-01-01,True,5_Bakery,urban_residential,4,42.0,music_festival,1.0952380952380953
5,Bakery,2023-03-11,63,2017-10-01,2023-01-01,True,5_Bakery,urban_residential,5,54.0,convention,1.1666666666666667
5,Bakery,2023-03-18,75,2017-10-01,2023-01-01,True,5_Bakery,urban_residential,5,55.5,cultural,1.3513513513513513
5,Bakery,2023-04-15,145,2017-10-01,2023-01-01,True,5_Bakery,urban_residential,5,55.5,book_fair,2.6126126126126126
5,Bakery,2023-07-08,86,2017-10-01,2023-01-01,True,5_Bakery,urban_residential,5,55.5,music_festival,1.5495495495495495
5,Bakery,2023-09-02,116,2017-10-01,2023-01-01,True,5_Bakery,urban_residential,5,54.0,food_festival,2.1481481481481484
5,Bakery,2023-10-28,89,2017-10-01,2023-01-01,True,5_Bakery,urban_residential,5,54.0,cultural,1.6481481481481481
5,Bakery,2024-02-03,198,2017-10-01,2023-01-01,True,5_Bakery,urban_residential,5,55.0,market,3.0
5,Bakery,2024-02-03,198,2017-10-01,2023-01-01,True,5_Bakery,urban_residential,5,55.0,food_festival,3.0
5,Bakery,2024-03-02,112,2017-10-01,2023-01-01,True,5_Bakery,urban_residential,5,55.0,concert,2.036363636363636
5,Bakery,2024-06-29,56,2017-10-01,2023-01-01,True,5_Bakery,urban_residential,5,55.0,sports,1.018181818181818
5,Bakery,2024-08-17,63,2017-10-01,2023-01-01,True,5_Bakery,urban_residential,5,55.0,book_fair,1.1454545454545455
5,Bakery,2024-08-31,65,2017-10-01,2023-01-01,True,5_Bakery,urban_residential,5,55.0,music_festival,1.1818181818181819
5,Bakery,2024-10-19,50,2017-10-01,2023-01-01,True,5_Bakery,urban_residential,5,55.0,book_fair,0.9090909090909091
5,Bakery,2023-06-18,36,2017-10-01,2023-01-01,True,5_Bakery,urban_residential,6,56.0,convention,0.6428571428571429
5,Bakery,2023-07-30,41,2017-10-01,2023-01-01,True,5_Bakery,urban_residential,6,50.5,convention,0.8118811881188119
5,Bakery,2023-12-03,156,2017-10-01,2023-01-01,True,5_Bakery,urban_residential,6,45.0,cultural,3.0
5,Bakery,2023-12-17,105,2017-10-01,2023-01-01,True,5_Bakery,urban_residential,6,45.5,sports,2.3076923076923075
5,Bakery,2023-12-17,105,2017-10-01,2023-01-01,True,5_Bakery,urban_residential,6,45.5,sports,2.3076923076923075
5,Bakery,2024-01-07,103,2017-10-01,2023-01-01,True,5_Bakery,urban_residential,6,50.0,cultural,2.06
5,Bakery,2024-01-14,87,2017-10-01,2023-01-01,True,5_Bakery,urban_residential,6,50.0,market,1.74
5,Bakery,2024-03-10,69,2017-10-01,2023-01-01,True,5_Bakery,urban_residential,6,52.0,market,1.3269230769230769
5,Bakery,2024-03-24,134,2017-10-01,2023-01-01,True,5_Bakery,urban_residential,6,52.5,food_festival,2.552380952380952
5,Bakery,2024-04-21,177,2017-10-01,2023-01-01,True,5_Bakery,urban_residential,6,53.0,cultural,3.0
5,Bakery,2024-05-19,56,2017-10-01,2023-01-01,True,5_Bakery,urban_residential,6,54.0,convention,1.037037037037037
5,Bakery,2024-07-14,103,2017-10-01,2023-01-01,True,5_Bakery,urban_residential,6,52.5,food_festival,1.9619047619047618
5,Bakery,2024-08-11,26,2017-10-01,2023-01-01,True,5_Bakery,urban_residential,6,52.0,convention,0.5
5,Chocolate & Milk,2023-05-01,50,2017-10-01,2023-01-01,True,5_Chocolate-Milk,urban_residential,0,25.0,music_festival,2.0
5,Chocolate & Milk,2023-07-31,29,2017-10-01,2023-01-01,True,5_Chocolate-Milk,urban_residential,0,23.0,market,1.2608695652173914
5,Chocolate & Milk,2023-11-27,34,2017-10-01,2023-01-01,True,5_Chocolate-Milk,urban_residential,0,23.0,convention,1.4782608695652173
5,Chocolate & Milk,2024-07-01,21,2017-10-01,2023-01-01,True,5_Chocolate-Milk,urban_residential,0,22.5,market,0.9333333333333333
5,Chocolate & Milk,2024-08-12,20,2017-10-01,2023-01-01,True,5_Chocolate-Milk,urban_residential,0,22.5,market,0.8888888888888888
5,Chocolate & Milk,2024-08-26,53,2017-10-01,2023-01-01,True,5_Chocolate-Milk,urban_residential,0,22.5,market,2.3555555555555556
5,Chocolate & Milk,2024-10-28,51,2017-10-01,2023-01-01,True,5_Chocolate-Milk,urban_residential,0,22.0,market,2.3181818181818183
5,Chocolate & Milk,2023-03-28,68,2017-10-01,2023-01-01,True,5_Chocolate-Milk,urban_residential,1,32.5,market,2.0923076923076924
5,Chocolate & Milk,2023-06-13,17,2017-10-01,2023-01-01,True,5_Chocolate-Milk,urban_residential,1,28.0,convention,0.6071428571428571
5,Chocolate & Milk,2023-08-08,19,2017-10-01,2023-01-01,True,5_Chocolate-Milk,urban_residential,1,26.0,market,0.7307692307692307
5,Chocolate & Milk,2023-12-26,39,2017-10-01,2023-01-01,True,5_Chocolate-Milk,urban_residential,1,23.0,sports,1.6956521739130435
5,Chocolate & Milk,2024-02-20,28,2017-10-01,2023-01-01,True,5_Chocolate-Milk,urban_residential,1,23.0,sports,1.2173913043478262
5,Chocolate & Milk,2024-07-02,16,2017-10-01,2023-01-01,True,5_Chocolate-Milk,urban_residential,1,23.5,market,0.6808510638297872
5,Chocolate & Milk,2024-09-24,49,2017-10-01,2023-01-01,True,5_Chocolate-Milk,urban_residential,1,23.0,cultural,2.130434782608696
5,Chocolate & Milk,2024-09-24,49,2017-10-01,2023-01-01,True,5_Chocolate-Milk,urban_residential,1,23.0,concert,2.130434782608696
5,Chocolate & Milk,2023-01-18,83,2017-10-01,2023-01-01,True,5_Chocolate-Milk,urban_residential,2,35.0,cultural,2.3714285714285714
5,Chocolate & Milk,2023-02-15,29,2017-10-01,2023-01-01,True,5_Chocolate-Milk,urban_residential,2,30.5,sports,0.9508196721311475
5,Chocolate & Milk,2023-03-01,41,2017-10-01,2023-01-01,True,5_Chocolate-Milk,urban_residential,2,29.5,cultural,1.3898305084745763
5,Chocolate & Milk,2023-04-26,78,2017-10-01,2023-01-01,True,5_Chocolate-Milk,urban_residential,2,27.5,cultural,2.8363636363636364
5,Chocolate & Milk,2023-05-10,83,2017-10-01,2023-01-01,True,5_Chocolate-Milk,urban_residential,2,29.0,food_festival,2.8620689655172415
5,Chocolate & Milk,2023-10-11,59,2017-10-01,2023-01-01,True,5_Chocolate-Milk,urban_residential,2,25.0,music_festival,2.36
5,Chocolate & Milk,2023-12-20,40,2017-10-01,2023-01-01,True,5_Chocolate-Milk,urban_residential,2,25.5,concert,1.5686274509803921
5,Chocolate & Milk,2024-02-28,49,2017-10-01,2023-01-01,True,5_Chocolate-Milk,urban_residential,2,26.0,market,1.8846153846153846
5,Chocolate & Milk,2024-03-27,44,2017-10-01,2023-01-01,True,5_Chocolate-Milk,urban_residential,2,26.0,food_festival,1.6923076923076923
5,Chocolate & Milk,2024-04-10,32,2017-10-01,2023-01-01,True,5_Chocolate-Milk,urban_residential,2,26.0,market,1.2307692307692308
5,Chocolate & Milk,2024-08-14,24,2017-10-01,2023-01-01,True,5_Chocolate-Milk,urban_residential,2,26.0,concert,0.9230769230769231
5,Chocolate & Milk,2024-10-02,36,2017-10-01,2023-01-01,True,5_Chocolate-Milk,urban_residential,2,26.0,sports,1.3846153846153846
5,Chocolate & Milk,2023-01-19,60,2017-10-01,2023-01-01,True,5_Chocolate-Milk,urban_residential,3,36.0,market,1.6666666666666667
5,Chocolate & Milk,2023-02-02,23,2017-10-01,2023-01-01,True,5_Chocolate-Milk,urban_residential,3,33.0,convention,0.696969696969697
5,Chocolate & Milk,2023-04-20,22,2017-10-01,2023-01-01,True,5_Chocolate-Milk,urban_residential,3,25.0,concert,0.88
5,Chocolate & Milk,2023-05-11,21,2017-10-01,2023-01-01,True,5_Chocolate-Milk,urban_residential,3,27.5,convention,0.7636363636363637
5,Chocolate & Milk,2023-07-06,22,2017-10-01,2023-01-01,True,5_Chocolate-Milk,urban_residential,3,24.0,cultural,0.9166666666666666
5,Chocolate & Milk,2023-10-12,87,2017-10-01,2023-01-01,True,5_Chocolate-Milk,urban_residential,3,22.0,market,3.0
5,Chocolate & Milk,2023-11-30,59,2017-10-01,2023-01-01,True,5_Chocolate-Milk,urban_residential,3,22.0,music_festival,2.6818181818181817
5,Chocolate & Milk,2023-12-14,32,2017-10-01,2023-01-01,True,5_Chocolate-Milk,urban_residential,3,22.0,book_fair,1.4545454545454546
5,Chocolate & Milk,2024-06-20,17,2017-10-01,2023-01-01,True,5_Chocolate-Milk,urban_residential,3,24.0,cultural,0.7083333333333334
5,Chocolate & Milk,2023-01-20,51,2017-10-01,2023-01-01,True,5_Chocolate-Milk,urban_residential,4,37.0,concert,1.3783783783783783
5,Chocolate & Milk,2023-08-04,22,2017-10-01,2023-01-01,True,5_Chocolate-Milk,urban_residential,4,22.5,sports,0.9777777777777777
5,Chocolate & Milk,2023-12-08,88,2017-10-01,2023-01-01,True,5_Chocolate-Milk,urban_residential,4,22.5,food_festival,3.0
5,Chocolate & Milk,2024-05-24,24,2017-10-01,2023-01-01,True,5_Chocolate-Milk,urban_residential,4,24.5,convention,0.9795918367346939
5,Chocolate & Milk,2024-07-19,25,2017-10-01,2023-01-01,True,5_Chocolate-Milk,urban_residential,4,24.0,market,1.0416666666666667
5,Chocolate & Milk,2024-07-19,25,2017-10-01,2023-01-01,True,5_Chocolate-Milk,urban_residential,4,24.0,music_festival,1.0416666666666667
5,Chocolate & Milk,2024-08-09,23,2017-10-01,2023-01-01,True,5_Chocolate-Milk,urban_residential,4,24.0,sports,0.9583333333333334
5,Chocolate & Milk,2024-08-09,23,2017-10-01,2023-01-01,True,5_Chocolate-Milk,urban_residential,4,24.0,convention,0.9583333333333334
5,Chocolate & Milk,2024-08-16,24,2017-10-01,2023-01-01,True,5_Chocolate-Milk,urban_residential,4,24.0,convention,1.0
5,Chocolate & Milk,2024-09-06,20,2017-10-01,2023-01-01,True,5_Chocolate-Milk,urban_residential,4,24.0,music_festival,0.8333333333333334
5,Chocolate & Milk,2023-03-11,36,2017-10-01,2023-01-01,True,5_Chocolate-Milk,urban_residential,5,29.0,convention,1.2413793103448276
5,Chocolate & Milk,2023-03-18,32,2017-10-01,2023-01-01,True,5_Chocolate-Milk,urban_residential,5,32.0,cultural,1.0
5,Chocolate & Milk,2023-04-15,76,2017-10-01,2023-01-01,True,5_Chocolate-Milk,urban_residential,5,30.5,book_fair,2.4918032786885247
5,Chocolate & Milk,2023-07-08,75,2017-10-01,2023-01-01,True,5_Chocolate-Milk,urban_residential,5,31.5,music_festival,2.380952380952381
5,Chocolate & Milk,2023-09-02,61,2017-10-01,2023-01-01,True,5_Chocolate-Milk,urban_residential,5,31.5,food_festival,1.9365079365079365
5,Chocolate & Milk,2023-10-28,46,2017-10-01,2023-01-01,True,5_Chocolate-Milk,urban_residential,5,31.5,cultural,1.4603174603174602
5,Chocolate & Milk,2024-02-03,156,2017-10-01,2023-01-01,True,5_Chocolate-Milk,urban_residential,5,34.5,market,3.0
5,Chocolate & Milk,2024-02-03,156,2017-10-01,2023-01-01,True,5_Chocolate-Milk,urban_residential,5,34.5,food_festival,3.0
5,Chocolate & Milk,2024-03-02,63,2017-10-01,2023-01-01,True,5_Chocolate-Milk,urban_residential,5,33.5,concert,1.8805970149253732
5,Chocolate & Milk,2024-06-29,31,2017-10-01,2023-01-01,True,5_Chocolate-Milk,urban_residential,5,33.0,sports,0.9393939393939394
5,Chocolate & Milk,2024-08-17,38,2017-10-01,2023-01-01,True,5_Chocolate-Milk,urban_residential,5,32.0,book_fair,1.1875
5,Chocolate & Milk,2024-08-31,49,2017-10-01,2023-01-01,True,5_Chocolate-Milk,urban_residential,5,32.0,music_festival,1.53125
5,Chocolate & Milk,2024-10-19,28,2017-10-01,2023-01-01,True,5_Chocolate-Milk,urban_residential,5,32.0,book_fair,0.875
5,Chocolate & Milk,2023-06-18,36,2017-10-01,2023-01-01,True,5_Chocolate-Milk,urban_residential,6,31.0,convention,1.1612903225806452
5,Chocolate & Milk,2023-07-30,24,2017-10-01,2023-01-01,True,5_Chocolate-Milk,urban_residential,6,31.0,convention,0.7741935483870968
5,Chocolate & Milk,2023-12-03,85,2017-10-01,2023-01-01,True,5_Chocolate-Milk,urban_residential,6,31.0,cultural,2.7419354838709675
5,Chocolate & Milk,2023-12-17,64,2017-10-01,2023-01-01,True,5_Chocolate-Milk,urban_residential,6,31.0,sports,2.064516129032258
5,Chocolate & Milk,2023-12-17,64,2017-10-01,2023-01-01,True,5_Chocolate-Milk,urban_residential,6,31.0,sports,2.064516129032258
5,Chocolate & Milk,2024-01-07,46,2017-10-01,2023-01-01,True,5_Chocolate-Milk,urban_residential,6,31.0,cultural,1.4838709677419355
5,Chocolate & Milk,2024-01-14,52,2017-10-01,2023-01-01,True,5_Chocolate-Milk,urban_residential,6,31.0,market,1.6774193548387097
5,Chocolate & Milk,2024-03-10,65,2017-10-01,2023-01-01,True,5_Chocolate-Milk,urban_residential,6,31.0,market,2.096774193548387
5,Chocolate & Milk,2024-03-24,74,2017-10-01,2023-01-01,True,5_Chocolate-Milk,urban_residential,6,31.5,food_festival,2.3492063492063493
5,Chocolate & Milk,2024-04-21,108,2017-10-01,2023-01-01,True,5_Chocolate-Milk,urban_residential,6,32.0,cultural,3.0
5,Chocolate & Milk,2024-05-19,40,2017-10-01,2023-01-01,True,5_Chocolate-Milk,urban_residential,6,32.0,convention,1.25
5,Chocolate & Milk,2024-07-14,66,2017-10-01,2023-01-01,True,5_Chocolate-Milk,urban_residential,6,31.5,food_festival,2.0952380952380953
5,Chocolate & Milk,2024-08-11,36,2017-10-01,2023-01-01,True,5_Chocolate-Milk,urban_residential,6,31.5,convention,1.1428571428571428
5,Coffee,2023-05-01,469,2017-10-01,2023-01-01,True,5_Coffee,urban_residential,0,197.0,music_festival,2.3807106598984773
5,Coffee,2023-07-31,203,2017-10-01,2023-01-01,True,5_Coffee,urban_residential,0,169.5,market,1.1976401179941003
5,Coffee,2023-11-27,221,2017-10-01,2023-01-01,True,5_Coffee,urban_residential,0,164.0,convention,1.3475609756097562
5,Coffee,2024-07-01,188,2017-10-01,2023-01-01,True,5_Coffee,urban_residential,0,179.0,market,1.0502793296089385
5,Coffee,2024-08-12,214,2017-10-01,2023-01-01,True,5_Coffee,urban_residential,0,178.0,market,1.202247191011236
5,Coffee,2024-08-26,304,2017-10-01,2023-01-01,True,5_Coffee,urban_residential,0,179.0,market,1.6983240223463687
5,Coffee,2024-10-28,283,2017-10-01,2023-01-01,True,5_Coffee,urban_residential,0,178.0,market,1.5898876404494382
5,Coffee,2023-03-28,465,2017-10-01,2023-01-01,True,5_Coffee,urban_residential,1,196.5,market,2.366412213740458
5,Coffee,2023-06-13,106,2017-10-01,2023-01-01,True,5_Coffee,urban_residential,1,183.0,convention,0.5792349726775956
5,Coffee,2023-08-08,145,2017-10-01,2023-01-01,True,5_Coffee,urban_residential,1,173.0,market,0.838150289017341
5,Coffee,2023-12-26,238,2017-10-01,2023-01-01,True,5_Coffee,urban_residential,1,164.0,sports,1.451219512195122
5,Coffee,2024-02-20,175,2017-10-01,2023-01-01,True,5_Coffee,urban_residential,1,164.0,sports,1.0670731707317074
5,Coffee,2024-07-02,170,2017-10-01,2023-01-01,True,5_Coffee,urban_residential,1,174.5,market,0.9742120343839542
5,Coffee,2024-09-24,384,2017-10-01,2023-01-01,True,5_Coffee,urban_residential,1,164.0,cultural,2.341463414634146
5,Coffee,2024-09-24,384,2017-10-01,2023-01-01,True,5_Coffee,urban_residential,1,164.0,concert,2.341463414634146
5,Coffee,2023-01-18,418,2017-10-01,2023-01-01,True,5_Coffee,urban_residential,2,243.0,cultural,1.7201646090534979
5,Coffee,2023-02-15,187,2017-10-01,2023-01-01,True,5_Coffee,urban_residential,2,179.0,sports,1.0446927374301676
5,Coffee,2023-03-01,231,2017-10-01,2023-01-01,True,5_Coffee,urban_residential,2,184.5,cultural,1.2520325203252032
5,Coffee,2023-04-26,423,2017-10-01,2023-01-01,True,5_Coffee,urban_residential,2,185.5,cultural,2.280323450134771
5,Coffee,2023-05-10,472,2017-10-01,2023-01-01,True,5_Coffee,urban_residential,2,189.0,food_festival,2.497354497354497
5,Coffee,2023-10-11,281,2017-10-01,2023-01-01,True,5_Coffee,urban_residential,2,164.5,music_festival,1.7082066869300911
5,Coffee,2023-12-20,346,2017-10-01,2023-01-01,True,5_Coffee,urban_residential,2,171.5,concert,2.0174927113702625
5,Coffee,2024-02-28,312,2017-10-01,2023-01-01,True,5_Coffee,urban_residential,2,175.5,market,1.7777777777777777
5,Coffee,2024-03-27,449,2017-10-01,2023-01-01,True,5_Coffee,urban_residential,2,176.5,food_festival,2.543909348441926
5,Coffee,2024-04-10,335,2017-10-01,2023-01-01,True,5_Coffee,urban_residential,2,177.5,market,1.8873239436619718
5,Coffee,2024-08-14,163,2017-10-01,2023-01-01,True,5_Coffee,urban_residential,2,176.5,concert,0.9235127478753541
5,Coffee,2024-10-02,203,2017-10-01,2023-01-01,True,5_Coffee,urban_residential,2,170.0,sports,1.1941176470588235
5,Coffee,2023-01-19,444,2017-10-01,2023-01-01,True,5_Coffee,urban_residential,3,258.0,market,1.7209302325581395
5,Coffee,2023-02-02,160,2017-10-01,2023-01-01,True,5_Coffee,urban_residential,3,212.5,convention,0.7529411764705882
5,Coffee,2023-04-20,275,2017-10-01,2023-01-01,True,5_Coffee,urban_residential,3,182.0,concert,1.510989010989011
5,Coffee,2023-05-11,220,2017-10-01,2023-01-01,True,5_Coffee,urban_residential,3,190.5,convention,1.1548556430446195
5,Coffee,2023-07-06,318,2017-10-01,2023-01-01,True,5_Coffee,urban_residential,3,181.0,cultural,1.7569060773480663
5,Coffee,2023-10-12,524,2017-10-01,2023-01-01,True,5_Coffee,urban_residential,3,162.5,market,3.0
5,Coffee,2023-11-30,507,2017-10-01,2023-01-01,True,5_Coffee,urban_residential,3,165.0,music_festival,3.0
5,Coffee,2023-12-14,260,2017-10-01,2023-01-01,True,5_Coffee,urban_residential,3,171.0,book_fair,1.5204678362573099
5,Coffee,2024-06-20,172,2017-10-01,2023-01-01,True,5_Coffee,urban_residential,3,176.5,cultural,0.9745042492917847
5,Coffee,2023-01-20,373,2017-10-01,2023-01-01,True,5_Coffee,urban_residential,4,273.0,concert,1.3663003663003663
5,Coffee,2023-08-04,114,2017-10-01,2023-01-01,True,5_Coffee,urban_residential,4,180.0,sports,0.6333333333333333
5,Coffee,2023-12-08,581,2017-10-01,2023-01-01,True,5_Coffee,urban_residential,4,153.0,food_festival,3.0
5,Coffee,2024-05-24,190,2017-10-01,2023-01-01,True,5_Coffee,urban_residential,4,178.5,convention,1.0644257703081232
5,Coffee,2024-07-19,266,2017-10-01,2023-01-01,True,5_Coffee,urban_residential,4,174.0,market,1.528735632183908
5,Coffee,2024-07-19,266,2017-10-01,2023-01-01,True,5_Coffee,urban_residential,4,174.0,music_festival,1.528735632183908
5,Coffee,2024-08-09,155,2017-10-01,2023-01-01,True,5_Coffee,urban_residential,4,172.0,sports,0.9011627906976745
5,Coffee,2024-08-09,155,2017-10-01,2023-01-01,True,5_Coffee,urban_residential,4,172.0,convention,0.9011627906976745
5,Coffee,2024-08-16,213,2017-10-01,2023-01-01,True,5_Coffee,urban_residential,4,171.5,convention,1.2419825072886297
5,Coffee,2024-09-06,225,2017-10-01,2023-01-01,True,5_Coffee,urban_residential,4,171.0,music_festival,1.3157894736842106
5,Coffee,2023-03-11,248,2017-10-01,2023-01-01,True,5_Coffee,urban_residential,5,225.0,convention,1.1022222222222222
5,Coffee,2023-03-18,335,2017-10-01,2023-01-01,True,5_Coffee,urban_residential,5,234.5,cultural,1.4285714285714286
5,Coffee,2023-04-15,466,2017-10-01,2023-01-01,True,5_Coffee,urban_residential,5,240.5,book_fair,1.9376299376299377
5,Coffee,2023-07-08,450,2017-10-01,2023-01-01,True,5_Coffee,urban_residential,5,226.5,music_festival,1.9867549668874172
5,Coffee,2023-09-02,414,2017-10-01,2023-01-01,True,5_Coffee,urban_residential,5,220.0,food_festival,1.8818181818181818
5,Coffee,2023-10-28,404,2017-10-01,2023-01-01,True,5_Coffee,urban_residential,5,225.0,cultural,1.7955555555555556
5,Coffee,2024-02-03,840,2017-10-01,2023-01-01,True,5_Coffee,urban_residential,5,231.5,market,3.0
5,Coffee,2024-02-03,840,2017-10-01,2023-01-01,True,5_Coffee,urban_residential,5,231.5,food_festival,3.0
5,Coffee,2024-03-02,393,2017-10-01,2023-01-01,True,5_Coffee,urban_residential,5,230.5,concert,1.704989154013015
5,Coffee,2024-06-29,196,2017-10-01,2023-01-01,True,5_Coffee,urban_residential,5,234.0,sports,0.8376068376068376
5,Coffee,2024-08-17,239,2017-10-01,2023-01-01,True,5_Coffee,urban_residential,5,229.5,book_fair,1.0413943355119826
5,Coffee,2024-08-31,300,2017-10-01,2023-01-01,True,5_Coffee,urban_residential,5,229.5,music_festival,1.3071895424836601
5,Coffee,2024-10-19,270,2017-10-01,2023-01-01,True,5_Coffee,urban_residential,5,229.0,book_fair,1.1790393013100438
5,Coffee,2023-06-18,184,2017-10-01,2023-01-01,True,5_Coffee,urban_residential,6,245.0,convention,0.7510204081632653
5,Coffee,2023-07-30,160,2017-10-01,2023-01-01,True,5_Coffee,urban_residential,6,217.5,convention,0.735632183908046
5,Coffee,2023-12-03,721,2017-10-01,2023-01-01,True,5_Coffee,urban_residential,6,205.0,cultural,3.0
5,Coffee,2023-12-17,398,2017-10-01,2023-01-01,True,5_Coffee,urban_residential,6,207.0,sports,1.922705314009662
5,Coffee,2023-12-17,398,2017-10-01,2023-01-01,True,5_Coffee,urban_residential,6,207.0,sports,1.922705314009662
5,Coffee,2024-01-07,450,2017-10-01,2023-01-01,True,5_Coffee,urban_residential,6,207.0,cultural,2.1739130434782608
5,Coffee,2024-01-14,394,2017-10-01,2023-01-01,True,5_Coffee,urban_residential,6,209.0,market,1.8851674641148326
5,Coffee,2024-03-10,363,2017-10-01,2023-01-01,True,5_Coffee,urban_residential,6,209.0,market,1.736842105263158
5,Coffee,2024-03-24,564,2017-10-01,2023-01-01,True,5_Coffee,urban_residential,6,214.0,food_festival,2.635514018691589
5,Coffee,2024-04-21,775,2017-10-01,2023-01-01,True,5_Coffee,urban_residential,6,224.0,cultural,3.0
5,Coffee,2024-05-19,238,2017-10-01,2023-01-01,True,5_Coffee,urban_residential,6,226.5,convention,1.0507726269315674
5,Coffee,2024-07-14,486,2017-10-01,2023-01-01,True,5_Coffee,urban_residential,6,214.0,food_festival,2.2710280373831777
5,Coffee,2024-08-11,133,2017-10-01,2023-01-01,True,5_Coffee,urban_residential,6,214.0,convention,0.6214953271028038
5,Juice & Smoothie,2023-05-01,38,2017-10-01,2023-01-01,True,5_Juice-Smoothie,urban_residential,0,15.0,music_festival,2.533333333333333
5,Juice & Smoothie,2023-07-31,20,2017-10-01,2023-01-01,True,5_Juice-Smoothie,urban_residential,0,15.0,market,1.3333333333333333
5,Juice & Smoothie,2023-11-27,30,2017-10-01,2023-01-01,True,5_Juice-Smoothie,urban_residential,0,15.0,convention,2.0
5,Juice & Smoothie,2024-07-01,20,2017-10-01,2023-01-01,True,5_Juice-Smoothie,urban_residential,0,16.0,market,1.25
5,Juice & Smoothie,2024-08-12,24,2017-10-01,2023-01-01,True,5_Juice-Smoothie,urban_residential,0,16.0,market,1.5
5,Juice & Smoothie,2024-08-26,32,2017-10-01,2023-01-01,True,5_Juice-Smoothie,urban_residential,0,16.0,market,2.0
5,Juice & Smoothie,2024-10-28,26,2017-10-01,2023-01-01,True,5_Juice-Smoothie,urban_residential,0,15.0,market,1.7333333333333334
5,Juice & Smoothie,2023-03-28,44,2017-10-01,2023-01-01,True,5_Juice-Smoothie,urban_residential,1,15.0,market,2.933333333333333
5,Juice & Smoothie,2023-06-13,11,2017-10-01,2023-01-01,True,5_Juice-Smoothie,urban_residential,1,15.0,convention,0.7333333333333333
5,Juice & Smoothie,2023-08-08,8,2017-10-01,2023-01-01,True,5_Juice-Smoothie,urban_residential,1,12.0,market,0.6666666666666666
5,Juice & Smoothie,2023-12-26,27,2017-10-01,2023-01-01,True,5_Juice-Smoothie,urban_residential,1,14.0,sports,1.9285714285714286
5,Juice & Smoothie,2024-02-20,8,2017-10-01,2023-01-01,True,5_Juice-Smoothie,urban_residential,1,14.0,sports,0.5714285714285714
5,Juice & Smoothie,2024-07-02,17,2017-10-01,2023-01-01,True,5_Juice-Smoothie,urban_residential,1,13.5,market,1.2592592592592593
5,Juice & Smoothie,2024-09-24,24,2017-10-01,2023-01-01,True,5_Juice-Smoothie,urban_residential,1,13.0,cultural,1.8461538461538463
5,Juice & Smoothie,2024-09-24,24,2017-10-01,2023-01-01,True,5_Juice-Smoothie,urban_residential,1,13.0,concert,1.8461538461538463
5,Juice & Smoothie,2023-01-18,30,2017-10-01,2023-01-01,True,5_Juice-Smoothie,urban_residential,2,21.0,cultural,1.4285714285714286
5,Juice & Smoothie,2023-02-15,22,2017-10-01,2023-01-01,True,5_Juice-Smoothie,urban_residential,2,13.5,sports,1.6296296296296295
5,Juice & Smoothie,2023-03-01,28,2017-10-01,2023-01-01,True,5_Juice-Smoothie,urban_residential,2,16.0,cultural,1.75
5,Juice & Smoothie,2023-04-26,37,2017-10-01,2023-01-01,True,5_Juice-Smoothie,urban_residential,2,16.0,cultural,2.3125
5,Juice & Smoothie,2023-05-10,61,2017-10-01,2023-01-01,True,5_Juice-Smoothie,urban_residential,2,16.5,food_festival,3.0
5,Juice & Smoothie,2023-10-11,14,2017-10-01,2023-01-01,True,5_Juice-Smoothie,urban_residential,2,14.5,music_festival,0.9655172413793104
5,Juice & Smoothie,2023-12-20,40,2017-10-01,2023-01-01,True,5_Juice-Smoothie,urban_residential,2,14.5,concert,2.7586206896551726
5,Juice & Smoothie,2024-02-28,19,2017-10-01,2023-01-01,True,5_Juice-Smoothie,urban_residential,2,15.0,market,1.2666666666666666
5,Juice & Smoothie,2024-03-27,35,2017-10-01,2023-01-01,True,5_Juice-Smoothie,urban_residential,2,15.0,food_festival,2.3333333333333335
5,Juice & Smoothie,2024-04-10,26,2017-10-01,2023-01-01,True,5_Juice-Smoothie,urban_residential,2,15.0,market,1.7333333333333334
5,Juice & Smoothie,2024-08-14,12,2017-10-01,2023-01-01,True,5_Juice-Smoothie,urban_residential,2,15.0,concert,0.8
5,Juice & Smoothie,2024-10-02,23,2017-10-01,2023-01-01,True,5_Juice-Smoothie,urban_residential,2,15.0,sports,1.5333333333333334
5,Juice & Smoothie,2023-01-19,51,2017-10-01,2023-01-01,True,5_Juice-Smoothie,urban_residential,3,21.5,market,2.372093023255814
5,Juice & Smoothie,2023-02-02,8,2017-10-01,2023-01-01,True,5_Juice-Smoothie,urban_residential,3,25.5,convention,0.3137254901960784
5,Juice & Smoothie,2023-04-20,15,2017-10-01,2023-01-01,True,5_Juice-Smoothie,urban_residential,3,18.0,concert,0.8333333333333334
5,Juice & Smoothie,2023-05-11,11,2017-10-01,2023-01-01,True,5_Juice-Smoothie,urban_residential,3,18.0,convention,0.6111111111111112
5,Juice & Smoothie,2023-07-06,24,2017-10-01,2023-01-01,True,5_Juice-Smoothie,urban_residential,3,15.5,cultural,1.5483870967741935
5,Juice & Smoothie,2023-10-12,32,2017-10-01,2023-01-01,True,5_Juice-Smoothie,urban_residential,3,13.0,market,2.4615384615384617
5,Juice & Smoothie,2023-11-30,36,2017-10-01,2023-01-01,True,5_Juice-Smoothie,urban_residential,3,13.0,music_festival,2.769230769230769
5,Juice & Smoothie,2023-12-14,30,2017-10-01,2023-01-01,True,5_Juice-Smoothie,urban_residential,3,14.0,book_fair,2.142857142857143
5,Juice & Smoothie,2024-06-20,7,2017-10-01,2023-01-01,True,5_Juice-Smoothie,urban_residential,3,15.0,cultural,0.4666666666666667
5,Juice & Smoothie,2023-01-20,24,2017-10-01,2023-01-01,True,5_Juice-Smoothie,urban_residential,4,22.0,concert,1.0909090909090908
5,Juice & Smoothie,2023-08-04,12,2017-10-01,2023-01-01,True,5_Juice-Smoothie,urban_residential,4,14.5,sports,0.8275862068965517
5,Juice & Smoothie,2023-12-08,40,2017-10-01,2023-01-01,True,5_Juice-Smoothie,urban_residential,4,12.5,food_festival,3.0
5,Juice & Smoothie,2024-05-24,10,2017-10-01,2023-01-01,True,5_Juice-Smoothie,urban_residential,4,14.0,convention,0.7142857142857143
5,Juice & Smoothie,2024-07-19,24,2017-10-01,2023-01-01,True,5_Juice-Smoothie,urban_residential,4,13.0,market,1.8461538461538463
5,Juice & Smoothie,2024-07-19,24,2017-10-01,2023-01-01,True,5_Juice-Smoothie,urban_residential,4,13.0,music_festival,1.8461538461538463
5,Juice & Smoothie,2024-08-09,9,2017-10-01,2023-01-01,True,5_Juice-Smoothie,urban_residential,4,13.0,sports,0.6923076923076923
5,Juice & Smoothie,2024-08-09,9,2017-10-01,2023-01-01,True,5_Juice-Smoothie,urban_residential,4,13.0,convention,0.6923076923076923
5,Juice & Smoothie,2024-08-16,18,2017-10-01,2023-01-01,True,5_Juice-Smoothie,urban_residential,4,13.0,convention,1.3846153846153846
5,Juice & Smoothie,2024-09-06,21,2017-10-01,2023-01-01,True,5_Juice-Smoothie,urban_residential,4,13.0,music_festival,1.6153846153846154
5,Juice & Smoothie,2023-03-11,24,2017-10-01,2023-01-01,True,5_Juice-Smoothie,urban_residential,5,16.0,convention,1.5
5,Juice & Smoothie,2023-03-18,23,2017-10-01,2023-01-01,True,5_Juice-Smoothie,urban_residential,5,16.5,cultural,1.393939393939394
5,Juice & Smoothie,2023-04-15,43,2017-10-01,2023-01-01,True,5_Juice-Smoothie,urban_residential,5,17.5,book_fair,2.4571428571428573
5,Juice & Smoothie,2023-07-08,43,2017-10-01,2023-01-01,True,5_Juice-Smoothie,urban_residential,5,17.5,music_festival,2.4571428571428573
5,Juice & Smoothie,2023-09-02,50,2017-10-01,2023-01-01,True,5_Juice-Smoothie,urban_residential,5,16.5,food_festival,3.0
5,Juice & Smoothie,2023-10-28,30,2017-10-01,2023-01-01,True,5_Juice-Smoothie,urban_residential,5,16.5,cultural,1.8181818181818181
5,Juice & Smoothie,2024-02-03,65,2017-10-01,2023-01-01,True,5_Juice-Smoothie,urban_residential,5,18.5,market,3.0
5,Juice & Smoothie,2024-02-03,65,2017-10-01,2023-01-01,True,5_Juice-Smoothie,urban_residential,5,18.5,food_festival,3.0
5,Juice & Smoothie,2024-03-02,49,2017-10-01,2023-01-01,True,5_Juice-Smoothie,urban_residential,5,18.5,concert,2.6486486486486487
5,Juice & Smoothie,2024-06-29,15,2017-10-01,2023-01-01,True,5_Juice-Smoothie,urban_residential,5,18.0,sports,0.8333333333333334
5,Juice & Smoothie,2024-08-17,12,2017-10-01,2023-01-01,True,5_Juice-Smoothie,urban_residential,5,17.5,book_fair,0.6857142857142857
5,Juice & Smoothie,2024-08-31,14,2017-10-01,2023-01-01,True,5_Juice-Smoothie,urban_residential,5,17.5,music_festival,0.8
5,Juice & Smoothie,2024-10-19,15,2017-10-01,2023-01-01,True,5_Juice-Smoothie,urban_residential,5,18.0,book_fair,0.8333333333333334
5,Juice & Smoothie,2023-06-18,16,2017-10-01,2023-01-01,True,5_Juice-Smoothie,urban_residential,6,17.0,convention,0.9411764705882353
5,Juice & Smoothie,2023-07-30,10,2017-10-01,2023-01-01,True,5_Juice-Smoothie,urban_residential,6,16.0,convention,0.625
5,Juice & Smoothie,2023-12-03,60,2017-10-01,2023-01-01,True,5_Juice-Smoothie,urban_residential,6,14.5,cultural,3.0
5,Juice & Smoothie,2023-12-17,38,2017-10-01,2023-01-01,True,5_Juice-Smoothie,urban_residential,6,15.0,sports,2.533333333333333
5,Juice & Smoothie,2023-12-17,38,2017-10-01,2023-01-01,True,5_Juice-Smoothie,urban_residential,6,15.0,sports,2.533333333333333
5,Juice & Smoothie,2024-01-07,24,2017-10-01,2023-01-01,True,5_Juice-Smoothie,urban_residential,6,16.0,cultural,1.5
5,Juice & Smoothie,2024-01-14,39,2017-10-01,2023-01-01,True,5_Juice-Smoothie,urban_residential,6,16.0,market,2.4375
5,Juice & Smoothie,2024-03-10,16,2017-10-01,2023-01-01,True,5_Juice-Smoothie,urban_residential,6,16.0,market,1.0
5,Juice & Smoothie,2024-03-24,53,2017-10-01,2023-01-01,True,5_Juice-Smoothie,urban_residential,6,16.0,food_festival,3.0
5,Juice & Smoothie,2024-04-21,71,2017-10-01,2023-01-01,True,5_Juice-Smoothie,urban_residential,6,16.5,cultural,3.0
5,Juice & Smoothie,2024-05-19,17,2017-10-01,2023-01-01,True,5_Juice-Smoothie,urban_residential,6,17.0,convention,1.0
5,Juice & Smoothie,2024-07-14,27,2017-10-01,2023-01-01,True,5_Juice-Smoothie,urban_residential,6,17.0,food_festival,1.588235294117647
5,Juice & Smoothie,2024-08-11,14,2017-10-01,2023-01-01,True,5_Juice-Smoothie,urban_residential,6,17.0,convention,0.8235294117647058
5,Merchandise,2023-05-01,27,2017-10-01,2023-01-01,True,5_Merchandise,urban_residential,0,8.0,music_festival,3.0
5,Merchandise,2023-07-31,11,2017-10-01,2023-01-01,True,5_Merchandise,urban_residential,0,7.0,market,1.5714285714285714
5,Merchandise,2023-11-27,17,2017-10-01,2023-01-01,True,5_Merchandise,urban_residential,0,8.0,convention,2.125
5,Merchandise,2024-07-01,7,2017-10-01,2023-01-01,True,5_Merchandise,urban_residential,0,8.0,market,0.875
5,Merchandise,2024-08-12,14,2017-10-01,2023-01-01,True,5_Merchandise,urban_residential,0,8.0,market,1.75
5,Merchandise,2024-08-26,15,2017-10-01,2023-01-01,True,5_Merchandise,urban_residential,0,8.0,market,1.875
5,Merchandise,2024-10-28,24,2017-10-01,2023-01-01,True,5_Merchandise,urban_residential,0,8.0,market,3.0
5,Merchandise,2023-03-28,19,2017-10-01,2023-01-01,True,5_Merchandise,urban_residential,1,7.5,market,2.533333333333333
5,Merchandise,2023-06-13,8,2017-10-01,2023-01-01,True,5_Merchandise,urban_residential,1,8.0,convention,1.0
5,Merchandise,2023-08-08,8,2017-10-01,2023-01-01,True,5_Merchandise,urban_residential,1,8.0,market,1.0
5,Merchandise,2023-12-26,11,2017-10-01,2023-01-01,True,5_Merchandise,urban_residential,1,8.0,sports,1.375
5,Merchandise,2024-02-20,2,2017-10-01,2023-01-01,True,5_Merchandise,urban_residential,1,8.0,sports,0.25
5,Merchandise,2024-07-02,5,2017-10-01,2023-01-01,True,5_Merchandise,urban_residential,1,8.0,market,0.625
5,Merchandise,2024-09-24,20,2017-10-01,2023-01-01,True,5_Merchandise,urban_residential,1,8.0,cultural,2.5
5,Merchandise,2024-09-24,20,2017-10-01,2023-01-01,True,5_Merchandise,urban_residential,1,8.0,concert,2.5
5,Merchandise,2023-01-18,23,2017-10-01,2023-01-01,True,5_Merchandise,urban_residential,2,10.0,cultural,2.3
5,Merchandise,2023-02-15,9,2017-10-01,2023-01-01,True,5_Merchandise,urban_residential,2,7.5,sports,1.2
5,Merchandise,2023-03-01,14,2017-10-01,2023-01-01,True,5_Merchandise,urban_residential,2,8.5,cultural,1.6470588235294117
5,Merchandise,2023-04-26,16,2017-10-01,2023-01-01,True,5_Merchandise,urban_residential,2,9.0,cultural,1.7777777777777777
5,Merchandise,2023-05-10,21,2017-10-01,2023-01-01,True,5_Merchandise,urban_residential,2,9.0,food_festival,2.3333333333333335
5,Merchandise,2023-10-11,10,2017-10-01,2023-01-01,True,5_Merchandise,urban_residential,2,8.0,music_festival,1.25
5,Merchandise,2023-12-20,16,2017-10-01,2023-01-01,True,5_Merchandise,urban_residential,2,8.0,concert,2.0
5,Merchandise,2024-02-28,20,2017-10-01,2023-01-01,True,5_Merchandise,urban_residential,2,9.0,market,2.2222222222222223
5,Merchandise,2024-03-27,36,2017-10-01,2023-01-01,True,5_Merchandise,urban_residential,2,9.0,food_festival,3.0
5,Merchandise,2024-04-10,21,2017-10-01,2023-01-01,True,5_Merchandise,urban_residential,2,9.0,market,2.3333333333333335
5,Merchandise,2024-08-14,5,2017-10-01,2023-01-01,True,5_Merchandise,urban_residential,2,9.0,concert,0.5555555555555556
5,Merchandise,2024-10-02,13,2017-10-01,2023-01-01,True,5_Merchandise,urban_residential,2,8.0,sports,1.625
5,Merchandise,2023-01-19,21,2017-10-01,2023-01-01,True,5_Merchandise,urban_residential,3,10.5,market,2.0
5,Merchandise,2023-02-02,4,2017-10-01,2023-01-01,True,5_Merchandise,urban_residential,3,13.5,convention,0.2962962962962963
5,Merchandise,2023-04-20,13,2017-10-01,2023-01-01,True,5_Merchandise,urban_residential,3,10.0,concert,1.3
5,Merchandise,2023-05-11,8,2017-10-01,2023-01-01,True,5_Merchandise,urban_residential,3,10.5,convention,0.7619047619047619
5,Merchandise,2023-07-06,14,2017-10-01,2023-01-01,True,5_Merchandise,urban_residential,3,8.5,cultural,1.6470588235294117
5,Merchandise,2023-10-12,24,2017-10-01,2023-01-01,True,5_Merchandise,urban_residential,3,8.0,market,3.0
5,Merchandise,2023-11-30,32,2017-10-01,2023-01-01,True,5_Merchandise,urban_residential,3,8.0,music_festival,3.0
5,Merchandise,2023-12-14,12,2017-10-01,2023-01-01,True,5_Merchandise,urban_residential,3,8.0,book_fair,1.5
5,Merchandise,2024-06-20,8,2017-10-01,2023-01-01,True,5_Merchandise,urban_residential,3,8.0,cultural,1.0
5,Merchandise,2023-01-20,11,2017-10-01,2023-01-01,True,5_Merchandise,urban_residential,4,11.0,concert,1.0
5,Merchandise,2023-08-04,4,2017-10-01,2023-01-01,True,5_Merchandise,urban_residential,4,8.0,sports,0.5
5,Merchandise,2023-12-08,33,2017-10-01,2023-01-01,True,5_Merchandise,urban_residential,4,8.0,food_festival,3.0
5,Merchandise,2024-05-24,9,2017-10-01,2023-01-01,True,5_Merchandise,urban_residential,4,8.0,convention,1.125
5,Merchandise,2024-07-19,21,2017-10-01,2023-01-01,True,5_Merchandise,urban_residential,4,8.0,market,2.625
5,Merchandise,2024-07-19,21,2017-10-01,2023-01-01,True,5_Merchandise,urban_residential,4,8.0,music_festival,2.625
5,Merchandise,2024-08-09,6,2017-10-01,2023-01-01,True,5_Merchandise,urban_residential,4,8.0,sports,0.75
5,Merchandise,2024-08-09,6,2017-10-01,2023-01-01,True,5_Merchandise,urban_residential,4,8.0,convention,0.75
5,Merchandise,2024-08-16,7,2017-10-01,2023-01-01,True,5_Merchandise,urban_residential,4,8.0,convention,0.875
5,Merchandise,2024-09-06,3,2017-10-01,2023-01-01,True,5_Merchandise,urban_residential,4,8.0,music_festival,0.375
5,Merchandise,2023-03-11,11,2017-10-01,2023-01-01,True,5_Merchandise,urban_residential,5,10.0,convention,1.1
5,Merchandise,2023-03-18,21,2017-10-01,2023-01-01,True,5_Merchandise,urban_residential,5,10.5,cultural,2.0
5,Merchandise,2023-04-15,26,2017-10-01,2023-01-01,True,5_Merchandise,urban_residential,5,11.0,book_fair,2.3636363636363638
5,Merchandise,2023-07-08,19,2017-10-01,2023-01-01,True,5_Merchandise,urban_residential,5,10.5,music_festival,1.8095238095238095
5,Merchandise,2023-09-02,34,2017-10-01,2023-01-01,True,5_Merchandise,urban_residential,5,10.0,food_festival,3.0
5,Merchandise,2023-10-28,14,2017-10-01,2023-01-01,True,5_Merchandise,urban_residential,5,10.0,cultural,1.4
5,Merchandise,2024-02-03,35,2017-10-01,2023-01-01,True,5_Merchandise,urban_residential,5,11.0,market,3.0
5,Merchandise,2024-02-03,35,2017-10-01,2023-01-01,True,5_Merchandise,urban_residential,5,11.0,food_festival,3.0
5,Merchandise,2024-03-02,13,2017-10-01,2023-01-01,True,5_Merchandise,urban_residential,5,11.0,concert,1.1818181818181819
5,Merchandise,2024-06-29,9,2017-10-01,2023-01-01,True,5_Merchandise,urban_residential,5,11.0,sports,0.8181818181818182
5,Merchandise,2024-08-17,12,2017-10-01,2023-01-01,True,5_Merchandise,urban_residential,5,11.0,book_fair,1.0909090909090908
5,Merchandise,2024-08-31,10,2017-10-01,2023-01-01,True,5_Merchandise,urban_residential,5,11.0,music_festival,0.9090909090909091
5,Merchandise,2024-10-19,9,2017-10-01,2023-01-01,True,5_Merchandise,urban_residential,5,11.0,book_fair,0.8181818181818182
5,Merchandise,2023-06-18,7,2017-10-01,2023-01-01,True,5_Merchandise,urban_residential,6,14.0,convention,0.5
5,Merchandise,2023-07-30,8,2017-10-01,2023-01-01,True,5_Merchandise,urban_residential,6,13.0,convention,0.6153846153846154
5,Merchandise,2023-12-03,39,2017-10-01,2023-01-01,True,5_Merchandise,urban_residential,6,10.5,cultural,3.0
5,Merchandise,2023-12-17,22,2017-10-01,2023-01-01,True,5_Merchandise,urban_residential,6,11.0,sports,2.0
5,Merchandise,2023-12-17,22,2017-10-01,2023-01-01,True,5_Merchandise,urban_residential,6,11.0,sports,2.0
5,Merchandise,2024-01-07,20,2017-10-01,2023-01-01,True,5_Merchandise,urban_residential,6,11.0,cultural,1.8181818181818181
5,Merchandise,2024-01-14,18,2017-10-01,2023-01-01,True,5_Merchandise,urban_residential,6,11.5,market,1.565217391304348
5,Merchandise,2024-03-10,21,2017-10-01,2023-01-01,True,5_Merchandise,urban_residential,6,12.0,market,1.75
5,Merchandise,2024-03-24,24,2017-10-01,2023-01-01,True,5_Merchandise,urban_residential,6,12.5,food_festival,1.92
5,Merchandise,2024-04-21,48,2017-10-01,2023-01-01,True,5_Merchandise,urban_residential,6,13.0,cultural,3.0
5,Merchandise,2024-05-19,14,2017-10-01,2023-01-01,True,5_Merchandise,urban_residential,6,13.0,convention,1.0769230769230769
5,Merchandise,2024-07-14,20,2017-10-01,2023-01-01,True,5_Merchandise,urban_residential,6,12.5,food_festival,1.6
5,Merchandise,2024-08-11,10,2017-10-01,2023-01-01,True,5_Merchandise,urban_residential,6,12.0,convention,0.8333333333333334
5,Savory Bakery,2023-05-01,81,2017-10-01,2023-01-01,True,5_Savory-Bakery,urban_residential,0,33.0,music_festival,2.4545454545454546
5,Savory Bakery,2023-07-31,50,2017-10-01,2023-01-01,True,5_Savory-Bakery,urban_residential,0,32.0,market,1.5625
5,Savory Bakery,2023-11-27,56,2017-10-01,2023-01-01,True,5_Savory-Bakery,urban_residential,0,30.0,convention,1.8666666666666667
5,Savory Bakery,2024-07-01,51,2017-10-01,2023-01-01,True,5_Savory-Bakery,urban_residential,0,32.5,market,1.5692307692307692
5,Savory Bakery,2024-08-12,36,2017-10-01,2023-01-01,True,5_Savory-Bakery,urban_residential,0,32.5,market,1.1076923076923078
5,Savory Bakery,2024-08-26,46,2017-10-01,2023-01-01,True,5_Savory-Bakery,urban_residential,0,33.0,market,1.393939393939394
5,Savory Bakery,2024-10-28,47,2017-10-01,2023-01-01,True,5_Savory-Bakery,urban_residential,0,33.0,market,1.4242424242424243
5,Savory Bakery,2023-03-28,123,2017-10-01,2023-01-01,True,5_Savory-Bakery,urban_residential,1,33.5,market,3.0
5,Savory Bakery,2023-06-13,28,2017-10-01,2023-01-01,True,5_Savory-Bakery,urban_residential,1,33.0,convention,0.8484848484848485
5,Savory Bakery,2023-08-08,18,2017-10-01,2023-01-01,True,5_Savory-Bakery,urban_residential,1,30.0,market,0.6
5,Savory Bakery,2023-12-26,48,2017-10-01,2023-01-01,True,5_Savory-Bakery,urban_residential,1,30.0,sports,1.6
5,Savory Bakery,2024-02-20,29,2017-10-01,2023-01-01,True,5_Savory-Bakery,urban_residential,1,30.0,sports,0.9666666666666667
5,Savory Bakery,2024-07-02,18,2017-10-01,2023-01-01,True,5_Savory-Bakery,urban_residential,1,30.5,market,0.5901639344262295
5,Savory Bakery,2024-09-24,66,2017-10-01,2023-01-01,True,5_Savory-Bakery,urban_residential,1,29.5,cultural,2.23728813559322
5,Savory Bakery,2024-09-24,66,2017-10-01,2023-01-01,True,5_Savory-Bakery,urban_residential,1,29.5,concert,2.23728813559322
5,Savory Bakery,2023-01-18,104,2017-10-01,2023-01-01,True,5_Savory-Bakery,urban_residential,2,47.0,cultural,2.2127659574468086
5,Savory Bakery,2023-02-15,36,2017-10-01,2023-01-01,True,5_Savory-Bakery,urban_residential,2,35.5,sports,1.0140845070422535
5,Savory Bakery,2023-03-01,49,2017-10-01,2023-01-01,True,5_Savory-Bakery,urban_residential,2,38.0,cultural,1.2894736842105263
5,Savory Bakery,2023-04-26,92,2017-10-01,2023-01-01,True,5_Savory-Bakery,urban_residential,2,38.5,cultural,2.3896103896103895
5,Savory Bakery,2023-05-10,93,2017-10-01,2023-01-01,True,5_Savory-Bakery,urban_residential,2,40.5,food_festival,2.2962962962962963
5,Savory Bakery,2023-10-11,63,2017-10-01,2023-01-01,True,5_Savory-Bakery,urban_residential,2,30.5,music_festival,2.0655737704918034
5,Savory Bakery,2023-12-20,63,2017-10-01,2023-01-01,True,5_Savory-Bakery,urban_residential,2,31.0,concert,2.032258064516129
5,Savory Bakery,2024-02-28,58,2017-10-01,2023-01-01,True,5_Savory-Bakery,urban_residential,2,32.0,market,1.8125
5,Savory Bakery,2024-03-27,79,2017-10-01,2023-01-01,True,5_Savory-Bakery,urban_residential,2,31.0,food_festival,2.5483870967741935
5,Savory Bakery,2024-04-10,55,2017-10-01,2023-01-01,True,5_Savory-Bakery,urban_residential,2,32.0,market,1.71875
5,Savory Bakery,2024-08-14,21,2017-10-01,2023-01-01,True,5_Savory-Bakery,urban_residential,2,31.0,concert,0.6774193548387096
5,Savory Bakery,2024-10-02,40,2017-10-01,2023-01-01,True,5_Savory-Bakery,urban_residential,2,31.0,sports,1.2903225806451613
5,Savory Bakery,2023-01-19,57,2017-10-01,2023-01-01,True,5_Savory-Bakery,urban_residential,3,47.5,market,1.2
5,Savory Bakery,2023-02-02,28,2017-10-01,2023-01-01,True,5_Savory-Bakery,urban_residential,3,47.5,convention,0.5894736842105263
5,Savory Bakery,2023-04-20,39,2017-10-01,2023-01-01,True,5_Savory-Bakery,urban_residential,3,37.0,concert,1.054054054054054
5,Savory Bakery,2023-05-11,40,2017-10-01,2023-01-01,True,5_Savory-Bakery,urban_residential,3,37.0,convention,1.0810810810810811
5,Savory Bakery,2023-07-06,66,2017-10-01,2023-01-01,True,5_Savory-Bakery,urban_residential,3,32.5,cultural,2.0307692307692307
5,Savory Bakery,2023-10-12,87,2017-10-01,2023-01-01,True,5_Savory-Bakery,urban_residential,3,30.5,market,2.8524590163934427
5,Savory Bakery,2023-11-30,93,2017-10-01,2023-01-01,True,5_Savory-Bakery,urban_residential,3,31.0,music_festival,3.0
5,Savory Bakery,2023-12-14,60,2017-10-01,2023-01-01,True,5_Savory-Bakery,urban_residential,3,32.0,book_fair,1.875
5,Savory Bakery,2024-06-20,20,2017-10-01,2023-01-01,True,5_Savory-Bakery,urban_residential,3,34.5,cultural,0.5797101449275363
5,Savory Bakery,2023-01-20,75,2017-10-01,2023-01-01,True,5_Savory-Bakery,urban_residential,4,48.0,concert,1.5625
5,Savory Bakery,2023-08-04,29,2017-10-01,2023-01-01,True,5_Savory-Bakery,urban_residential,4,30.0,sports,0.9666666666666667
5,Savory Bakery,2023-12-08,109,2017-10-01,2023-01-01,True,5_Savory-Bakery,urban_residential,4,28.5,food_festival,3.0
5,Savory Bakery,2024-05-24,32,2017-10-01,2023-01-01,True,5_Savory-Bakery,urban_residential,4,31.0,convention,1.032258064516129
5,Savory Bakery,2024-07-19,35,2017-10-01,2023-01-01,True,5_Savory-Bakery,urban_residential,4,31.0,market,1.1290322580645162
5,Savory Bakery,2024-07-19,35,2017-10-01,2023-01-01,True,5_Savory-Bakery,urban_residential,4,31.0,music_festival,1.1290322580645162
5,Savory Bakery,2024-08-09,36,2017-10-01,2023-01-01,True,5_Savory-Bakery,urban_residential,4,31.0,sports,1.1612903225806452
5,Savory Bakery,2024-08-09,36,2017-10-01,2023-01-01,True,5_Savory-Bakery,urban_residential,4,31.0,convention,1.1612903225806452
5,Savory Bakery,2024-08-16,39,2017-10-01,2023-01-01,True,5_Savory-Bakery,urban_residential,4,31.0,convention,1.2580645161290323
5,Savory Bakery,2024-09-06,28,2017-10-01,2023-01-01,True,5_Savory-Bakery,urban_residential,4,31.0,music_festival,0.9032258064516129
5,Savory Bakery,2023-03-11,35,2017-10-01,2023-01-01,True,5_Savory-Bakery,urban_residential,5,44.0,convention,0.7954545454545454
5,Savory Bakery,2023-03-18,61,2017-10-01,2023-01-01,True,5_Savory-Bakery,urban_residential,5,43.0,cultural,1.4186046511627908
5,Savory Bakery,2023-04-15,115,2017-10-01,2023-01-01,True,5_Savory-Bakery,urban_residential,5,43.5,book_fair,2.6436781609195403
5,Savory Bakery,2023-07-08,85,2017-10-01,2023-01-01,True,5_Savory-Bakery,urban_residential,5,42.5,music_festival,2.0
5,Savory Bakery,2023-09-02,87,2017-10-01,2023-01-01,True,5_Savory-Bakery,urban_residential,5,40.0,food_festival,2.175
5,Savory Bakery,2023-10-28,90,2017-10-01,2023-01-01,True,5_Savory-Bakery,urban_residential,5,41.0,cultural,2.1951219512195124
5,Savory Bakery,2024-02-03,145,2017-10-01,2023-01-01,True,5_Savory-Bakery,urban_residential,5,43.0,market,3.0
5,Savory Bakery,2024-02-03,145,2017-10-01,2023-01-01,True,5_Savory-Bakery,urban_residential,5,43.0,food_festival,3.0
5,Savory Bakery,2024-03-02,65,2017-10-01,2023-01-01,True,5_Savory-Bakery,urban_residential,5,43.0,concert,1.5116279069767442
5,Savory Bakery,2024-06-29,43,2017-10-01,2023-01-01,True,5_Savory-Bakery,urban_residential,5,44.0,sports,0.9772727272727273
5,Savory Bakery,2024-08-17,54,2017-10-01,2023-01-01,True,5_Savory-Bakery,urban_residential,5,43.0,book_fair,1.255813953488372
5,Savory Bakery,2024-08-31,58,2017-10-01,2023-01-01,True,5_Savory-Bakery,urban_residential,5,43.0,music_festival,1.3488372093023255
5,Savory Bakery,2024-10-19,42,2017-10-01,2023-01-01,True,5_Savory-Bakery,urban_residential,5,43.0,book_fair,0.9767441860465116
5,Savory Bakery,2023-06-18,31,2017-10-01,2023-01-01,True,5_Savory-Bakery,urban_residential,6,43.5,convention,0.7126436781609196
5,Savory Bakery,2023-07-30,23,2017-10-01,2023-01-01,True,5_Savory-Bakery,urban_residential,6,42.5,convention,0.5411764705882353
5,Savory Bakery,2023-12-03,126,2017-10-01,2023-01-01,True,5_Savory-Bakery,urban_residential,6,40.0,cultural,3.0
5,Savory Bakery,2023-12-17,97,2017-10-01,2023-01-01,True,5_Savory-Bakery,urban_residential,6,41.0,sports,2.3658536585365852
5,Savory Bakery,2023-12-17,97,2017-10-01,2023-01-01,True,5_Savory-Bakery,urban_residential,6,41.0,sports,2.3658536585365852
5,Savory Bakery,2024-01-07,79,2017-10-01,2023-01-01,True,5_Savory-Bakery,urban_residential,6,41.0,cultural,1.9268292682926829
5,Savory Bakery,2024-01-14,63,2017-10-01,2023-01-01,True,5_Savory-Bakery,urban_residential,6,41.0,market,1.5365853658536586
5,Savory Bakery,2024-03-10,56,2017-10-01,2023-01-01,True,5_Savory-Bakery,urban_residential,6,42.0,market,1.3333333333333333
5,Savory Bakery,2024-03-24,107,2017-10-01,2023-01-01,True,5_Savory-Bakery,urban_residential,6,42.5,food_festival,2.5176470588235293
5,Savory Bakery,2024-04-21,147,2017-10-01,2023-01-01,True,5_Savory-Bakery,urban_residential,6,43.0,cultural,3.0
5,Savory Bakery,2024-05-19,48,2017-10-01,2023-01-01,True,5_Savory-Bakery,urban_residential,6,43.5,convention,1.103448275862069
5,Savory Bakery,2024-07-14,90,2017-10-01,2023-01-01,True,5_Savory-Bakery,urban_residential,6,43.0,food_festival,2.0930232558139537
5,Savory Bakery,2024-08-11,25,2017-10-01,2023-01-01,True,5_Savory-Bakery,urban_residential,6,42.5,convention,0.5882352941176471
5,Tea,2023-05-01,146,2017-10-01,2023-01-01,True,5_Tea,urban_residential,0,56.0,music_festival,2.607142857142857
5,Tea,2023-07-31,61,2017-10-01,2023-01-01,True,5_Tea,urban_residential,0,51.5,market,1.1844660194174756
5,Tea,2023-11-27,54,2017-10-01,2023-01-01,True,5_Tea,urban_residential,0,49.0,convention,1.1020408163265305
5,Tea,2024-07-01,38,2017-10-01,2023-01-01,True,5_Tea,urban_residential,0,51.5,market,0.7378640776699029
5,Tea,2024-08-12,76,2017-10-01,2023-01-01,True,5_Tea,urban_residential,0,51.0,market,1.4901960784313726
5,Tea,2024-08-26,84,2017-10-01,2023-01-01,True,5_Tea,urban_residential,0,51.5,market,1.6310679611650485
5,Tea,2024-10-28,78,2017-10-01,2023-01-01,True,5_Tea,urban_residential,0,51.0,market,1.5294117647058822
5,Tea,2023-03-28,154,2017-10-01,2023-01-01,True,5_Tea,urban_residential,1,53.5,market,2.878504672897196
5,Tea,2023-06-13,31,2017-10-01,2023-01-01,True,5_Tea,urban_residential,1,53.0,convention,0.5849056603773585
5,Tea,2023-08-08,62,2017-10-01,2023-01-01,True,5_Tea,urban_residential,1,48.0,market,1.2916666666666667
5,Tea,2023-12-26,47,2017-10-01,2023-01-01,True,5_Tea,urban_residential,1,51.0,sports,0.9215686274509803
5,Tea,2024-02-20,38,2017-10-01,2023-01-01,True,5_Tea,urban_residential,1,52.0,sports,0.7307692307692307
5,Tea,2024-07-02,82,2017-10-01,2023-01-01,True,5_Tea,urban_residential,1,50.5,market,1.6237623762376239
5,Tea,2024-09-24,115,2017-10-01,2023-01-01,True,5_Tea,urban_residential,1,49.0,cultural,2.3469387755102042
5,Tea,2024-09-24,115,2017-10-01,2023-01-01,True,5_Tea,urban_residential,1,49.0,concert,2.3469387755102042
5,Tea,2023-01-18,191,2017-10-01,2023-01-01,True,5_Tea,urban_residential,2,68.0,cultural,2.8088235294117645
5,Tea,2023-02-15,63,2017-10-01,2023-01-01,True,5_Tea,urban_residential,2,41.0,sports,1.5365853658536586
5,Tea,2023-03-01,75,2017-10-01,2023-01-01,True,5_Tea,urban_residential,2,46.5,cultural,1.6129032258064515
5,Tea,2023-04-26,160,2017-10-01,2023-01-01,True,5_Tea,urban_residential,2,58.0,cultural,2.7586206896551726
5,Tea,2023-05-10,144,2017-10-01,2023-01-01,True,5_Tea,urban_residential,2,61.0,food_festival,2.360655737704918
5,Tea,2023-10-11,99,2017-10-01,2023-01-01,True,5_Tea,urban_residential,2,49.5,music_festival,2.0
5,Tea,2023-12-20,91,2017-10-01,2023-01-01,True,5_Tea,urban_residential,2,51.5,concert,1.766990291262136
5,Tea,2024-02-28,86,2017-10-01,2023-01-01,True,5_Tea,urban_residential,2,52.5,market,1.638095238095238
5,Tea,2024-03-27,125,2017-10-01,2023-01-01,True,5_Tea,urban_residential,2,53.5,food_festival,2.336448598130841
5,Tea,2024-04-10,86,2017-10-01,2023-01-01,True,5_Tea,urban_residential,2,54.5,market,1.5779816513761469
5,Tea,2024-08-14,40,2017-10-01,2023-01-01,True,5_Tea,urban_residential,2,53.0,concert,0.7547169811320755
5,Tea,2024-10-02,70,2017-10-01,2023-01-01,True,5_Tea,urban_residential,2,51.0,sports,1.3725490196078431
5,Tea,2023-01-19,125,2017-10-01,2023-01-01,True,5_Tea,urban_residential,3,69.0,market,1.8115942028985508
5,Tea,2023-02-02,45,2017-10-01,2023-01-01,True,5_Tea,urban_residential,3,78.0,convention,0.5769230769230769
5,Tea,2023-04-20,63,2017-10-01,2023-01-01,True,5_Tea,urban_residential,3,68.0,concert,0.9264705882352942
5,Tea,2023-05-11,63,2017-10-01,2023-01-01,True,5_Tea,urban_residential,3,69.0,convention,0.9130434782608695
5,Tea,2023-07-06,89,2017-10-01,2023-01-01,True,5_Tea,urban_residential,3,63.0,cultural,1.4126984126984128
5,Tea,2023-10-12,161,2017-10-01,2023-01-01,True,5_Tea,urban_residential,3,55.5,market,2.900900900900901
5,Tea,2023-11-30,170,2017-10-01,2023-01-01,True,5_Tea,urban_residential,3,56.0,music_festival,3.0
5,Tea,2023-12-14,74,2017-10-01,2023-01-01,True,5_Tea,urban_residential,3,57.0,book_fair,1.2982456140350878
5,Tea,2024-06-20,55,2017-10-01,2023-01-01,True,5_Tea,urban_residential,3,57.0,cultural,0.9649122807017544
5,Tea,2023-01-20,130,2017-10-01,2023-01-01,True,5_Tea,urban_residential,4,70.0,concert,1.8571428571428572
5,Tea,2023-08-04,43,2017-10-01,2023-01-01,True,5_Tea,urban_residential,4,51.0,sports,0.8431372549019608
5,Tea,2023-12-08,192,2017-10-01,2023-01-01,True,5_Tea,urban_residential,4,50.5,food_festival,3.0
5,Tea,2024-05-24,64,2017-10-01,2023-01-01,True,5_Tea,urban_residential,4,53.5,convention,1.1962616822429906
5,Tea,2024-07-19,75,2017-10-01,2023-01-01,True,5_Tea,urban_residential,4,53.0,market,1.4150943396226414
5,Tea,2024-07-19,75,2017-10-01,2023-01-01,True,5_Tea,urban_residential,4,53.0,music_festival,1.4150943396226414
5,Tea,2024-08-09,59,2017-10-01,2023-01-01,True,5_Tea,urban_residential,4,53.0,sports,1.1132075471698113
5,Tea,2024-08-09,59,2017-10-01,2023-01-01,True,5_Tea,urban_residential,4,53.0,convention,1.1132075471698113
5,Tea,2024-08-16,54,2017-10-01,2023-01-01,True,5_Tea,urban_residential,4,53.5,convention,1.0093457943925233
5,Tea,2024-09-06,56,2017-10-01,2023-01-01,True,5_Tea,urban_residential,4,53.0,music_festival,1.0566037735849056
5,Tea,2023-03-11,73,2017-10-01,2023-01-01,True,5_Tea,urban_residential,5,64.0,convention,1.140625
5,Tea,2023-03-18,102,2017-10-01,2023-01-01,True,5_Tea,urban_residential,5,68.5,cultural,1.489051094890511
5,Tea,2023-04-15,180,2017-10-01,2023-01-01,True,5_Tea,urban_residential,5,74.5,book_fair,2.4161073825503356
5,Tea,2023-07-08,135,2017-10-01,2023-01-01,True,5_Tea,urban_residential,5,71.5,music_festival,1.8881118881118881
5,Tea,2023-09-02,161,2017-10-01,2023-01-01,True,5_Tea,urban_residential,5,62.0,food_festival,2.596774193548387
5,Tea,2023-10-28,109,2017-10-01,2023-01-01,True,5_Tea,urban_residential,5,65.5,cultural,1.6641221374045803
5,Tea,2024-02-03,271,2017-10-01,2023-01-01,True,5_Tea,urban_residential,5,72.0,market,3.0
5,Tea,2024-02-03,271,2017-10-01,2023-01-01,True,5_Tea,urban_residential,5,72.0,food_festival,3.0
5,Tea,2024-03-02,155,2017-10-01,2023-01-01,True,5_Tea,urban_residential,5,70.5,concert,2.198581560283688
5,Tea,2024-06-29,67,2017-10-01,2023-01-01,True,5_Tea,urban_residential,5,73.0,sports,0.9178082191780822
5,Tea,2024-08-17,110,2017-10-01,2023-01-01,True,5_Tea,urban_residential,5,70.5,book_fair,1.5602836879432624
5,Tea,2024-08-31,96,2017-10-01,2023-01-01,True,5_Tea,urban_residential,5,70.5,music_festival,1.3617021276595744
5,Tea,2024-10-19,90,2017-10-01,2023-01-01,True,5_Tea,urban_residential,5,71.0,book_fair,1.267605633802817
5,Tea,2023-06-18,44,2017-10-01,2023-01-01,True,5_Tea,urban_residential,6,65.5,convention,0.6717557251908397
5,Tea,2023-07-30,41,2017-10-01,2023-01-01,True,5_Tea,urban_residential,6,63.5,convention,0.6456692913385826
5,Tea,2023-12-03,204,2017-10-01,2023-01-01,True,5_Tea,urban_residential,6,63.0,cultural,3.0
5,Tea,2023-12-17,157,2017-10-01,2023-01-01,True,5_Tea,urban_residential,6,63.5,sports,2.47244094488189
5,Tea,2023-12-17,157,2017-10-01,2023-01-01,True,5_Tea,urban_residential,6,63.5,sports,2.47244094488189
5,Tea,2024-01-07,136,2017-10-01,2023-01-01,True,5_Tea,urban_residential,6,64.0,cultural,2.125
5,Tea,2024-01-14,128,2017-10-01,2023-01-01,True,5_Tea,urban_residential,6,64.5,market,1.9844961240310077
5,Tea,2024-03-10,116,2017-10-01,2023-01-01,True,5_Tea,urban_residential,6,65.0,market,1.7846153846153847
5,Tea,2024-03-24,203,2017-10-01,2023-01-01,True,5_Tea,urban_residential,6,65.0,food_festival,3.0
5,Tea,2024-04-21,226,2017-10-01,2023-01-01,True,5_Tea,urban_residential,6,66.0,cultural,3.0
5,Tea,2024-05-19,87,2017-10-01,2023-01-01,True,5_Tea,urban_residential,6,66.0,convention,1.3181818181818181
5,Tea,2024-07-14,182,2017-10-01,2023-01-01,True,5_Tea,urban_residential,6,65.0,food_festival,2.8
5,Tea,2024-08-11,40,2017-10-01,2023-01-01,True,5_Tea,urban_residential,6,65.0,convention,0.6153846153846154
6,Bakery,2023-01-30,56,2020-04-22,2023-01-01,True,6_Bakery,mall,0,52.5,book_fair,1.0666666666666667
6,Bakery,2023-05-15,113,2020-04-22,2023-01-01,True,6_Bakery,mall,0,51.0,food_festival,2.215686274509804
6,Bakery,2023-06-26,40,2020-04-22,2023-01-01,True,6_Bakery,mall,0,51.0,cultural,0.7843137254901961
6,Bakery,2023-07-31,31,2020-04-22,2023-01-01,True,6_Bakery,mall,0,50.0,market,0.62
6,Bakery,2024-02-12,75,2020-04-22,2023-01-01,True,6_Bakery,mall,0,49.0,cultural,1.530612244897959
6,Bakery,2024-04-01,43,2020-04-22,2023-01-01,True,6_Bakery,mall,0,48.0,sports,0.8958333333333334
6,Bakery,2024-05-06,62,2020-04-22,2023-01-01,True,6_Bakery,mall,0,47.5,cultural,1.305263157894737
6,Bakery,2024-06-03,45,2020-04-22,2023-01-01,True,6_Bakery,mall,0,48.0,music_festival,0.9375
6,Bakery,2024-09-16,35,2020-04-22,2023-01-01,True,6_Bakery,mall,0,46.0,convention,0.7608695652173914
6,Bakery,2024-10-14,127,2020-04-22,2023-01-01,True,6_Bakery,mall,0,45.0,food_festival,2.8222222222222224
6,Bakery,2023-04-25,211,2020-04-22,2023-01-01,True,6_Bakery,mall,1,47.0,food_festival,3.0
6,Bakery,2023-07-11,47,2020-04-22,2023-01-01,True,6_Bakery,mall,1,45.0,cultural,1.0444444444444445
6,Bakery,2023-07-25,44,2020-04-22,2023-01-01,True,6_Bakery,mall,1,45.0,convention,0.9777777777777777
6,Bakery,2024-01-23,50,2020-04-22,2023-01-01,True,6_Bakery,mall,1,43.0,sports,1.1627906976744187
6,Bakery,2024-03-05,171,2020-04-22,2023-01-01,True,6_Bakery,mall,1,43.0,food_festival,3.0
6,Bakery,2024-04-02,51,2020-04-22,2023-01-01,True,6_Bakery,mall,1,43.0,market,1.186046511627907
6,Bakery,2024-10-22,56,2020-04-22,2023-01-01,True,6_Bakery,mall,1,42.0,cultural,1.3333333333333333
6,Bakery,2023-03-01,75,2020-04-22,2023-01-01,True,6_Bakery,mall,2,54.0,cultural,1.3888888888888888
6,Bakery,2023-03-08,49,2020-04-22,2023-01-01,True,6_Bakery,mall,2,57.0,market,0.8596491228070176
6,Bakery,2023-03-29,64,2020-04-22,2023-01-01,True,6_Bakery,mall,2,52.5,market,1.2190476190476192
6,Bakery,2023-06-28,60,2020-04-22,2023-01-01,True,6_Bakery,mall,2,49.0,food_festival,1.2244897959183674
6,Bakery,2023-07-05,51,2020-04-22,2023-01-01,True,6_Bakery,mall,2,49.5,sports,1.0303030303030303
6,Bakery,2023-08-09,62,2020-04-22,2023-01-01,True,6_Bakery,mall,2,48.0,food_festival,1.2916666666666667
6,Bakery,2023-11-29,106,2020-04-22,2023-01-01,True,6_Bakery,mall,2,46.0,food_festival,2.3043478260869565
6,Bakery,2024-03-27,64,2020-04-22,2023-01-01,True,6_Bakery,mall,2,48.5,book_fair,1.3195876288659794
6,Bakery,2023-03-30,58,2020-04-22,2023-01-01,True,6_Bakery,mall,3,46.0,sports,1.2608695652173914
6,Bakery,2023-05-04,88,2020-04-22,2023-01-01,True,6_Bakery,mall,3,51.0,cultural,1.7254901960784315
6,Bakery,2023-07-27,24,2020-04-22,2023-01-01,True,6_Bakery,mall,3,46.0,cultural,0.5217391304347826
6,Bakery,2023-03-17,85,2020-04-22,2023-01-01,True,6_Bakery,mall,4,48.0,music_festival,1.7708333333333333
6,Bakery,2023-04-07,78,2020-04-22,2023-01-01,True,6_Bakery,mall,4,48.0,cultural,1.625
6,Bakery,2023-04-21,112,2020-04-22,2023-01-01,True,6_Bakery,mall,4,53.0,cultural,2.1132075471698113
6,Bakery,2023-11-17,36,2020-04-22,2023-01-01,True,6_Bakery,mall,4,47.0,sports,0.7659574468085106
6,Bakery,2024-01-19,73,2020-04-22,2023-01-01,True,6_Bakery,mall,4,47.5,book_fair,1.5368421052631578
6,Bakery,2024-03-01,101,2020-04-22,2023-01-01,True,6_Bakery,mall,4,48.0,food_festival,2.1041666666666665
6,Bakery,2024-06-21,31,2020-04-22,2023-01-01,True,6_Bakery,mall,4,49.5,sports,0.6262626262626263
6,Bakery,2024-07-19,69,2020-04-22,2023-01-01,True,6_Bakery,mall,4,48.5,food_festival,1.422680412371134
6,Bakery,2024-08-30,68,2020-04-22,2023-01-01,True,6_Bakery,mall,4,48.0,concert,1.4166666666666667
6,Bakery,2023-02-25,103,2020-04-22,2023-01-01,True,6_Bakery,mall,5,84.0,cultural,1.2261904761904763
6,Bakery,2023-04-01,147,2020-04-22,2023-01-01,True,6_Bakery,mall,5,81.5,convention,1.803680981595092
6,Bakery,2023-08-26,123,2020-04-22,2023-01-01,True,6_Bakery,mall,5,83.0,convention,1.4819277108433735
6,Bakery,2024-02-17,92,2020-04-22,2023-01-01,True,6_Bakery,mall,5,88.5,sports,1.03954802259887
6,Bakery,2024-04-27,263,2020-04-22,2023-01-01,True,6_Bakery,mall,5,90.0,food_festival,2.922222222222222
6,Bakery,2024-06-29,113,2020-04-22,2023-01-01,True,6_Bakery,mall,5,89.0,cultural,1.2696629213483146
6,Bakery,2024-07-13,59,2020-04-22,2023-01-01,True,6_Bakery,mall,5,89.0,sports,0.6629213483146067
6,Bakery,2024-08-03,88,2020-04-22,2023-01-01,True,6_Bakery,mall,5,89.0,market,0.9887640449438202
6,Bakery,2024-09-07,186,2020-04-22,2023-01-01,True,6_Bakery,mall,5,88.0,food_festival,2.1136363636363638
6,Bakery,2024-10-19,185,2020-04-22,2023-01-01,True,6_Bakery,mall,5,88.0,food_festival,2.102272727272727
6,Bakery,2023-01-22,182,2020-04-22,2023-01-01,True,6_Bakery,mall,6,135.0,music_festival,1.348148148148148
6,Bakery,2023-04-30,398,2020-04-22,2023-01-01,True,6_Bakery,mall,6,91.0,concert,3.0
6,Bakery,2023-06-18,67,2020-04-22,2023-01-01,True,6_Bakery,mall,6,88.0,cultural,0.7613636363636364
6,Bakery,2023-07-23,123,2020-04-22,2023-01-01,True,6_Bakery,mall,6,87.0,food_festival,1.4137931034482758
6,Bakery,2024-02-04,194,2020-04-22,2023-01-01,True,6_Bakery,mall,6,87.0,sports,2.2298850574712645
6,Bakery,2024-02-04,194,2020-04-22,2023-01-01,True,6_Bakery,mall,6,87.0,cultural,2.2298850574712645
6,Bakery,2024-05-05,211,2020-04-22,2023-01-01,True,6_Bakery,mall,6,88.5,food_festival,2.384180790960452
6,Bakery,2024-05-26,211,2020-04-22,2023-01-01,True,6_Bakery,mall,6,89.0,music_festival,2.3707865168539324
6,Bakery,2024-06-02,72,2020-04-22,2023-01-01,True,6_Bakery,mall,6,89.5,cultural,0.8044692737430168
6,Chocolate & Milk,2023-01-30,40,2020-04-22,2023-01-01,True,6_Chocolate-Milk,mall,0,39.0,book_fair,1.0256410256410255
6,Chocolate & Milk,2023-05-15,69,2020-04-22,2023-01-01,True,6_Chocolate-Milk,mall,0,37.0,food_festival,1.864864864864865
6,Chocolate & Milk,2023-06-26,27,2020-04-22,2023-01-01,True,6_Chocolate-Milk,mall,0,37.0,cultural,0.7297297297297297
6,Chocolate & Milk,2023-07-31,22,2020-04-22,2023-01-01,True,6_Chocolate-Milk,mall,0,36.0,market,0.6111111111111112
6,Chocolate & Milk,2024-02-12,60,2020-04-22,2023-01-01,True,6_Chocolate-Milk,mall,0,33.0,cultural,1.8181818181818181
6,Chocolate & Milk,2024-04-01,38,2020-04-22,2023-01-01,True,6_Chocolate-Milk,mall,0,33.0,sports,1.1515151515151516
6,Chocolate & Milk,2024-05-06,32,2020-04-22,2023-01-01,True,6_Chocolate-Milk,mall,0,33.0,cultural,0.9696969696969697
6,Chocolate & Milk,2024-06-03,45,2020-04-22,2023-01-01,True,6_Chocolate-Milk,mall,0,33.0,music_festival,1.3636363636363635
6,Chocolate & Milk,2024-09-16,31,2020-04-22,2023-01-01,True,6_Chocolate-Milk,mall,0,31.0,convention,1.0
6,Chocolate & Milk,2024-10-14,82,2020-04-22,2023-01-01,True,6_Chocolate-Milk,mall,0,31.0,food_festival,2.6451612903225805
6,Chocolate & Milk,2023-04-25,158,2020-04-22,2023-01-01,True,6_Chocolate-Milk,mall,1,29.5,food_festival,3.0
6,Chocolate & Milk,2023-07-11,47,2020-04-22,2023-01-01,True,6_Chocolate-Milk,mall,1,29.0,cultural,1.6206896551724137
6,Chocolate & Milk,2023-07-25,50,2020-04-22,2023-01-01,True,6_Chocolate-Milk,mall,1,29.0,convention,1.7241379310344827
6,Chocolate & Milk,2024-01-23,30,2020-04-22,2023-01-01,True,6_Chocolate-Milk,mall,1,30.0,sports,1.0
6,Chocolate & Milk,2024-03-05,92,2020-04-22,2023-01-01,True,6_Chocolate-Milk,mall,1,30.0,food_festival,3.0
6,Chocolate & Milk,2024-04-02,47,2020-04-22,2023-01-01,True,6_Chocolate-Milk,mall,1,30.0,market,1.5666666666666667
6,Chocolate & Milk,2024-10-22,35,2020-04-22,2023-01-01,True,6_Chocolate-Milk,mall,1,29.5,cultural,1.1864406779661016
6,Chocolate & Milk,2023-03-01,49,2020-04-22,2023-01-01,True,6_Chocolate-Milk,mall,2,28.0,cultural,1.75
6,Chocolate & Milk,2023-03-08,34,2020-04-22,2023-01-01,True,6_Chocolate-Milk,mall,2,30.0,market,1.1333333333333333
6,Chocolate & Milk,2023-03-29,34,2020-04-22,2023-01-01,True,6_Chocolate-Milk,mall,2,30.5,market,1.1147540983606556
6,Chocolate & Milk,2023-06-28,43,2020-04-22,2023-01-01,True,6_Chocolate-Milk,mall,2,30.0,food_festival,1.4333333333333333
6,Chocolate & Milk,2023-07-05,35,2020-04-22,2023-01-01,True,6_Chocolate-Milk,mall,2,30.0,sports,1.1666666666666667
6,Chocolate & Milk,2023-08-09,41,2020-04-22,2023-01-01,True,6_Chocolate-Milk,mall,2,30.0,food_festival,1.3666666666666667
6,Chocolate & Milk,2023-11-29,66,2020-04-22,2023-01-01,True,6_Chocolate-Milk,mall,2,30.0,food_festival,2.2
6,Chocolate & Milk,2024-03-27,58,2020-04-22,2023-01-01,True,6_Chocolate-Milk,mall,2,30.0,book_fair,1.9333333333333333
6,Chocolate & Milk,2023-03-30,46,2020-04-22,2023-01-01,True,6_Chocolate-Milk,mall,3,33.5,sports,1.373134328358209
6,Chocolate & Milk,2023-05-04,62,2020-04-22,2023-01-01,True,6_Chocolate-Milk,mall,3,37.0,cultural,1.6756756756756757
6,Chocolate & Milk,2023-07-27,27,2020-04-22,2023-01-01,True,6_Chocolate-Milk,mall,3,32.0,cultural,0.84375
6,Chocolate & Milk,2023-03-17,65,2020-04-22,2023-01-01,True,6_Chocolate-Milk,mall,4,33.0,music_festival,1.9696969696969697
6,Chocolate & Milk,2023-04-07,43,2020-04-22,2023-01-01,True,6_Chocolate-Milk,mall,4,36.0,cultural,1.1944444444444444
6,Chocolate & Milk,2023-04-21,82,2020-04-22,2023-01-01,True,6_Chocolate-Milk,mall,4,37.0,cultural,2.2162162162162162
6,Chocolate & Milk,2023-11-17,26,2020-04-22,2023-01-01,True,6_Chocolate-Milk,mall,4,29.0,sports,0.896551724137931
6,Chocolate & Milk,2024-01-19,36,2020-04-22,2023-01-01,True,6_Chocolate-Milk,mall,4,33.0,book_fair,1.0909090909090908
6,Chocolate & Milk,2024-03-01,78,2020-04-22,2023-01-01,True,6_Chocolate-Milk,mall,4,35.0,food_festival,2.2285714285714286
6,Chocolate & Milk,2024-06-21,28,2020-04-22,2023-01-01,True,6_Chocolate-Milk,mall,4,34.5,sports,0.8115942028985508
6,Chocolate & Milk,2024-07-19,80,2020-04-22,2023-01-01,True,6_Chocolate-Milk,mall,4,32.5,food_festival,2.4615384615384617
6,Chocolate & Milk,2024-08-30,45,2020-04-22,2023-01-01,True,6_Chocolate-Milk,mall,4,31.0,concert,1.4516129032258065
6,Chocolate & Milk,2023-02-25,65,2020-04-22,2023-01-01,True,6_Chocolate-Milk,mall,5,71.0,cultural,0.9154929577464789
6,Chocolate & Milk,2023-04-01,103,2020-04-22,2023-01-01,True,6_Chocolate-Milk,mall,5,66.5,convention,1.5488721804511278
6,Chocolate & Milk,2023-08-26,67,2020-04-22,2023-01-01,True,6_Chocolate-Milk,mall,5,60.0,convention,1.1166666666666667
6,Chocolate & Milk,2024-02-17,65,2020-04-22,2023-01-01,True,6_Chocolate-Milk,mall,5,63.0,sports,1.0317460317460319
6,Chocolate & Milk,2024-04-27,176,2020-04-22,2023-01-01,True,6_Chocolate-Milk,mall,5,64.5,food_festival,2.7286821705426356
6,Chocolate & Milk,2024-06-29,50,2020-04-22,2023-01-01,True,6_Chocolate-Milk,mall,5,64.0,cultural,0.78125
6,Chocolate & Milk,2024-07-13,26,2020-04-22,2023-01-01,True,6_Chocolate-Milk,mall,5,64.0,sports,0.40625
6,Chocolate & Milk,2024-08-03,78,2020-04-22,2023-01-01,True,6_Chocolate-Milk,mall,5,62.0,market,1.2580645161290323
6,Chocolate & Milk,2024-09-07,136,2020-04-22,2023-01-01,True,6_Chocolate-Milk,mall,5,61.0,food_festival,2.2295081967213113
6,Chocolate & Milk,2024-10-19,126,2020-04-22,2023-01-01,True,6_Chocolate-Milk,mall,5,61.0,food_festival,2.0655737704918034
6,Chocolate & Milk,2023-01-22,133,2020-04-22,2023-01-01,True,6_Chocolate-Milk,mall,6,72.0,music_festival,1.8472222222222223
6,Chocolate & Milk,2023-04-30,313,2020-04-22,2023-01-01,True,6_Chocolate-Milk,mall,6,64.0,concert,3.0
6,Chocolate & Milk,2023-06-18,51,2020-04-22,2023-01-01,True,6_Chocolate-Milk,mall,6,63.5,cultural,0.8031496062992126
6,Chocolate & Milk,2023-07-23,57,2020-04-22,2023-01-01,True,6_Chocolate-Milk,mall,6,63.0,food_festival,0.9047619047619048
6,Chocolate & Milk,2024-02-04,92,2020-04-22,2023-01-01,True,6_Chocolate-Milk,mall,6,62.0,sports,1.4838709677419355
6,Chocolate & Milk,2024-02-04,92,2020-04-22,2023-01-01,True,6_Chocolate-Milk,mall,6,62.0,cultural,1.4838709677419355
6,Chocolate & Milk,2024-05-05,134,2020-04-22,2023-01-01,True,6_Chocolate-Milk,mall,6,61.5,food_festival,2.178861788617886
6,Chocolate & Milk,2024-05-26,146,2020-04-22,2023-01-01,True,6_Chocolate-Milk,mall,6,63.0,music_festival,2.3174603174603177
6,Chocolate & Milk,2024-06-02,50,2020-04-22,2023-01-01,True,6_Chocolate-Milk,mall,6,63.0,cultural,0.7936507936507936
6,Coffee,2023-01-30,281,2020-04-22,2023-01-01,True,6_Coffee,mall,0,210.5,book_fair,1.334916864608076
6,Coffee,2023-05-15,406,2020-04-22,2023-01-01,True,6_Coffee,mall,0,190.0,food_festival,2.136842105263158
6,Coffee,2023-06-26,147,2020-04-22,2023-01-01,True,6_Coffee,mall,0,190.0,cultural,0.7736842105263158
6,Coffee,2023-07-31,144,2020-04-22,2023-01-01,True,6_Coffee,mall,0,186.5,market,0.7721179624664879
6,Coffee,2024-02-12,285,2020-04-22,2023-01-01,True,6_Coffee,mall,0,181.5,cultural,1.5702479338842976
6,Coffee,2024-04-01,244,2020-04-22,2023-01-01,True,6_Coffee,mall,0,183.0,sports,1.3333333333333333
6,Coffee,2024-05-06,274,2020-04-22,2023-01-01,True,6_Coffee,mall,0,190.0,cultural,1.4421052631578948
6,Coffee,2024-06-03,260,2020-04-22,2023-01-01,True,6_Coffee,mall,0,187.5,music_festival,1.3866666666666667
6,Coffee,2024-09-16,199,2020-04-22,2023-01-01,True,6_Coffee,mall,0,177.0,convention,1.1242937853107344
6,Coffee,2024-10-14,504,2020-04-22,2023-01-01,True,6_Coffee,mall,0,178.0,food_festival,2.831460674157303
6,Coffee,2023-04-25,875,2020-04-22,2023-01-01,True,6_Coffee,mall,1,198.0,food_festival,3.0
6,Coffee,2023-07-11,214,2020-04-22,2023-01-01,True,6_Coffee,mall,1,184.0,cultural,1.1630434782608696
6,Coffee,2023-07-25,162,2020-04-22,2023-01-01,True,6_Coffee,mall,1,184.0,convention,0.8804347826086957
6,Coffee,2024-01-23,204,2020-04-22,2023-01-01,True,6_Coffee,mall,1,184.0,sports,1.108695652173913
6,Coffee,2024-03-05,580,2020-04-22,2023-01-01,True,6_Coffee,mall,1,184.0,food_festival,3.0
6,Coffee,2024-04-02,247,2020-04-22,2023-01-01,True,6_Coffee,mall,1,186.0,market,1.3279569892473118
6,Coffee,2024-10-22,255,2020-04-22,2023-01-01,True,6_Coffee,mall,1,176.0,cultural,1.4488636363636365
6,Coffee,2023-03-01,264,2020-04-22,2023-01-01,True,6_Coffee,mall,2,190.0,cultural,1.3894736842105264
6,Coffee,2023-03-08,181,2020-04-22,2023-01-01,True,6_Coffee,mall,2,196.0,market,0.923469387755102
6,Coffee,2023-03-29,226,2020-04-22,2023-01-01,True,6_Coffee,mall,2,190.0,market,1.1894736842105262
6,Coffee,2023-06-28,264,2020-04-22,2023-01-01,True,6_Coffee,mall,2,192.0,food_festival,1.375
6,Coffee,2023-07-05,143,2020-04-22,2023-01-01,True,6_Coffee,mall,2,194.0,sports,0.7371134020618557
6,Coffee,2023-08-09,300,2020-04-22,2023-01-01,True,6_Coffee,mall,2,181.0,food_festival,1.6574585635359116
6,Coffee,2023-11-29,313,2020-04-22,2023-01-01,True,6_Coffee,mall,2,181.0,food_festival,1.729281767955801
6,Coffee,2024-03-27,281,2020-04-22,2023-01-01,True,6_Coffee,mall,2,184.5,book_fair,1.5230352303523036
6,Coffee,2023-03-30,152,2020-04-22,2023-01-01,True,6_Coffee,mall,3,184.0,sports,0.8260869565217391
6,Coffee,2023-05-04,328,2020-04-22,2023-01-01,True,6_Coffee,mall,3,217.0,cultural,1.5115207373271888
6,Coffee,2023-07-27,114,2020-04-22,2023-01-01,True,6_Coffee,mall,3,180.0,cultural,0.6333333333333333
6,Coffee,2023-03-17,353,2020-04-22,2023-01-01,True,6_Coffee,mall,4,187.0,music_festival,1.8877005347593583
6,Coffee,2023-04-07,268,2020-04-22,2023-01-01,True,6_Coffee,mall,4,195.0,cultural,1.3743589743589744
6,Coffee,2023-04-21,419,2020-04-22,2023-01-01,True,6_Coffee,mall,4,197.0,cultural,2.1269035532994924
6,Coffee,2023-11-17,184,2020-04-22,2023-01-01,True,6_Coffee,mall,4,178.0,sports,1.0337078651685394
6,Coffee,2024-01-19,265,2020-04-22,2023-01-01,True,6_Coffee,mall,4,180.0,book_fair,1.4722222222222223
6,Coffee,2024-03-01,420,2020-04-22,2023-01-01,True,6_Coffee,mall,4,181.5,food_festival,2.3140495867768593
6,Coffee,2024-06-21,125,2020-04-22,2023-01-01,True,6_Coffee,mall,4,184.5,sports,0.6775067750677507
6,Coffee,2024-07-19,337,2020-04-22,2023-01-01,True,6_Coffee,mall,4,183.0,food_festival,1.8415300546448088
6,Coffee,2024-08-30,231,2020-04-22,2023-01-01,True,6_Coffee,mall,4,180.0,concert,1.2833333333333334
6,Coffee,2023-02-25,397,2020-04-22,2023-01-01,True,6_Coffee,mall,5,380.0,cultural,1.0447368421052632
6,Coffee,2023-04-01,553,2020-04-22,2023-01-01,True,6_Coffee,mall,5,366.0,convention,1.510928961748634
6,Coffee,2023-08-26,370,2020-04-22,2023-01-01,True,6_Coffee,mall,5,340.0,convention,1.088235294117647
6,Coffee,2024-02-17,335,2020-04-22,2023-01-01,True,6_Coffee,mall,5,354.5,sports,0.9449929478138223
6,Coffee,2024-04-27,976,2020-04-22,2023-01-01,True,6_Coffee,mall,5,357.0,food_festival,2.7338935574229692
6,Coffee,2024-06-29,311,2020-04-22,2023-01-01,True,6_Coffee,mall,5,355.0,cultural,0.8760563380281691
6,Coffee,2024-07-13,316,2020-04-22,2023-01-01,True,6_Coffee,mall,5,354.0,sports,0.8926553672316384
6,Coffee,2024-08-03,358,2020-04-22,2023-01-01,True,6_Coffee,mall,5,353.0,market,1.0141643059490084
6,Coffee,2024-09-07,702,2020-04-22,2023-01-01,True,6_Coffee,mall,5,349.0,food_festival,2.011461318051576
6,Coffee,2024-10-19,683,2020-04-22,2023-01-01,True,6_Coffee,mall,5,349.0,food_festival,1.9570200573065903
6,Coffee,2023-01-22,824,2020-04-22,2023-01-01,True,6_Coffee,mall,6,432.0,music_festival,1.9074074074074074
6,Coffee,2023-04-30,1607,2020-04-22,2023-01-01,True,6_Coffee,mall,6,393.0,concert,3.0
6,Coffee,2023-06-18,217,2020-04-22,2023-01-01,True,6_Coffee,mall,6,367.5,cultural,0.5904761904761905
6,Coffee,2023-07-23,514,2020-04-22,2023-01-01,True,6_Coffee,mall,6,365.0,food_festival,1.4082191780821918
6,Coffee,2024-02-04,659,2020-04-22,2023-01-01,True,6_Coffee,mall,6,365.0,sports,1.8054794520547945
6,Coffee,2024-02-04,659,2020-04-22,2023-01-01,True,6_Coffee,mall,6,365.0,cultural,1.8054794520547945
6,Coffee,2024-05-05,814,2020-04-22,2023-01-01,True,6_Coffee,mall,6,366.0,food_festival,2.2240437158469946
6,Coffee,2024-05-26,754,2020-04-22,2023-01-01,True,6_Coffee,mall,6,366.0,music_festival,2.060109289617486
6,Coffee,2024-06-02,344,2020-04-22,2023-01-01,True,6_Coffee,mall,6,367.5,cultural,0.9360544217687075
6,Juice & Smoothie,2023-01-30,42,2020-04-22,2023-01-01,True,6_Juice-Smoothie,mall,0,24.0,book_fair,1.75
6,Juice & Smoothie,2023-05-15,46,2020-04-22,2023-01-01,True,6_Juice-Smoothie,mall,0,20.0,food_festival,2.3
6,Juice & Smoothie,2023-06-26,10,2020-04-22,2023-01-01,True,6_Juice-Smoothie,mall,0,19.0,cultural,0.5263157894736842
6,Juice & Smoothie,2023-07-31,12,2020-04-22,2023-01-01,True,6_Juice-Smoothie,mall,0,18.5,market,0.6486486486486487
6,Juice & Smoothie,2024-02-12,23,2020-04-22,2023-01-01,True,6_Juice-Smoothie,mall,0,20.0,cultural,1.15
6,Juice & Smoothie,2024-04-01,30,2020-04-22,2023-01-01,True,6_Juice-Smoothie,mall,0,20.0,sports,1.5
6,Juice & Smoothie,2024-05-06,17,2020-04-22,2023-01-01,True,6_Juice-Smoothie,mall,0,20.0,cultural,0.85
6,Juice & Smoothie,2024-06-03,27,2020-04-22,2023-01-01,True,6_Juice-Smoothie,mall,0,20.0,music_festival,1.35
6,Juice & Smoothie,2024-09-16,29,2020-04-22,2023-01-01,True,6_Juice-Smoothie,mall,0,19.0,convention,1.5263157894736843
6,Juice & Smoothie,2024-10-14,49,2020-04-22,2023-01-01,True,6_Juice-Smoothie,mall,0,19.0,food_festival,2.5789473684210527
6,Juice & Smoothie,2023-04-25,82,2020-04-22,2023-01-01,True,6_Juice-Smoothie,mall,1,19.5,food_festival,3.0
6,Juice & Smoothie,2023-07-11,24,2020-04-22,2023-01-01,True,6_Juice-Smoothie,mall,1,19.0,cultural,1.263157894736842
6,Juice & Smoothie,2023-07-25,16,2020-04-22,2023-01-01,True,6_Juice-Smoothie,mall,1,19.0,convention,0.8421052631578947
6,Juice & Smoothie,2024-01-23,13,2020-04-22,2023-01-01,True,6_Juice-Smoothie,mall,1,19.0,sports,0.6842105263157895
6,Juice & Smoothie,2024-03-05,46,2020-04-22,2023-01-01,True,6_Juice-Smoothie,mall,1,19.0,food_festival,2.4210526315789473
6,Juice & Smoothie,2024-04-02,37,2020-04-22,2023-01-01,True,6_Juice-Smoothie,mall,1,19.0,market,1.9473684210526316
6,Juice & Smoothie,2024-10-22,23,2020-04-22,2023-01-01,True,6_Juice-Smoothie,mall,1,17.5,cultural,1.3142857142857143
6,Juice & Smoothie,2023-03-01,21,2020-04-22,2023-01-01,True,6_Juice-Smoothie,mall,2,15.5,cultural,1.3548387096774193
6,Juice & Smoothie,2023-03-08,21,2020-04-22,2023-01-01,True,6_Juice-Smoothie,mall,2,16.0,market,1.3125
6,Juice & Smoothie,2023-03-29,27,2020-04-22,2023-01-01,True,6_Juice-Smoothie,mall,2,16.5,market,1.6363636363636365
6,Juice & Smoothie,2023-06-28,32,2020-04-22,2023-01-01,True,6_Juice-Smoothie,mall,2,17.0,food_festival,1.8823529411764706
6,Juice & Smoothie,2023-07-05,15,2020-04-22,2023-01-01,True,6_Juice-Smoothie,mall,2,17.5,sports,0.8571428571428571
6,Juice & Smoothie,2023-08-09,26,2020-04-22,2023-01-01,True,6_Juice-Smoothie,mall,2,16.0,food_festival,1.625
6,Juice & Smoothie,2023-11-29,24,2020-04-22,2023-01-01,True,6_Juice-Smoothie,mall,2,16.0,food_festival,1.5
6,Juice & Smoothie,2024-03-27,22,2020-04-22,2023-01-01,True,6_Juice-Smoothie,mall,2,19.0,book_fair,1.1578947368421053
6,Juice & Smoothie,2023-03-30,24,2020-04-22,2023-01-01,True,6_Juice-Smoothie,mall,3,18.0,sports,1.3333333333333333
6,Juice & Smoothie,2023-05-04,35,2020-04-22,2023-01-01,True,6_Juice-Smoothie,mall,3,20.0,cultural,1.75
6,Juice & Smoothie,2023-07-27,12,2020-04-22,2023-01-01,True,6_Juice-Smoothie,mall,3,17.0,cultural,0.7058823529411765
6,Juice & Smoothie,2023-03-17,44,2020-04-22,2023-01-01,True,6_Juice-Smoothie,mall,4,23.0,music_festival,1.9130434782608696
6,Juice & Smoothie,2023-04-07,43,2020-04-22,2023-01-01,True,6_Juice-Smoothie,mall,4,24.0,cultural,1.7916666666666667
6,Juice & Smoothie,2023-04-21,40,2020-04-22,2023-01-01,True,6_Juice-Smoothie,mall,4,25.0,cultural,1.6
6,Juice & Smoothie,2023-11-17,25,2020-04-22,2023-01-01,True,6_Juice-Smoothie,mall,4,18.0,sports,1.3888888888888888
6,Juice & Smoothie,2024-01-19,23,2020-04-22,2023-01-01,True,6_Juice-Smoothie,mall,4,19.5,book_fair,1.1794871794871795
6,Juice & Smoothie,2024-03-01,43,2020-04-22,2023-01-01,True,6_Juice-Smoothie,mall,4,19.5,food_festival,2.2051282051282053
6,Juice & Smoothie,2024-06-21,8,2020-04-22,2023-01-01,True,6_Juice-Smoothie,mall,4,21.0,sports,0.38095238095238093
6,Juice & Smoothie,2024-07-19,40,2020-04-22,2023-01-01,True,6_Juice-Smoothie,mall,4,19.5,food_festival,2.051282051282051
6,Juice & Smoothie,2024-08-30,39,2020-04-22,2023-01-01,True,6_Juice-Smoothie,mall,4,18.5,concert,2.108108108108108
6,Juice & Smoothie,2023-02-25,36,2020-04-22,2023-01-01,True,6_Juice-Smoothie,mall,5,29.0,cultural,1.2413793103448276
6,Juice & Smoothie,2023-04-01,75,2020-04-22,2023-01-01,True,6_Juice-Smoothie,mall,5,31.5,convention,2.380952380952381
6,Juice & Smoothie,2023-08-26,46,2020-04-22,2023-01-01,True,6_Juice-Smoothie,mall,5,32.0,convention,1.4375
6,Juice & Smoothie,2024-02-17,27,2020-04-22,2023-01-01,True,6_Juice-Smoothie,mall,5,33.0,sports,0.8181818181818182
6,Juice & Smoothie,2024-04-27,85,2020-04-22,2023-01-01,True,6_Juice-Smoothie,mall,5,33.0,food_festival,2.5757575757575757
6,Juice & Smoothie,2024-06-29,38,2020-04-22,2023-01-01,True,6_Juice-Smoothie,mall,5,33.0,cultural,1.1515151515151516
6,Juice & Smoothie,2024-07-13,22,2020-04-22,2023-01-01,True,6_Juice-Smoothie,mall,5,33.0,sports,0.6666666666666666
6,Juice & Smoothie,2024-08-03,31,2020-04-22,2023-01-01,True,6_Juice-Smoothie,mall,5,33.0,market,0.9393939393939394
6,Juice & Smoothie,2024-09-07,72,2020-04-22,2023-01-01,True,6_Juice-Smoothie,mall,5,33.0,food_festival,2.1818181818181817
6,Juice & Smoothie,2024-10-19,81,2020-04-22,2023-01-01,True,6_Juice-Smoothie,mall,5,33.0,food_festival,2.4545454545454546
6,Juice & Smoothie,2023-01-22,79,2020-04-22,2023-01-01,True,6_Juice-Smoothie,mall,6,56.0,music_festival,1.4107142857142858
6,Juice & Smoothie,2023-04-30,159,2020-04-22,2023-01-01,True,6_Juice-Smoothie,mall,6,39.0,concert,3.0
6,Juice & Smoothie,2023-06-18,23,2020-04-22,2023-01-01,True,6_Juice-Smoothie,mall,6,36.5,cultural,0.6301369863013698
6,Juice & Smoothie,2023-07-23,42,2020-04-22,2023-01-01,True,6_Juice-Smoothie,mall,6,36.0,food_festival,1.1666666666666667
6,Juice & Smoothie,2024-02-04,64,2020-04-22,2023-01-01,True,6_Juice-Smoothie,mall,6,37.0,sports,1.7297297297297298
6,Juice & Smoothie,2024-02-04,64,2020-04-22,2023-01-01,True,6_Juice-Smoothie,mall,6,37.0,cultural,1.7297297297297298
6,Juice & Smoothie,2024-05-05,77,2020-04-22,2023-01-01,True,6_Juice-Smoothie,mall,6,36.5,food_festival,2.1095890410958904
6,Juice & Smoothie,2024-05-26,96,2020-04-22,2023-01-01,True,6_Juice-Smoothie,mall,6,36.0,music_festival,2.6666666666666665
6,Juice & Smoothie,2024-06-02,22,2020-04-22,2023-01-01,True,6_Juice-Smoothie,mall,6,36.5,cultural,0.6027397260273972
6,Merchandise,2023-01-30,17,2020-04-22,2023-01-01,True,6_Merchandise,mall,0,10.5,book_fair,1.619047619047619
6,Merchandise,2023-05-15,31,2020-04-22,2023-01-01,True,6_Merchandise,mall,0,12.0,food_festival,2.5833333333333335
6,Merchandise,2023-06-26,6,2020-04-22,2023-01-01,True,6_Merchandise,mall,0,11.0,cultural,0.5454545454545454
6,Merchandise,2023-07-31,6,2020-04-22,2023-01-01,True,6_Merchandise,mall,0,10.0,market,0.6
6,Merchandise,2024-02-12,15,2020-04-22,2023-01-01,True,6_Merchandise,mall,0,10.0,cultural,1.5
6,Merchandise,2024-04-01,12,2020-04-22,2023-01-01,True,6_Merchandise,mall,0,10.0,sports,1.2
6,Merchandise,2024-05-06,12,2020-04-22,2023-01-01,True,6_Merchandise,mall,0,10.0,cultural,1.2
6,Merchandise,2024-06-03,17,2020-04-22,2023-01-01,True,6_Merchandise,mall,0,10.0,music_festival,1.7
6,Merchandise,2024-09-16,13,2020-04-22,2023-01-01,True,6_Merchandise,mall,0,10.0,convention,1.3
6,Merchandise,2024-10-14,31,2020-04-22,2023-01-01,True,6_Merchandise,mall,0,10.0,food_festival,3.0
6,Merchandise,2023-04-25,55,2020-04-22,2023-01-01,True,6_Merchandise,mall,1,9.5,food_festival,3.0
6,Merchandise,2023-07-11,7,2020-04-22,2023-01-01,True,6_Merchandise,mall,1,9.0,cultural,0.7777777777777778
6,Merchandise,2023-07-25,10,2020-04-22,2023-01-01,True,6_Merchandise,mall,1,9.0,convention,1.1111111111111112
6,Merchandise,2024-01-23,10,2020-04-22,2023-01-01,True,6_Merchandise,mall,1,10.0,sports,1.0
6,Merchandise,2024-03-05,46,2020-04-22,2023-01-01,True,6_Merchandise,mall,1,10.0,food_festival,3.0
6,Merchandise,2024-04-02,9,2020-04-22,2023-01-01,True,6_Merchandise,mall,1,10.0,market,0.9
6,Merchandise,2024-10-22,10,2020-04-22,2023-01-01,True,6_Merchandise,mall,1,9.0,cultural,1.1111111111111112
6,Merchandise,2023-03-01,12,2020-04-22,2023-01-01,True,6_Merchandise,mall,2,9.0,cultural,1.3333333333333333
6,Merchandise,2023-03-08,12,2020-04-22,2023-01-01,True,6_Merchandise,mall,2,10.0,market,1.2
6,Merchandise,2023-03-29,20,2020-04-22,2023-01-01,True,6_Merchandise,mall,2,9.5,market,2.1052631578947367
6,Merchandise,2023-06-28,19,2020-04-22,2023-01-01,True,6_Merchandise,mall,2,10.0,food_festival,1.9
6,Merchandise,2023-07-05,11,2020-04-22,2023-01-01,True,6_Merchandise,mall,2,10.0,sports,1.1
6,Merchandise,2023-08-09,14,2020-04-22,2023-01-01,True,6_Merchandise,mall,2,10.0,food_festival,1.4
6,Merchandise,2023-11-29,21,2020-04-22,2023-01-01,True,6_Merchandise,mall,2,9.0,food_festival,2.3333333333333335
6,Merchandise,2024-03-27,20,2020-04-22,2023-01-01,True,6_Merchandise,mall,2,10.0,book_fair,2.0
6,Merchandise,2023-03-30,13,2020-04-22,2023-01-01,True,6_Merchandise,mall,3,10.0,sports,1.3
6,Merchandise,2023-05-04,20,2020-04-22,2023-01-01,True,6_Merchandise,mall,3,12.0,cultural,1.6666666666666667
6,Merchandise,2023-07-27,4,2020-04-22,2023-01-01,True,6_Merchandise,mall,3,10.0,cultural,0.4
6,Merchandise,2023-03-17,22,2020-04-22,2023-01-01,True,6_Merchandise,mall,4,8.5,music_festival,2.588235294117647
6,Merchandise,2023-04-07,9,2020-04-22,2023-01-01,True,6_Merchandise,mall,4,9.0,cultural,1.0
6,Merchandise,2023-04-21,25,2020-04-22,2023-01-01,True,6_Merchandise,mall,4,9.0,cultural,2.7777777777777777
6,Merchandise,2023-11-17,6,2020-04-22,2023-01-01,True,6_Merchandise,mall,4,8.0,sports,0.75
6,Merchandise,2024-01-19,9,2020-04-22,2023-01-01,True,6_Merchandise,mall,4,8.5,book_fair,1.0588235294117647
6,Merchandise,2024-03-01,23,2020-04-22,2023-01-01,True,6_Merchandise,mall,4,9.0,food_festival,2.5555555555555554
6,Merchandise,2024-06-21,2,2020-04-22,2023-01-01,True,6_Merchandise,mall,4,9.0,sports,0.25
6,Merchandise,2024-07-19,18,2020-04-22,2023-01-01,True,6_Merchandise,mall,4,9.0,food_festival,2.0
6,Merchandise,2024-08-30,3,2020-04-22,2023-01-01,True,6_Merchandise,mall,4,9.0,concert,0.3333333333333333
6,Merchandise,2023-02-25,26,2020-04-22,2023-01-01,True,6_Merchandise,mall,5,18.0,cultural,1.4444444444444444
6,Merchandise,2023-04-01,33,2020-04-22,2023-01-01,True,6_Merchandise,mall,5,18.5,convention,1.7837837837837838
6,Merchandise,2023-08-26,16,2020-04-22,2023-01-01,True,6_Merchandise,mall,5,17.0,convention,0.9411764705882353
6,Merchandise,2024-02-17,23,2020-04-22,2023-01-01,True,6_Merchandise,mall,5,17.0,sports,1.3529411764705883
6,Merchandise,2024-04-27,54,2020-04-22,2023-01-01,True,6_Merchandise,mall,5,18.0,food_festival,3.0
6,Merchandise,2024-06-29,17,2020-04-22,2023-01-01,True,6_Merchandise,mall,5,17.0,cultural,1.0
6,Merchandise,2024-07-13,17,2020-04-22,2023-01-01,True,6_Merchandise,mall,5,17.0,sports,1.0
6,Merchandise,2024-08-03,21,2020-04-22,2023-01-01,True,6_Merchandise,mall,5,17.0,market,1.2352941176470589
6,Merchandise,2024-09-07,34,2020-04-22,2023-01-01,True,6_Merchandise,mall,5,17.0,food_festival,2.0
6,Merchandise,2024-10-19,26,2020-04-22,2023-01-01,True,6_Merchandise,mall,5,17.0,food_festival,1.5294117647058822
6,Merchandise,2023-01-22,51,2020-04-22,2023-01-01,True,6_Merchandise,mall,6,26.0,music_festival,1.9615384615384615
6,Merchandise,2023-04-30,95,2020-04-22,2023-01-01,True,6_Merchandise,mall,6,21.0,concert,3.0
6,Merchandise,2023-06-18,16,2020-04-22,2023-01-01,True,6_Merchandise,mall,6,20.5,cultural,0.7804878048780488
6,Merchandise,2023-07-23,27,2020-04-22,2023-01-01,True,6_Merchandise,mall,6,20.0,food_festival,1.35
6,Merchandise,2024-02-04,39,2020-04-22,2023-01-01,True,6_Merchandise,mall,6,20.0,sports,1.95
6,Merchandise,2024-02-04,39,2020-04-22,2023-01-01,True,6_Merchandise,mall,6,20.0,cultural,1.95
6,Merchandise,2024-05-05,42,2020-04-22,2023-01-01,True,6_Merchandise,mall,6,20.0,food_festival,2.1
6,Merchandise,2024-05-26,44,2020-04-22,2023-01-01,True,6_Merchandise,mall,6,21.0,music_festival,2.0952380952380953
6,Merchandise,2024-06-02,13,2020-04-22,2023-01-01,True,6_Merchandise,mall,6,21.0,cultural,0.6190476190476191
6,Savory Bakery,2023-01-30,46,2020-04-22,2023-01-01,True,6_Savory-Bakery,mall,0,36.5,book_fair,1.2602739726027397
6,Savory Bakery,2023-05-15,87,2020-04-22,2023-01-01,True,6_Savory-Bakery,mall,0,43.0,food_festival,2.0232558139534884
6,Savory Bakery,2023-06-26,40,2020-04-22,2023-01-01,True,6_Savory-Bakery,mall,0,43.0,cultural,0.9302325581395349
6,Savory Bakery,2023-07-31,28,2020-04-22,2023-01-01,True,6_Savory-Bakery,mall,0,40.5,market,0.691358024691358
6,Savory Bakery,2024-02-12,53,2020-04-22,2023-01-01,True,6_Savory-Bakery,mall,0,38.5,cultural,1.3766233766233766
6,Savory Bakery,2024-04-01,44,2020-04-22,2023-01-01,True,6_Savory-Bakery,mall,0,37.0,sports,1.1891891891891893
6,Savory Bakery,2024-05-06,52,2020-04-22,2023-01-01,True,6_Savory-Bakery,mall,0,37.5,cultural,1.3866666666666667
6,Savory Bakery,2024-06-03,42,2020-04-22,2023-01-01,True,6_Savory-Bakery,mall,0,37.5,music_festival,1.12
6,Savory Bakery,2024-09-16,33,2020-04-22,2023-01-01,True,6_Savory-Bakery,mall,0,34.0,convention,0.9705882352941176
6,Savory Bakery,2024-10-14,103,2020-04-22,2023-01-01,True,6_Savory-Bakery,mall,0,34.0,food_festival,3.0
6,Savory Bakery,2023-04-25,230,2020-04-22,2023-01-01,True,6_Savory-Bakery,mall,1,39.0,food_festival,3.0
6,Savory Bakery,2023-07-11,58,2020-04-22,2023-01-01,True,6_Savory-Bakery,mall,1,34.0,cultural,1.7058823529411764
6,Savory Bakery,2023-07-25,34,2020-04-22,2023-01-01,True,6_Savory-Bakery,mall,1,36.0,convention,0.9444444444444444
6,Savory Bakery,2024-01-23,58,2020-04-22,2023-01-01,True,6_Savory-Bakery,mall,1,36.0,sports,1.6111111111111112
6,Savory Bakery,2024-03-05,105,2020-04-22,2023-01-01,True,6_Savory-Bakery,mall,1,36.0,food_festival,2.9166666666666665
6,Savory Bakery,2024-04-02,62,2020-04-22,2023-01-01,True,6_Savory-Bakery,mall,1,36.0,market,1.7222222222222223
6,Savory Bakery,2024-10-22,48,2020-04-22,2023-01-01,True,6_Savory-Bakery,mall,1,36.0,cultural,1.3333333333333333
6,Savory Bakery,2023-03-01,49,2020-04-22,2023-01-01,True,6_Savory-Bakery,mall,2,37.0,cultural,1.3243243243243243
6,Savory Bakery,2023-03-08,35,2020-04-22,2023-01-01,True,6_Savory-Bakery,mall,2,37.0,market,0.9459459459459459
6,Savory Bakery,2023-03-29,71,2020-04-22,2023-01-01,True,6_Savory-Bakery,mall,2,37.0,market,1.9189189189189189
6,Savory Bakery,2023-06-28,50,2020-04-22,2023-01-01,True,6_Savory-Bakery,mall,2,36.0,food_festival,1.3888888888888888
6,Savory Bakery,2023-07-05,26,2020-04-22,2023-01-01,True,6_Savory-Bakery,mall,2,36.5,sports,0.7123287671232876
6,Savory Bakery,2023-08-09,61,2020-04-22,2023-01-01,True,6_Savory-Bakery,mall,2,35.0,food_festival,1.7428571428571429
6,Savory Bakery,2023-11-29,76,2020-04-22,2023-01-01,True,6_Savory-Bakery,mall,2,35.0,food_festival,2.1714285714285713
6,Savory Bakery,2024-03-27,53,2020-04-22,2023-01-01,True,6_Savory-Bakery,mall,2,37.0,book_fair,1.4324324324324325
6,Savory Bakery,2023-03-30,55,2020-04-22,2023-01-01,True,6_Savory-Bakery,mall,3,39.0,sports,1.4102564102564104
6,Savory Bakery,2023-05-04,69,2020-04-22,2023-01-01,True,6_Savory-Bakery,mall,3,45.0,cultural,1.5333333333333334
6,Savory Bakery,2023-07-27,23,2020-04-22,2023-01-01,True,6_Savory-Bakery,mall,3,38.0,cultural,0.6052631578947368
6,Savory Bakery,2023-03-17,93,2020-04-22,2023-01-01,True,6_Savory-Bakery,mall,4,38.0,music_festival,2.4473684210526314
6,Savory Bakery,2023-04-07,49,2020-04-22,2023-01-01,True,6_Savory-Bakery,mall,4,40.0,cultural,1.225
6,Savory Bakery,2023-04-21,54,2020-04-22,2023-01-01,True,6_Savory-Bakery,mall,4,41.0,cultural,1.3170731707317074
6,Savory Bakery,2023-11-17,32,2020-04-22,2023-01-01,True,6_Savory-Bakery,mall,4,37.0,sports,0.8648648648648649
6,Savory Bakery,2024-01-19,42,2020-04-22,2023-01-01,True,6_Savory-Bakery,mall,4,37.0,book_fair,1.135135135135135
6,Savory Bakery,2024-03-01,84,2020-04-22,2023-01-01,True,6_Savory-Bakery,mall,4,37.0,food_festival,2.27027027027027
6,Savory Bakery,2024-06-21,10,2020-04-22,2023-01-01,True,6_Savory-Bakery,mall,4,38.0,sports,0.2631578947368421
6,Savory Bakery,2024-07-19,70,2020-04-22,2023-01-01,True,6_Savory-Bakery,mall,4,37.0,food_festival,1.8918918918918919
6,Savory Bakery,2024-08-30,47,2020-04-22,2023-01-01,True,6_Savory-Bakery,mall,4,36.5,concert,1.2876712328767124
6,Savory Bakery,2023-02-25,69,2020-04-22,2023-01-01,True,6_Savory-Bakery,mall,5,75.0,cultural,0.92
6,Savory Bakery,2023-04-01,158,2020-04-22,2023-01-01,True,6_Savory-Bakery,mall,5,68.5,convention,2.3065693430656933
6,Savory Bakery,2023-08-26,91,2020-04-22,2023-01-01,True,6_Savory-Bakery,mall,5,65.0,convention,1.4
6,Savory Bakery,2024-02-17,86,2020-04-22,2023-01-01,True,6_Savory-Bakery,mall,5,69.0,sports,1.2463768115942029
6,Savory Bakery,2024-04-27,183,2020-04-22,2023-01-01,True,6_Savory-Bakery,mall,5,70.0,food_festival,2.6142857142857143
6,Savory Bakery,2024-06-29,89,2020-04-22,2023-01-01,True,6_Savory-Bakery,mall,5,70.0,cultural,1.2714285714285714
6,Savory Bakery,2024-07-13,65,2020-04-22,2023-01-01,True,6_Savory-Bakery,mall,5,70.0,sports,0.9285714285714286
6,Savory Bakery,2024-08-03,75,2020-04-22,2023-01-01,True,6_Savory-Bakery,mall,5,69.5,market,1.079136690647482
6,Savory Bakery,2024-09-07,144,2020-04-22,2023-01-01,True,6_Savory-Bakery,mall,5,69.0,food_festival,2.0869565217391304
6,Savory Bakery,2024-10-19,182,2020-04-22,2023-01-01,True,6_Savory-Bakery,mall,5,68.0,food_festival,2.676470588235294
6,Savory Bakery,2023-01-22,151,2020-04-22,2023-01-01,True,6_Savory-Bakery,mall,6,79.0,music_festival,1.9113924050632911
6,Savory Bakery,2023-04-30,291,2020-04-22,2023-01-01,True,6_Savory-Bakery,mall,6,74.0,concert,3.0
6,Savory Bakery,2023-06-18,58,2020-04-22,2023-01-01,True,6_Savory-Bakery,mall,6,71.5,cultural,0.8111888111888111
6,Savory Bakery,2023-07-23,82,2020-04-22,2023-01-01,True,6_Savory-Bakery,mall,6,71.0,food_festival,1.1549295774647887
6,Savory Bakery,2024-02-04,121,2020-04-22,2023-01-01,True,6_Savory-Bakery,mall,6,71.0,sports,1.704225352112676
6,Savory Bakery,2024-02-04,121,2020-04-22,2023-01-01,True,6_Savory-Bakery,mall,6,71.0,cultural,1.704225352112676
6,Savory Bakery,2024-05-05,159,2020-04-22,2023-01-01,True,6_Savory-Bakery,mall,6,74.0,food_festival,2.1486486486486487
6,Savory Bakery,2024-05-26,135,2020-04-22,2023-01-01,True,6_Savory-Bakery,mall,6,74.0,music_festival,1.8243243243243243
6,Savory Bakery,2024-06-02,62,2020-04-22,2023-01-01,True,6_Savory-Bakery,mall,6,74.0,cultural,0.8378378378378378
6,Tea,2023-01-30,84,2020-04-22,2023-01-01,True,6_Tea,mall,0,81.5,book_fair,1.030674846625767
6,Tea,2023-05-15,145,2020-04-22,2023-01-01,True,6_Tea,mall,0,78.0,food_festival,1.858974358974359
6,Tea,2023-06-26,44,2020-04-22,2023-01-01,True,6_Tea,mall,0,71.0,cultural,0.6197183098591549
6,Tea,2023-07-31,64,2020-04-22,2023-01-01,True,6_Tea,mall,0,66.5,market,0.9624060150375939
6,Tea,2024-02-12,120,2020-04-22,2023-01-01,True,6_Tea,mall,0,67.0,cultural,1.791044776119403
6,Tea,2024-04-01,98,2020-04-22,2023-01-01,True,6_Tea,mall,0,67.0,sports,1.462686567164179
6,Tea,2024-05-06,98,2020-04-22,2023-01-01,True,6_Tea,mall,0,69.0,cultural,1.4202898550724639
6,Tea,2024-06-03,116,2020-04-22,2023-01-01,True,6_Tea,mall,0,69.5,music_festival,1.669064748201439
6,Tea,2024-09-16,65,2020-04-22,2023-01-01,True,6_Tea,mall,0,67.0,convention,0.9701492537313433
6,Tea,2024-10-14,218,2020-04-22,2023-01-01,True,6_Tea,mall,0,67.0,food_festival,3.0
6,Tea,2023-04-25,347,2020-04-22,2023-01-01,True,6_Tea,mall,1,70.5,food_festival,3.0
6,Tea,2023-07-11,86,2020-04-22,2023-01-01,True,6_Tea,mall,1,62.0,cultural,1.3870967741935485
6,Tea,2023-07-25,69,2020-04-22,2023-01-01,True,6_Tea,mall,1,62.0,convention,1.1129032258064515
6,Tea,2024-01-23,79,2020-04-22,2023-01-01,True,6_Tea,mall,1,66.0,sports,1.196969696969697
6,Tea,2024-03-05,244,2020-04-22,2023-01-01,True,6_Tea,mall,1,66.0,food_festival,3.0
6,Tea,2024-04-02,97,2020-04-22,2023-01-01,True,6_Tea,mall,1,66.0,market,1.4696969696969697
6,Tea,2024-10-22,82,2020-04-22,2023-01-01,True,6_Tea,mall,1,63.0,cultural,1.3015873015873016
6,Tea,2023-03-01,160,2020-04-22,2023-01-01,True,6_Tea,mall,2,77.5,cultural,2.064516129032258
6,Tea,2023-03-08,76,2020-04-22,2023-01-01,True,6_Tea,mall,2,82.0,market,0.926829268292683
6,Tea,2023-03-29,98,2020-04-22,2023-01-01,True,6_Tea,mall,2,76.0,market,1.2894736842105263
6,Tea,2023-06-28,108,2020-04-22,2023-01-01,True,6_Tea,mall,2,72.0,food_festival,1.5
6,Tea,2023-07-05,78,2020-04-22,2023-01-01,True,6_Tea,mall,2,72.5,sports,1.0758620689655172
6,Tea,2023-08-09,140,2020-04-22,2023-01-01,True,6_Tea,mall,2,72.0,food_festival,1.9444444444444444
6,Tea,2023-11-29,125,2020-04-22,2023-01-01,True,6_Tea,mall,2,69.0,food_festival,1.8115942028985508
6,Tea,2024-03-27,94,2020-04-22,2023-01-01,True,6_Tea,mall,2,70.0,book_fair,1.3428571428571427
6,Tea,2023-03-30,63,2020-04-22,2023-01-01,True,6_Tea,mall,3,66.5,sports,0.9473684210526315
6,Tea,2023-05-04,158,2020-04-22,2023-01-01,True,6_Tea,mall,3,67.0,cultural,2.3582089552238807
6,Tea,2023-07-27,44,2020-04-22,2023-01-01,True,6_Tea,mall,3,67.0,cultural,0.6567164179104478
6,Tea,2023-03-17,158,2020-04-22,2023-01-01,True,6_Tea,mall,4,72.0,music_festival,2.1944444444444446
6,Tea,2023-04-07,99,2020-04-22,2023-01-01,True,6_Tea,mall,4,74.0,cultural,1.337837837837838
6,Tea,2023-04-21,172,2020-04-22,2023-01-01,True,6_Tea,mall,4,74.0,cultural,2.324324324324324
6,Tea,2023-11-17,64,2020-04-22,2023-01-01,True,6_Tea,mall,4,64.0,sports,1.0
6,Tea,2024-01-19,64,2020-04-22,2023-01-01,True,6_Tea,mall,4,65.0,book_fair,0.9846153846153847
6,Tea,2024-03-01,156,2020-04-22,2023-01-01,True,6_Tea,mall,4,65.5,food_festival,2.381679389312977
6,Tea,2024-06-21,48,2020-04-22,2023-01-01,True,6_Tea,mall,4,67.0,sports,0.7164179104477612
6,Tea,2024-07-19,124,2020-04-22,2023-01-01,True,6_Tea,mall,4,65.0,food_festival,1.9076923076923078
6,Tea,2024-08-30,82,2020-04-22,2023-01-01,True,6_Tea,mall,4,64.0,concert,1.28125
6,Tea,2023-02-25,161,2020-04-22,2023-01-01,True,6_Tea,mall,5,135.0,cultural,1.1925925925925926
6,Tea,2023-04-01,212,2020-04-22,2023-01-01,True,6_Tea,mall,5,133.0,convention,1.593984962406015
6,Tea,2023-08-26,159,2020-04-22,2023-01-01,True,6_Tea,mall,5,130.0,convention,1.2230769230769232
6,Tea,2024-02-17,140,2020-04-22,2023-01-01,True,6_Tea,mall,5,138.5,sports,1.0108303249097472
6,Tea,2024-04-27,344,2020-04-22,2023-01-01,True,6_Tea,mall,5,139.5,food_festival,2.4659498207885306
6,Tea,2024-06-29,139,2020-04-22,2023-01-01,True,6_Tea,mall,5,139.0,cultural,1.0
6,Tea,2024-07-13,117,2020-04-22,2023-01-01,True,6_Tea,mall,5,139.0,sports,0.841726618705036
6,Tea,2024-08-03,118,2020-04-22,2023-01-01,True,6_Tea,mall,5,138.5,market,0.851985559566787
6,Tea,2024-09-07,248,2020-04-22,2023-01-01,True,6_Tea,mall,5,135.0,food_festival,1.837037037037037
6,Tea,2024-10-19,255,2020-04-22,2023-01-01,True,6_Tea,mall,5,132.0,food_festival,1.9318181818181819
6,Tea,2023-01-22,304,2020-04-22,2023-01-01,True,6_Tea,mall,6,194.0,music_festival,1.5670103092783505
6,Tea,2023-04-30,589,2020-04-22,2023-01-01,True,6_Tea,mall,6,151.0,concert,3.0
6,Tea,2023-06-18,90,2020-04-22,2023-01-01,True,6_Tea,mall,6,133.0,cultural,0.6766917293233082
6,Tea,2023-07-23,190,2020-04-22,2023-01-01,True,6_Tea,mall,6,132.0,food_festival,1.4393939393939394
6,Tea,2024-02-04,204,2020-04-22,2023-01-01,True,6_Tea,mall,6,133.0,sports,1.5338345864661653
6,Tea,2024-02-04,204,2020-04-22,2023-01-01,True,6_Tea,mall,6,133.0,cultural,1.5338345864661653
6,Tea,2024-05-05,309,2020-04-22,2023-01-01,True,6_Tea,mall,6,134.5,food_festival,2.2973977695167287
6,Tea,2024-05-26,284,2020-04-22,2023-01-01,True,6_Tea,mall,6,135.0,music_festival,2.1037037037037036
6,Tea,2024-06-02,121,2020-04-22,2023-01-01,True,6_Tea,mall,6,136.0,cultural,0.8897058823529411
7,Bakery,2023-02-13,35,2020-03-04,2023-01-01,True,7_Bakery,hospital,0,35.0,music_festival,1.0
7,Bakery,2023-02-27,18,2020-03-04,2023-01-01,True,7_Bakery,hospital,0,31.5,concert,0.5714285714285714
7,Bakery,2023-07-17,14,2020-03-04,2023-01-01,True,7_Bakery,hospital,0,29.0,book_fair,0.4827586206896552
7,Bakery,2023-08-14,26,2020-03-04,2023-01-01,True,7_Bakery,hospital,0,28.5,sports,0.9122807017543859
7,Bakery,2024-06-24,29,2020-03-04,2023-01-01,True,7_Bakery,hospital,0,26.0,music_festival,1.1153846153846154
7,Bakery,2024-07-15,35,2020-03-04,2023-01-01,True,7_Bakery,hospital,0,26.5,market,1.320754716981132
7,Bakery,2024-09-09,42,2020-03-04,2023-01-01,True,7_Bakery,hospital,0,26.0,market,1.6153846153846154
7,Bakery,2024-10-07,12,2020-03-04,2023-01-01,True,7_Bakery,hospital,0,26.0,music_festival,0.46153846153846156
7,Bakery,2023-03-14,13,2020-03-04,2023-01-01,True,7_Bakery,hospital,1,29.0,concert,0.4482758620689655
7,Bakery,2023-06-06,39,2020-03-04,2023-01-01,True,7_Bakery,hospital,1,29.0,cultural,1.3448275862068966
7,Bakery,2023-07-04,68,2020-03-04,2023-01-01,True,7_Bakery,hospital,1,27.5,food_festival,2.4727272727272727
7,Bakery,2023-08-01,28,2020-03-04,2023-01-01,True,7_Bakery,hospital,1,27.5,market,1.018181818181818
7,Bakery,2023-10-31,49,2020-03-04,2023-01-01,True,7_Bakery,hospital,1,24.0,concert,2.0416666666666665
7,Bakery,2023-12-05,95,2020-03-04,2023-01-01,True,7_Bakery,hospital,1,25.5,food_festival,3.0
7,Bakery,2024-05-14,26,2020-03-04,2023-01-01,True,7_Bakery,hospital,1,25.0,book_fair,1.04
7,Bakery,2024-09-17,36,2020-03-04,2023-01-01,True,7_Bakery,hospital,1,23.0,food_festival,1.565217391304348
7,Bakery,2023-02-15,26,2020-03-04,2023-01-01,True,7_Bakery,hospital,2,29.5,sports,0.8813559322033898
7,Bakery,2023-06-28,33,2020-03-04,2023-01-01,True,7_Bakery,hospital,2,26.0,market,1.2692307692307692
7,Bakery,2023-08-30,26,2020-03-04,2023-01-01,True,7_Bakery,hospital,2,25.5,market,1.0196078431372548
7,Bakery,2023-10-25,19,2020-03-04,2023-01-01,True,7_Bakery,hospital,2,25.5,music_festival,0.7450980392156863
7,Bakery,2024-01-24,21,2020-03-04,2023-01-01,True,7_Bakery,hospital,2,25.0,book_fair,0.84
7,Bakery,2024-08-14,14,2020-03-04,2023-01-01,True,7_Bakery,hospital,2,22.5,music_festival,0.6222222222222222
7,Bakery,2024-09-04,48,2020-03-04,2023-01-01,True,7_Bakery,hospital,2,22.0,convention,2.1818181818181817
7,Bakery,2024-10-23,59,2020-03-04,2023-01-01,True,7_Bakery,hospital,2,22.5,cultural,2.6222222222222222
7,Bakery,2023-08-17,4,2020-03-04,2023-01-01,True,7_Bakery,hospital,3,23.0,book_fair,0.25
7,Bakery,2023-09-07,12,2020-03-04,2023-01-01,True,7_Bakery,hospital,3,23.0,book_fair,0.5217391304347826
7,Bakery,2023-09-14,37,2020-03-04,2023-01-01,True,7_Bakery,hospital,3,22.5,food_festival,1.6444444444444444
7,Bakery,2023-12-21,45,2020-03-04,2023-01-01,True,7_Bakery,hospital,3,23.0,concert,1.9565217391304348
7,Bakery,2024-03-07,30,2020-03-04,2023-01-01,True,7_Bakery,hospital,3,24.0,market,1.25
7,Bakery,2024-03-14,17,2020-03-04,2023-01-01,True,7_Bakery,hospital,3,24.0,music_festival,0.7083333333333334
7,Bakery,2024-07-11,28,2020-03-04,2023-01-01,True,7_Bakery,hospital,3,24.0,food_festival,1.1666666666666667
7,Bakery,2024-07-11,28,2020-03-04,2023-01-01,True,7_Bakery,hospital,3,24.0,music_festival,1.1666666666666667
7,Bakery,2024-07-18,14,2020-03-04,2023-01-01,True,7_Bakery,hospital,3,24.0,sports,0.5833333333333334
7,Bakery,2024-09-05,39,2020-03-04,2023-01-01,True,7_Bakery,hospital,3,23.0,food_festival,1.6956521739130435
7,Bakery,2024-09-26,17,2020-03-04,2023-01-01,True,7_Bakery,hospital,3,24.0,book_fair,0.7083333333333334
7,Bakery,2024-10-10,11,2020-03-04,2023-01-01,True,7_Bakery,hospital,3,24.0,music_festival,0.4583333333333333
7,Bakery,2023-03-31,18,2020-03-04,2023-01-01,True,7_Bakery,hospital,4,27.0,concert,0.6666666666666666
7,Bakery,2023-07-07,29,2020-03-04,2023-01-01,True,7_Bakery,hospital,4,24.0,music_festival,1.2083333333333333
7,Bakery,2023-11-10,53,2020-03-04,2023-01-01,True,7_Bakery,hospital,4,24.0,sports,2.2083333333333335
7,Bakery,2023-12-01,44,2020-03-04,2023-01-01,True,7_Bakery,hospital,4,24.0,convention,1.8333333333333333
7,Bakery,2024-07-26,15,2020-03-04,2023-01-01,True,7_Bakery,hospital,4,24.0,market,0.625
7,Bakery,2023-02-11,22,2020-03-04,2023-01-01,True,7_Bakery,hospital,5,22.0,book_fair,1.0
7,Bakery,2023-02-25,27,2020-03-04,2023-01-01,True,7_Bakery,hospital,5,22.0,cultural,1.2272727272727273
7,Bakery,2023-04-01,28,2020-03-04,2023-01-01,True,7_Bakery,hospital,5,22.0,market,1.2727272727272727
7,Bakery,2023-05-13,22,2020-03-04,2023-01-01,True,7_Bakery,hospital,5,22.0,book_fair,1.0
7,Bakery,2023-05-27,10,2020-03-04,2023-01-01,True,7_Bakery,hospital,5,22.0,sports,0.45454545454545453
7,Bakery,2023-07-01,22,2020-03-04,2023-01-01,True,7_Bakery,hospital,5,22.0,cultural,1.0
7,Bakery,2023-08-26,23,2020-03-04,2023-01-01,True,7_Bakery,hospital,5,22.0,sports,1.0454545454545454
7,Bakery,2023-09-09,18,2020-03-04,2023-01-01,True,7_Bakery,hospital,5,22.0,concert,0.8181818181818182
7,Bakery,2023-10-21,15,2020-03-04,2023-01-01,True,7_Bakery,hospital,5,21.0,book_fair,0.7142857142857143
7,Bakery,2023-11-11,11,2020-03-04,2023-01-01,True,7_Bakery,hospital,5,20.0,sports,0.55
7,Bakery,2024-03-16,34,2020-03-04,2023-01-01,True,7_Bakery,hospital,5,19.0,market,1.7894736842105263
7,Bakery,2024-05-04,32,2020-03-04,2023-01-01,True,7_Bakery,hospital,5,19.0,convention,1.6842105263157894
7,Bakery,2024-08-10,20,2020-03-04,2023-01-01,True,7_Bakery,hospital,5,19.0,music_festival,1.0526315789473684
7,Bakery,2024-08-10,20,2020-03-04,2023-01-01,True,7_Bakery,hospital,5,19.0,sports,1.0526315789473684
7,Bakery,2024-08-17,31,2020-03-04,2023-01-01,True,7_Bakery,hospital,5,19.0,market,1.631578947368421
7,Bakery,2023-01-29,66,2020-03-04,2023-01-01,True,7_Bakery,hospital,6,22.5,food_festival,2.933333333333333
7,Bakery,2023-03-19,24,2020-03-04,2023-01-01,True,7_Bakery,hospital,6,20.0,market,1.2
7,Bakery,2023-07-30,22,2020-03-04,2023-01-01,True,7_Bakery,hospital,6,21.5,book_fair,1.0232558139534884
7,Bakery,2023-09-17,23,2020-03-04,2023-01-01,True,7_Bakery,hospital,6,21.0,concert,1.0952380952380953
7,Bakery,2024-06-30,38,2020-03-04,2023-01-01,True,7_Bakery,hospital,6,22.0,music_festival,1.7272727272727273
7,Bakery,2024-06-30,38,2020-03-04,2023-01-01,True,7_Bakery,hospital,6,22.0,food_festival,1.7272727272727273
7,Bakery,2024-09-01,29,2020-03-04,2023-01-01,True,7_Bakery,hospital,6,21.0,market,1.380952380952381
7,Bakery,2024-09-15,14,2020-03-04,2023-01-01,True,7_Bakery,hospital,6,22.0,sports,0.6363636363636364
7,Chocolate & Milk,2023-02-13,12,2020-03-04,2023-01-01,True,7_Chocolate-Milk,hospital,0,13.0,music_festival,0.9230769230769231
7,Chocolate & Milk,2023-02-27,14,2020-03-04,2023-01-01,True,7_Chocolate-Milk,hospital,0,13.0,concert,1.0769230769230769
7,Chocolate & Milk,2023-07-17,9,2020-03-04,2023-01-01,True,7_Chocolate-Milk,hospital,0,14.0,book_fair,0.6428571428571429
7,Chocolate & Milk,2023-08-14,12,2020-03-04,2023-01-01,True,7_Chocolate-Milk,hospital,0,13.5,sports,0.8888888888888888
7,Chocolate & Milk,2024-06-24,19,2020-03-04,2023-01-01,True,7_Chocolate-Milk,hospital,0,13.0,music_festival,1.4615384615384615
7,Chocolate & Milk,2024-07-15,19,2020-03-04,2023-01-01,True,7_Chocolate-Milk,hospital,0,13.5,market,1.4074074074074074
7,Chocolate & Milk,2024-09-09,27,2020-03-04,2023-01-01,True,7_Chocolate-Milk,hospital,0,13.0,market,2.076923076923077
7,Chocolate & Milk,2024-10-07,9,2020-03-04,2023-01-01,True,7_Chocolate-Milk,hospital,0,13.5,music_festival,0.6666666666666666
7,Chocolate & Milk,2023-03-14,7,2020-03-04,2023-01-01,True,7_Chocolate-Milk,hospital,1,13.0,concert,0.5384615384615384
7,Chocolate & Milk,2023-06-06,14,2020-03-04,2023-01-01,True,7_Chocolate-Milk,hospital,1,13.5,cultural,1.037037037037037
7,Chocolate & Milk,2023-07-04,43,2020-03-04,2023-01-01,True,7_Chocolate-Milk,hospital,1,12.5,food_festival,3.0
7,Chocolate & Milk,2023-08-01,19,2020-03-04,2023-01-01,True,7_Chocolate-Milk,hospital,1,12.5,market,1.52
7,Chocolate & Milk,2023-10-31,18,2020-03-04,2023-01-01,True,7_Chocolate-Milk,hospital,1,14.0,concert,1.2857142857142858
7,Chocolate & Milk,2023-12-05,29,2020-03-04,2023-01-01,True,7_Chocolate-Milk,hospital,1,14.0,food_festival,2.0714285714285716
7,Chocolate & Milk,2024-05-14,19,2020-03-04,2023-01-01,True,7_Chocolate-Milk,hospital,1,14.0,book_fair,1.3571428571428572
7,Chocolate & Milk,2024-09-17,22,2020-03-04,2023-01-01,True,7_Chocolate-Milk,hospital,1,13.0,food_festival,1.6923076923076923
7,Chocolate & Milk,2023-02-15,6,2020-03-04,2023-01-01,True,7_Chocolate-Milk,hospital,2,22.5,sports,0.26666666666666666
7,Chocolate & Milk,2023-06-28,5,2020-03-04,2023-01-01,True,7_Chocolate-Milk,hospital,2,14.0,market,0.35714285714285715
7,Chocolate & Milk,2023-08-30,12,2020-03-04,2023-01-01,True,7_Chocolate-Milk,hospital,2,12.0,market,1.0
7,Chocolate & Milk,2023-10-25,8,2020-03-04,2023-01-01,True,7_Chocolate-Milk,hospital,2,11.0,music_festival,0.7272727272727273
7,Chocolate & Milk,2024-01-24,11,2020-03-04,2023-01-01,True,7_Chocolate-Milk,hospital,2,12.0,book_fair,0.9166666666666666
7,Chocolate & Milk,2024-08-14,7,2020-03-04,2023-01-01,True,7_Chocolate-Milk,hospital,2,13.0,music_festival,0.5384615384615384
7,Chocolate & Milk,2024-09-04,22,2020-03-04,2023-01-01,True,7_Chocolate-Milk,hospital,2,13.0,convention,1.6923076923076923
7,Chocolate & Milk,2024-10-23,44,2020-03-04,2023-01-01,True,7_Chocolate-Milk,hospital,2,13.0,cultural,3.0
7,Chocolate & Milk,2023-08-17,13,2020-03-04,2023-01-01,True,7_Chocolate-Milk,hospital,3,12.5,book_fair,1.04
7,Chocolate & Milk,2023-09-07,11,2020-03-04,2023-01-01,True,7_Chocolate-Milk,hospital,3,13.0,book_fair,0.8461538461538461
7,Chocolate & Milk,2023-09-14,17,2020-03-04,2023-01-01,True,7_Chocolate-Milk,hospital,3,12.5,food_festival,1.36
7,Chocolate & Milk,2023-12-21,21,2020-03-04,2023-01-01,True,7_Chocolate-Milk,hospital,3,13.0,concert,1.6153846153846154
7,Chocolate & Milk,2024-03-07,13,2020-03-04,2023-01-01,True,7_Chocolate-Milk,hospital,3,13.0,market,1.0
7,Chocolate & Milk,2024-03-14,16,2020-03-04,2023-01-01,True,7_Chocolate-Milk,hospital,3,13.0,music_festival,1.2307692307692308
7,Chocolate & Milk,2024-07-11,24,2020-03-04,2023-01-01,True,7_Chocolate-Milk,hospital,3,14.0,food_festival,1.7142857142857142
7,Chocolate & Milk,2024-07-11,24,2020-03-04,2023-01-01,True,7_Chocolate-Milk,hospital,3,14.0,music_festival,1.7142857142857142
7,Chocolate & Milk,2024-07-18,12,2020-03-04,2023-01-01,True,7_Chocolate-Milk,hospital,3,14.0,sports,0.8571428571428571
7,Chocolate & Milk,2024-09-05,35,2020-03-04,2023-01-01,True,7_Chocolate-Milk,hospital,3,14.0,food_festival,2.5
7,Chocolate & Milk,2024-09-26,19,2020-03-04,2023-01-01,True,7_Chocolate-Milk,hospital,3,14.0,book_fair,1.3571428571428572
7,Chocolate & Milk,2024-10-10,16,2020-03-04,2023-01-01,True,7_Chocolate-Milk,hospital,3,14.0,music_festival,1.1428571428571428
7,Chocolate & Milk,2023-03-31,12,2020-03-04,2023-01-01,True,7_Chocolate-Milk,hospital,4,14.0,concert,0.8571428571428571
7,Chocolate & Milk,2023-07-07,11,2020-03-04,2023-01-01,True,7_Chocolate-Milk,hospital,4,14.5,music_festival,0.7586206896551724
7,Chocolate & Milk,2023-11-10,25,2020-03-04,2023-01-01,True,7_Chocolate-Milk,hospital,4,12.0,sports,2.0833333333333335
7,Chocolate & Milk,2023-12-01,32,2020-03-04,2023-01-01,True,7_Chocolate-Milk,hospital,4,12.0,convention,2.6666666666666665
7,Chocolate & Milk,2024-07-26,17,2020-03-04,2023-01-01,True,7_Chocolate-Milk,hospital,4,12.0,market,1.4166666666666667
7,Chocolate & Milk,2023-02-11,7,2020-03-04,2023-01-01,True,7_Chocolate-Milk,hospital,5,13.0,book_fair,0.5384615384615384
7,Chocolate & Milk,2023-02-25,14,2020-03-04,2023-01-01,True,7_Chocolate-Milk,hospital,5,13.0,cultural,1.0769230769230769
7,Chocolate & Milk,2023-04-01,19,2020-03-04,2023-01-01,True,7_Chocolate-Milk,hospital,5,13.0,market,1.4615384615384615
7,Chocolate & Milk,2023-05-13,13,2020-03-04,2023-01-01,True,7_Chocolate-Milk,hospital,5,13.0,book_fair,1.0
7,Chocolate & Milk,2023-05-27,8,2020-03-04,2023-01-01,True,7_Chocolate-Milk,hospital,5,13.0,sports,0.6153846153846154
7,Chocolate & Milk,2023-07-01,10,2020-03-04,2023-01-01,True,7_Chocolate-Milk,hospital,5,11.0,cultural,0.9090909090909091
7,Chocolate & Milk,2023-08-26,9,2020-03-04,2023-01-01,True,7_Chocolate-Milk,hospital,5,10.0,sports,0.9
7,Chocolate & Milk,2023-09-09,12,2020-03-04,2023-01-01,True,7_Chocolate-Milk,hospital,5,10.0,concert,1.2
7,Chocolate & Milk,2023-10-21,5,2020-03-04,2023-01-01,True,7_Chocolate-Milk,hospital,5,10.0,book_fair,0.5
7,Chocolate & Milk,2023-11-11,3,2020-03-04,2023-01-01,True,7_Chocolate-Milk,hospital,5,10.0,sports,0.3
7,Chocolate & Milk,2024-03-16,14,2020-03-04,2023-01-01,True,7_Chocolate-Milk,hospital,5,10.0,market,1.4
7,Chocolate & Milk,2024-05-04,7,2020-03-04,2023-01-01,True,7_Chocolate-Milk,hospital,5,10.0,convention,0.7
7,Chocolate & Milk,2024-08-10,5,2020-03-04,2023-01-01,True,7_Chocolate-Milk,hospital,5,10.0,music_festival,0.5
7,Chocolate & Milk,2024-08-10,5,2020-03-04,2023-01-01,True,7_Chocolate-Milk,hospital,5,10.0,sports,0.5
7,Chocolate & Milk,2024-08-17,14,2020-03-04,2023-01-01,True,7_Chocolate-Milk,hospital,5,10.0,market,1.4
7,Chocolate & Milk,2023-01-29,23,2020-03-04,2023-01-01,True,7_Chocolate-Milk,hospital,6,8.5,food_festival,2.7058823529411766
7,Chocolate & Milk,2023-03-19,10,2020-03-04,2023-01-01,True,7_Chocolate-Milk,hospital,6,12.0,market,0.8333333333333334
7,Chocolate & Milk,2023-07-30,5,2020-03-04,2023-01-01,True,7_Chocolate-Milk,hospital,6,10.0,book_fair,0.5
7,Chocolate & Milk,2023-09-17,14,2020-03-04,2023-01-01,True,7_Chocolate-Milk,hospital,6,8.0,concert,1.75
7,Chocolate & Milk,2024-06-30,15,2020-03-04,2023-01-01,True,7_Chocolate-Milk,hospital,6,10.0,music_festival,1.5
7,Chocolate & Milk,2024-06-30,15,2020-03-04,2023-01-01,True,7_Chocolate-Milk,hospital,6,10.0,food_festival,1.5
7,Chocolate & Milk,2024-09-01,14,2020-03-04,2023-01-01,True,7_Chocolate-Milk,hospital,6,9.0,market,1.5555555555555556
7,Chocolate & Milk,2024-09-15,14,2020-03-04,2023-01-01,True,7_Chocolate-Milk,hospital,6,10.0,sports,1.4
7,Coffee,2023-02-13,104,2020-03-04,2023-01-01,True,7_Coffee,hospital,0,133.5,music_festival,0.7790262172284644
7,Coffee,2023-02-27,90,2020-03-04,2023-01-01,True,7_Coffee,hospital,0,120.0,concert,0.75
7,Coffee,2023-07-17,105,2020-03-04,2023-01-01,True,7_Coffee,hospital,0,110.5,book_fair,0.9502262443438914
7,Coffee,2023-08-14,49,2020-03-04,2023-01-01,True,7_Coffee,hospital,0,104.5,sports,0.4688995215311005
7,Coffee,2024-06-24,141,2020-03-04,2023-01-01,True,7_Coffee,hospital,0,105.0,music_festival,1.3428571428571427
7,Coffee,2024-07-15,107,2020-03-04,2023-01-01,True,7_Coffee,hospital,0,105.0,market,1.019047619047619
7,Coffee,2024-09-09,220,2020-03-04,2023-01-01,True,7_Coffee,hospital,0,104.5,market,2.1052631578947367
7,Coffee,2024-10-07,83,2020-03-04,2023-01-01,True,7_Coffee,hospital,0,104.5,music_festival,0.7942583732057417
7,Coffee,2023-03-14,139,2020-03-04,2023-01-01,True,7_Coffee,hospital,1,119.0,concert,1.1680672268907564
7,Coffee,2023-06-06,162,2020-03-04,2023-01-01,True,7_Coffee,hospital,1,119.0,cultural,1.361344537815126
7,Coffee,2023-07-04,233,2020-03-04,2023-01-01,True,7_Coffee,hospital,1,110.5,food_festival,2.1085972850678734
7,Coffee,2023-08-01,104,2020-03-04,2023-01-01,True,7_Coffee,hospital,1,109.0,market,0.9541284403669725
7,Coffee,2023-10-31,165,2020-03-04,2023-01-01,True,7_Coffee,hospital,1,107.0,concert,1.5420560747663552
7,Coffee,2023-12-05,384,2020-03-04,2023-01-01,True,7_Coffee,hospital,1,107.0,food_festival,3.0
7,Coffee,2024-05-14,99,2020-03-04,2023-01-01,True,7_Coffee,hospital,1,109.0,book_fair,0.908256880733945
7,Coffee,2024-09-17,161,2020-03-04,2023-01-01,True,7_Coffee,hospital,1,106.0,food_festival,1.5188679245283019
7,Coffee,2023-02-15,86,2020-03-04,2023-01-01,True,7_Coffee,hospital,2,118.5,sports,0.7257383966244726
7,Coffee,2023-06-28,154,2020-03-04,2023-01-01,True,7_Coffee,hospital,2,113.0,market,1.3628318584070795
7,Coffee,2023-08-30,83,2020-03-04,2023-01-01,True,7_Coffee,hospital,2,106.0,market,0.7830188679245284
7,Coffee,2023-10-25,78,2020-03-04,2023-01-01,True,7_Coffee,hospital,2,103.5,music_festival,0.7536231884057971
7,Coffee,2024-01-24,104,2020-03-04,2023-01-01,True,7_Coffee,hospital,2,104.0,book_fair,1.0
7,Coffee,2024-08-14,80,2020-03-04,2023-01-01,True,7_Coffee,hospital,2,103.5,music_festival,0.7729468599033816
7,Coffee,2024-09-04,161,2020-03-04,2023-01-01,True,7_Coffee,hospital,2,102.0,convention,1.5784313725490196
7,Coffee,2024-10-23,274,2020-03-04,2023-01-01,True,7_Coffee,hospital,2,101.5,cultural,2.6995073891625614
7,Coffee,2023-08-17,69,2020-03-04,2023-01-01,True,7_Coffee,hospital,3,107.5,book_fair,0.641860465116279
7,Coffee,2023-09-07,55,2020-03-04,2023-01-01,True,7_Coffee,hospital,3,100.0,book_fair,0.55
7,Coffee,2023-09-14,150,2020-03-04,2023-01-01,True,7_Coffee,hospital,3,97.5,food_festival,1.5384615384615385
7,Coffee,2023-12-21,127,2020-03-04,2023-01-01,True,7_Coffee,hospital,3,110.5,concert,1.1493212669683257
7,Coffee,2024-03-07,105,2020-03-04,2023-01-01,True,7_Coffee,hospital,3,111.0,market,0.9459459459459459
7,Coffee,2024-03-14,103,2020-03-04,2023-01-01,True,7_Coffee,hospital,3,110.5,music_festival,0.9321266968325792
7,Coffee,2024-07-11,146,2020-03-04,2023-01-01,True,7_Coffee,hospital,3,107.0,food_festival,1.3644859813084111
7,Coffee,2024-07-11,146,2020-03-04,2023-01-01,True,7_Coffee,hospital,3,107.0,music_festival,1.3644859813084111
7,Coffee,2024-07-18,78,2020-03-04,2023-01-01,True,7_Coffee,hospital,3,107.5,sports,0.7255813953488373
7,Coffee,2024-09-05,170,2020-03-04,2023-01-01,True,7_Coffee,hospital,3,107.0,food_festival,1.588785046728972
7,Coffee,2024-09-26,66,2020-03-04,2023-01-01,True,7_Coffee,hospital,3,106.0,book_fair,0.6226415094339622
7,Coffee,2024-10-10,82,2020-03-04,2023-01-01,True,7_Coffee,hospital,3,104.5,music_festival,0.784688995215311
7,Coffee,2023-03-31,88,2020-03-04,2023-01-01,True,7_Coffee,hospital,4,120.0,concert,0.7333333333333333
7,Coffee,2023-07-07,121,2020-03-04,2023-01-01,True,7_Coffee,hospital,4,118.5,music_festival,1.021097046413502
7,Coffee,2023-11-10,137,2020-03-04,2023-01-01,True,7_Coffee,hospital,4,103.0,sports,1.3300970873786409
7,Coffee,2023-12-01,161,2020-03-04,2023-01-01,True,7_Coffee,hospital,4,103.0,convention,1.5631067961165048
7,Coffee,2024-07-26,87,2020-03-04,2023-01-01,True,7_Coffee,hospital,4,107.0,market,0.8130841121495327
7,Coffee,2023-02-11,79,2020-03-04,2023-01-01,True,7_Coffee,hospital,5,100.0,book_fair,0.79
7,Coffee,2023-02-25,92,2020-03-04,2023-01-01,True,7_Coffee,hospital,5,84.0,cultural,1.0952380952380953
7,Coffee,2023-04-01,175,2020-03-04,2023-01-01,True,7_Coffee,hospital,5,81.5,market,2.147239263803681
7,Coffee,2023-05-13,93,2020-03-04,2023-01-01,True,7_Coffee,hospital,5,87.0,book_fair,1.0689655172413792
7,Coffee,2023-05-27,46,2020-03-04,2023-01-01,True,7_Coffee,hospital,5,87.0,sports,0.5287356321839081
7,Coffee,2023-07-01,107,2020-03-04,2023-01-01,True,7_Coffee,hospital,5,81.0,cultural,1.3209876543209877
7,Coffee,2023-08-26,72,2020-03-04,2023-01-01,True,7_Coffee,hospital,5,81.0,sports,0.8888888888888888
7,Coffee,2023-09-09,59,2020-03-04,2023-01-01,True,7_Coffee,hospital,5,80.0,concert,0.7375
7,Coffee,2023-10-21,84,2020-03-04,2023-01-01,True,7_Coffee,hospital,5,80.0,book_fair,1.05
7,Coffee,2023-11-11,76,2020-03-04,2023-01-01,True,7_Coffee,hospital,5,80.5,sports,0.9440993788819876
7,Coffee,2024-03-16,96,2020-03-04,2023-01-01,True,7_Coffee,hospital,5,80.5,market,1.1925465838509317
7,Coffee,2024-05-04,146,2020-03-04,2023-01-01,True,7_Coffee,hospital,5,81.0,convention,1.8024691358024691
7,Coffee,2024-08-10,46,2020-03-04,2023-01-01,True,7_Coffee,hospital,5,81.0,music_festival,0.5679012345679012
7,Coffee,2024-08-10,46,2020-03-04,2023-01-01,True,7_Coffee,hospital,5,81.0,sports,0.5679012345679012
7,Coffee,2024-08-17,77,2020-03-04,2023-01-01,True,7_Coffee,hospital,5,81.0,market,0.9506172839506173
7,Coffee,2023-01-29,261,2020-03-04,2023-01-01,True,7_Coffee,hospital,6,107.5,food_festival,2.427906976744186
7,Coffee,2023-03-19,80,2020-03-04,2023-01-01,True,7_Coffee,hospital,6,94.0,market,0.851063829787234
7,Coffee,2023-07-30,53,2020-03-04,2023-01-01,True,7_Coffee,hospital,6,83.5,book_fair,0.6347305389221557
7,Coffee,2023-09-17,48,2020-03-04,2023-01-01,True,7_Coffee,hospital,6,81.0,concert,0.5925925925925926
7,Coffee,2024-06-30,153,2020-03-04,2023-01-01,True,7_Coffee,hospital,6,85.0,music_festival,1.8
7,Coffee,2024-06-30,153,2020-03-04,2023-01-01,True,7_Coffee,hospital,6,85.0,food_festival,1.8
7,Coffee,2024-09-01,115,2020-03-04,2023-01-01,True,7_Coffee,hospital,6,83.0,market,1.3855421686746987
7,Coffee,2024-09-15,54,2020-03-04,2023-01-01,True,7_Coffee,hospital,6,84.0,sports,0.6428571428571429
7,Juice & Smoothie,2023-02-13,7,2020-03-04,2023-01-01,True,7_Juice-Smoothie,hospital,0,9.5,music_festival,0.7368421052631579
7,Juice & Smoothie,2023-02-27,6,2020-03-04,2023-01-01,True,7_Juice-Smoothie,hospital,0,9.0,concert,0.6666666666666666
7,Juice & Smoothie,2023-07-17,5,2020-03-04,2023-01-01,True,7_Juice-Smoothie,hospital,0,9.0,book_fair,0.5555555555555556
7,Juice & Smoothie,2023-08-14,1,2020-03-04,2023-01-01,True,7_Juice-Smoothie,hospital,0,8.5,sports,0.25
7,Juice & Smoothie,2024-06-24,14,2020-03-04,2023-01-01,True,7_Juice-Smoothie,hospital,0,8.0,music_festival,1.75
7,Juice & Smoothie,2024-07-15,8,2020-03-04,2023-01-01,True,7_Juice-Smoothie,hospital,0,8.0,market,1.0
7,Juice & Smoothie,2024-09-09,8,2020-03-04,2023-01-01,True,7_Juice-Smoothie,hospital,0,8.0,market,1.0
7,Juice & Smoothie,2024-10-07,8,2020-03-04,2023-01-01,True,7_Juice-Smoothie,hospital,0,8.0,music_festival,1.0
7,Juice & Smoothie,2023-03-14,14,2020-03-04,2023-01-01,True,7_Juice-Smoothie,hospital,1,8.5,concert,1.6470588235294117
7,Juice & Smoothie,2023-06-06,15,2020-03-04,2023-01-01,True,7_Juice-Smoothie,hospital,1,9.0,cultural,1.6666666666666667
7,Juice & Smoothie,2023-07-04,19,2020-03-04,2023-01-01,True,7_Juice-Smoothie,hospital,1,9.0,food_festival,2.111111111111111
7,Juice & Smoothie,2023-08-01,12,2020-03-04,2023-01-01,True,7_Juice-Smoothie,hospital,1,9.5,market,1.263157894736842
7,Juice & Smoothie,2023-10-31,13,2020-03-04,2023-01-01,True,7_Juice-Smoothie,hospital,1,8.0,concert,1.625
7,Juice & Smoothie,2023-12-05,21,2020-03-04,2023-01-01,True,7_Juice-Smoothie,hospital,1,8.5,food_festival,2.4705882352941178
7,Juice & Smoothie,2024-05-14,5,2020-03-04,2023-01-01,True,7_Juice-Smoothie,hospital,1,8.0,book_fair,0.625
7,Juice & Smoothie,2024-09-17,10,2020-03-04,2023-01-01,True,7_Juice-Smoothie,hospital,1,8.0,food_festival,1.25
7,Juice & Smoothie,2023-02-15,10,2020-03-04,2023-01-01,True,7_Juice-Smoothie,hospital,2,8.5,sports,1.1764705882352942
7,Juice & Smoothie,2023-06-28,12,2020-03-04,2023-01-01,True,7_Juice-Smoothie,hospital,2,8.0,market,1.5
7,Juice & Smoothie,2023-08-30,7,2020-03-04,2023-01-01,True,7_Juice-Smoothie,hospital,2,8.0,market,0.875
7,Juice & Smoothie,2023-10-25,3,2020-03-04,2023-01-01,True,7_Juice-Smoothie,hospital,2,8.0,music_festival,0.375
7,Juice & Smoothie,2024-01-24,8,2020-03-04,2023-01-01,True,7_Juice-Smoothie,hospital,2,8.0,book_fair,1.0
7,Juice & Smoothie,2024-08-14,6,2020-03-04,2023-01-01,True,7_Juice-Smoothie,hospital,2,8.0,music_festival,0.75
7,Juice & Smoothie,2024-09-04,6,2020-03-04,2023-01-01,True,7_Juice-Smoothie,hospital,2,8.0,convention,0.75
7,Juice & Smoothie,2024-10-23,14,2020-03-04,2023-01-01,True,7_Juice-Smoothie,hospital,2,7.5,cultural,1.8666666666666667
7,Juice & Smoothie,2023-08-17,5,2020-03-04,2023-01-01,True,7_Juice-Smoothie,hospital,3,9.0,book_fair,0.5555555555555556
7,Juice & Smoothie,2023-09-07,1,2020-03-04,2023-01-01,True,7_Juice-Smoothie,hospital,3,9.0,book_fair,0.25
7,Juice & Smoothie,2023-09-14,12,2020-03-04,2023-01-01,True,7_Juice-Smoothie,hospital,3,9.0,food_festival,1.3333333333333333
7,Juice & Smoothie,2023-12-21,14,2020-03-04,2023-01-01,True,7_Juice-Smoothie,hospital,3,9.0,concert,1.5555555555555556
7,Juice & Smoothie,2024-03-07,6,2020-03-04,2023-01-01,True,7_Juice-Smoothie,hospital,3,9.0,market,0.6666666666666666
7,Juice & Smoothie,2024-03-14,7,2020-03-04,2023-01-01,True,7_Juice-Smoothie,hospital,3,9.0,music_festival,0.7777777777777778
7,Juice & Smoothie,2024-07-11,15,2020-03-04,2023-01-01,True,7_Juice-Smoothie,hospital,3,8.0,food_festival,1.875
7,Juice & Smoothie,2024-07-11,15,2020-03-04,2023-01-01,True,7_Juice-Smoothie,hospital,3,8.0,music_festival,1.875
7,Juice & Smoothie,2024-07-18,4,2020-03-04,2023-01-01,True,7_Juice-Smoothie,hospital,3,8.0,sports,0.5
7,Juice & Smoothie,2024-09-05,28,2020-03-04,2023-01-01,True,7_Juice-Smoothie,hospital,3,8.0,food_festival,3.0
7,Juice & Smoothie,2024-09-26,7,2020-03-04,2023-01-01,True,7_Juice-Smoothie,hospital,3,8.0,book_fair,0.875
7,Juice & Smoothie,2024-10-10,8,2020-03-04,2023-01-01,True,7_Juice-Smoothie,hospital,3,8.0,music_festival,1.0
7,Juice & Smoothie,2023-03-31,8,2020-03-04,2023-01-01,True,7_Juice-Smoothie,hospital,4,7.5,concert,1.0666666666666667
7,Juice & Smoothie,2023-07-07,8,2020-03-04,2023-01-01,True,7_Juice-Smoothie,hospital,4,7.0,music_festival,1.1428571428571428
7,Juice & Smoothie,2023-11-10,20,2020-03-04,2023-01-01,True,7_Juice-Smoothie,hospital,4,7.0,sports,2.857142857142857
7,Juice & Smoothie,2023-12-01,10,2020-03-04,2023-01-01,True,7_Juice-Smoothie,hospital,4,7.0,convention,1.4285714285714286
7,Juice & Smoothie,2024-07-26,11,2020-03-04,2023-01-01,True,7_Juice-Smoothie,hospital,4,7.0,market,1.5714285714285714
7,Juice & Smoothie,2023-02-11,11,2020-03-04,2023-01-01,True,7_Juice-Smoothie,hospital,5,10.0,book_fair,1.1
7,Juice & Smoothie,2023-02-25,8,2020-03-04,2023-01-01,True,7_Juice-Smoothie,hospital,5,10.0,cultural,0.8
7,Juice & Smoothie,2023-04-01,13,2020-03-04,2023-01-01,True,7_Juice-Smoothie,hospital,5,8.0,market,1.625
7,Juice & Smoothie,2023-05-13,6,2020-03-04,2023-01-01,True,7_Juice-Smoothie,hospital,5,8.0,book_fair,0.75
7,Juice & Smoothie,2023-05-27,10,2020-03-04,2023-01-01,True,7_Juice-Smoothie,hospital,5,8.0,sports,1.25
7,Juice & Smoothie,2023-07-01,6,2020-03-04,2023-01-01,True,7_Juice-Smoothie,hospital,5,7.0,cultural,0.8571428571428571
7,Juice & Smoothie,2023-08-26,3,2020-03-04,2023-01-01,True,7_Juice-Smoothie,hospital,5,7.0,sports,0.42857142857142855
7,Juice & Smoothie,2023-09-09,7,2020-03-04,2023-01-01,True,7_Juice-Smoothie,hospital,5,7.0,concert,1.0
7,Juice & Smoothie,2023-10-21,7,2020-03-04,2023-01-01,True,7_Juice-Smoothie,hospital,5,7.0,book_fair,1.0
7,Juice & Smoothie,2023-11-11,5,2020-03-04,2023-01-01,True,7_Juice-Smoothie,hospital,5,7.0,sports,0.7142857142857143
7,Juice & Smoothie,2024-03-16,9,2020-03-04,2023-01-01,True,7_Juice-Smoothie,hospital,5,7.0,market,1.2857142857142858
7,Juice & Smoothie,2024-05-04,14,2020-03-04,2023-01-01,True,7_Juice-Smoothie,hospital,5,7.0,convention,2.0
7,Juice & Smoothie,2024-08-10,3,2020-03-04,2023-01-01,True,7_Juice-Smoothie,hospital,5,7.0,music_festival,0.42857142857142855
7,Juice & Smoothie,2024-08-10,3,2020-03-04,2023-01-01,True,7_Juice-Smoothie,hospital,5,7.0,sports,0.42857142857142855
7,Juice & Smoothie,2024-08-17,6,2020-03-04,2023-01-01,True,7_Juice-Smoothie,hospital,5,7.0,market,0.8571428571428571
7,Juice & Smoothie,2023-01-29,16,2020-03-04,2023-01-01,True,7_Juice-Smoothie,hospital,6,4.0,food_festival,3.0
7,Juice & Smoothie,2023-03-19,5,2020-03-04,2023-01-01,True,7_Juice-Smoothie,hospital,6,5.0,market,1.0
7,Juice & Smoothie,2023-07-30,2,2020-03-04,2023-01-01,True,7_Juice-Smoothie,hospital,6,5.0,book_fair,0.4
7,Juice & Smoothie,2023-09-17,8,2020-03-04,2023-01-01,True,7_Juice-Smoothie,hospital,6,5.0,concert,1.6
7,Juice & Smoothie,2024-06-30,11,2020-03-04,2023-01-01,True,7_Juice-Smoothie,hospital,6,7.0,music_festival,1.5714285714285714
7,Juice & Smoothie,2024-06-30,11,2020-03-04,2023-01-01,True,7_Juice-Smoothie,hospital,6,7.0,food_festival,1.5714285714285714
7,Juice & Smoothie,2024-09-01,9,2020-03-04,2023-01-01,True,7_Juice-Smoothie,hospital,6,7.0,market,1.2857142857142858
7,Juice & Smoothie,2024-09-15,10,2020-03-04,2023-01-01,True,7_Juice-Smoothie,hospital,6,7.0,sports,1.4285714285714286
7,Merchandise,2023-02-13,7,2020-03-04,2023-01-01,True,7_Merchandise,hospital,0,6.5,music_festival,1.0769230769230769
7,Merchandise,2023-02-27,0,2020-03-04,2023-01-01,True,7_Merchandise,hospital,0,6.5,concert,0.25
7,Merchandise,2023-07-17,3,2020-03-04,2023-01-01,True,7_Merchandise,hospital,0,4.0,book_fair,0.75
7,Merchandise,2023-08-14,2,2020-03-04,2023-01-01,True,7_Merchandise,hospital,0,4.0,sports,0.5
7,Merchandise,2024-06-24,8,2020-03-04,2023-01-01,True,7_Merchandise,hospital,0,6.0,music_festival,1.3333333333333333
7,Merchandise,2024-07-15,8,2020-03-04,2023-01-01,True,7_Merchandise,hospital,0,6.0,market,1.3333333333333333
7,Merchandise,2024-09-09,6,2020-03-04,2023-01-01,True,7_Merchandise,hospital,0,4.5,market,1.3333333333333333
7,Merchandise,2024-10-07,12,2020-03-04,2023-01-01,True,7_Merchandise,hospital,0,5.5,music_festival,2.1818181818181817
7,Merchandise,2023-03-14,0,2020-03-04,2023-01-01,True,7_Merchandise,hospital,1,7.0,concert,0.25
7,Merchandise,2023-06-06,8,2020-03-04,2023-01-01,True,7_Merchandise,hospital,1,6.0,cultural,1.3333333333333333
7,Merchandise,2023-07-04,8,2020-03-04,2023-01-01,True,7_Merchandise,hospital,1,6.0,food_festival,1.3333333333333333
7,Merchandise,2023-08-01,6,2020-03-04,2023-01-01,True,7_Merchandise,hospital,1,5.5,market,1.0909090909090908
7,Merchandise,2023-10-31,8,2020-03-04,2023-01-01,True,7_Merchandise,hospital,1,5.0,concert,1.6
7,Merchandise,2023-12-05,15,2020-03-04,2023-01-01,True,7_Merchandise,hospital,1,5.0,food_festival,3.0
7,Merchandise,2024-05-14,7,2020-03-04,2023-01-01,True,7_Merchandise,hospital,1,5.0,book_fair,1.4
7,Merchandise,2024-09-17,5,2020-03-04,2023-01-01,True,7_Merchandise,hospital,1,5.0,food_festival,1.0
7,Merchandise,2023-02-15,3,2020-03-04,2023-01-01,True,7_Merchandise,hospital,2,5.5,sports,0.5454545454545454
7,Merchandise,2023-06-28,4,2020-03-04,2023-01-01,True,7_Merchandise,hospital,2,6.0,market,0.6666666666666666
7,Merchandise,2023-08-30,0,2020-03-04,2023-01-01,True,7_Merchandise,hospital,2,5.0,market,0.25
7,Merchandise,2023-10-25,5,2020-03-04,2023-01-01,True,7_Merchandise,hospital,2,4.5,music_festival,1.1111111111111112
7,Merchandise,2024-01-24,8,2020-03-04,2023-01-01,True,7_Merchandise,hospital,2,5.0,book_fair,1.6
7,Merchandise,2024-08-14,7,2020-03-04,2023-01-01,True,7_Merchandise,hospital,2,4.5,music_festival,1.5555555555555556
7,Merchandise,2024-09-04,5,2020-03-04,2023-01-01,True,7_Merchandise,hospital,2,5.0,convention,1.0
7,Merchandise,2024-10-23,10,2020-03-04,2023-01-01,True,7_Merchandise,hospital,2,5.0,cultural,2.0
7,Merchandise,2023-08-17,3,2020-03-04,2023-01-01,True,7_Merchandise,hospital,3,4.0,book_fair,0.75
7,Merchandise,2023-09-07,3,2020-03-04,2023-01-01,True,7_Merchandise,hospital,3,4.0,book_fair,0.75
7,Merchandise,2023-09-14,11,2020-03-04,2023-01-01,True,7_Merchandise,hospital,3,4.0,food_festival,2.75
7,Merchandise,2023-12-21,10,2020-03-04,2023-01-01,True,7_Merchandise,hospital,3,5.0,concert,2.0
7,Merchandise,2024-03-07,4,2020-03-04,2023-01-01,True,7_Merchandise,hospital,3,5.0,market,0.8
7,Merchandise,2024-03-14,1,2020-03-04,2023-01-01,True,7_Merchandise,hospital,3,5.0,music_festival,0.25
7,Merchandise,2024-07-11,9,2020-03-04,2023-01-01,True,7_Merchandise,hospital,3,5.0,food_festival,1.8
7,Merchandise,2024-07-11,9,2020-03-04,2023-01-01,True,7_Merchandise,hospital,3,5.0,music_festival,1.8
7,Merchandise,2024-07-18,2,2020-03-04,2023-01-01,True,7_Merchandise,hospital,3,5.0,sports,0.4
7,Merchandise,2024-09-05,9,2020-03-04,2023-01-01,True,7_Merchandise,hospital,3,5.0,food_festival,1.8
7,Merchandise,2024-09-26,3,2020-03-04,2023-01-01,True,7_Merchandise,hospital,3,5.0,book_fair,0.6
7,Merchandise,2024-10-10,7,2020-03-04,2023-01-01,True,7_Merchandise,hospital,3,5.0,music_festival,1.4
7,Merchandise,2023-03-31,6,2020-03-04,2023-01-01,True,7_Merchandise,hospital,4,5.0,concert,1.2
7,Merchandise,2023-07-07,4,2020-03-04,2023-01-01,True,7_Merchandise,hospital,4,5.0,music_festival,0.8
7,Merchandise,2023-11-10,10,2020-03-04,2023-01-01,True,7_Merchandise,hospital,4,5.0,sports,2.0
7,Merchandise,2023-12-01,10,2020-03-04,2023-01-01,True,7_Merchandise,hospital,4,5.0,convention,2.0
7,Merchandise,2024-07-26,8,2020-03-04,2023-01-01,True,7_Merchandise,hospital,4,5.0,market,1.6
7,Merchandise,2023-02-11,6,2020-03-04,2023-01-01,True,7_Merchandise,hospital,5,4.0,book_fair,1.5
7,Merchandise,2023-02-25,6,2020-03-04,2023-01-01,True,7_Merchandise,hospital,5,4.0,cultural,1.5
7,Merchandise,2023-04-01,7,2020-03-04,2023-01-01,True,7_Merchandise,hospital,5,5.0,market,1.4
7,Merchandise,2023-05-13,6,2020-03-04,2023-01-01,True,7_Merchandise,hospital,5,5.0,book_fair,1.2
7,Merchandise,2023-05-27,8,2020-03-04,2023-01-01,True,7_Merchandise,hospital,5,5.0,sports,1.6
7,Merchandise,2023-07-01,5,2020-03-04,2023-01-01,True,7_Merchandise,hospital,5,5.0,cultural,1.0
7,Merchandise,2023-08-26,3,2020-03-04,2023-01-01,True,7_Merchandise,hospital,5,5.0,sports,0.6
7,Merchandise,2023-09-09,3,2020-03-04,2023-01-01,True,7_Merchandise,hospital,5,5.0,concert,0.6
7,Merchandise,2023-10-21,5,2020-03-04,2023-01-01,True,7_Merchandise,hospital,5,5.0,book_fair,1.0
7,Merchandise,2023-11-11,4,2020-03-04,2023-01-01,True,7_Merchandise,hospital,5,4.5,sports,0.8888888888888888
7,Merchandise,2024-03-16,1,2020-03-04,2023-01-01,True,7_Merchandise,hospital,5,4.0,market,0.25
7,Merchandise,2024-05-04,4,2020-03-04,2023-01-01,True,7_Merchandise,hospital,5,4.0,convention,1.0
7,Merchandise,2024-08-10,3,2020-03-04,2023-01-01,True,7_Merchandise,hospital,5,4.0,music_festival,0.75
7,Merchandise,2024-08-10,3,2020-03-04,2023-01-01,True,7_Merchandise,hospital,5,4.0,sports,0.75
7,Merchandise,2024-08-17,2,2020-03-04,2023-01-01,True,7_Merchandise,hospital,5,4.0,market,0.5
7,Merchandise,2023-01-29,12,2020-03-04,2023-01-01,True,7_Merchandise,hospital,6,3.5,food_festival,3.0
7,Merchandise,2023-03-19,4,2020-03-04,2023-01-01,True,7_Merchandise,hospital,6,2.0,market,2.0
7,Merchandise,2023-07-30,1,2020-03-04,2023-01-01,True,7_Merchandise,hospital,6,4.0,book_fair,0.25
7,Merchandise,2023-09-17,4,2020-03-04,2023-01-01,True,7_Merchandise,hospital,6,3.0,concert,1.3333333333333333
7,Merchandise,2024-06-30,4,2020-03-04,2023-01-01,True,7_Merchandise,hospital,6,4.0,music_festival,1.0
7,Merchandise,2024-06-30,4,2020-03-04,2023-01-01,True,7_Merchandise,hospital,6,4.0,food_festival,1.0
7,Merchandise,2024-09-01,3,2020-03-04,2023-01-01,True,7_Merchandise,hospital,6,4.0,market,0.75
7,Merchandise,2024-09-15,4,2020-03-04,2023-01-01,True,7_Merchandise,hospital,6,4.0,sports,1.0
7,Savory Bakery,2023-02-13,22,2020-03-04,2023-01-01,True,7_Savory-Bakery,hospital,0,25.0,music_festival,0.88
7,Savory Bakery,2023-02-27,15,2020-03-04,2023-01-01,True,7_Savory-Bakery,hospital,0,23.5,concert,0.6382978723404256
7,Savory Bakery,2023-07-17,14,2020-03-04,2023-01-01,True,7_Savory-Bakery,hospital,0,22.0,book_fair,0.6363636363636364
7,Savory Bakery,2023-08-14,14,2020-03-04,2023-01-01,True,7_Savory-Bakery,hospital,0,22.0,sports,0.6363636363636364
7,Savory Bakery,2024-06-24,26,2020-03-04,2023-01-01,True,7_Savory-Bakery,hospital,0,23.0,music_festival,1.1304347826086956
7,Savory Bakery,2024-07-15,25,2020-03-04,2023-01-01,True,7_Savory-Bakery,hospital,0,23.0,market,1.0869565217391304
7,Savory Bakery,2024-09-09,46,2020-03-04,2023-01-01,True,7_Savory-Bakery,hospital,0,21.5,market,2.13953488372093
7,Savory Bakery,2024-10-07,25,2020-03-04,2023-01-01,True,7_Savory-Bakery,hospital,0,21.5,music_festival,1.1627906976744187
7,Savory Bakery,2023-03-14,20,2020-03-04,2023-01-01,True,7_Savory-Bakery,hospital,1,20.0,concert,1.0
7,Savory Bakery,2023-06-06,21,2020-03-04,2023-01-01,True,7_Savory-Bakery,hospital,1,22.0,cultural,0.9545454545454546
7,Savory Bakery,2023-07-04,47,2020-03-04,2023-01-01,True,7_Savory-Bakery,hospital,1,21.0,food_festival,2.238095238095238
7,Savory Bakery,2023-08-01,29,2020-03-04,2023-01-01,True,7_Savory-Bakery,hospital,1,21.0,market,1.380952380952381
7,Savory Bakery,2023-10-31,30,2020-03-04,2023-01-01,True,7_Savory-Bakery,hospital,1,20.0,concert,1.5
7,Savory Bakery,2023-12-05,60,2020-03-04,2023-01-01,True,7_Savory-Bakery,hospital,1,20.0,food_festival,3.0
7,Savory Bakery,2024-05-14,27,2020-03-04,2023-01-01,True,7_Savory-Bakery,hospital,1,20.0,book_fair,1.35
7,Savory Bakery,2024-09-17,25,2020-03-04,2023-01-01,True,7_Savory-Bakery,hospital,1,20.0,food_festival,1.25
7,Savory Bakery,2023-02-15,17,2020-03-04,2023-01-01,True,7_Savory-Bakery,hospital,2,23.0,sports,0.7391304347826086
7,Savory Bakery,2023-06-28,19,2020-03-04,2023-01-01,True,7_Savory-Bakery,hospital,2,20.0,market,0.95
7,Savory Bakery,2023-08-30,16,2020-03-04,2023-01-01,True,7_Savory-Bakery,hospital,2,18.0,market,0.8888888888888888
7,Savory Bakery,2023-10-25,5,2020-03-04,2023-01-01,True,7_Savory-Bakery,hospital,2,17.0,music_festival,0.29411764705882354
7,Savory Bakery,2024-01-24,16,2020-03-04,2023-01-01,True,7_Savory-Bakery,hospital,2,19.0,book_fair,0.8421052631578947
7,Savory Bakery,2024-08-14,17,2020-03-04,2023-01-01,True,7_Savory-Bakery,hospital,2,18.0,music_festival,0.9444444444444444
7,Savory Bakery,2024-09-04,22,2020-03-04,2023-01-01,True,7_Savory-Bakery,hospital,2,18.0,convention,1.2222222222222223
7,Savory Bakery,2024-10-23,51,2020-03-04,2023-01-01,True,7_Savory-Bakery,hospital,2,18.0,cultural,2.8333333333333335
7,Savory Bakery,2023-08-17,10,2020-03-04,2023-01-01,True,7_Savory-Bakery,hospital,3,18.5,book_fair,0.5405405405405406
7,Savory Bakery,2023-09-07,6,2020-03-04,2023-01-01,True,7_Savory-Bakery,hospital,3,17.0,book_fair,0.35294117647058826
7,Savory Bakery,2023-09-14,22,2020-03-04,2023-01-01,True,7_Savory-Bakery,hospital,3,17.0,food_festival,1.2941176470588236
7,Savory Bakery,2023-12-21,31,2020-03-04,2023-01-01,True,7_Savory-Bakery,hospital,3,20.0,concert,1.55
7,Savory Bakery,2024-03-07,31,2020-03-04,2023-01-01,True,7_Savory-Bakery,hospital,3,18.0,market,1.7222222222222223
7,Savory Bakery,2024-03-14,14,2020-03-04,2023-01-01,True,7_Savory-Bakery,hospital,3,18.5,music_festival,0.7567567567567568
7,Savory Bakery,2024-07-11,20,2020-03-04,2023-01-01,True,7_Savory-Bakery,hospital,3,18.0,food_festival,1.1111111111111112
7,Savory Bakery,2024-07-11,20,2020-03-04,2023-01-01,True,7_Savory-Bakery,hospital,3,18.0,music_festival,1.1111111111111112
7,Savory Bakery,2024-07-18,15,2020-03-04,2023-01-01,True,7_Savory-Bakery,hospital,3,18.5,sports,0.8108108108108109
7,Savory Bakery,2024-09-05,43,2020-03-04,2023-01-01,True,7_Savory-Bakery,hospital,3,18.0,food_festival,2.388888888888889
7,Savory Bakery,2024-09-26,18,2020-03-04,2023-01-01,True,7_Savory-Bakery,hospital,3,18.0,book_fair,1.0
7,Savory Bakery,2024-10-10,12,2020-03-04,2023-01-01,True,7_Savory-Bakery,hospital,3,18.0,music_festival,0.6666666666666666
7,Savory Bakery,2023-03-31,18,2020-03-04,2023-01-01,True,7_Savory-Bakery,hospital,4,19.0,concert,0.9473684210526315
7,Savory Bakery,2023-07-07,16,2020-03-04,2023-01-01,True,7_Savory-Bakery,hospital,4,22.0,music_festival,0.7272727272727273
7,Savory Bakery,2023-11-10,26,2020-03-04,2023-01-01,True,7_Savory-Bakery,hospital,4,19.0,sports,1.368421052631579
7,Savory Bakery,2023-12-01,37,2020-03-04,2023-01-01,True,7_Savory-Bakery,hospital,4,19.0,convention,1.9473684210526316
7,Savory Bakery,2024-07-26,21,2020-03-04,2023-01-01,True,7_Savory-Bakery,hospital,4,21.0,market,1.0
7,Savory Bakery,2023-02-11,15,2020-03-04,2023-01-01,True,7_Savory-Bakery,hospital,5,19.0,book_fair,0.7894736842105263
7,Savory Bakery,2023-02-25,17,2020-03-04,2023-01-01,True,7_Savory-Bakery,hospital,5,19.0,cultural,0.8947368421052632
7,Savory Bakery,2023-04-01,37,2020-03-04,2023-01-01,True,7_Savory-Bakery,hospital,5,18.5,market,2.0
7,Savory Bakery,2023-05-13,29,2020-03-04,2023-01-01,True,7_Savory-Bakery,hospital,5,19.5,book_fair,1.4871794871794872
7,Savory Bakery,2023-05-27,5,2020-03-04,2023-01-01,True,7_Savory-Bakery,hospital,5,19.5,sports,0.2564102564102564
7,Savory Bakery,2023-07-01,14,2020-03-04,2023-01-01,True,7_Savory-Bakery,hospital,5,19.0,cultural,0.7368421052631579
7,Savory Bakery,2023-08-26,8,2020-03-04,2023-01-01,True,7_Savory-Bakery,hospital,5,18.0,sports,0.4444444444444444
7,Savory Bakery,2023-09-09,17,2020-03-04,2023-01-01,True,7_Savory-Bakery,hospital,5,18.0,concert,0.9444444444444444
7,Savory Bakery,2023-10-21,8,2020-03-04,2023-01-01,True,7_Savory-Bakery,hospital,5,17.0,book_fair,0.47058823529411764
7,Savory Bakery,2023-11-11,11,2020-03-04,2023-01-01,True,7_Savory-Bakery,hospital,5,17.5,sports,0.6285714285714286
7,Savory Bakery,2024-03-16,24,2020-03-04,2023-01-01,True,7_Savory-Bakery,hospital,5,16.5,market,1.4545454545454546
7,Savory Bakery,2024-05-04,19,2020-03-04,2023-01-01,True,7_Savory-Bakery,hospital,5,17.0,convention,1.1176470588235294
7,Savory Bakery,2024-08-10,14,2020-03-04,2023-01-01,True,7_Savory-Bakery,hospital,5,16.0,music_festival,0.875
7,Savory Bakery,2024-08-10,14,2020-03-04,2023-01-01,True,7_Savory-Bakery,hospital,5,16.0,sports,0.875
7,Savory Bakery,2024-08-17,17,2020-03-04,2023-01-01,True,7_Savory-Bakery,hospital,5,16.0,market,1.0625
7,Savory Bakery,2023-01-29,49,2020-03-04,2023-01-01,True,7_Savory-Bakery,hospital,6,20.5,food_festival,2.3902439024390243
7,Savory Bakery,2023-03-19,19,2020-03-04,2023-01-01,True,7_Savory-Bakery,hospital,6,23.0,market,0.8260869565217391
7,Savory Bakery,2023-07-30,8,2020-03-04,2023-01-01,True,7_Savory-Bakery,hospital,6,16.5,book_fair,0.48484848484848486
7,Savory Bakery,2023-09-17,10,2020-03-04,2023-01-01,True,7_Savory-Bakery,hospital,6,15.0,concert,0.6666666666666666
7,Savory Bakery,2024-06-30,32,2020-03-04,2023-01-01,True,7_Savory-Bakery,hospital,6,16.0,music_festival,2.0
7,Savory Bakery,2024-06-30,32,2020-03-04,2023-01-01,True,7_Savory-Bakery,hospital,6,16.0,food_festival,2.0
7,Savory Bakery,2024-09-01,23,2020-03-04,2023-01-01,True,7_Savory-Bakery,hospital,6,15.0,market,1.5333333333333334
7,Savory Bakery,2024-09-15,8,2020-03-04,2023-01-01,True,7_Savory-Bakery,hospital,6,15.0,sports,0.5333333333333333
7,Tea,2023-02-13,23,2020-03-04,2023-01-01,True,7_Tea,hospital,0,39.0,music_festival,0.5897435897435898
7,Tea,2023-02-27,26,2020-03-04,2023-01-01,True,7_Tea,hospital,0,34.5,concert,0.7536231884057971
7,Tea,2023-07-17,14,2020-03-04,2023-01-01,True,7_Tea,hospital,0,33.0,book_fair,0.42424242424242425
7,Tea,2023-08-14,18,2020-03-04,2023-01-01,True,7_Tea,hospital,0,31.5,sports,0.5714285714285714
7,Tea,2024-06-24,44,2020-03-04,2023-01-01,True,7_Tea,hospital,0,31.0,music_festival,1.4193548387096775
7,Tea,2024-07-15,43,2020-03-04,2023-01-01,True,7_Tea,hospital,0,31.0,market,1.3870967741935485
7,Tea,2024-09-09,53,2020-03-04,2023-01-01,True,7_Tea,hospital,0,31.0,market,1.7096774193548387
7,Tea,2024-10-07,21,2020-03-04,2023-01-01,True,7_Tea,hospital,0,31.0,music_festival,0.6774193548387096
7,Tea,2023-03-14,32,2020-03-04,2023-01-01,True,7_Tea,hospital,1,34.0,concert,0.9411764705882353
7,Tea,2023-06-06,42,2020-03-04,2023-01-01,True,7_Tea,hospital,1,34.0,cultural,1.2352941176470589
7,Tea,2023-07-04,71,2020-03-04,2023-01-01,True,7_Tea,hospital,1,34.0,food_festival,2.088235294117647
7,Tea,2023-08-01,30,2020-03-04,2023-01-01,True,7_Tea,hospital,1,34.0,market,0.8823529411764706
7,Tea,2023-10-31,71,2020-03-04,2023-01-01,True,7_Tea,hospital,1,33.0,concert,2.1515151515151514
7,Tea,2023-12-05,92,2020-03-04,2023-01-01,True,7_Tea,hospital,1,33.0,food_festival,2.787878787878788
7,Tea,2024-05-14,27,2020-03-04,2023-01-01,True,7_Tea,hospital,1,33.0,book_fair,0.8181818181818182
7,Tea,2024-09-17,35,2020-03-04,2023-01-01,True,7_Tea,hospital,1,31.0,food_festival,1.1290322580645162
7,Tea,2023-02-15,20,2020-03-04,2023-01-01,True,7_Tea,hospital,2,38.5,sports,0.5194805194805194
7,Tea,2023-06-28,33,2020-03-04,2023-01-01,True,7_Tea,hospital,2,33.0,market,1.0
7,Tea,2023-08-30,29,2020-03-04,2023-01-01,True,7_Tea,hospital,2,32.5,market,0.8923076923076924
7,Tea,2023-10-25,25,2020-03-04,2023-01-01,True,7_Tea,hospital,2,31.0,music_festival,0.8064516129032258
7,Tea,2024-01-24,20,2020-03-04,2023-01-01,True,7_Tea,hospital,2,31.0,book_fair,0.6451612903225806
7,Tea,2024-08-14,15,2020-03-04,2023-01-01,True,7_Tea,hospital,2,30.0,music_festival,0.5
7,Tea,2024-09-04,46,2020-03-04,2023-01-01,True,7_Tea,hospital,2,29.0,convention,1.5862068965517242
7,Tea,2024-10-23,55,2020-03-04,2023-01-01,True,7_Tea,hospital,2,30.0,cultural,1.8333333333333333
7,Tea,2023-08-17,19,2020-03-04,2023-01-01,True,7_Tea,hospital,3,31.5,book_fair,0.6031746031746031
7,Tea,2023-09-07,23,2020-03-04,2023-01-01,True,7_Tea,hospital,3,31.0,book_fair,0.7419354838709677
7,Tea,2023-09-14,36,2020-03-04,2023-01-01,True,7_Tea,hospital,3,31.0,food_festival,1.1612903225806452
7,Tea,2023-12-21,56,2020-03-04,2023-01-01,True,7_Tea,hospital,3,31.5,concert,1.7777777777777777
7,Tea,2024-03-07,38,2020-03-04,2023-01-01,True,7_Tea,hospital,3,32.0,market,1.1875
7,Tea,2024-03-14,18,2020-03-04,2023-01-01,True,7_Tea,hospital,3,32.0,music_festival,0.5625
7,Tea,2024-07-11,35,2020-03-04,2023-01-01,True,7_Tea,hospital,3,32.0,food_festival,1.09375
7,Tea,2024-07-11,35,2020-03-04,2023-01-01,True,7_Tea,hospital,3,32.0,music_festival,1.09375
7,Tea,2024-07-18,26,2020-03-04,2023-01-01,True,7_Tea,hospital,3,32.0,sports,0.8125
7,Tea,2024-09-05,73,2020-03-04,2023-01-01,True,7_Tea,hospital,3,31.0,food_festival,2.3548387096774195
7,Tea,2024-09-26,27,2020-03-04,2023-01-01,True,7_Tea,hospital,3,31.0,book_fair,0.8709677419354839
7,Tea,2024-10-10,32,2020-03-04,2023-01-01,True,7_Tea,hospital,3,31.0,music_festival,1.032258064516129
7,Tea,2023-03-31,21,2020-03-04,2023-01-01,True,7_Tea,hospital,4,31.0,concert,0.6774193548387096
7,Tea,2023-07-07,31,2020-03-04,2023-01-01,True,7_Tea,hospital,4,30.5,music_festival,1.0163934426229508
7,Tea,2023-11-10,40,2020-03-04,2023-01-01,True,7_Tea,hospital,4,29.0,sports,1.3793103448275863
7,Tea,2023-12-01,33,2020-03-04,2023-01-01,True,7_Tea,hospital,4,29.0,convention,1.1379310344827587
7,Tea,2024-07-26,31,2020-03-04,2023-01-01,True,7_Tea,hospital,4,30.0,market,1.0333333333333334
7,Tea,2023-02-11,26,2020-03-04,2023-01-01,True,7_Tea,hospital,5,29.0,book_fair,0.896551724137931
7,Tea,2023-02-25,27,2020-03-04,2023-01-01,True,7_Tea,hospital,5,27.0,cultural,1.0
7,Tea,2023-04-01,52,2020-03-04,2023-01-01,True,7_Tea,hospital,5,27.0,market,1.9259259259259258
7,Tea,2023-05-13,40,2020-03-04,2023-01-01,True,7_Tea,hospital,5,27.0,book_fair,1.4814814814814814
7,Tea,2023-05-27,23,2020-03-04,2023-01-01,True,7_Tea,hospital,5,27.0,sports,0.8518518518518519
7,Tea,2023-07-01,32,2020-03-04,2023-01-01,True,7_Tea,hospital,5,27.0,cultural,1.1851851851851851
7,Tea,2023-08-26,23,2020-03-04,2023-01-01,True,7_Tea,hospital,5,26.0,sports,0.8846153846153846
7,Tea,2023-09-09,23,2020-03-04,2023-01-01,True,7_Tea,hospital,5,26.0,concert,0.8846153846153846
7,Tea,2023-10-21,14,2020-03-04,2023-01-01,True,7_Tea,hospital,5,26.0,book_fair,0.5384615384615384
7,Tea,2023-11-11,14,2020-03-04,2023-01-01,True,7_Tea,hospital,5,24.5,sports,0.5714285714285714
7,Tea,2024-03-16,40,2020-03-04,2023-01-01,True,7_Tea,hospital,5,23.5,market,1.702127659574468
7,Tea,2024-05-04,36,2020-03-04,2023-01-01,True,7_Tea,hospital,5,24.0,convention,1.5
7,Tea,2024-08-10,10,2020-03-04,2023-01-01,True,7_Tea,hospital,5,23.0,music_festival,0.43478260869565216
7,Tea,2024-08-10,10,2020-03-04,2023-01-01,True,7_Tea,hospital,5,23.0,sports,0.43478260869565216
7,Tea,2024-08-17,27,2020-03-04,2023-01-01,True,7_Tea,hospital,5,23.0,market,1.173913043478261
7,Tea,2023-01-29,59,2020-03-04,2023-01-01,True,7_Tea,hospital,6,33.5,food_festival,1.7611940298507462
7,Tea,2023-03-19,15,2020-03-04,2023-01-01,True,7_Tea,hospital,6,24.0,market,0.625
7,Tea,2023-07-30,13,2020-03-04,2023-01-01,True,7_Tea,hospital,6,25.0,book_fair,0.52
7,Tea,2023-09-17,27,2020-03-04,2023-01-01,True,7_Tea,hospital,6,24.0,concert,1.125
7,Tea,2024-06-30,66,2020-03-04,2023-01-01,True,7_Tea,hospital,6,24.0,music_festival,2.75
7,Tea,2024-06-30,66,2020-03-04,2023-01-01,True,7_Tea,hospital,6,24.0,food_festival,2.75
7,Tea,2024-09-01,41,2020-03-04,2023-01-01,True,7_Tea,hospital,6,23.0,market,1.7826086956521738
7,Tea,2024-09-15,25,2020-03-04,2023-01-01,True,7_Tea,hospital,6,23.0,sports,1.0869565217391304
8,Bakery,2023-02-06,47,2019-07-16,2023-01-01,True,8_Bakery,urban_residential,0,46.0,market,1.0217391304347827
8,Bakery,2023-04-17,52,2019-07-16,2023-01-01,True,8_Bakery,urban_residential,0,45.0,concert,1.1555555555555554
8,Bakery,2023-09-04,49,2019-07-16,2023-01-01,True,8_Bakery,urban_residential,0,36.0,music_festival,1.3611111111111112
8,Bakery,2024-02-19,62,2019-07-16,2023-01-01,True,8_Bakery,urban_residential,0,36.0,concert,1.7222222222222223
8,Bakery,2024-03-04,46,2019-07-16,2023-01-01,True,8_Bakery,urban_residential,0,36.0,convention,1.2777777777777777
8,Bakery,2024-04-08,91,2019-07-16,2023-01-01,True,8_Bakery,urban_residential,0,36.0,cultural,2.5277777777777777
8,Bakery,2023-04-04,67,2019-07-16,2023-01-01,True,8_Bakery,urban_residential,1,39.0,music_festival,1.7179487179487178
8,Bakery,2023-11-07,63,2019-07-16,2023-01-01,True,8_Bakery,urban_residential,1,30.5,concert,2.0655737704918034
8,Bakery,2023-12-12,65,2019-07-16,2023-01-01,True,8_Bakery,urban_residential,1,32.0,book_fair,2.03125
8,Bakery,2023-12-12,65,2019-07-16,2023-01-01,True,8_Bakery,urban_residential,1,32.0,food_festival,2.03125
8,Bakery,2023-12-19,68,2019-07-16,2023-01-01,True,8_Bakery,urban_residential,1,32.5,market,2.0923076923076924
8,Bakery,2024-03-05,67,2019-07-16,2023-01-01,True,8_Bakery,urban_residential,1,33.0,cultural,2.0303030303030303
8,Bakery,2024-05-21,63,2019-07-16,2023-01-01,True,8_Bakery,urban_residential,1,35.5,cultural,1.7746478873239437
8,Bakery,2024-06-11,60,2019-07-16,2023-01-01,True,8_Bakery,urban_residential,1,36.0,music_festival,1.6666666666666667
8,Bakery,2023-01-11,49,2019-07-16,2023-01-01,True,8_Bakery,urban_residential,2,62.0,sports,0.7903225806451613
8,Bakery,2023-01-18,57,2019-07-16,2023-01-01,True,8_Bakery,urban_residential,2,49.0,market,1.163265306122449
8,Bakery,2023-03-01,65,2019-07-16,2023-01-01,True,8_Bakery,urban_residential,2,41.5,market,1.5662650602409638
8,Bakery,2023-03-29,52,2019-07-16,2023-01-01,True,8_Bakery,urban_residential,2,48.5,market,1.0721649484536082
8,Bakery,2023-04-19,86,2019-07-16,2023-01-01,True,8_Bakery,urban_residential,2,48.0,music_festival,1.7916666666666667
8,Bakery,2023-05-17,45,2019-07-16,2023-01-01,True,8_Bakery,urban_residential,2,48.0,music_festival,0.9375
8,Bakery,2024-03-27,41,2019-07-16,2023-01-01,True,8_Bakery,urban_residential,2,37.0,sports,1.1081081081081081
8,Bakery,2024-06-26,30,2019-07-16,2023-01-01,True,8_Bakery,urban_residential,2,36.0,convention,0.8333333333333334
8,Bakery,2024-07-24,46,2019-07-16,2023-01-01,True,8_Bakery,urban_residential,2,35.0,cultural,1.3142857142857143
8,Bakery,2024-08-21,34,2019-07-16,2023-01-01,True,8_Bakery,urban_residential,2,35.0,convention,0.9714285714285714
8,Bakery,2024-10-30,87,2019-07-16,2023-01-01,True,8_Bakery,urban_residential,2,34.0,market,2.5588235294117645
8,Bakery,2023-01-19,97,2019-07-16,2023-01-01,True,8_Bakery,urban_residential,3,49.5,food_festival,1.9595959595959596
8,Bakery,2023-03-09,48,2019-07-16,2023-01-01,True,8_Bakery,urban_residential,3,36.0,concert,1.3333333333333333
8,Bakery,2023-07-06,48,2019-07-16,2023-01-01,True,8_Bakery,urban_residential,3,37.0,cultural,1.2972972972972974
8,Bakery,2023-11-16,81,2019-07-16,2023-01-01,True,8_Bakery,urban_residential,3,35.0,market,2.3142857142857145
8,Bakery,2024-10-24,71,2019-07-16,2023-01-01,True,8_Bakery,urban_residential,3,33.5,cultural,2.1194029850746268
8,Bakery,2023-01-27,66,2019-07-16,2023-01-01,True,8_Bakery,urban_residential,4,49.0,market,1.346938775510204
8,Bakery,2023-03-31,61,2019-07-16,2023-01-01,True,8_Bakery,urban_residential,4,35.0,sports,1.7428571428571429
8,Bakery,2023-04-21,67,2019-07-16,2023-01-01,True,8_Bakery,urban_residential,4,36.0,market,1.8611111111111112
8,Bakery,2023-06-02,46,2019-07-16,2023-01-01,True,8_Bakery,urban_residential,4,36.0,cultural,1.2777777777777777
8,Bakery,2023-07-14,22,2019-07-16,2023-01-01,True,8_Bakery,urban_residential,4,33.0,sports,0.6666666666666666
8,Bakery,2023-08-11,43,2019-07-16,2023-01-01,True,8_Bakery,urban_residential,4,29.0,convention,1.4827586206896552
8,Bakery,2023-09-01,47,2019-07-16,2023-01-01,True,8_Bakery,urban_residential,4,30.0,book_fair,1.5666666666666667
8,Bakery,2023-12-08,61,2019-07-16,2023-01-01,True,8_Bakery,urban_residential,4,30.5,sports,2.0
8,Bakery,2023-12-29,69,2019-07-16,2023-01-01,True,8_Bakery,urban_residential,4,32.0,cultural,2.15625
8,Bakery,2024-03-22,48,2019-07-16,2023-01-01,True,8_Bakery,urban_residential,4,33.0,cultural,1.4545454545454546
8,Bakery,2024-04-12,90,2019-07-16,2023-01-01,True,8_Bakery,urban_residential,4,33.0,cultural,2.727272727272727
8,Bakery,2024-06-21,46,2019-07-16,2023-01-01,True,8_Bakery,urban_residential,4,33.0,cultural,1.393939393939394
8,Bakery,2024-06-28,37,2019-07-16,2023-01-01,True,8_Bakery,urban_residential,4,33.0,cultural,1.121212121212121
8,Bakery,2024-10-18,57,2019-07-16,2023-01-01,True,8_Bakery,urban_residential,4,32.0,market,1.78125
8,Bakery,2023-01-21,61,2019-07-16,2023-01-01,True,8_Bakery,urban_residential,5,49.5,market,1.2323232323232323
8,Bakery,2023-04-01,101,2019-07-16,2023-01-01,True,8_Bakery,urban_residential,5,36.5,food_festival,2.767123287671233
8,Bakery,2023-07-15,51,2019-07-16,2023-01-01,True,8_Bakery,urban_residential,5,36.0,cultural,1.4166666666666667
8,Bakery,2023-08-05,72,2019-07-16,2023-01-01,True,8_Bakery,urban_residential,5,35.5,food_festival,2.028169014084507
8,Bakery,2023-09-09,67,2019-07-16,2023-01-01,True,8_Bakery,urban_residential,5,36.0,cultural,1.8611111111111112
8,Bakery,2024-02-10,95,2019-07-16,2023-01-01,True,8_Bakery,urban_residential,5,37.0,food_festival,2.5675675675675675
8,Bakery,2024-05-04,61,2019-07-16,2023-01-01,True,8_Bakery,urban_residential,5,37.0,book_fair,1.6486486486486487
8,Bakery,2024-05-18,39,2019-07-16,2023-01-01,True,8_Bakery,urban_residential,5,37.0,sports,1.054054054054054
8,Bakery,2023-01-08,132,2019-07-16,2023-01-01,True,8_Bakery,urban_residential,6,59.0,cultural,2.23728813559322
8,Bakery,2023-03-19,61,2019-07-16,2023-01-01,True,8_Bakery,urban_residential,6,46.0,book_fair,1.326086956521739
8,Bakery,2023-03-26,43,2019-07-16,2023-01-01,True,8_Bakery,urban_residential,6,48.5,concert,0.8865979381443299
8,Bakery,2023-07-02,22,2019-07-16,2023-01-01,True,8_Bakery,urban_residential,6,43.5,concert,0.5057471264367817
8,Bakery,2023-10-08,113,2019-07-16,2023-01-01,True,8_Bakery,urban_residential,6,37.5,market,3.0
8,Bakery,2023-10-08,113,2019-07-16,2023-01-01,True,8_Bakery,urban_residential,6,37.5,music_festival,3.0
8,Bakery,2023-10-22,66,2019-07-16,2023-01-01,True,8_Bakery,urban_residential,6,37.5,food_festival,1.76
8,Bakery,2024-03-03,54,2019-07-16,2023-01-01,True,8_Bakery,urban_residential,6,41.0,cultural,1.3170731707317074
8,Bakery,2024-03-10,83,2019-07-16,2023-01-01,True,8_Bakery,urban_residential,6,41.5,food_festival,2.0
8,Chocolate & Milk,2023-02-06,19,2019-07-16,2023-01-01,True,8_Chocolate-Milk,urban_residential,0,25.0,market,0.76
8,Chocolate & Milk,2023-04-17,44,2019-07-16,2023-01-01,True,8_Chocolate-Milk,urban_residential,0,24.0,concert,1.8333333333333333
8,Chocolate & Milk,2023-09-04,28,2019-07-16,2023-01-01,True,8_Chocolate-Milk,urban_residential,0,22.0,music_festival,1.2727272727272727
8,Chocolate & Milk,2024-02-19,27,2019-07-16,2023-01-01,True,8_Chocolate-Milk,urban_residential,0,21.0,concert,1.2857142857142858
8,Chocolate & Milk,2024-03-04,13,2019-07-16,2023-01-01,True,8_Chocolate-Milk,urban_residential,0,21.0,convention,0.6190476190476191
8,Chocolate & Milk,2024-04-08,41,2019-07-16,2023-01-01,True,8_Chocolate-Milk,urban_residential,0,21.0,cultural,1.9523809523809523
8,Chocolate & Milk,2023-04-04,37,2019-07-16,2023-01-01,True,8_Chocolate-Milk,urban_residential,1,21.0,music_festival,1.7619047619047619
8,Chocolate & Milk,2023-11-07,34,2019-07-16,2023-01-01,True,8_Chocolate-Milk,urban_residential,1,18.0,concert,1.8888888888888888
8,Chocolate & Milk,2023-12-12,55,2019-07-16,2023-01-01,True,8_Chocolate-Milk,urban_residential,1,20.0,book_fair,2.75
8,Chocolate & Milk,2023-12-12,55,2019-07-16,2023-01-01,True,8_Chocolate-Milk,urban_residential,1,20.0,food_festival,2.75
8,Chocolate & Milk,2023-12-19,36,2019-07-16,2023-01-01,True,8_Chocolate-Milk,urban_residential,1,20.0,market,1.8
8,Chocolate & Milk,2024-03-05,41,2019-07-16,2023-01-01,True,8_Chocolate-Milk,urban_residential,1,20.0,cultural,2.05
8,Chocolate & Milk,2024-05-21,32,2019-07-16,2023-01-01,True,8_Chocolate-Milk,urban_residential,1,20.0,cultural,1.6
8,Chocolate & Milk,2024-06-11,18,2019-07-16,2023-01-01,True,8_Chocolate-Milk,urban_residential,1,20.0,music_festival,0.9
8,Chocolate & Milk,2023-01-11,36,2019-07-16,2023-01-01,True,8_Chocolate-Milk,urban_residential,2,39.5,sports,0.9113924050632911
8,Chocolate & Milk,2023-01-18,37,2019-07-16,2023-01-01,True,8_Chocolate-Milk,urban_residential,2,36.0,market,1.0277777777777777
8,Chocolate & Milk,2023-03-01,44,2019-07-16,2023-01-01,True,8_Chocolate-Milk,urban_residential,2,25.5,market,1.7254901960784315
8,Chocolate & Milk,2023-03-29,20,2019-07-16,2023-01-01,True,8_Chocolate-Milk,urban_residential,2,28.5,market,0.7017543859649122
8,Chocolate & Milk,2023-04-19,43,2019-07-16,2023-01-01,True,8_Chocolate-Milk,urban_residential,2,26.0,music_festival,1.6538461538461537
8,Chocolate & Milk,2023-05-17,25,2019-07-16,2023-01-01,True,8_Chocolate-Milk,urban_residential,2,26.0,music_festival,0.9615384615384616
8,Chocolate & Milk,2024-03-27,16,2019-07-16,2023-01-01,True,8_Chocolate-Milk,urban_residential,2,19.0,sports,0.8421052631578947
8,Chocolate & Milk,2024-06-26,17,2019-07-16,2023-01-01,True,8_Chocolate-Milk,urban_residential,2,19.0,convention,0.8947368421052632
8,Chocolate & Milk,2024-07-24,17,2019-07-16,2023-01-01,True,8_Chocolate-Milk,urban_residential,2,19.0,cultural,0.8947368421052632
8,Chocolate & Milk,2024-08-21,26,2019-07-16,2023-01-01,True,8_Chocolate-Milk,urban_residential,2,19.0,convention,1.368421052631579
8,Chocolate & Milk,2024-10-30,54,2019-07-16,2023-01-01,True,8_Chocolate-Milk,urban_residential,2,19.0,market,2.8421052631578947
8,Chocolate & Milk,2023-01-19,56,2019-07-16,2023-01-01,True,8_Chocolate-Milk,urban_residential,3,36.5,food_festival,1.5342465753424657
8,Chocolate & Milk,2023-03-09,27,2019-07-16,2023-01-01,True,8_Chocolate-Milk,urban_residential,3,29.0,concert,0.9310344827586207
8,Chocolate & Milk,2023-07-06,27,2019-07-16,2023-01-01,True,8_Chocolate-Milk,urban_residential,3,26.0,cultural,1.0384615384615385
8,Chocolate & Milk,2023-11-16,40,2019-07-16,2023-01-01,True,8_Chocolate-Milk,urban_residential,3,21.0,market,1.9047619047619047
8,Chocolate & Milk,2024-10-24,37,2019-07-16,2023-01-01,True,8_Chocolate-Milk,urban_residential,3,20.0,cultural,1.85
8,Chocolate & Milk,2023-01-27,32,2019-07-16,2023-01-01,True,8_Chocolate-Milk,urban_residential,4,27.0,market,1.1851851851851851
8,Chocolate & Milk,2023-03-31,31,2019-07-16,2023-01-01,True,8_Chocolate-Milk,urban_residential,4,23.5,sports,1.3191489361702127
8,Chocolate & Milk,2023-04-21,41,2019-07-16,2023-01-01,True,8_Chocolate-Milk,urban_residential,4,24.0,market,1.7083333333333333
8,Chocolate & Milk,2023-06-02,42,2019-07-16,2023-01-01,True,8_Chocolate-Milk,urban_residential,4,24.0,cultural,1.75
8,Chocolate & Milk,2023-07-14,17,2019-07-16,2023-01-01,True,8_Chocolate-Milk,urban_residential,4,23.0,sports,0.7391304347826086
8,Chocolate & Milk,2023-08-11,16,2019-07-16,2023-01-01,True,8_Chocolate-Milk,urban_residential,4,23.0,convention,0.6956521739130435
8,Chocolate & Milk,2023-09-01,16,2019-07-16,2023-01-01,True,8_Chocolate-Milk,urban_residential,4,22.5,book_fair,0.7111111111111111
8,Chocolate & Milk,2023-12-08,28,2019-07-16,2023-01-01,True,8_Chocolate-Milk,urban_residential,4,21.0,sports,1.3333333333333333
8,Chocolate & Milk,2023-12-29,48,2019-07-16,2023-01-01,True,8_Chocolate-Milk,urban_residential,4,22.0,cultural,2.1818181818181817
8,Chocolate & Milk,2024-03-22,28,2019-07-16,2023-01-01,True,8_Chocolate-Milk,urban_residential,4,22.0,cultural,1.2727272727272727
8,Chocolate & Milk,2024-04-12,49,2019-07-16,2023-01-01,True,8_Chocolate-Milk,urban_residential,4,22.0,cultural,2.227272727272727
8,Chocolate & Milk,2024-06-21,26,2019-07-16,2023-01-01,True,8_Chocolate-Milk,urban_residential,4,21.0,cultural,1.2380952380952381
8,Chocolate & Milk,2024-06-28,26,2019-07-16,2023-01-01,True,8_Chocolate-Milk,urban_residential,4,22.0,cultural,1.1818181818181819
8,Chocolate & Milk,2024-10-18,31,2019-07-16,2023-01-01,True,8_Chocolate-Milk,urban_residential,4,19.0,market,1.631578947368421
8,Chocolate & Milk,2023-01-21,42,2019-07-16,2023-01-01,True,8_Chocolate-Milk,urban_residential,5,36.5,market,1.1506849315068493
8,Chocolate & Milk,2023-04-01,60,2019-07-16,2023-01-01,True,8_Chocolate-Milk,urban_residential,5,21.0,food_festival,2.857142857142857
8,Chocolate & Milk,2023-07-15,19,2019-07-16,2023-01-01,True,8_Chocolate-Milk,urban_residential,5,21.0,cultural,0.9047619047619048
8,Chocolate & Milk,2023-08-05,41,2019-07-16,2023-01-01,True,8_Chocolate-Milk,urban_residential,5,19.0,food_festival,2.1578947368421053
8,Chocolate & Milk,2023-09-09,50,2019-07-16,2023-01-01,True,8_Chocolate-Milk,urban_residential,5,19.0,cultural,2.6315789473684212
8,Chocolate & Milk,2024-02-10,59,2019-07-16,2023-01-01,True,8_Chocolate-Milk,urban_residential,5,21.0,food_festival,2.8095238095238093
8,Chocolate & Milk,2024-05-04,44,2019-07-16,2023-01-01,True,8_Chocolate-Milk,urban_residential,5,21.0,book_fair,2.0952380952380953
8,Chocolate & Milk,2024-05-18,24,2019-07-16,2023-01-01,True,8_Chocolate-Milk,urban_residential,5,22.0,sports,1.0909090909090908
8,Chocolate & Milk,2023-01-08,69,2019-07-16,2023-01-01,True,8_Chocolate-Milk,urban_residential,6,32.0,cultural,2.15625
8,Chocolate & Milk,2023-03-19,33,2019-07-16,2023-01-01,True,8_Chocolate-Milk,urban_residential,6,26.0,book_fair,1.2692307692307692
8,Chocolate & Milk,2023-03-26,29,2019-07-16,2023-01-01,True,8_Chocolate-Milk,urban_residential,6,26.5,concert,1.0943396226415094
8,Chocolate & Milk,2023-07-02,13,2019-07-16,2023-01-01,True,8_Chocolate-Milk,urban_residential,6,25.0,concert,0.52
8,Chocolate & Milk,2023-10-08,48,2019-07-16,2023-01-01,True,8_Chocolate-Milk,urban_residential,6,22.5,market,2.1333333333333333
8,Chocolate & Milk,2023-10-08,48,2019-07-16,2023-01-01,True,8_Chocolate-Milk,urban_residential,6,22.5,music_festival,2.1333333333333333
8,Chocolate & Milk,2023-10-22,34,2019-07-16,2023-01-01,True,8_Chocolate-Milk,urban_residential,6,23.5,food_festival,1.446808510638298
8,Chocolate & Milk,2024-03-03,46,2019-07-16,2023-01-01,True,8_Chocolate-Milk,urban_residential,6,24.0,cultural,1.9166666666666667
8,Chocolate & Milk,2024-03-10,55,2019-07-16,2023-01-01,True,8_Chocolate-Milk,urban_residential,6,24.0,food_festival,2.2916666666666665
8,Coffee,2023-02-06,195,2019-07-16,2023-01-01,True,8_Coffee,urban_residential,0,174.0,market,1.1206896551724137
8,Coffee,2023-04-17,224,2019-07-16,2023-01-01,True,8_Coffee,urban_residential,0,174.0,concert,1.2873563218390804
8,Coffee,2023-09-04,183,2019-07-16,2023-01-01,True,8_Coffee,urban_residential,0,138.0,music_festival,1.326086956521739
8,Coffee,2024-02-19,196,2019-07-16,2023-01-01,True,8_Coffee,urban_residential,0,143.0,concert,1.3706293706293706
8,Coffee,2024-03-04,137,2019-07-16,2023-01-01,True,8_Coffee,urban_residential,0,144.0,convention,0.9513888888888888
8,Coffee,2024-04-08,334,2019-07-16,2023-01-01,True,8_Coffee,urban_residential,0,143.5,cultural,2.327526132404181
8,Coffee,2023-04-04,236,2019-07-16,2023-01-01,True,8_Coffee,urban_residential,1,155.0,music_festival,1.5225806451612902
8,Coffee,2023-11-07,160,2019-07-16,2023-01-01,True,8_Coffee,urban_residential,1,130.0,concert,1.2307692307692308
8,Coffee,2023-12-12,380,2019-07-16,2023-01-01,True,8_Coffee,urban_residential,1,141.0,book_fair,2.6950354609929077
8,Coffee,2023-12-12,380,2019-07-16,2023-01-01,True,8_Coffee,urban_residential,1,141.0,food_festival,2.6950354609929077
8,Coffee,2023-12-19,291,2019-07-16,2023-01-01,True,8_Coffee,urban_residential,1,142.0,market,2.0492957746478875
8,Coffee,2024-03-05,264,2019-07-16,2023-01-01,True,8_Coffee,urban_residential,1,135.0,cultural,1.9555555555555555
8,Coffee,2024-05-21,332,2019-07-16,2023-01-01,True,8_Coffee,urban_residential,1,144.5,cultural,2.2975778546712804
8,Coffee,2024-06-11,170,2019-07-16,2023-01-01,True,8_Coffee,urban_residential,1,143.0,music_festival,1.1888111888111887
8,Coffee,2023-01-11,261,2019-07-16,2023-01-01,True,8_Coffee,urban_residential,2,259.0,sports,1.0077220077220077
8,Coffee,2023-01-18,287,2019-07-16,2023-01-01,True,8_Coffee,urban_residential,2,238.0,market,1.2058823529411764
8,Coffee,2023-03-01,232,2019-07-16,2023-01-01,True,8_Coffee,urban_residential,2,156.5,market,1.4824281150159744
8,Coffee,2023-03-29,265,2019-07-16,2023-01-01,True,8_Coffee,urban_residential,2,193.5,market,1.3695090439276485
8,Coffee,2023-04-19,352,2019-07-16,2023-01-01,True,8_Coffee,urban_residential,2,163.0,music_festival,2.1595092024539877
8,Coffee,2023-05-17,181,2019-07-16,2023-01-01,True,8_Coffee,urban_residential,2,162.0,music_festival,1.117283950617284
8,Coffee,2024-03-27,207,2019-07-16,2023-01-01,True,8_Coffee,urban_residential,2,136.5,sports,1.5164835164835164
8,Coffee,2024-06-26,127,2019-07-16,2023-01-01,True,8_Coffee,urban_residential,2,144.0,convention,0.8819444444444444
8,Coffee,2024-07-24,153,2019-07-16,2023-01-01,True,8_Coffee,urban_residential,2,139.0,cultural,1.1007194244604317
8,Coffee,2024-08-21,165,2019-07-16,2023-01-01,True,8_Coffee,urban_residential,2,139.0,convention,1.1870503597122302
8,Coffee,2024-10-30,252,2019-07-16,2023-01-01,True,8_Coffee,urban_residential,2,139.0,market,1.8129496402877698
8,Coffee,2023-01-19,352,2019-07-16,2023-01-01,True,8_Coffee,urban_residential,3,239.5,food_festival,1.4697286012526096
8,Coffee,2023-03-09,213,2019-07-16,2023-01-01,True,8_Coffee,urban_residential,3,151.0,concert,1.4105960264900663
8,Coffee,2023-07-06,202,2019-07-16,2023-01-01,True,8_Coffee,urban_residential,3,146.0,cultural,1.3835616438356164
8,Coffee,2023-11-16,362,2019-07-16,2023-01-01,True,8_Coffee,urban_residential,3,138.0,market,2.6231884057971016
8,Coffee,2024-10-24,265,2019-07-16,2023-01-01,True,8_Coffee,urban_residential,3,135.0,cultural,1.962962962962963
8,Coffee,2023-01-27,231,2019-07-16,2023-01-01,True,8_Coffee,urban_residential,4,183.0,market,1.2622950819672132
8,Coffee,2023-03-31,234,2019-07-16,2023-01-01,True,8_Coffee,urban_residential,4,155.5,sports,1.504823151125402
8,Coffee,2023-04-21,278,2019-07-16,2023-01-01,True,8_Coffee,urban_residential,4,156.0,market,1.7820512820512822
8,Coffee,2023-06-02,181,2019-07-16,2023-01-01,True,8_Coffee,urban_residential,4,156.0,cultural,1.1602564102564104
8,Coffee,2023-07-14,113,2019-07-16,2023-01-01,True,8_Coffee,urban_residential,4,142.0,sports,0.795774647887324
8,Coffee,2023-08-11,157,2019-07-16,2023-01-01,True,8_Coffee,urban_residential,4,133.0,convention,1.1804511278195489
8,Coffee,2023-09-01,181,2019-07-16,2023-01-01,True,8_Coffee,urban_residential,4,133.0,book_fair,1.3609022556390977
8,Coffee,2023-12-08,159,2019-07-16,2023-01-01,True,8_Coffee,urban_residential,4,140.0,sports,1.1357142857142857
8,Coffee,2023-12-29,299,2019-07-16,2023-01-01,True,8_Coffee,urban_residential,4,144.0,cultural,2.076388888888889
8,Coffee,2024-03-22,217,2019-07-16,2023-01-01,True,8_Coffee,urban_residential,4,146.0,cultural,1.4863013698630136
8,Coffee,2024-04-12,338,2019-07-16,2023-01-01,True,8_Coffee,urban_residential,4,146.0,cultural,2.315068493150685
8,Coffee,2024-06-21,181,2019-07-16,2023-01-01,True,8_Coffee,urban_residential,4,146.0,cultural,1.2397260273972603
8,Coffee,2024-06-28,162,2019-07-16,2023-01-01,True,8_Coffee,urban_residential,4,146.0,cultural,1.1095890410958904
8,Coffee,2024-10-18,210,2019-07-16,2023-01-01,True,8_Coffee,urban_residential,4,142.0,market,1.4788732394366197
8,Coffee,2023-01-21,358,2019-07-16,2023-01-01,True,8_Coffee,urban_residential,5,239.5,market,1.4947807933194155
8,Coffee,2023-04-01,395,2019-07-16,2023-01-01,True,8_Coffee,urban_residential,5,185.0,food_festival,2.135135135135135
8,Coffee,2023-07-15,239,2019-07-16,2023-01-01,True,8_Coffee,urban_residential,5,165.0,cultural,1.4484848484848485
8,Coffee,2023-08-05,255,2019-07-16,2023-01-01,True,8_Coffee,urban_residential,5,156.0,food_festival,1.6346153846153846
8,Coffee,2023-09-09,291,2019-07-16,2023-01-01,True,8_Coffee,urban_residential,5,147.0,cultural,1.9795918367346939
8,Coffee,2024-02-10,362,2019-07-16,2023-01-01,True,8_Coffee,urban_residential,5,165.0,food_festival,2.193939393939394
8,Coffee,2024-05-04,290,2019-07-16,2023-01-01,True,8_Coffee,urban_residential,5,165.0,book_fair,1.7575757575757576
8,Coffee,2024-05-18,176,2019-07-16,2023-01-01,True,8_Coffee,urban_residential,5,165.0,sports,1.0666666666666667
8,Coffee,2023-01-08,517,2019-07-16,2023-01-01,True,8_Coffee,urban_residential,6,260.0,cultural,1.9884615384615385
8,Coffee,2023-03-19,190,2019-07-16,2023-01-01,True,8_Coffee,urban_residential,6,173.0,book_fair,1.0982658959537572
8,Coffee,2023-03-26,224,2019-07-16,2023-01-01,True,8_Coffee,urban_residential,6,181.5,concert,1.234159779614325
8,Coffee,2023-07-02,113,2019-07-16,2023-01-01,True,8_Coffee,urban_residential,6,173.5,concert,0.6512968299711815
8,Coffee,2023-10-08,404,2019-07-16,2023-01-01,True,8_Coffee,urban_residential,6,160.5,market,2.5171339563862927
8,Coffee,2023-10-08,404,2019-07-16,2023-01-01,True,8_Coffee,urban_residential,6,160.5,music_festival,2.5171339563862927
8,Coffee,2023-10-22,206,2019-07-16,2023-01-01,True,8_Coffee,urban_residential,6,161.5,food_festival,1.2755417956656347
8,Coffee,2024-03-03,217,2019-07-16,2023-01-01,True,8_Coffee,urban_residential,6,166.0,cultural,1.3072289156626506
8,Coffee,2024-03-10,312,2019-07-16,2023-01-01,True,8_Coffee,urban_residential,6,166.5,food_festival,1.8738738738738738
8,Juice & Smoothie,2023-02-06,9,2019-07-16,2023-01-01,True,8_Juice-Smoothie,urban_residential,0,16.0,market,0.5625
8,Juice & Smoothie,2023-04-17,15,2019-07-16,2023-01-01,True,8_Juice-Smoothie,urban_residential,0,16.0,concert,0.9375
8,Juice & Smoothie,2023-09-04,15,2019-07-16,2023-01-01,True,8_Juice-Smoothie,urban_residential,0,10.0,music_festival,1.5
8,Juice & Smoothie,2024-02-19,18,2019-07-16,2023-01-01,True,8_Juice-Smoothie,urban_residential,0,12.0,concert,1.5
8,Juice & Smoothie,2024-03-04,10,2019-07-16,2023-01-01,True,8_Juice-Smoothie,urban_residential,0,12.0,convention,0.8333333333333334
8,Juice & Smoothie,2024-04-08,18,2019-07-16,2023-01-01,True,8_Juice-Smoothie,urban_residential,0,12.0,cultural,1.5
8,Juice & Smoothie,2023-04-04,24,2019-07-16,2023-01-01,True,8_Juice-Smoothie,urban_residential,1,12.0,music_festival,2.0
8,Juice & Smoothie,2023-11-07,27,2019-07-16,2023-01-01,True,8_Juice-Smoothie,urban_residential,1,10.0,concert,2.7
8,Juice & Smoothie,2023-12-12,28,2019-07-16,2023-01-01,True,8_Juice-Smoothie,urban_residential,1,11.0,book_fair,2.5454545454545454
8,Juice & Smoothie,2023-12-12,28,2019-07-16,2023-01-01,True,8_Juice-Smoothie,urban_residential,1,11.0,food_festival,2.5454545454545454
8,Juice & Smoothie,2023-12-19,17,2019-07-16,2023-01-01,True,8_Juice-Smoothie,urban_residential,1,11.0,market,1.5454545454545454
8,Juice & Smoothie,2024-03-05,32,2019-07-16,2023-01-01,True,8_Juice-Smoothie,urban_residential,1,11.0,cultural,2.909090909090909
8,Juice & Smoothie,2024-05-21,26,2019-07-16,2023-01-01,True,8_Juice-Smoothie,urban_residential,1,11.0,cultural,2.3636363636363638
8,Juice & Smoothie,2024-06-11,13,2019-07-16,2023-01-01,True,8_Juice-Smoothie,urban_residential,1,11.0,music_festival,1.1818181818181819
8,Juice & Smoothie,2023-01-11,16,2019-07-16,2023-01-01,True,8_Juice-Smoothie,urban_residential,2,18.0,sports,0.8888888888888888
8,Juice & Smoothie,2023-01-18,26,2019-07-16,2023-01-01,True,8_Juice-Smoothie,urban_residential,2,16.0,market,1.625
8,Juice & Smoothie,2023-03-01,27,2019-07-16,2023-01-01,True,8_Juice-Smoothie,urban_residential,2,14.0,market,1.9285714285714286
8,Juice & Smoothie,2023-03-29,24,2019-07-16,2023-01-01,True,8_Juice-Smoothie,urban_residential,2,16.0,market,1.5
8,Juice & Smoothie,2023-04-19,33,2019-07-16,2023-01-01,True,8_Juice-Smoothie,urban_residential,2,16.0,music_festival,2.0625
8,Juice & Smoothie,2023-05-17,14,2019-07-16,2023-01-01,True,8_Juice-Smoothie,urban_residential,2,15.0,music_festival,0.9333333333333333
8,Juice & Smoothie,2024-03-27,14,2019-07-16,2023-01-01,True,8_Juice-Smoothie,urban_residential,2,11.0,sports,1.2727272727272727
8,Juice & Smoothie,2024-06-26,4,2019-07-16,2023-01-01,True,8_Juice-Smoothie,urban_residential,2,11.0,convention,0.36363636363636365
8,Juice & Smoothie,2024-07-24,25,2019-07-16,2023-01-01,True,8_Juice-Smoothie,urban_residential,2,11.0,cultural,2.272727272727273
8,Juice & Smoothie,2024-08-21,18,2019-07-16,2023-01-01,True,8_Juice-Smoothie,urban_residential,2,11.0,convention,1.6363636363636365
8,Juice & Smoothie,2024-10-30,11,2019-07-16,2023-01-01,True,8_Juice-Smoothie,urban_residential,2,12.0,market,0.9166666666666666
8,Juice & Smoothie,2023-01-19,21,2019-07-16,2023-01-01,True,8_Juice-Smoothie,urban_residential,3,16.5,food_festival,1.2727272727272727
8,Juice & Smoothie,2023-03-09,23,2019-07-16,2023-01-01,True,8_Juice-Smoothie,urban_residential,3,10.0,concert,2.3
8,Juice & Smoothie,2023-07-06,11,2019-07-16,2023-01-01,True,8_Juice-Smoothie,urban_residential,3,13.0,cultural,0.8461538461538461
8,Juice & Smoothie,2023-11-16,32,2019-07-16,2023-01-01,True,8_Juice-Smoothie,urban_residential,3,12.0,market,2.6666666666666665
8,Juice & Smoothie,2024-10-24,29,2019-07-16,2023-01-01,True,8_Juice-Smoothie,urban_residential,3,11.0,cultural,2.6363636363636362
8,Juice & Smoothie,2023-01-27,13,2019-07-16,2023-01-01,True,8_Juice-Smoothie,urban_residential,4,16.0,market,0.8125
8,Juice & Smoothie,2023-03-31,23,2019-07-16,2023-01-01,True,8_Juice-Smoothie,urban_residential,4,13.5,sports,1.7037037037037037
8,Juice & Smoothie,2023-04-21,25,2019-07-16,2023-01-01,True,8_Juice-Smoothie,urban_residential,4,14.0,market,1.7857142857142858
8,Juice & Smoothie,2023-06-02,21,2019-07-16,2023-01-01,True,8_Juice-Smoothie,urban_residential,4,14.0,cultural,1.5
8,Juice & Smoothie,2023-07-14,8,2019-07-16,2023-01-01,True,8_Juice-Smoothie,urban_residential,4,13.0,sports,0.6153846153846154
8,Juice & Smoothie,2023-08-11,7,2019-07-16,2023-01-01,True,8_Juice-Smoothie,urban_residential,4,13.0,convention,0.5384615384615384
8,Juice & Smoothie,2023-09-01,18,2019-07-16,2023-01-01,True,8_Juice-Smoothie,urban_residential,4,12.5,book_fair,1.44
8,Juice & Smoothie,2023-12-08,13,2019-07-16,2023-01-01,True,8_Juice-Smoothie,urban_residential,4,12.0,sports,1.0833333333333333
8,Juice & Smoothie,2023-12-29,35,2019-07-16,2023-01-01,True,8_Juice-Smoothie,urban_residential,4,12.0,cultural,2.9166666666666665
8,Juice & Smoothie,2024-03-22,17,2019-07-16,2023-01-01,True,8_Juice-Smoothie,urban_residential,4,12.0,cultural,1.4166666666666667
8,Juice & Smoothie,2024-04-12,41,2019-07-16,2023-01-01,True,8_Juice-Smoothie,urban_residential,4,12.5,cultural,3.0
8,Juice & Smoothie,2024-06-21,16,2019-07-16,2023-01-01,True,8_Juice-Smoothie,urban_residential,4,12.0,cultural,1.3333333333333333
8,Juice & Smoothie,2024-06-28,20,2019-07-16,2023-01-01,True,8_Juice-Smoothie,urban_residential,4,12.0,cultural,1.6666666666666667
8,Juice & Smoothie,2024-10-18,27,2019-07-16,2023-01-01,True,8_Juice-Smoothie,urban_residential,4,12.0,market,2.25
8,Juice & Smoothie,2023-01-21,31,2019-07-16,2023-01-01,True,8_Juice-Smoothie,urban_residential,5,16.5,market,1.878787878787879
8,Juice & Smoothie,2023-04-01,39,2019-07-16,2023-01-01,True,8_Juice-Smoothie,urban_residential,5,12.5,food_festival,3.0
8,Juice & Smoothie,2023-07-15,12,2019-07-16,2023-01-01,True,8_Juice-Smoothie,urban_residential,5,11.0,cultural,1.0909090909090908
8,Juice & Smoothie,2023-08-05,22,2019-07-16,2023-01-01,True,8_Juice-Smoothie,urban_residential,5,11.0,food_festival,2.0
8,Juice & Smoothie,2023-09-09,25,2019-07-16,2023-01-01,True,8_Juice-Smoothie,urban_residential,5,12.0,cultural,2.0833333333333335
8,Juice & Smoothie,2024-02-10,25,2019-07-16,2023-01-01,True,8_Juice-Smoothie,urban_residential,5,13.0,food_festival,1.9230769230769231
8,Juice & Smoothie,2024-05-04,27,2019-07-16,2023-01-01,True,8_Juice-Smoothie,urban_residential,5,13.0,book_fair,2.076923076923077
8,Juice & Smoothie,2024-05-18,36,2019-07-16,2023-01-01,True,8_Juice-Smoothie,urban_residential,5,13.0,sports,2.769230769230769
8,Juice & Smoothie,2023-01-08,45,2019-07-16,2023-01-01,True,8_Juice-Smoothie,urban_residential,6,17.0,cultural,2.6470588235294117
8,Juice & Smoothie,2023-03-19,8,2019-07-16,2023-01-01,True,8_Juice-Smoothie,urban_residential,6,16.0,book_fair,0.5
8,Juice & Smoothie,2023-03-26,25,2019-07-16,2023-01-01,True,8_Juice-Smoothie,urban_residential,6,15.5,concert,1.6129032258064515
8,Juice & Smoothie,2023-07-02,5,2019-07-16,2023-01-01,True,8_Juice-Smoothie,urban_residential,6,13.5,concert,0.37037037037037035
8,Juice & Smoothie,2023-10-08,40,2019-07-16,2023-01-01,True,8_Juice-Smoothie,urban_residential,6,13.0,market,3.0
8,Juice & Smoothie,2023-10-08,40,2019-07-16,2023-01-01,True,8_Juice-Smoothie,urban_residential,6,13.0,music_festival,3.0
8,Juice & Smoothie,2023-10-22,31,2019-07-16,2023-01-01,True,8_Juice-Smoothie,urban_residential,6,13.0,food_festival,2.3846153846153846
8,Juice & Smoothie,2024-03-03,13,2019-07-16,2023-01-01,True,8_Juice-Smoothie,urban_residential,6,13.0,cultural,1.0
8,Juice & Smoothie,2024-03-10,30,2019-07-16,2023-01-01,True,8_Juice-Smoothie,urban_residential,6,13.0,food_festival,2.3076923076923075
8,Merchandise,2023-02-06,12,2019-07-16,2023-01-01,True,8_Merchandise,urban_residential,0,12.0,market,1.0
8,Merchandise,2023-04-17,3,2019-07-16,2023-01-01,True,8_Merchandise,urban_residential,0,9.0,concert,0.3333333333333333
8,Merchandise,2023-09-04,5,2019-07-16,2023-01-01,True,8_Merchandise,urban_residential,0,7.0,music_festival,0.7142857142857143
8,Merchandise,2024-02-19,10,2019-07-16,2023-01-01,True,8_Merchandise,urban_residential,0,7.0,concert,1.4285714285714286
8,Merchandise,2024-03-04,8,2019-07-16,2023-01-01,True,8_Merchandise,urban_residential,0,7.0,convention,1.1428571428571428
8,Merchandise,2024-04-08,19,2019-07-16,2023-01-01,True,8_Merchandise,urban_residential,0,7.0,cultural,2.7142857142857144
8,Merchandise,2023-04-04,19,2019-07-16,2023-01-01,True,8_Merchandise,urban_residential,1,7.0,music_festival,2.7142857142857144
8,Merchandise,2023-11-07,7,2019-07-16,2023-01-01,True,8_Merchandise,urban_residential,1,6.0,concert,1.1666666666666667
8,Merchandise,2023-12-12,25,2019-07-16,2023-01-01,True,8_Merchandise,urban_residential,1,7.0,book_fair,3.0
8,Merchandise,2023-12-12,25,2019-07-16,2023-01-01,True,8_Merchandise,urban_residential,1,7.0,food_festival,3.0
8,Merchandise,2023-12-19,8,2019-07-16,2023-01-01,True,8_Merchandise,urban_residential,1,7.0,market,1.1428571428571428
8,Merchandise,2024-03-05,10,2019-07-16,2023-01-01,True,8_Merchandise,urban_residential,1,7.0,cultural,1.4285714285714286
8,Merchandise,2024-05-21,19,2019-07-16,2023-01-01,True,8_Merchandise,urban_residential,1,7.0,cultural,2.7142857142857144
8,Merchandise,2024-06-11,5,2019-07-16,2023-01-01,True,8_Merchandise,urban_residential,1,7.0,music_festival,0.7142857142857143
8,Merchandise,2023-01-11,9,2019-07-16,2023-01-01,True,8_Merchandise,urban_residential,2,12.0,sports,0.75
8,Merchandise,2023-01-18,17,2019-07-16,2023-01-01,True,8_Merchandise,urban_residential,2,11.0,market,1.5454545454545454
8,Merchandise,2023-03-01,15,2019-07-16,2023-01-01,True,8_Merchandise,urban_residential,2,10.5,market,1.4285714285714286
8,Merchandise,2023-03-29,6,2019-07-16,2023-01-01,True,8_Merchandise,urban_residential,2,10.0,market,0.6
8,Merchandise,2023-04-19,12,2019-07-16,2023-01-01,True,8_Merchandise,urban_residential,2,8.0,music_festival,1.5
8,Merchandise,2023-05-17,16,2019-07-16,2023-01-01,True,8_Merchandise,urban_residential,2,8.0,music_festival,2.0
8,Merchandise,2024-03-27,5,2019-07-16,2023-01-01,True,8_Merchandise,urban_residential,2,7.0,sports,0.7142857142857143
8,Merchandise,2024-06-26,5,2019-07-16,2023-01-01,True,8_Merchandise,urban_residential,2,7.0,convention,0.7142857142857143
8,Merchandise,2024-07-24,9,2019-07-16,2023-01-01,True,8_Merchandise,urban_residential,2,7.0,cultural,1.2857142857142858
8,Merchandise,2024-08-21,4,2019-07-16,2023-01-01,True,8_Merchandise,urban_residential,2,7.0,convention,0.5714285714285714
8,Merchandise,2024-10-30,13,2019-07-16,2023-01-01,True,8_Merchandise,urban_residential,2,7.0,market,1.8571428571428572
8,Merchandise,2023-01-19,20,2019-07-16,2023-01-01,True,8_Merchandise,urban_residential,3,11.5,food_festival,1.7391304347826086
8,Merchandise,2023-03-09,10,2019-07-16,2023-01-01,True,8_Merchandise,urban_residential,3,8.0,concert,1.25
8,Merchandise,2023-07-06,8,2019-07-16,2023-01-01,True,8_Merchandise,urban_residential,3,8.5,cultural,0.9411764705882353
8,Merchandise,2023-11-16,20,2019-07-16,2023-01-01,True,8_Merchandise,urban_residential,3,6.0,market,3.0
8,Merchandise,2024-10-24,13,2019-07-16,2023-01-01,True,8_Merchandise,urban_residential,3,6.0,cultural,2.1666666666666665
8,Merchandise,2023-01-27,14,2019-07-16,2023-01-01,True,8_Merchandise,urban_residential,4,5.0,market,2.8
8,Merchandise,2023-03-31,16,2019-07-16,2023-01-01,True,8_Merchandise,urban_residential,4,5.0,sports,3.0
8,Merchandise,2023-04-21,12,2019-07-16,2023-01-01,True,8_Merchandise,urban_residential,4,5.0,market,2.4
8,Merchandise,2023-06-02,8,2019-07-16,2023-01-01,True,8_Merchandise,urban_residential,4,6.0,cultural,1.3333333333333333
8,Merchandise,2023-07-14,4,2019-07-16,2023-01-01,True,8_Merchandise,urban_residential,4,6.0,sports,0.6666666666666666
8,Merchandise,2023-08-11,6,2019-07-16,2023-01-01,True,8_Merchandise,urban_residential,4,6.0,convention,1.0
8,Merchandise,2023-09-01,8,2019-07-16,2023-01-01,True,8_Merchandise,urban_residential,4,6.0,book_fair,1.3333333333333333
8,Merchandise,2023-12-08,5,2019-07-16,2023-01-01,True,8_Merchandise,urban_residential,4,6.0,sports,0.8333333333333334
8,Merchandise,2023-12-29,21,2019-07-16,2023-01-01,True,8_Merchandise,urban_residential,4,6.0,cultural,3.0
8,Merchandise,2024-03-22,9,2019-07-16,2023-01-01,True,8_Merchandise,urban_residential,4,6.0,cultural,1.5
8,Merchandise,2024-04-12,17,2019-07-16,2023-01-01,True,8_Merchandise,urban_residential,4,6.0,cultural,2.8333333333333335
8,Merchandise,2024-06-21,1,2019-07-16,2023-01-01,True,8_Merchandise,urban_residential,4,6.0,cultural,0.25
8,Merchandise,2024-06-28,5,2019-07-16,2023-01-01,True,8_Merchandise,urban_residential,4,6.0,cultural,0.8333333333333334
8,Merchandise,2024-10-18,16,2019-07-16,2023-01-01,True,8_Merchandise,urban_residential,4,6.0,market,2.6666666666666665
8,Merchandise,2023-01-21,20,2019-07-16,2023-01-01,True,8_Merchandise,urban_residential,5,11.5,market,1.7391304347826086
8,Merchandise,2023-04-01,30,2019-07-16,2023-01-01,True,8_Merchandise,urban_residential,5,7.5,food_festival,3.0
8,Merchandise,2023-07-15,13,2019-07-16,2023-01-01,True,8_Merchandise,urban_residential,5,7.0,cultural,1.8571428571428572
8,Merchandise,2023-08-05,8,2019-07-16,2023-01-01,True,8_Merchandise,urban_residential,5,7.0,food_festival,1.1428571428571428
8,Merchandise,2023-09-09,10,2019-07-16,2023-01-01,True,8_Merchandise,urban_residential,5,7.0,cultural,1.4285714285714286
8,Merchandise,2024-02-10,16,2019-07-16,2023-01-01,True,8_Merchandise,urban_residential,5,8.0,food_festival,2.0
8,Merchandise,2024-05-04,16,2019-07-16,2023-01-01,True,8_Merchandise,urban_residential,5,8.0,book_fair,2.0
8,Merchandise,2024-05-18,15,2019-07-16,2023-01-01,True,8_Merchandise,urban_residential,5,8.0,sports,1.875
8,Merchandise,2023-01-08,18,2019-07-16,2023-01-01,True,8_Merchandise,urban_residential,6,12.0,cultural,1.5
8,Merchandise,2023-03-19,13,2019-07-16,2023-01-01,True,8_Merchandise,urban_residential,6,8.0,book_fair,1.625
8,Merchandise,2023-03-26,16,2019-07-16,2023-01-01,True,8_Merchandise,urban_residential,6,8.5,concert,1.8823529411764706
8,Merchandise,2023-07-02,5,2019-07-16,2023-01-01,True,8_Merchandise,urban_residential,6,8.0,concert,0.625
8,Merchandise,2023-10-08,21,2019-07-16,2023-01-01,True,8_Merchandise,urban_residential,6,8.0,market,2.625
8,Merchandise,2023-10-08,21,2019-07-16,2023-01-01,True,8_Merchandise,urban_residential,6,8.0,music_festival,2.625
8,Merchandise,2023-10-22,10,2019-07-16,2023-01-01,True,8_Merchandise,urban_residential,6,8.0,food_festival,1.25
8,Merchandise,2024-03-03,6,2019-07-16,2023-01-01,True,8_Merchandise,urban_residential,6,8.0,cultural,0.75
8,Merchandise,2024-03-10,14,2019-07-16,2023-01-01,True,8_Merchandise,urban_residential,6,8.0,food_festival,1.75
8,Savory Bakery,2023-02-06,44,2019-07-16,2023-01-01,True,8_Savory-Bakery,urban_residential,0,33.0,market,1.3333333333333333
8,Savory Bakery,2023-04-17,45,2019-07-16,2023-01-01,True,8_Savory-Bakery,urban_residential,0,30.0,concert,1.5
8,Savory Bakery,2023-09-04,31,2019-07-16,2023-01-01,True,8_Savory-Bakery,urban_residential,0,29.0,music_festival,1.0689655172413792
8,Savory Bakery,2024-02-19,38,2019-07-16,2023-01-01,True,8_Savory-Bakery,urban_residential,0,31.0,concert,1.2258064516129032
8,Savory Bakery,2024-03-04,27,2019-07-16,2023-01-01,True,8_Savory-Bakery,urban_residential,0,31.0,convention,0.8709677419354839
8,Savory Bakery,2024-04-08,58,2019-07-16,2023-01-01,True,8_Savory-Bakery,urban_residential,0,30.5,cultural,1.901639344262295
8,Savory Bakery,2023-04-04,48,2019-07-16,2023-01-01,True,8_Savory-Bakery,urban_residential,1,32.0,music_festival,1.5
8,Savory Bakery,2023-11-07,34,2019-07-16,2023-01-01,True,8_Savory-Bakery,urban_residential,1,27.0,concert,1.2592592592592593
8,Savory Bakery,2023-12-12,53,2019-07-16,2023-01-01,True,8_Savory-Bakery,urban_residential,1,28.0,book_fair,1.8928571428571428
8,Savory Bakery,2023-12-12,53,2019-07-16,2023-01-01,True,8_Savory-Bakery,urban_residential,1,28.0,food_festival,1.8928571428571428
8,Savory Bakery,2023-12-19,47,2019-07-16,2023-01-01,True,8_Savory-Bakery,urban_residential,1,28.0,market,1.6785714285714286
8,Savory Bakery,2024-03-05,60,2019-07-16,2023-01-01,True,8_Savory-Bakery,urban_residential,1,28.0,cultural,2.142857142857143
8,Savory Bakery,2024-05-21,62,2019-07-16,2023-01-01,True,8_Savory-Bakery,urban_residential,1,27.0,cultural,2.2962962962962963
8,Savory Bakery,2024-06-11,37,2019-07-16,2023-01-01,True,8_Savory-Bakery,urban_residential,1,27.0,music_festival,1.3703703703703705
8,Savory Bakery,2023-01-11,39,2019-07-16,2023-01-01,True,8_Savory-Bakery,urban_residential,2,52.0,sports,0.75
8,Savory Bakery,2023-01-18,37,2019-07-16,2023-01-01,True,8_Savory-Bakery,urban_residential,2,39.0,market,0.9487179487179487
8,Savory Bakery,2023-03-01,45,2019-07-16,2023-01-01,True,8_Savory-Bakery,urban_residential,2,28.0,market,1.6071428571428572
8,Savory Bakery,2023-03-29,62,2019-07-16,2023-01-01,True,8_Savory-Bakery,urban_residential,2,32.5,market,1.9076923076923078
8,Savory Bakery,2023-04-19,75,2019-07-16,2023-01-01,True,8_Savory-Bakery,urban_residential,2,30.0,music_festival,2.5
8,Savory Bakery,2023-05-17,34,2019-07-16,2023-01-01,True,8_Savory-Bakery,urban_residential,2,30.0,music_festival,1.1333333333333333
8,Savory Bakery,2024-03-27,23,2019-07-16,2023-01-01,True,8_Savory-Bakery,urban_residential,2,26.0,sports,0.8846153846153846
8,Savory Bakery,2024-06-26,22,2019-07-16,2023-01-01,True,8_Savory-Bakery,urban_residential,2,26.0,convention,0.8461538461538461
8,Savory Bakery,2024-07-24,27,2019-07-16,2023-01-01,True,8_Savory-Bakery,urban_residential,2,26.0,cultural,1.0384615384615385
8,Savory Bakery,2024-08-21,23,2019-07-16,2023-01-01,True,8_Savory-Bakery,urban_residential,2,26.0,convention,0.8846153846153846
8,Savory Bakery,2024-10-30,48,2019-07-16,2023-01-01,True,8_Savory-Bakery,urban_residential,2,26.0,market,1.8461538461538463
8,Savory Bakery,2023-01-19,74,2019-07-16,2023-01-01,True,8_Savory-Bakery,urban_residential,3,38.0,food_festival,1.9473684210526316
8,Savory Bakery,2023-03-09,47,2019-07-16,2023-01-01,True,8_Savory-Bakery,urban_residential,3,25.0,concert,1.88
8,Savory Bakery,2023-07-06,23,2019-07-16,2023-01-01,True,8_Savory-Bakery,urban_residential,3,28.0,cultural,0.8214285714285714
8,Savory Bakery,2023-11-16,45,2019-07-16,2023-01-01,True,8_Savory-Bakery,urban_residential,3,27.0,market,1.6666666666666667
8,Savory Bakery,2024-10-24,52,2019-07-16,2023-01-01,True,8_Savory-Bakery,urban_residential,3,27.0,cultural,1.9259259259259258
8,Savory Bakery,2023-01-27,45,2019-07-16,2023-01-01,True,8_Savory-Bakery,urban_residential,4,34.0,market,1.3235294117647058
8,Savory Bakery,2023-03-31,44,2019-07-16,2023-01-01,True,8_Savory-Bakery,urban_residential,4,32.5,sports,1.353846153846154
8,Savory Bakery,2023-04-21,49,2019-07-16,2023-01-01,True,8_Savory-Bakery,urban_residential,4,34.0,market,1.4411764705882353
8,Savory Bakery,2023-06-02,44,2019-07-16,2023-01-01,True,8_Savory-Bakery,urban_residential,4,34.0,cultural,1.2941176470588236
8,Savory Bakery,2023-07-14,12,2019-07-16,2023-01-01,True,8_Savory-Bakery,urban_residential,4,31.0,sports,0.3870967741935484
8,Savory Bakery,2023-08-11,23,2019-07-16,2023-01-01,True,8_Savory-Bakery,urban_residential,4,25.0,convention,0.92
8,Savory Bakery,2023-09-01,25,2019-07-16,2023-01-01,True,8_Savory-Bakery,urban_residential,4,24.0,book_fair,1.0416666666666667
8,Savory Bakery,2023-12-08,39,2019-07-16,2023-01-01,True,8_Savory-Bakery,urban_residential,4,24.0,sports,1.625
8,Savory Bakery,2023-12-29,51,2019-07-16,2023-01-01,True,8_Savory-Bakery,urban_residential,4,25.0,cultural,2.04
8,Savory Bakery,2024-03-22,40,2019-07-16,2023-01-01,True,8_Savory-Bakery,urban_residential,4,23.0,cultural,1.7391304347826086
8,Savory Bakery,2024-04-12,71,2019-07-16,2023-01-01,True,8_Savory-Bakery,urban_residential,4,24.5,cultural,2.8979591836734695
8,Savory Bakery,2024-06-21,36,2019-07-16,2023-01-01,True,8_Savory-Bakery,urban_residential,4,25.0,cultural,1.44
8,Savory Bakery,2024-06-28,34,2019-07-16,2023-01-01,True,8_Savory-Bakery,urban_residential,4,25.0,cultural,1.36
8,Savory Bakery,2024-10-18,40,2019-07-16,2023-01-01,True,8_Savory-Bakery,urban_residential,4,24.0,market,1.6666666666666667
8,Savory Bakery,2023-01-21,67,2019-07-16,2023-01-01,True,8_Savory-Bakery,urban_residential,5,38.0,market,1.763157894736842
8,Savory Bakery,2023-04-01,70,2019-07-16,2023-01-01,True,8_Savory-Bakery,urban_residential,5,35.5,food_festival,1.971830985915493
8,Savory Bakery,2023-07-15,52,2019-07-16,2023-01-01,True,8_Savory-Bakery,urban_residential,5,31.0,cultural,1.6774193548387097
8,Savory Bakery,2023-08-05,49,2019-07-16,2023-01-01,True,8_Savory-Bakery,urban_residential,5,30.0,food_festival,1.6333333333333333
8,Savory Bakery,2023-09-09,51,2019-07-16,2023-01-01,True,8_Savory-Bakery,urban_residential,5,29.0,cultural,1.7586206896551724
8,Savory Bakery,2024-02-10,59,2019-07-16,2023-01-01,True,8_Savory-Bakery,urban_residential,5,31.0,food_festival,1.903225806451613
8,Savory Bakery,2024-05-04,45,2019-07-16,2023-01-01,True,8_Savory-Bakery,urban_residential,5,32.0,book_fair,1.40625
8,Savory Bakery,2024-05-18,39,2019-07-16,2023-01-01,True,8_Savory-Bakery,urban_residential,5,32.0,sports,1.21875
8,Savory Bakery,2023-01-08,78,2019-07-16,2023-01-01,True,8_Savory-Bakery,urban_residential,6,48.0,cultural,1.625
8,Savory Bakery,2023-03-19,70,2019-07-16,2023-01-01,True,8_Savory-Bakery,urban_residential,6,30.0,book_fair,2.3333333333333335
8,Savory Bakery,2023-03-26,40,2019-07-16,2023-01-01,True,8_Savory-Bakery,urban_residential,6,35.5,concert,1.1267605633802817
8,Savory Bakery,2023-07-02,17,2019-07-16,2023-01-01,True,8_Savory-Bakery,urban_residential,6,30.0,concert,0.5666666666666667
8,Savory Bakery,2023-10-08,84,2019-07-16,2023-01-01,True,8_Savory-Bakery,urban_residential,6,28.5,market,2.9473684210526314
8,Savory Bakery,2023-10-08,84,2019-07-16,2023-01-01,True,8_Savory-Bakery,urban_residential,6,28.5,music_festival,2.9473684210526314
8,Savory Bakery,2023-10-22,64,2019-07-16,2023-01-01,True,8_Savory-Bakery,urban_residential,6,29.5,food_festival,2.169491525423729
8,Savory Bakery,2024-03-03,38,2019-07-16,2023-01-01,True,8_Savory-Bakery,urban_residential,6,30.0,cultural,1.2666666666666666
8,Savory Bakery,2024-03-10,56,2019-07-16,2023-01-01,True,8_Savory-Bakery,urban_residential,6,30.0,food_festival,1.8666666666666667
8,Tea,2023-02-06,58,2019-07-16,2023-01-01,True,8_Tea,urban_residential,0,62.0,market,0.9354838709677419
8,Tea,2023-04-17,63,2019-07-16,2023-01-01,True,8_Tea,urban_residential,0,58.0,concert,1.0862068965517242
8,Tea,2023-09-04,70,2019-07-16,2023-01-01,True,8_Tea,urban_residential,0,45.0,music_festival,1.5555555555555556
8,Tea,2024-02-19,54,2019-07-16,2023-01-01,True,8_Tea,urban_residential,0,48.0,concert,1.125
8,Tea,2024-03-04,51,2019-07-16,2023-01-01,True,8_Tea,urban_residential,0,48.0,convention,1.0625
8,Tea,2024-04-08,115,2019-07-16,2023-01-01,True,8_Tea,urban_residential,0,46.5,cultural,2.4731182795698925
8,Tea,2023-04-04,121,2019-07-16,2023-01-01,True,8_Tea,urban_residential,1,46.0,music_festival,2.630434782608696
8,Tea,2023-11-07,72,2019-07-16,2023-01-01,True,8_Tea,urban_residential,1,39.0,concert,1.8461538461538463
8,Tea,2023-12-12,115,2019-07-16,2023-01-01,True,8_Tea,urban_residential,1,43.0,book_fair,2.6744186046511627
8,Tea,2023-12-12,115,2019-07-16,2023-01-01,True,8_Tea,urban_residential,1,43.0,food_festival,2.6744186046511627
8,Tea,2023-12-19,96,2019-07-16,2023-01-01,True,8_Tea,urban_residential,1,44.0,market,2.1818181818181817
8,Tea,2024-03-05,85,2019-07-16,2023-01-01,True,8_Tea,urban_residential,1,45.0,cultural,1.8888888888888888
8,Tea,2024-05-21,111,2019-07-16,2023-01-01,True,8_Tea,urban_residential,1,45.5,cultural,2.4395604395604398
8,Tea,2024-06-11,52,2019-07-16,2023-01-01,True,8_Tea,urban_residential,1,45.0,music_festival,1.1555555555555554
8,Tea,2023-01-11,75,2019-07-16,2023-01-01,True,8_Tea,urban_residential,2,80.0,sports,0.9375
8,Tea,2023-01-18,60,2019-07-16,2023-01-01,True,8_Tea,urban_residential,2,75.0,market,0.8
8,Tea,2023-03-01,69,2019-07-16,2023-01-01,True,8_Tea,urban_residential,2,49.0,market,1.4081632653061225
8,Tea,2023-03-29,87,2019-07-16,2023-01-01,True,8_Tea,urban_residential,2,55.5,market,1.5675675675675675
8,Tea,2023-04-19,100,2019-07-16,2023-01-01,True,8_Tea,urban_residential,2,60.0,music_festival,1.6666666666666667
8,Tea,2023-05-17,67,2019-07-16,2023-01-01,True,8_Tea,urban_residential,2,60.0,music_festival,1.1166666666666667
8,Tea,2024-03-27,44,2019-07-16,2023-01-01,True,8_Tea,urban_residential,2,45.5,sports,0.967032967032967
8,Tea,2024-06-26,31,2019-07-16,2023-01-01,True,8_Tea,urban_residential,2,46.0,convention,0.6739130434782609
8,Tea,2024-07-24,62,2019-07-16,2023-01-01,True,8_Tea,urban_residential,2,45.0,cultural,1.3777777777777778
8,Tea,2024-08-21,66,2019-07-16,2023-01-01,True,8_Tea,urban_residential,2,45.0,convention,1.4666666666666666
8,Tea,2024-10-30,67,2019-07-16,2023-01-01,True,8_Tea,urban_residential,2,46.0,market,1.4565217391304348
8,Tea,2023-01-19,107,2019-07-16,2023-01-01,True,8_Tea,urban_residential,3,71.0,food_festival,1.5070422535211268
8,Tea,2023-03-09,74,2019-07-16,2023-01-01,True,8_Tea,urban_residential,3,54.0,concert,1.3703703703703705
8,Tea,2023-07-06,61,2019-07-16,2023-01-01,True,8_Tea,urban_residential,3,56.5,cultural,1.079646017699115
8,Tea,2023-11-16,104,2019-07-16,2023-01-01,True,8_Tea,urban_residential,3,48.0,market,2.1666666666666665
8,Tea,2024-10-24,78,2019-07-16,2023-01-01,True,8_Tea,urban_residential,3,43.0,cultural,1.813953488372093
8,Tea,2023-01-27,79,2019-07-16,2023-01-01,True,8_Tea,urban_residential,4,67.0,market,1.1791044776119404
8,Tea,2023-03-31,76,2019-07-16,2023-01-01,True,8_Tea,urban_residential,4,52.0,sports,1.4615384615384615
8,Tea,2023-04-21,81,2019-07-16,2023-01-01,True,8_Tea,urban_residential,4,58.0,market,1.396551724137931
8,Tea,2023-06-02,47,2019-07-16,2023-01-01,True,8_Tea,urban_residential,4,58.0,cultural,0.8103448275862069
8,Tea,2023-07-14,22,2019-07-16,2023-01-01,True,8_Tea,urban_residential,4,47.0,sports,0.46808510638297873
8,Tea,2023-08-11,54,2019-07-16,2023-01-01,True,8_Tea,urban_residential,4,42.0,convention,1.2857142857142858
8,Tea,2023-09-01,40,2019-07-16,2023-01-01,True,8_Tea,urban_residential,4,44.0,book_fair,0.9090909090909091
8,Tea,2023-12-08,54,2019-07-16,2023-01-01,True,8_Tea,urban_residential,4,41.5,sports,1.3012048192771084
8,Tea,2023-12-29,102,2019-07-16,2023-01-01,True,8_Tea,urban_residential,4,44.0,cultural,2.3181818181818183
8,Tea,2024-03-22,71,2019-07-16,2023-01-01,True,8_Tea,urban_residential,4,44.0,cultural,1.6136363636363635
8,Tea,2024-04-12,92,2019-07-16,2023-01-01,True,8_Tea,urban_residential,4,44.0,cultural,2.090909090909091
8,Tea,2024-06-21,48,2019-07-16,2023-01-01,True,8_Tea,urban_residential,4,44.0,cultural,1.0909090909090908
8,Tea,2024-06-28,51,2019-07-16,2023-01-01,True,8_Tea,urban_residential,4,44.0,cultural,1.1590909090909092
8,Tea,2024-10-18,103,2019-07-16,2023-01-01,True,8_Tea,urban_residential,4,42.0,market,2.4523809523809526
8,Tea,2023-01-21,111,2019-07-16,2023-01-01,True,8_Tea,urban_residential,5,71.0,market,1.5633802816901408
8,Tea,2023-04-01,146,2019-07-16,2023-01-01,True,8_Tea,urban_residential,5,56.0,food_festival,2.607142857142857
8,Tea,2023-07-15,75,2019-07-16,2023-01-01,True,8_Tea,urban_residential,5,51.0,cultural,1.4705882352941178
8,Tea,2023-08-05,57,2019-07-16,2023-01-01,True,8_Tea,urban_residential,5,50.0,food_festival,1.14
8,Tea,2023-09-09,97,2019-07-16,2023-01-01,True,8_Tea,urban_residential,5,49.0,cultural,1.9795918367346939
8,Tea,2024-02-10,123,2019-07-16,2023-01-01,True,8_Tea,urban_residential,5,52.0,food_festival,2.3653846153846154
8,Tea,2024-05-04,72,2019-07-16,2023-01-01,True,8_Tea,urban_residential,5,52.0,book_fair,1.3846153846153846
8,Tea,2024-05-18,68,2019-07-16,2023-01-01,True,8_Tea,urban_residential,5,52.0,sports,1.3076923076923077
8,Tea,2023-01-08,157,2019-07-16,2023-01-01,True,8_Tea,urban_residential,6,79.0,cultural,1.9873417721518987
8,Tea,2023-03-19,51,2019-07-16,2023-01-01,True,8_Tea,urban_residential,6,58.0,book_fair,0.8793103448275862
8,Tea,2023-03-26,81,2019-07-16,2023-01-01,True,8_Tea,urban_residential,6,58.0,concert,1.396551724137931
8,Tea,2023-07-02,43,2019-07-16,2023-01-01,True,8_Tea,urban_residential,6,58.0,concert,0.7413793103448276
8,Tea,2023-10-08,112,2019-07-16,2023-01-01,True,8_Tea,urban_residential,6,52.5,market,2.1333333333333333
8,Tea,2023-10-08,112,2019-07-16,2023-01-01,True,8_Tea,urban_residential,6,52.5,music_festival,2.1333333333333333
8,Tea,2023-10-22,72,2019-07-16,2023-01-01,True,8_Tea,urban_residential,6,53.5,food_festival,1.3457943925233644
8,Tea,2024-03-03,72,2019-07-16,2023-01-01,True,8_Tea,urban_residential,6,56.0,cultural,1.2857142857142858
8,Tea,2024-03-10,119,2019-07-16,2023-01-01,True,8_Tea,urban_residential,6,57.0,food_festival,2.087719298245614
9,Bakery,2023-07-03,18,2017-12-07,2023-01-01,True,9_Bakery,tourist,0,40.5,book_fair,0.4444444444444444
9,Bakery,2023-11-20,107,2017-12-07,2023-01-01,True,9_Bakery,tourist,0,38.0,food_festival,2.8157894736842106
9,Bakery,2024-05-27,137,2017-12-07,2023-01-01,True,9_Bakery,tourist,0,40.0,cultural,3.0
9,Bakery,2024-08-19,98,2017-12-07,2023-01-01,True,9_Bakery,tourist,0,39.0,food_festival,2.5128205128205128
9,Bakery,2024-09-09,96,2017-12-07,2023-01-01,True,9_Bakery,tourist,0,39.0,music_festival,2.4615384615384617
9,Bakery,2024-09-16,76,2017-12-07,2023-01-01,True,9_Bakery,tourist,0,39.0,food_festival,1.9487179487179487
9,Bakery,2024-10-28,47,2017-12-07,2023-01-01,True,9_Bakery,tourist,0,40.0,cultural,1.175
9,Bakery,2023-02-07,38,2017-12-07,2023-01-01,True,9_Bakery,tourist,1,63.0,market,0.6031746031746031
9,Bakery,2023-04-11,62,2017-12-07,2023-01-01,True,9_Bakery,tourist,1,48.0,convention,1.2916666666666667
9,Bakery,2023-04-18,65,2017-12-07,2023-01-01,True,9_Bakery,tourist,1,48.0,market,1.3541666666666667
9,Bakery,2023-08-08,62,2017-12-07,2023-01-01,True,9_Bakery,tourist,1,39.0,market,1.5897435897435896
9,Bakery,2023-08-22,61,2017-12-07,2023-01-01,True,9_Bakery,tourist,1,39.0,concert,1.564102564102564
9,Bakery,2023-09-26,63,2017-12-07,2023-01-01,True,9_Bakery,tourist,1,39.0,music_festival,1.6153846153846154
9,Bakery,2023-10-10,92,2017-12-07,2023-01-01,True,9_Bakery,tourist,1,39.0,music_festival,2.358974358974359
9,Bakery,2023-10-24,65,2017-12-07,2023-01-01,True,9_Bakery,tourist,1,39.0,book_fair,1.6666666666666667
9,Bakery,2023-11-14,45,2017-12-07,2023-01-01,True,9_Bakery,tourist,1,41.0,market,1.0975609756097562
9,Bakery,2023-12-12,202,2017-12-07,2023-01-01,True,9_Bakery,tourist,1,41.0,music_festival,3.0
9,Bakery,2023-12-12,202,2017-12-07,2023-01-01,True,9_Bakery,tourist,1,41.0,music_festival,3.0
9,Bakery,2024-01-23,135,2017-12-07,2023-01-01,True,9_Bakery,tourist,1,42.0,food_festival,3.0
9,Bakery,2024-05-21,108,2017-12-07,2023-01-01,True,9_Bakery,tourist,1,41.5,market,2.602409638554217
9,Bakery,2024-08-27,64,2017-12-07,2023-01-01,True,9_Bakery,tourist,1,39.0,food_festival,1.641025641025641
9,Bakery,2023-04-12,55,2017-12-07,2023-01-01,True,9_Bakery,tourist,2,48.5,cultural,1.134020618556701
9,Bakery,2023-09-13,51,2017-12-07,2023-01-01,True,9_Bakery,tourist,2,40.5,sports,1.2592592592592593
9,Bakery,2023-10-11,50,2017-12-07,2023-01-01,True,9_Bakery,tourist,2,40.0,sports,1.25
9,Bakery,2023-10-18,40,2017-12-07,2023-01-01,True,9_Bakery,tourist,2,40.0,sports,1.0
9,Bakery,2024-05-15,72,2017-12-07,2023-01-01,True,9_Bakery,tourist,2,41.0,market,1.7560975609756098
9,Bakery,2024-06-12,65,2017-12-07,2023-01-01,True,9_Bakery,tourist,2,41.0,music_festival,1.5853658536585367
9,Bakery,2024-09-11,30,2017-12-07,2023-01-01,True,9_Bakery,tourist,2,40.5,book_fair,0.7407407407407407
9,Bakery,2023-02-02,73,2017-12-07,2023-01-01,True,9_Bakery,tourist,3,57.5,market,1.2695652173913043
9,Bakery,2023-06-29,55,2017-12-07,2023-01-01,True,9_Bakery,tourist,3,47.0,convention,1.1702127659574468
9,Bakery,2023-09-21,87,2017-12-07,2023-01-01,True,9_Bakery,tourist,3,43.0,music_festival,2.0232558139534884
9,Bakery,2024-02-29,67,2017-12-07,2023-01-01,True,9_Bakery,tourist,3,45.0,concert,1.488888888888889
9,Bakery,2024-03-14,109,2017-12-07,2023-01-01,True,9_Bakery,tourist,3,47.0,music_festival,2.3191489361702127
9,Bakery,2024-04-04,83,2017-12-07,2023-01-01,True,9_Bakery,tourist,3,47.0,market,1.7659574468085106
9,Bakery,2024-06-27,54,2017-12-07,2023-01-01,True,9_Bakery,tourist,3,47.0,cultural,1.148936170212766
9,Bakery,2024-08-01,52,2017-12-07,2023-01-01,True,9_Bakery,tourist,3,46.0,music_festival,1.1304347826086956
9,Bakery,2024-08-15,103,2017-12-07,2023-01-01,True,9_Bakery,tourist,3,46.0,music_festival,2.239130434782609
9,Bakery,2023-02-24,65,2017-12-07,2023-01-01,True,9_Bakery,tourist,4,55.0,concert,1.1818181818181819
9,Bakery,2023-05-05,148,2017-12-07,2023-01-01,True,9_Bakery,tourist,4,50.0,concert,2.96
9,Bakery,2023-05-05,148,2017-12-07,2023-01-01,True,9_Bakery,tourist,4,50.0,concert,2.96
9,Bakery,2023-05-12,166,2017-12-07,2023-01-01,True,9_Bakery,tourist,4,51.5,food_festival,3.0
9,Bakery,2023-08-11,54,2017-12-07,2023-01-01,True,9_Bakery,tourist,4,47.0,cultural,1.148936170212766
9,Bakery,2023-10-27,128,2017-12-07,2023-01-01,True,9_Bakery,tourist,4,39.5,cultural,3.0
9,Bakery,2023-10-27,128,2017-12-07,2023-01-01,True,9_Bakery,tourist,4,39.5,concert,3.0
9,Bakery,2023-12-15,116,2017-12-07,2023-01-01,True,9_Bakery,tourist,4,41.0,convention,2.8292682926829267
9,Bakery,2024-04-26,66,2017-12-07,2023-01-01,True,9_Bakery,tourist,4,43.5,market,1.5172413793103448
9,Bakery,2024-06-28,44,2017-12-07,2023-01-01,True,9_Bakery,tourist,4,43.0,market,1.0232558139534884
9,Bakery,2024-08-30,65,2017-12-07,2023-01-01,True,9_Bakery,tourist,4,39.5,cultural,1.6455696202531647
9,Bakery,2023-03-04,88,2017-12-07,2023-01-01,True,9_Bakery,tourist,5,59.5,market,1.4789915966386555
9,Bakery,2023-03-11,121,2017-12-07,2023-01-01,True,9_Bakery,tourist,5,61.0,food_festival,1.9836065573770492
9,Bakery,2023-03-18,76,2017-12-07,2023-01-01,True,9_Bakery,tourist,5,64.0,convention,1.1875
9,Bakery,2023-05-06,109,2017-12-07,2023-01-01,True,9_Bakery,tourist,5,67.0,cultural,1.626865671641791
9,Bakery,2023-05-13,130,2017-12-07,2023-01-01,True,9_Bakery,tourist,5,68.5,market,1.897810218978102
9,Bakery,2023-10-14,67,2017-12-07,2023-01-01,True,9_Bakery,tourist,5,53.0,convention,1.2641509433962264
9,Bakery,2023-11-04,118,2017-12-07,2023-01-01,True,9_Bakery,tourist,5,52.0,market,2.269230769230769
9,Bakery,2023-11-11,100,2017-12-07,2023-01-01,True,9_Bakery,tourist,5,53.0,cultural,1.8867924528301887
9,Bakery,2024-01-27,115,2017-12-07,2023-01-01,True,9_Bakery,tourist,5,58.0,concert,1.9827586206896552
9,Bakery,2024-02-17,144,2017-12-07,2023-01-01,True,9_Bakery,tourist,5,56.0,food_festival,2.5714285714285716
9,Bakery,2024-04-06,156,2017-12-07,2023-01-01,True,9_Bakery,tourist,5,58.0,food_festival,2.689655172413793
9,Bakery,2024-05-04,61,2017-12-07,2023-01-01,True,9_Bakery,tourist,5,59.0,book_fair,1.0338983050847457
9,Bakery,2024-05-11,59,2017-12-07,2023-01-01,True,9_Bakery,tourist,5,59.0,market,1.0
9,Bakery,2024-06-01,85,2017-12-07,2023-01-01,True,9_Bakery,tourist,5,59.0,sports,1.4406779661016949
9,Bakery,2024-06-01,85,2017-12-07,2023-01-01,True,9_Bakery,tourist,5,59.0,cultural,1.4406779661016949
9,Bakery,2024-06-22,27,2017-12-07,2023-01-01,True,9_Bakery,tourist,5,59.0,book_fair,0.4576271186440678
9,Bakery,2024-08-10,81,2017-12-07,2023-01-01,True,9_Bakery,tourist,5,58.0,market,1.396551724137931
9,Bakery,2024-08-24,82,2017-12-07,2023-01-01,True,9_Bakery,tourist,5,58.0,cultural,1.4137931034482758
9,Bakery,2024-10-05,241,2017-12-07,2023-01-01,True,9_Bakery,tourist,5,58.0,cultural,3.0
9,Bakery,2024-10-05,241,2017-12-07,2023-01-01,True,9_Bakery,tourist,5,58.0,concert,3.0
9,Bakery,2024-10-19,101,2017-12-07,2023-01-01,True,9_Bakery,tourist,5,58.0,cultural,1.7413793103448276
9,Bakery,2023-08-13,90,2017-12-07,2023-01-01,True,9_Bakery,tourist,6,53.0,music_festival,1.6981132075471699
9,Bakery,2024-01-07,90,2017-12-07,2023-01-01,True,9_Bakery,tourist,6,53.0,market,1.6981132075471699
9,Bakery,2024-03-24,84,2017-12-07,2023-01-01,True,9_Bakery,tourist,6,54.5,market,1.5412844036697249
9,Bakery,2024-05-05,82,2017-12-07,2023-01-01,True,9_Bakery,tourist,6,56.5,market,1.4513274336283186
9,Bakery,2024-05-26,231,2017-12-07,2023-01-01,True,9_Bakery,tourist,6,57.0,food_festival,3.0
9,Chocolate & Milk,2023-07-03,7,2017-12-07,2023-01-01,True,9_Chocolate-Milk,tourist,0,27.0,book_fair,0.25925925925925924
9,Chocolate & Milk,2023-11-20,58,2017-12-07,2023-01-01,True,9_Chocolate-Milk,tourist,0,24.0,food_festival,2.4166666666666665
9,Chocolate & Milk,2024-05-27,62,2017-12-07,2023-01-01,True,9_Chocolate-Milk,tourist,0,26.0,cultural,2.3846153846153846
9,Chocolate & Milk,2024-08-19,55,2017-12-07,2023-01-01,True,9_Chocolate-Milk,tourist,0,25.0,food_festival,2.2
9,Chocolate & Milk,2024-09-09,53,2017-12-07,2023-01-01,True,9_Chocolate-Milk,tourist,0,25.5,music_festival,2.0784313725490198
9,Chocolate & Milk,2024-09-16,43,2017-12-07,2023-01-01,True,9_Chocolate-Milk,tourist,0,26.0,food_festival,1.6538461538461537
9,Chocolate & Milk,2024-10-28,52,2017-12-07,2023-01-01,True,9_Chocolate-Milk,tourist,0,26.0,cultural,2.0
9,Chocolate & Milk,2023-02-07,14,2017-12-07,2023-01-01,True,9_Chocolate-Milk,tourist,1,41.0,market,0.34146341463414637
9,Chocolate & Milk,2023-04-11,30,2017-12-07,2023-01-01,True,9_Chocolate-Milk,tourist,1,29.0,convention,1.0344827586206897
9,Chocolate & Milk,2023-04-18,46,2017-12-07,2023-01-01,True,9_Chocolate-Milk,tourist,1,29.0,market,1.5862068965517242
9,Chocolate & Milk,2023-08-08,38,2017-12-07,2023-01-01,True,9_Chocolate-Milk,tourist,1,25.0,market,1.52
9,Chocolate & Milk,2023-08-22,47,2017-12-07,2023-01-01,True,9_Chocolate-Milk,tourist,1,25.0,concert,1.88
9,Chocolate & Milk,2023-09-26,49,2017-12-07,2023-01-01,True,9_Chocolate-Milk,tourist,1,24.0,music_festival,2.0416666666666665
9,Chocolate & Milk,2023-10-10,74,2017-12-07,2023-01-01,True,9_Chocolate-Milk,tourist,1,24.5,music_festival,3.0
9,Chocolate & Milk,2023-10-24,23,2017-12-07,2023-01-01,True,9_Chocolate-Milk,tourist,1,24.5,book_fair,0.9387755102040817
9,Chocolate & Milk,2023-11-14,34,2017-12-07,2023-01-01,True,9_Chocolate-Milk,tourist,1,25.0,market,1.36
9,Chocolate & Milk,2023-12-12,116,2017-12-07,2023-01-01,True,9_Chocolate-Milk,tourist,1,25.0,music_festival,3.0
9,Chocolate & Milk,2023-12-12,116,2017-12-07,2023-01-01,True,9_Chocolate-Milk,tourist,1,25.0,music_festival,3.0
9,Chocolate & Milk,2024-01-23,74,2017-12-07,2023-01-01,True,9_Chocolate-Milk,tourist,1,25.0,food_festival,2.96
9,Chocolate & Milk,2024-05-21,48,2017-12-07,2023-01-01,True,9_Chocolate-Milk,tourist,1,27.0,market,1.7777777777777777
9,Chocolate & Milk,2024-08-27,56,2017-12-07,2023-01-01,True,9_Chocolate-Milk,tourist,1,24.0,food_festival,2.3333333333333335
9,Chocolate & Milk,2023-04-12,61,2017-12-07,2023-01-01,True,9_Chocolate-Milk,tourist,2,28.0,cultural,2.1785714285714284
9,Chocolate & Milk,2023-09-13,20,2017-12-07,2023-01-01,True,9_Chocolate-Milk,tourist,2,23.5,sports,0.851063829787234
9,Chocolate & Milk,2023-10-11,33,2017-12-07,2023-01-01,True,9_Chocolate-Milk,tourist,2,22.5,sports,1.4666666666666666
9,Chocolate & Milk,2023-10-18,22,2017-12-07,2023-01-01,True,9_Chocolate-Milk,tourist,2,23.0,sports,0.9565217391304348
9,Chocolate & Milk,2024-05-15,57,2017-12-07,2023-01-01,True,9_Chocolate-Milk,tourist,2,27.0,market,2.111111111111111
9,Chocolate & Milk,2024-06-12,32,2017-12-07,2023-01-01,True,9_Chocolate-Milk,tourist,2,27.0,music_festival,1.1851851851851851
9,Chocolate & Milk,2024-09-11,23,2017-12-07,2023-01-01,True,9_Chocolate-Milk,tourist,2,26.0,book_fair,0.8846153846153846
9,Chocolate & Milk,2023-02-02,42,2017-12-07,2023-01-01,True,9_Chocolate-Milk,tourist,3,31.5,market,1.3333333333333333
9,Chocolate & Milk,2023-06-29,36,2017-12-07,2023-01-01,True,9_Chocolate-Milk,tourist,3,30.0,convention,1.2
9,Chocolate & Milk,2023-09-21,64,2017-12-07,2023-01-01,True,9_Chocolate-Milk,tourist,3,26.0,music_festival,2.4615384615384617
9,Chocolate & Milk,2024-02-29,26,2017-12-07,2023-01-01,True,9_Chocolate-Milk,tourist,3,25.5,concert,1.0196078431372548
9,Chocolate & Milk,2024-03-14,69,2017-12-07,2023-01-01,True,9_Chocolate-Milk,tourist,3,26.0,music_festival,2.6538461538461537
9,Chocolate & Milk,2024-04-04,41,2017-12-07,2023-01-01,True,9_Chocolate-Milk,tourist,3,26.0,market,1.5769230769230769
9,Chocolate & Milk,2024-06-27,23,2017-12-07,2023-01-01,True,9_Chocolate-Milk,tourist,3,26.0,cultural,0.8846153846153846
9,Chocolate & Milk,2024-08-01,28,2017-12-07,2023-01-01,True,9_Chocolate-Milk,tourist,3,26.0,music_festival,1.0769230769230769
9,Chocolate & Milk,2024-08-15,47,2017-12-07,2023-01-01,True,9_Chocolate-Milk,tourist,3,26.0,music_festival,1.8076923076923077
9,Chocolate & Milk,2023-02-24,37,2017-12-07,2023-01-01,True,9_Chocolate-Milk,tourist,4,24.0,concert,1.5416666666666667
9,Chocolate & Milk,2023-05-05,76,2017-12-07,2023-01-01,True,9_Chocolate-Milk,tourist,4,24.0,concert,3.0
9,Chocolate & Milk,2023-05-05,76,2017-12-07,2023-01-01,True,9_Chocolate-Milk,tourist,4,24.0,concert,3.0
9,Chocolate & Milk,2023-05-12,85,2017-12-07,2023-01-01,True,9_Chocolate-Milk,tourist,4,28.0,food_festival,3.0
9,Chocolate & Milk,2023-08-11,41,2017-12-07,2023-01-01,True,9_Chocolate-Milk,tourist,4,23.0,cultural,1.7826086956521738
9,Chocolate & Milk,2023-10-27,76,2017-12-07,2023-01-01,True,9_Chocolate-Milk,tourist,4,23.0,cultural,3.0
9,Chocolate & Milk,2023-10-27,76,2017-12-07,2023-01-01,True,9_Chocolate-Milk,tourist,4,23.0,concert,3.0
9,Chocolate & Milk,2023-12-15,69,2017-12-07,2023-01-01,True,9_Chocolate-Milk,tourist,4,24.0,convention,2.875
9,Chocolate & Milk,2024-04-26,28,2017-12-07,2023-01-01,True,9_Chocolate-Milk,tourist,4,25.5,market,1.0980392156862746
9,Chocolate & Milk,2024-06-28,13,2017-12-07,2023-01-01,True,9_Chocolate-Milk,tourist,4,25.0,market,0.52
9,Chocolate & Milk,2024-08-30,52,2017-12-07,2023-01-01,True,9_Chocolate-Milk,tourist,4,24.0,cultural,2.1666666666666665
9,Chocolate & Milk,2023-03-04,82,2017-12-07,2023-01-01,True,9_Chocolate-Milk,tourist,5,40.0,market,2.05
9,Chocolate & Milk,2023-03-11,85,2017-12-07,2023-01-01,True,9_Chocolate-Milk,tourist,5,43.0,food_festival,1.9767441860465116
9,Chocolate & Milk,2023-03-18,38,2017-12-07,2023-01-01,True,9_Chocolate-Milk,tourist,5,43.5,convention,0.8735632183908046
9,Chocolate & Milk,2023-05-06,47,2017-12-07,2023-01-01,True,9_Chocolate-Milk,tourist,5,44.0,cultural,1.0681818181818181
9,Chocolate & Milk,2023-05-13,66,2017-12-07,2023-01-01,True,9_Chocolate-Milk,tourist,5,44.0,market,1.5
9,Chocolate & Milk,2023-10-14,46,2017-12-07,2023-01-01,True,9_Chocolate-Milk,tourist,5,36.5,convention,1.2602739726027397
9,Chocolate & Milk,2023-11-04,70,2017-12-07,2023-01-01,True,9_Chocolate-Milk,tourist,5,36.0,market,1.9444444444444444
9,Chocolate & Milk,2023-11-11,45,2017-12-07,2023-01-01,True,9_Chocolate-Milk,tourist,5,36.5,cultural,1.2328767123287672
9,Chocolate & Milk,2024-01-27,49,2017-12-07,2023-01-01,True,9_Chocolate-Milk,tourist,5,38.0,concert,1.2894736842105263
9,Chocolate & Milk,2024-02-17,70,2017-12-07,2023-01-01,True,9_Chocolate-Milk,tourist,5,37.5,food_festival,1.8666666666666667
9,Chocolate & Milk,2024-04-06,112,2017-12-07,2023-01-01,True,9_Chocolate-Milk,tourist,5,38.0,food_festival,2.9473684210526314
9,Chocolate & Milk,2024-05-04,43,2017-12-07,2023-01-01,True,9_Chocolate-Milk,tourist,5,39.0,book_fair,1.1025641025641026
9,Chocolate & Milk,2024-05-11,47,2017-12-07,2023-01-01,True,9_Chocolate-Milk,tourist,5,39.5,market,1.1898734177215189
9,Chocolate & Milk,2024-06-01,42,2017-12-07,2023-01-01,True,9_Chocolate-Milk,tourist,5,40.0,sports,1.05
9,Chocolate & Milk,2024-06-01,42,2017-12-07,2023-01-01,True,9_Chocolate-Milk,tourist,5,40.0,cultural,1.05
9,Chocolate & Milk,2024-06-22,23,2017-12-07,2023-01-01,True,9_Chocolate-Milk,tourist,5,39.5,book_fair,0.5822784810126582
9,Chocolate & Milk,2024-08-10,51,2017-12-07,2023-01-01,True,9_Chocolate-Milk,tourist,5,38.0,market,1.3421052631578947
9,Chocolate & Milk,2024-08-24,46,2017-12-07,2023-01-01,True,9_Chocolate-Milk,tourist,5,38.0,cultural,1.2105263157894737
9,Chocolate & Milk,2024-10-05,141,2017-12-07,2023-01-01,True,9_Chocolate-Milk,tourist,5,38.0,cultural,3.0
9,Chocolate & Milk,2024-10-05,141,2017-12-07,2023-01-01,True,9_Chocolate-Milk,tourist,5,38.0,concert,3.0
9,Chocolate & Milk,2024-10-19,62,2017-12-07,2023-01-01,True,9_Chocolate-Milk,tourist,5,38.0,cultural,1.631578947368421
9,Chocolate & Milk,2023-08-13,82,2017-12-07,2023-01-01,True,9_Chocolate-Milk,tourist,6,30.5,music_festival,2.6885245901639343
9,Chocolate & Milk,2024-01-07,45,2017-12-07,2023-01-01,True,9_Chocolate-Milk,tourist,6,35.0,market,1.2857142857142858
9,Chocolate & Milk,2024-03-24,45,2017-12-07,2023-01-01,True,9_Chocolate-Milk,tourist,6,34.0,market,1.3235294117647058
9,Chocolate & Milk,2024-05-05,51,2017-12-07,2023-01-01,True,9_Chocolate-Milk,tourist,6,35.5,market,1.4366197183098592
9,Chocolate & Milk,2024-05-26,151,2017-12-07,2023-01-01,True,9_Chocolate-Milk,tourist,6,36.0,food_festival,3.0
9,Coffee,2023-07-03,86,2017-12-07,2023-01-01,True,9_Coffee,tourist,0,172.0,book_fair,0.5
9,Coffee,2023-11-20,417,2017-12-07,2023-01-01,True,9_Coffee,tourist,0,165.0,food_festival,2.5272727272727273
9,Coffee,2024-05-27,482,2017-12-07,2023-01-01,True,9_Coffee,tourist,0,173.0,cultural,2.786127167630058
9,Coffee,2024-08-19,388,2017-12-07,2023-01-01,True,9_Coffee,tourist,0,165.0,food_festival,2.3515151515151516
9,Coffee,2024-09-09,419,2017-12-07,2023-01-01,True,9_Coffee,tourist,0,165.5,music_festival,2.5317220543806647
9,Coffee,2024-09-16,342,2017-12-07,2023-01-01,True,9_Coffee,tourist,0,166.0,food_festival,2.0602409638554215
9,Coffee,2024-10-28,221,2017-12-07,2023-01-01,True,9_Coffee,tourist,0,167.0,cultural,1.3233532934131738
9,Coffee,2023-02-07,141,2017-12-07,2023-01-01,True,9_Coffee,tourist,1,249.0,market,0.5662650602409639
9,Coffee,2023-04-11,201,2017-12-07,2023-01-01,True,9_Coffee,tourist,1,199.0,convention,1.0100502512562815
9,Coffee,2023-04-18,369,2017-12-07,2023-01-01,True,9_Coffee,tourist,1,201.0,market,1.835820895522388
9,Coffee,2023-08-08,219,2017-12-07,2023-01-01,True,9_Coffee,tourist,1,175.0,market,1.2514285714285713
9,Coffee,2023-08-22,194,2017-12-07,2023-01-01,True,9_Coffee,tourist,1,175.0,concert,1.1085714285714285
9,Coffee,2023-09-26,299,2017-12-07,2023-01-01,True,9_Coffee,tourist,1,172.0,music_festival,1.7383720930232558
9,Coffee,2023-10-10,368,2017-12-07,2023-01-01,True,9_Coffee,tourist,1,174.0,music_festival,2.1149425287356323
9,Coffee,2023-10-24,225,2017-12-07,2023-01-01,True,9_Coffee,tourist,1,174.0,book_fair,1.293103448275862
9,Coffee,2023-11-14,216,2017-12-07,2023-01-01,True,9_Coffee,tourist,1,175.0,market,1.2342857142857142
9,Coffee,2023-12-12,933,2017-12-07,2023-01-01,True,9_Coffee,tourist,1,175.0,music_festival,3.0
9,Coffee,2023-12-12,933,2017-12-07,2023-01-01,True,9_Coffee,tourist,1,175.0,music_festival,3.0
9,Coffee,2024-01-23,528,2017-12-07,2023-01-01,True,9_Coffee,tourist,1,182.0,food_festival,2.901098901098901
9,Coffee,2024-05-21,353,2017-12-07,2023-01-01,True,9_Coffee,tourist,1,180.5,market,1.9556786703601108
9,Coffee,2024-08-27,313,2017-12-07,2023-01-01,True,9_Coffee,tourist,1,174.0,food_festival,1.7988505747126438
9,Coffee,2023-04-12,305,2017-12-07,2023-01-01,True,9_Coffee,tourist,2,184.0,cultural,1.6576086956521738
9,Coffee,2023-09-13,212,2017-12-07,2023-01-01,True,9_Coffee,tourist,2,155.5,sports,1.3633440514469453
9,Coffee,2023-10-11,242,2017-12-07,2023-01-01,True,9_Coffee,tourist,2,155.5,sports,1.5562700964630225
9,Coffee,2023-10-18,223,2017-12-07,2023-01-01,True,9_Coffee,tourist,2,159.0,sports,1.4025157232704402
9,Coffee,2024-05-15,314,2017-12-07,2023-01-01,True,9_Coffee,tourist,2,174.0,market,1.8045977011494252
9,Coffee,2024-06-12,250,2017-12-07,2023-01-01,True,9_Coffee,tourist,2,176.0,music_festival,1.4204545454545454
9,Coffee,2024-09-11,115,2017-12-07,2023-01-01,True,9_Coffee,tourist,2,167.5,book_fair,0.6865671641791045
9,Coffee,2023-02-02,239,2017-12-07,2023-01-01,True,9_Coffee,tourist,3,233.0,market,1.0257510729613735
9,Coffee,2023-06-29,181,2017-12-07,2023-01-01,True,9_Coffee,tourist,3,187.0,convention,0.9679144385026738
9,Coffee,2023-09-21,239,2017-12-07,2023-01-01,True,9_Coffee,tourist,3,158.0,music_festival,1.5126582278481013
9,Coffee,2024-02-29,281,2017-12-07,2023-01-01,True,9_Coffee,tourist,3,166.0,concert,1.6927710843373494
9,Coffee,2024-03-14,433,2017-12-07,2023-01-01,True,9_Coffee,tourist,3,168.0,music_festival,2.5773809523809526
9,Coffee,2024-04-04,322,2017-12-07,2023-01-01,True,9_Coffee,tourist,3,169.0,market,1.9053254437869822
9,Coffee,2024-06-27,213,2017-12-07,2023-01-01,True,9_Coffee,tourist,3,173.0,cultural,1.23121387283237
9,Coffee,2024-08-01,234,2017-12-07,2023-01-01,True,9_Coffee,tourist,3,168.0,music_festival,1.3928571428571428
9,Coffee,2024-08-15,365,2017-12-07,2023-01-01,True,9_Coffee,tourist,3,168.0,music_festival,2.1726190476190474
9,Coffee,2023-02-24,206,2017-12-07,2023-01-01,True,9_Coffee,tourist,4,195.0,concert,1.0564102564102564
9,Coffee,2023-05-05,623,2017-12-07,2023-01-01,True,9_Coffee,tourist,4,195.0,concert,3.0
9,Coffee,2023-05-05,623,2017-12-07,2023-01-01,True,9_Coffee,tourist,4,195.0,concert,3.0
9,Coffee,2023-05-12,691,2017-12-07,2023-01-01,True,9_Coffee,tourist,4,197.0,food_festival,3.0
9,Coffee,2023-08-11,296,2017-12-07,2023-01-01,True,9_Coffee,tourist,4,173.0,cultural,1.7109826589595376
9,Coffee,2023-10-27,517,2017-12-07,2023-01-01,True,9_Coffee,tourist,4,167.0,cultural,3.0
9,Coffee,2023-10-27,517,2017-12-07,2023-01-01,True,9_Coffee,tourist,4,167.0,concert,3.0
9,Coffee,2023-12-15,435,2017-12-07,2023-01-01,True,9_Coffee,tourist,4,168.0,convention,2.5892857142857144
9,Coffee,2024-04-26,268,2017-12-07,2023-01-01,True,9_Coffee,tourist,4,173.5,market,1.5446685878962536
9,Coffee,2024-06-28,155,2017-12-07,2023-01-01,True,9_Coffee,tourist,4,173.0,market,0.8959537572254336
9,Coffee,2024-08-30,316,2017-12-07,2023-01-01,True,9_Coffee,tourist,4,166.0,cultural,1.9036144578313252
9,Coffee,2023-03-04,329,2017-12-07,2023-01-01,True,9_Coffee,tourist,5,238.5,market,1.379454926624738
9,Coffee,2023-03-11,566,2017-12-07,2023-01-01,True,9_Coffee,tourist,5,244.0,food_festival,2.319672131147541
9,Coffee,2023-03-18,279,2017-12-07,2023-01-01,True,9_Coffee,tourist,5,267.5,convention,1.0429906542056075
9,Coffee,2023-05-06,452,2017-12-07,2023-01-01,True,9_Coffee,tourist,5,285.0,cultural,1.5859649122807018
9,Coffee,2023-05-13,486,2017-12-07,2023-01-01,True,9_Coffee,tourist,5,288.0,market,1.6875
9,Coffee,2023-10-14,256,2017-12-07,2023-01-01,True,9_Coffee,tourist,5,221.5,convention,1.1557562076749435
9,Coffee,2023-11-04,416,2017-12-07,2023-01-01,True,9_Coffee,tourist,5,224.0,market,1.8571428571428572
9,Coffee,2023-11-11,347,2017-12-07,2023-01-01,True,9_Coffee,tourist,5,224.0,cultural,1.5491071428571428
9,Coffee,2024-01-27,402,2017-12-07,2023-01-01,True,9_Coffee,tourist,5,243.0,concert,1.654320987654321
9,Coffee,2024-02-17,540,2017-12-07,2023-01-01,True,9_Coffee,tourist,5,243.5,food_festival,2.217659137577002
9,Coffee,2024-04-06,633,2017-12-07,2023-01-01,True,9_Coffee,tourist,5,245.0,food_festival,2.583673469387755
9,Coffee,2024-05-04,274,2017-12-07,2023-01-01,True,9_Coffee,tourist,5,250.0,book_fair,1.096
9,Coffee,2024-05-11,359,2017-12-07,2023-01-01,True,9_Coffee,tourist,5,252.0,market,1.4246031746031746
9,Coffee,2024-06-01,265,2017-12-07,2023-01-01,True,9_Coffee,tourist,5,256.0,sports,1.03515625
9,Coffee,2024-06-01,265,2017-12-07,2023-01-01,True,9_Coffee,tourist,5,256.0,cultural,1.03515625
9,Coffee,2024-06-22,111,2017-12-07,2023-01-01,True,9_Coffee,tourist,5,255.0,book_fair,0.43529411764705883
9,Coffee,2024-08-10,308,2017-12-07,2023-01-01,True,9_Coffee,tourist,5,245.0,market,1.2571428571428571
9,Coffee,2024-08-24,277,2017-12-07,2023-01-01,True,9_Coffee,tourist,5,245.0,cultural,1.1306122448979592
9,Coffee,2024-10-05,997,2017-12-07,2023-01-01,True,9_Coffee,tourist,5,245.0,cultural,3.0
9,Coffee,2024-10-05,997,2017-12-07,2023-01-01,True,9_Coffee,tourist,5,245.0,concert,3.0
9,Coffee,2024-10-19,485,2017-12-07,2023-01-01,True,9_Coffee,tourist,5,245.0,cultural,1.9795918367346939
9,Coffee,2023-08-13,501,2017-12-07,2023-01-01,True,9_Coffee,tourist,6,221.5,music_festival,2.2618510158013545
9,Coffee,2024-01-07,470,2017-12-07,2023-01-01,True,9_Coffee,tourist,6,219.0,market,2.146118721461187
9,Coffee,2024-03-24,345,2017-12-07,2023-01-01,True,9_Coffee,tourist,6,225.5,market,1.5299334811529934
9,Coffee,2024-05-05,319,2017-12-07,2023-01-01,True,9_Coffee,tourist,6,236.5,market,1.3488372093023255
9,Coffee,2024-05-26,1094,2017-12-07,2023-01-01,True,9_Coffee,tourist,6,237.0,food_festival,3.0
9,Juice & Smoothie,2023-07-03,7,2017-12-07,2023-01-01,True,9_Juice-Smoothie,tourist,0,17.0,book_fair,0.4117647058823529
9,Juice & Smoothie,2023-11-20,36,2017-12-07,2023-01-01,True,9_Juice-Smoothie,tourist,0,14.0,food_festival,2.5714285714285716
9,Juice & Smoothie,2024-05-27,39,2017-12-07,2023-01-01,True,9_Juice-Smoothie,tourist,0,15.0,cultural,2.6
9,Juice & Smoothie,2024-08-19,50,2017-12-07,2023-01-01,True,9_Juice-Smoothie,tourist,0,15.0,food_festival,3.0
9,Juice & Smoothie,2024-09-09,23,2017-12-07,2023-01-01,True,9_Juice-Smoothie,tourist,0,15.0,music_festival,1.5333333333333334
9,Juice & Smoothie,2024-09-16,18,2017-12-07,2023-01-01,True,9_Juice-Smoothie,tourist,0,15.0,food_festival,1.2
9,Juice & Smoothie,2024-10-28,39,2017-12-07,2023-01-01,True,9_Juice-Smoothie,tourist,0,15.0,cultural,2.6
9,Juice & Smoothie,2023-02-07,14,2017-12-07,2023-01-01,True,9_Juice-Smoothie,tourist,1,22.0,market,0.6363636363636364
9,Juice & Smoothie,2023-04-11,13,2017-12-07,2023-01-01,True,9_Juice-Smoothie,tourist,1,19.0,convention,0.6842105263157895
9,Juice & Smoothie,2023-04-18,29,2017-12-07,2023-01-01,True,9_Juice-Smoothie,tourist,1,19.0,market,1.5263157894736843
9,Juice & Smoothie,2023-08-08,23,2017-12-07,2023-01-01,True,9_Juice-Smoothie,tourist,1,17.0,market,1.3529411764705883
9,Juice & Smoothie,2023-08-22,15,2017-12-07,2023-01-01,True,9_Juice-Smoothie,tourist,1,17.0,concert,0.8823529411764706
9,Juice & Smoothie,2023-09-26,31,2017-12-07,2023-01-01,True,9_Juice-Smoothie,tourist,1,15.0,music_festival,2.066666666666667
9,Juice & Smoothie,2023-10-10,25,2017-12-07,2023-01-01,True,9_Juice-Smoothie,tourist,1,16.0,music_festival,1.5625
9,Juice & Smoothie,2023-10-24,14,2017-12-07,2023-01-01,True,9_Juice-Smoothie,tourist,1,16.0,book_fair,0.875
9,Juice & Smoothie,2023-11-14,13,2017-12-07,2023-01-01,True,9_Juice-Smoothie,tourist,1,17.0,market,0.7647058823529411
9,Juice & Smoothie,2023-12-12,82,2017-12-07,2023-01-01,True,9_Juice-Smoothie,tourist,1,17.0,music_festival,3.0
9,Juice & Smoothie,2023-12-12,82,2017-12-07,2023-01-01,True,9_Juice-Smoothie,tourist,1,17.0,music_festival,3.0
9,Juice & Smoothie,2024-01-23,43,2017-12-07,2023-01-01,True,9_Juice-Smoothie,tourist,1,18.0,food_festival,2.388888888888889
9,Juice & Smoothie,2024-05-21,26,2017-12-07,2023-01-01,True,9_Juice-Smoothie,tourist,1,17.5,market,1.4857142857142858
9,Juice & Smoothie,2024-08-27,44,2017-12-07,2023-01-01,True,9_Juice-Smoothie,tourist,1,15.5,food_festival,2.838709677419355
9,Juice & Smoothie,2023-04-12,32,2017-12-07,2023-01-01,True,9_Juice-Smoothie,tourist,2,16.0,cultural,2.0
9,Juice & Smoothie,2023-09-13,19,2017-12-07,2023-01-01,True,9_Juice-Smoothie,tourist,2,15.0,sports,1.2666666666666666
9,Juice & Smoothie,2023-10-11,24,2017-12-07,2023-01-01,True,9_Juice-Smoothie,tourist,2,15.0,sports,1.6
9,Juice & Smoothie,2023-10-18,21,2017-12-07,2023-01-01,True,9_Juice-Smoothie,tourist,2,15.0,sports,1.4
9,Juice & Smoothie,2024-05-15,35,2017-12-07,2023-01-01,True,9_Juice-Smoothie,tourist,2,16.0,market,2.1875
9,Juice & Smoothie,2024-06-12,11,2017-12-07,2023-01-01,True,9_Juice-Smoothie,tourist,2,16.0,music_festival,0.6875
9,Juice & Smoothie,2024-09-11,12,2017-12-07,2023-01-01,True,9_Juice-Smoothie,tourist,2,15.0,book_fair,0.8
9,Juice & Smoothie,2023-02-02,28,2017-12-07,2023-01-01,True,9_Juice-Smoothie,tourist,3,24.0,market,1.1666666666666667
9,Juice & Smoothie,2023-06-29,19,2017-12-07,2023-01-01,True,9_Juice-Smoothie,tourist,3,18.0,convention,1.0555555555555556
9,Juice & Smoothie,2023-09-21,24,2017-12-07,2023-01-01,True,9_Juice-Smoothie,tourist,3,16.0,music_festival,1.5
9,Juice & Smoothie,2024-02-29,26,2017-12-07,2023-01-01,True,9_Juice-Smoothie,tourist,3,16.0,concert,1.625
9,Juice & Smoothie,2024-03-14,39,2017-12-07,2023-01-01,True,9_Juice-Smoothie,tourist,3,16.5,music_festival,2.3636363636363638
9,Juice & Smoothie,2024-04-04,27,2017-12-07,2023-01-01,True,9_Juice-Smoothie,tourist,3,17.0,market,1.588235294117647
9,Juice & Smoothie,2024-06-27,26,2017-12-07,2023-01-01,True,9_Juice-Smoothie,tourist,3,17.0,cultural,1.5294117647058822
9,Juice & Smoothie,2024-08-01,19,2017-12-07,2023-01-01,True,9_Juice-Smoothie,tourist,3,16.5,music_festival,1.1515151515151516
9,Juice & Smoothie,2024-08-15,30,2017-12-07,2023-01-01,True,9_Juice-Smoothie,tourist,3,16.5,music_festival,1.8181818181818181
9,Juice & Smoothie,2023-02-24,17,2017-12-07,2023-01-01,True,9_Juice-Smoothie,tourist,4,16.0,concert,1.0625
9,Juice & Smoothie,2023-05-05,57,2017-12-07,2023-01-01,True,9_Juice-Smoothie,tourist,4,17.0,concert,3.0
9,Juice & Smoothie,2023-05-05,57,2017-12-07,2023-01-01,True,9_Juice-Smoothie,tourist,4,17.0,concert,3.0
9,Juice & Smoothie,2023-05-12,62,2017-12-07,2023-01-01,True,9_Juice-Smoothie,tourist,4,18.0,food_festival,3.0
9,Juice & Smoothie,2023-08-11,13,2017-12-07,2023-01-01,True,9_Juice-Smoothie,tourist,4,13.0,cultural,1.0
9,Juice & Smoothie,2023-10-27,49,2017-12-07,2023-01-01,True,9_Juice-Smoothie,tourist,4,13.0,cultural,3.0
9,Juice & Smoothie,2023-10-27,49,2017-12-07,2023-01-01,True,9_Juice-Smoothie,tourist,4,13.0,concert,3.0
9,Juice & Smoothie,2023-12-15,41,2017-12-07,2023-01-01,True,9_Juice-Smoothie,tourist,4,15.0,convention,2.7333333333333334
9,Juice & Smoothie,2024-04-26,31,2017-12-07,2023-01-01,True,9_Juice-Smoothie,tourist,4,15.5,market,2.0
9,Juice & Smoothie,2024-06-28,15,2017-12-07,2023-01-01,True,9_Juice-Smoothie,tourist,4,15.0,market,1.0
9,Juice & Smoothie,2024-08-30,29,2017-12-07,2023-01-01,True,9_Juice-Smoothie,tourist,4,15.0,cultural,1.9333333333333333
9,Juice & Smoothie,2023-03-04,37,2017-12-07,2023-01-01,True,9_Juice-Smoothie,tourist,5,22.0,market,1.6818181818181819
9,Juice & Smoothie,2023-03-11,38,2017-12-07,2023-01-01,True,9_Juice-Smoothie,tourist,5,23.0,food_festival,1.6521739130434783
9,Juice & Smoothie,2023-03-18,21,2017-12-07,2023-01-01,True,9_Juice-Smoothie,tourist,5,27.5,convention,0.7636363636363637
9,Juice & Smoothie,2023-05-06,43,2017-12-07,2023-01-01,True,9_Juice-Smoothie,tourist,5,23.0,cultural,1.8695652173913044
9,Juice & Smoothie,2023-05-13,29,2017-12-07,2023-01-01,True,9_Juice-Smoothie,tourist,5,25.0,market,1.16
9,Juice & Smoothie,2023-10-14,21,2017-12-07,2023-01-01,True,9_Juice-Smoothie,tourist,5,17.5,convention,1.2
9,Juice & Smoothie,2023-11-04,35,2017-12-07,2023-01-01,True,9_Juice-Smoothie,tourist,5,18.0,market,1.9444444444444444
9,Juice & Smoothie,2023-11-11,41,2017-12-07,2023-01-01,True,9_Juice-Smoothie,tourist,5,18.0,cultural,2.2777777777777777
9,Juice & Smoothie,2024-01-27,36,2017-12-07,2023-01-01,True,9_Juice-Smoothie,tourist,5,21.0,concert,1.7142857142857142
9,Juice & Smoothie,2024-02-17,49,2017-12-07,2023-01-01,True,9_Juice-Smoothie,tourist,5,20.0,food_festival,2.45
9,Juice & Smoothie,2024-04-06,63,2017-12-07,2023-01-01,True,9_Juice-Smoothie,tourist,5,21.0,food_festival,3.0
9,Juice & Smoothie,2024-05-04,24,2017-12-07,2023-01-01,True,9_Juice-Smoothie,tourist,5,23.0,book_fair,1.0434782608695652
9,Juice & Smoothie,2024-05-11,23,2017-12-07,2023-01-01,True,9_Juice-Smoothie,tourist,5,23.0,market,1.0
9,Juice & Smoothie,2024-06-01,17,2017-12-07,2023-01-01,True,9_Juice-Smoothie,tourist,5,23.0,sports,0.7391304347826086
9,Juice & Smoothie,2024-06-01,17,2017-12-07,2023-01-01,True,9_Juice-Smoothie,tourist,5,23.0,cultural,0.7391304347826086
9,Juice & Smoothie,2024-06-22,7,2017-12-07,2023-01-01,True,9_Juice-Smoothie,tourist,5,22.0,book_fair,0.3181818181818182
9,Juice & Smoothie,2024-08-10,29,2017-12-07,2023-01-01,True,9_Juice-Smoothie,tourist,5,21.0,market,1.380952380952381
9,Juice & Smoothie,2024-08-24,23,2017-12-07,2023-01-01,True,9_Juice-Smoothie,tourist,5,21.0,cultural,1.0952380952380953
9,Juice & Smoothie,2024-10-05,73,2017-12-07,2023-01-01,True,9_Juice-Smoothie,tourist,5,21.0,cultural,3.0
9,Juice & Smoothie,2024-10-05,73,2017-12-07,2023-01-01,True,9_Juice-Smoothie,tourist,5,21.0,concert,3.0
9,Juice & Smoothie,2024-10-19,45,2017-12-07,2023-01-01,True,9_Juice-Smoothie,tourist,5,21.0,cultural,2.142857142857143
9,Juice & Smoothie,2023-08-13,50,2017-12-07,2023-01-01,True,9_Juice-Smoothie,tourist,6,23.5,music_festival,2.127659574468085
9,Juice & Smoothie,2024-01-07,32,2017-12-07,2023-01-01,True,9_Juice-Smoothie,tourist,6,23.0,market,1.391304347826087
9,Juice & Smoothie,2024-03-24,24,2017-12-07,2023-01-01,True,9_Juice-Smoothie,tourist,6,23.5,market,1.0212765957446808
9,Juice & Smoothie,2024-05-05,55,2017-12-07,2023-01-01,True,9_Juice-Smoothie,tourist,6,23.5,market,2.3404255319148937
9,Juice & Smoothie,2024-05-26,108,2017-12-07,2023-01-01,True,9_Juice-Smoothie,tourist,6,23.0,food_festival,3.0
9,Merchandise,2023-07-03,8,2017-12-07,2023-01-01,True,9_Merchandise,tourist,0,9.5,book_fair,0.8421052631578947
9,Merchandise,2023-11-20,20,2017-12-07,2023-01-01,True,9_Merchandise,tourist,0,8.0,food_festival,2.5
9,Merchandise,2024-05-27,20,2017-12-07,2023-01-01,True,9_Merchandise,tourist,0,8.0,cultural,2.5
9,Merchandise,2024-08-19,19,2017-12-07,2023-01-01,True,9_Merchandise,tourist,0,8.0,food_festival,2.375
9,Merchandise,2024-09-09,16,2017-12-07,2023-01-01,True,9_Merchandise,tourist,0,8.0,music_festival,2.0
9,Merchandise,2024-09-16,18,2017-12-07,2023-01-01,True,9_Merchandise,tourist,0,8.0,food_festival,2.25
9,Merchandise,2024-10-28,12,2017-12-07,2023-01-01,True,9_Merchandise,tourist,0,8.0,cultural,1.5
9,Merchandise,2023-02-07,14,2017-12-07,2023-01-01,True,9_Merchandise,tourist,1,14.0,market,1.0
9,Merchandise,2023-04-11,6,2017-12-07,2023-01-01,True,9_Merchandise,tourist,1,13.5,convention,0.4444444444444444
9,Merchandise,2023-04-18,13,2017-12-07,2023-01-01,True,9_Merchandise,tourist,1,13.0,market,1.0
9,Merchandise,2023-08-08,11,2017-12-07,2023-01-01,True,9_Merchandise,tourist,1,9.0,market,1.2222222222222223
9,Merchandise,2023-08-22,14,2017-12-07,2023-01-01,True,9_Merchandise,tourist,1,9.0,concert,1.5555555555555556
9,Merchandise,2023-09-26,14,2017-12-07,2023-01-01,True,9_Merchandise,tourist,1,8.0,music_festival,1.75
9,Merchandise,2023-10-10,16,2017-12-07,2023-01-01,True,9_Merchandise,tourist,1,8.0,music_festival,2.0
9,Merchandise,2023-10-24,17,2017-12-07,2023-01-01,True,9_Merchandise,tourist,1,8.5,book_fair,2.0
9,Merchandise,2023-11-14,11,2017-12-07,2023-01-01,True,9_Merchandise,tourist,1,9.0,market,1.2222222222222223
9,Merchandise,2023-12-12,38,2017-12-07,2023-01-01,True,9_Merchandise,tourist,1,10.0,music_festival,3.0
9,Merchandise,2023-12-12,38,2017-12-07,2023-01-01,True,9_Merchandise,tourist,1,10.0,music_festival,3.0
9,Merchandise,2024-01-23,21,2017-12-07,2023-01-01,True,9_Merchandise,tourist,1,10.0,food_festival,2.1
9,Merchandise,2024-05-21,14,2017-12-07,2023-01-01,True,9_Merchandise,tourist,1,10.0,market,1.4
9,Merchandise,2024-08-27,19,2017-12-07,2023-01-01,True,9_Merchandise,tourist,1,9.0,food_festival,2.111111111111111
9,Merchandise,2023-04-12,12,2017-12-07,2023-01-01,True,9_Merchandise,tourist,2,10.0,cultural,1.2
9,Merchandise,2023-09-13,4,2017-12-07,2023-01-01,True,9_Merchandise,tourist,2,7.5,sports,0.5333333333333333
9,Merchandise,2023-10-11,7,2017-12-07,2023-01-01,True,9_Merchandise,tourist,2,8.0,sports,0.875
9,Merchandise,2023-10-18,10,2017-12-07,2023-01-01,True,9_Merchandise,tourist,2,8.0,sports,1.25
9,Merchandise,2024-05-15,17,2017-12-07,2023-01-01,True,9_Merchandise,tourist,2,8.0,market,2.125
9,Merchandise,2024-06-12,9,2017-12-07,2023-01-01,True,9_Merchandise,tourist,2,8.0,music_festival,1.125
9,Merchandise,2024-09-11,3,2017-12-07,2023-01-01,True,9_Merchandise,tourist,2,8.0,book_fair,0.375
9,Merchandise,2023-02-02,12,2017-12-07,2023-01-01,True,9_Merchandise,tourist,3,9.5,market,1.263157894736842
9,Merchandise,2023-06-29,13,2017-12-07,2023-01-01,True,9_Merchandise,tourist,3,9.0,convention,1.4444444444444444
9,Merchandise,2023-09-21,9,2017-12-07,2023-01-01,True,9_Merchandise,tourist,3,8.0,music_festival,1.125
9,Merchandise,2024-02-29,15,2017-12-07,2023-01-01,True,9_Merchandise,tourist,3,8.5,concert,1.7647058823529411
9,Merchandise,2024-03-14,26,2017-12-07,2023-01-01,True,9_Merchandise,tourist,3,9.0,music_festival,2.888888888888889
9,Merchandise,2024-04-04,21,2017-12-07,2023-01-01,True,9_Merchandise,tourist,3,9.0,market,2.3333333333333335
9,Merchandise,2024-06-27,11,2017-12-07,2023-01-01,True,9_Merchandise,tourist,3,9.0,cultural,1.2222222222222223
9,Merchandise,2024-08-01,5,2017-12-07,2023-01-01,True,9_Merchandise,tourist,3,9.0,music_festival,0.5555555555555556
9,Merchandise,2024-08-15,21,2017-12-07,2023-01-01,True,9_Merchandise,tourist,3,9.0,music_festival,2.3333333333333335
9,Merchandise,2023-02-24,14,2017-12-07,2023-01-01,True,9_Merchandise,tourist,4,11.0,concert,1.2727272727272727
9,Merchandise,2023-05-05,33,2017-12-07,2023-01-01,True,9_Merchandise,tourist,4,12.0,concert,2.75
9,Merchandise,2023-05-05,33,2017-12-07,2023-01-01,True,9_Merchandise,tourist,4,12.0,concert,2.75
9,Merchandise,2023-05-12,29,2017-12-07,2023-01-01,True,9_Merchandise,tourist,4,12.0,food_festival,2.4166666666666665
9,Merchandise,2023-08-11,12,2017-12-07,2023-01-01,True,9_Merchandise,tourist,4,10.0,cultural,1.2
9,Merchandise,2023-10-27,30,2017-12-07,2023-01-01,True,9_Merchandise,tourist,4,10.0,cultural,3.0
9,Merchandise,2023-10-27,30,2017-12-07,2023-01-01,True,9_Merchandise,tourist,4,10.0,concert,3.0
9,Merchandise,2023-12-15,27,2017-12-07,2023-01-01,True,9_Merchandise,tourist,4,10.0,convention,2.7
9,Merchandise,2024-04-26,14,2017-12-07,2023-01-01,True,9_Merchandise,tourist,4,10.0,market,1.4
9,Merchandise,2024-06-28,5,2017-12-07,2023-01-01,True,9_Merchandise,tourist,4,10.0,market,0.5
9,Merchandise,2024-08-30,16,2017-12-07,2023-01-01,True,9_Merchandise,tourist,4,10.0,cultural,1.6
9,Merchandise,2023-03-04,12,2017-12-07,2023-01-01,True,9_Merchandise,tourist,5,13.0,market,0.9230769230769231
9,Merchandise,2023-03-11,31,2017-12-07,2023-01-01,True,9_Merchandise,tourist,5,12.0,food_festival,2.5833333333333335
9,Merchandise,2023-03-18,11,2017-12-07,2023-01-01,True,9_Merchandise,tourist,5,13.5,convention,0.8148148148148148
9,Merchandise,2023-05-06,16,2017-12-07,2023-01-01,True,9_Merchandise,tourist,5,12.0,cultural,1.3333333333333333
9,Merchandise,2023-05-13,28,2017-12-07,2023-01-01,True,9_Merchandise,tourist,5,13.5,market,2.074074074074074
9,Merchandise,2023-10-14,18,2017-12-07,2023-01-01,True,9_Merchandise,tourist,5,10.0,convention,1.8
9,Merchandise,2023-11-04,28,2017-12-07,2023-01-01,True,9_Merchandise,tourist,5,10.0,market,2.8
9,Merchandise,2023-11-11,15,2017-12-07,2023-01-01,True,9_Merchandise,tourist,5,10.5,cultural,1.4285714285714286
9,Merchandise,2024-01-27,15,2017-12-07,2023-01-01,True,9_Merchandise,tourist,5,12.0,concert,1.25
9,Merchandise,2024-02-17,27,2017-12-07,2023-01-01,True,9_Merchandise,tourist,5,12.0,food_festival,2.25
9,Merchandise,2024-04-06,38,2017-12-07,2023-01-01,True,9_Merchandise,tourist,5,12.0,food_festival,3.0
9,Merchandise,2024-05-04,15,2017-12-07,2023-01-01,True,9_Merchandise,tourist,5,12.0,book_fair,1.25
9,Merchandise,2024-05-11,21,2017-12-07,2023-01-01,True,9_Merchandise,tourist,5,12.5,market,1.68
9,Merchandise,2024-06-01,15,2017-12-07,2023-01-01,True,9_Merchandise,tourist,5,13.0,sports,1.1538461538461537
9,Merchandise,2024-06-01,15,2017-12-07,2023-01-01,True,9_Merchandise,tourist,5,13.0,cultural,1.1538461538461537
9,Merchandise,2024-06-22,11,2017-12-07,2023-01-01,True,9_Merchandise,tourist,5,13.0,book_fair,0.8461538461538461
9,Merchandise,2024-08-10,18,2017-12-07,2023-01-01,True,9_Merchandise,tourist,5,12.0,market,1.5
9,Merchandise,2024-08-24,14,2017-12-07,2023-01-01,True,9_Merchandise,tourist,5,12.0,cultural,1.1666666666666667
9,Merchandise,2024-10-05,45,2017-12-07,2023-01-01,True,9_Merchandise,tourist,5,12.0,cultural,3.0
9,Merchandise,2024-10-05,45,2017-12-07,2023-01-01,True,9_Merchandise,tourist,5,12.0,concert,3.0
9,Merchandise,2024-10-19,32,2017-12-07,2023-01-01,True,9_Merchandise,tourist,5,12.0,cultural,2.6666666666666665
9,Merchandise,2023-08-13,22,2017-12-07,2023-01-01,True,9_Merchandise,tourist,6,10.5,music_festival,2.0952380952380953
9,Merchandise,2024-01-07,12,2017-12-07,2023-01-01,True,9_Merchandise,tourist,6,11.0,market,1.0909090909090908
9,Merchandise,2024-03-24,26,2017-12-07,2023-01-01,True,9_Merchandise,tourist,6,11.5,market,2.260869565217391
9,Merchandise,2024-05-05,12,2017-12-07,2023-01-01,True,9_Merchandise,tourist,6,11.0,market,1.0909090909090908
9,Merchandise,2024-05-26,55,2017-12-07,2023-01-01,True,9_Merchandise,tourist,6,12.0,food_festival,3.0
9,Savory Bakery,2023-07-03,15,2017-12-07,2023-01-01,True,9_Savory-Bakery,tourist,0,33.5,book_fair,0.44776119402985076
9,Savory Bakery,2023-11-20,75,2017-12-07,2023-01-01,True,9_Savory-Bakery,tourist,0,31.5,food_festival,2.380952380952381
9,Savory Bakery,2024-05-27,119,2017-12-07,2023-01-01,True,9_Savory-Bakery,tourist,0,32.0,cultural,3.0
9,Savory Bakery,2024-08-19,81,2017-12-07,2023-01-01,True,9_Savory-Bakery,tourist,0,31.0,food_festival,2.6129032258064515
9,Savory Bakery,2024-09-09,80,2017-12-07,2023-01-01,True,9_Savory-Bakery,tourist,0,30.5,music_festival,2.622950819672131
9,Savory Bakery,2024-09-16,65,2017-12-07,2023-01-01,True,9_Savory-Bakery,tourist,0,31.0,food_festival,2.096774193548387
9,Savory Bakery,2024-10-28,51,2017-12-07,2023-01-01,True,9_Savory-Bakery,tourist,0,32.0,cultural,1.59375
9,Savory Bakery,2023-02-07,29,2017-12-07,2023-01-01,True,9_Savory-Bakery,tourist,1,48.0,market,0.6041666666666666
9,Savory Bakery,2023-04-11,36,2017-12-07,2023-01-01,True,9_Savory-Bakery,tourist,1,41.5,convention,0.8674698795180723
9,Savory Bakery,2023-04-18,56,2017-12-07,2023-01-01,True,9_Savory-Bakery,tourist,1,40.0,market,1.4
9,Savory Bakery,2023-08-08,42,2017-12-07,2023-01-01,True,9_Savory-Bakery,tourist,1,36.0,market,1.1666666666666667
9,Savory Bakery,2023-08-22,34,2017-12-07,2023-01-01,True,9_Savory-Bakery,tourist,1,36.0,concert,0.9444444444444444
9,Savory Bakery,2023-09-26,51,2017-12-07,2023-01-01,True,9_Savory-Bakery,tourist,1,35.0,music_festival,1.457142857142857
9,Savory Bakery,2023-10-10,71,2017-12-07,2023-01-01,True,9_Savory-Bakery,tourist,1,36.0,music_festival,1.9722222222222223
9,Savory Bakery,2023-10-24,36,2017-12-07,2023-01-01,True,9_Savory-Bakery,tourist,1,36.0,book_fair,1.0
9,Savory Bakery,2023-11-14,36,2017-12-07,2023-01-01,True,9_Savory-Bakery,tourist,1,36.0,market,1.0
9,Savory Bakery,2023-12-12,147,2017-12-07,2023-01-01,True,9_Savory-Bakery,tourist,1,36.0,music_festival,3.0
9,Savory Bakery,2023-12-12,147,2017-12-07,2023-01-01,True,9_Savory-Bakery,tourist,1,36.0,music_festival,3.0
9,Savory Bakery,2024-01-23,117,2017-12-07,2023-01-01,True,9_Savory-Bakery,tourist,1,36.0,food_festival,3.0
9,Savory Bakery,2024-05-21,60,2017-12-07,2023-01-01,True,9_Savory-Bakery,tourist,1,37.0,market,1.6216216216216217
9,Savory Bakery,2024-08-27,46,2017-12-07,2023-01-01,True,9_Savory-Bakery,tourist,1,34.0,food_festival,1.3529411764705883
9,Savory Bakery,2023-04-12,80,2017-12-07,2023-01-01,True,9_Savory-Bakery,tourist,2,35.5,cultural,2.2535211267605635
9,Savory Bakery,2023-09-13,52,2017-12-07,2023-01-01,True,9_Savory-Bakery,tourist,2,31.0,sports,1.6774193548387097
9,Savory Bakery,2023-10-11,32,2017-12-07,2023-01-01,True,9_Savory-Bakery,tourist,2,31.0,sports,1.032258064516129
9,Savory Bakery,2023-10-18,29,2017-12-07,2023-01-01,True,9_Savory-Bakery,tourist,2,31.0,sports,0.9354838709677419
9,Savory Bakery,2024-05-15,52,2017-12-07,2023-01-01,True,9_Savory-Bakery,tourist,2,34.0,market,1.5294117647058822
9,Savory Bakery,2024-06-12,41,2017-12-07,2023-01-01,True,9_Savory-Bakery,tourist,2,34.0,music_festival,1.2058823529411764
9,Savory Bakery,2024-09-11,28,2017-12-07,2023-01-01,True,9_Savory-Bakery,tourist,2,31.5,book_fair,0.8888888888888888
9,Savory Bakery,2023-02-02,63,2017-12-07,2023-01-01,True,9_Savory-Bakery,tourist,3,35.5,market,1.7746478873239437
9,Savory Bakery,2023-06-29,32,2017-12-07,2023-01-01,True,9_Savory-Bakery,tourist,3,33.0,convention,0.9696969696969697
9,Savory Bakery,2023-09-21,52,2017-12-07,2023-01-01,True,9_Savory-Bakery,tourist,3,30.0,music_festival,1.7333333333333334
9,Savory Bakery,2024-02-29,50,2017-12-07,2023-01-01,True,9_Savory-Bakery,tourist,3,30.5,concert,1.639344262295082
9,Savory Bakery,2024-03-14,91,2017-12-07,2023-01-01,True,9_Savory-Bakery,tourist,3,31.5,music_festival,2.888888888888889
9,Savory Bakery,2024-04-04,56,2017-12-07,2023-01-01,True,9_Savory-Bakery,tourist,3,32.0,market,1.75
9,Savory Bakery,2024-06-27,41,2017-12-07,2023-01-01,True,9_Savory-Bakery,tourist,3,32.0,cultural,1.28125
9,Savory Bakery,2024-08-01,39,2017-12-07,2023-01-01,True,9_Savory-Bakery,tourist,3,31.5,music_festival,1.2380952380952381
9,Savory Bakery,2024-08-15,62,2017-12-07,2023-01-01,True,9_Savory-Bakery,tourist,3,31.5,music_festival,1.9682539682539681
9,Savory Bakery,2023-02-24,42,2017-12-07,2023-01-01,True,9_Savory-Bakery,tourist,4,31.0,concert,1.3548387096774193
9,Savory Bakery,2023-05-05,147,2017-12-07,2023-01-01,True,9_Savory-Bakery,tourist,4,35.0,concert,3.0
9,Savory Bakery,2023-05-05,147,2017-12-07,2023-01-01,True,9_Savory-Bakery,tourist,4,35.0,concert,3.0
9,Savory Bakery,2023-05-12,129,2017-12-07,2023-01-01,True,9_Savory-Bakery,tourist,4,36.5,food_festival,3.0
9,Savory Bakery,2023-08-11,51,2017-12-07,2023-01-01,True,9_Savory-Bakery,tourist,4,34.0,cultural,1.5
9,Savory Bakery,2023-10-27,107,2017-12-07,2023-01-01,True,9_Savory-Bakery,tourist,4,31.0,cultural,3.0
9,Savory Bakery,2023-10-27,107,2017-12-07,2023-01-01,True,9_Savory-Bakery,tourist,4,31.0,concert,3.0
9,Savory Bakery,2023-12-15,93,2017-12-07,2023-01-01,True,9_Savory-Bakery,tourist,4,31.0,convention,3.0
9,Savory Bakery,2024-04-26,47,2017-12-07,2023-01-01,True,9_Savory-Bakery,tourist,4,32.0,market,1.46875
9,Savory Bakery,2024-06-28,34,2017-12-07,2023-01-01,True,9_Savory-Bakery,tourist,4,31.0,market,1.096774193548387
9,Savory Bakery,2024-08-30,45,2017-12-07,2023-01-01,True,9_Savory-Bakery,tourist,4,30.5,cultural,1.4754098360655739
9,Savory Bakery,2023-03-04,64,2017-12-07,2023-01-01,True,9_Savory-Bakery,tourist,5,43.0,market,1.4883720930232558
9,Savory Bakery,2023-03-11,81,2017-12-07,2023-01-01,True,9_Savory-Bakery,tourist,5,43.0,food_festival,1.8837209302325582
9,Savory Bakery,2023-03-18,54,2017-12-07,2023-01-01,True,9_Savory-Bakery,tourist,5,48.5,convention,1.1134020618556701
9,Savory Bakery,2023-05-06,94,2017-12-07,2023-01-01,True,9_Savory-Bakery,tourist,5,54.0,cultural,1.7407407407407407
9,Savory Bakery,2023-05-13,127,2017-12-07,2023-01-01,True,9_Savory-Bakery,tourist,5,55.0,market,2.309090909090909
9,Savory Bakery,2023-10-14,61,2017-12-07,2023-01-01,True,9_Savory-Bakery,tourist,5,43.0,convention,1.4186046511627908
9,Savory Bakery,2023-11-04,93,2017-12-07,2023-01-01,True,9_Savory-Bakery,tourist,5,43.0,market,2.1627906976744184
9,Savory Bakery,2023-11-11,54,2017-12-07,2023-01-01,True,9_Savory-Bakery,tourist,5,43.0,cultural,1.255813953488372
9,Savory Bakery,2024-01-27,79,2017-12-07,2023-01-01,True,9_Savory-Bakery,tourist,5,44.0,concert,1.7954545454545454
9,Savory Bakery,2024-02-17,131,2017-12-07,2023-01-01,True,9_Savory-Bakery,tourist,5,44.5,food_festival,2.943820224719101
9,Savory Bakery,2024-04-06,147,2017-12-07,2023-01-01,True,9_Savory-Bakery,tourist,5,45.0,food_festival,3.0
9,Savory Bakery,2024-05-04,43,2017-12-07,2023-01-01,True,9_Savory-Bakery,tourist,5,49.0,book_fair,0.8775510204081632
9,Savory Bakery,2024-05-11,41,2017-12-07,2023-01-01,True,9_Savory-Bakery,tourist,5,48.0,market,0.8541666666666666
9,Savory Bakery,2024-06-01,43,2017-12-07,2023-01-01,True,9_Savory-Bakery,tourist,5,49.0,sports,0.8775510204081632
9,Savory Bakery,2024-06-01,43,2017-12-07,2023-01-01,True,9_Savory-Bakery,tourist,5,49.0,cultural,0.8775510204081632
9,Savory Bakery,2024-06-22,24,2017-12-07,2023-01-01,True,9_Savory-Bakery,tourist,5,46.0,book_fair,0.5217391304347826
9,Savory Bakery,2024-08-10,42,2017-12-07,2023-01-01,True,9_Savory-Bakery,tourist,5,45.0,market,0.9333333333333333
9,Savory Bakery,2024-08-24,50,2017-12-07,2023-01-01,True,9_Savory-Bakery,tourist,5,45.0,cultural,1.1111111111111112
9,Savory Bakery,2024-10-05,201,2017-12-07,2023-01-01,True,9_Savory-Bakery,tourist,5,45.0,cultural,3.0
9,Savory Bakery,2024-10-05,201,2017-12-07,2023-01-01,True,9_Savory-Bakery,tourist,5,45.0,concert,3.0
9,Savory Bakery,2024-10-19,81,2017-12-07,2023-01-01,True,9_Savory-Bakery,tourist,5,45.0,cultural,1.8
9,Savory Bakery,2023-08-13,81,2017-12-07,2023-01-01,True,9_Savory-Bakery,tourist,6,43.0,music_festival,1.8837209302325582
9,Savory Bakery,2024-01-07,52,2017-12-07,2023-01-01,True,9_Savory-Bakery,tourist,6,45.0,market,1.1555555555555554
9,Savory Bakery,2024-03-24,62,2017-12-07,2023-01-01,True,9_Savory-Bakery,tourist,6,46.5,market,1.3333333333333333
9,Savory Bakery,2024-05-05,57,2017-12-07,2023-01-01,True,9_Savory-Bakery,tourist,6,47.0,market,1.2127659574468086
9,Savory Bakery,2024-05-26,184,2017-12-07,2023-01-01,True,9_Savory-Bakery,tourist,6,47.0,food_festival,3.0
9,Tea,2023-07-03,25,2017-12-07,2023-01-01,True,9_Tea,tourist,0,56.0,book_fair,0.44642857142857145
9,Tea,2023-11-20,155,2017-12-07,2023-01-01,True,9_Tea,tourist,0,52.5,food_festival,2.9523809523809526
9,Tea,2024-05-27,163,2017-12-07,2023-01-01,True,9_Tea,tourist,0,57.0,cultural,2.8596491228070176
9,Tea,2024-08-19,133,2017-12-07,2023-01-01,True,9_Tea,tourist,0,56.0,food_festival,2.375
9,Tea,2024-09-09,135,2017-12-07,2023-01-01,True,9_Tea,tourist,0,56.0,music_festival,2.4107142857142856
9,Tea,2024-09-16,113,2017-12-07,2023-01-01,True,9_Tea,tourist,0,56.0,food_festival,2.017857142857143
9,Tea,2024-10-28,72,2017-12-07,2023-01-01,True,9_Tea,tourist,0,56.0,cultural,1.2857142857142858
9,Tea,2023-02-07,73,2017-12-07,2023-01-01,True,9_Tea,tourist,1,81.0,market,0.9012345679012346
9,Tea,2023-04-11,75,2017-12-07,2023-01-01,True,9_Tea,tourist,1,72.5,convention,1.0344827586206897
9,Tea,2023-04-18,104,2017-12-07,2023-01-01,True,9_Tea,tourist,1,73.0,market,1.4246575342465753
9,Tea,2023-08-08,82,2017-12-07,2023-01-01,True,9_Tea,tourist,1,57.0,market,1.4385964912280702
9,Tea,2023-08-22,96,2017-12-07,2023-01-01,True,9_Tea,tourist,1,57.0,concert,1.6842105263157894
9,Tea,2023-09-26,103,2017-12-07,2023-01-01,True,9_Tea,tourist,1,58.5,music_festival,1.7606837606837606
9,Tea,2023-10-10,113,2017-12-07,2023-01-01,True,9_Tea,tourist,1,58.5,music_festival,1.9316239316239316
9,Tea,2023-10-24,75,2017-12-07,2023-01-01,True,9_Tea,tourist,1,58.5,book_fair,1.2820512820512822
9,Tea,2023-11-14,54,2017-12-07,2023-01-01,True,9_Tea,tourist,1,60.0,market,0.9
9,Tea,2023-12-12,245,2017-12-07,2023-01-01,True,9_Tea,tourist,1,59.0,music_festival,3.0
9,Tea,2023-12-12,245,2017-12-07,2023-01-01,True,9_Tea,tourist,1,59.0,music_festival,3.0
9,Tea,2024-01-23,175,2017-12-07,2023-01-01,True,9_Tea,tourist,1,60.0,food_festival,2.9166666666666665
9,Tea,2024-05-21,95,2017-12-07,2023-01-01,True,9_Tea,tourist,1,58.0,market,1.6379310344827587
9,Tea,2024-08-27,94,2017-12-07,2023-01-01,True,9_Tea,tourist,1,55.0,food_festival,1.709090909090909
9,Tea,2023-04-12,110,2017-12-07,2023-01-01,True,9_Tea,tourist,2,64.0,cultural,1.71875
9,Tea,2023-09-13,81,2017-12-07,2023-01-01,True,9_Tea,tourist,2,58.5,sports,1.3846153846153846
9,Tea,2023-10-11,61,2017-12-07,2023-01-01,True,9_Tea,tourist,2,58.5,sports,1.0427350427350428
9,Tea,2023-10-18,62,2017-12-07,2023-01-01,True,9_Tea,tourist,2,59.0,sports,1.0508474576271187
9,Tea,2024-05-15,110,2017-12-07,2023-01-01,True,9_Tea,tourist,2,60.0,market,1.8333333333333333
9,Tea,2024-06-12,65,2017-12-07,2023-01-01,True,9_Tea,tourist,2,61.0,music_festival,1.0655737704918034
9,Tea,2024-09-11,41,2017-12-07,2023-01-01,True,9_Tea,tourist,2,58.5,book_fair,0.7008547008547008
9,Tea,2023-02-02,100,2017-12-07,2023-01-01,True,9_Tea,tourist,3,76.5,market,1.3071895424836601
9,Tea,2023-06-29,55,2017-12-07,2023-01-01,True,9_Tea,tourist,3,61.0,convention,0.9016393442622951
9,Tea,2023-09-21,97,2017-12-07,2023-01-01,True,9_Tea,tourist,3,55.0,music_festival,1.7636363636363637
9,Tea,2024-02-29,73,2017-12-07,2023-01-01,True,9_Tea,tourist,3,55.0,concert,1.3272727272727274
9,Tea,2024-03-14,167,2017-12-07,2023-01-01,True,9_Tea,tourist,3,56.0,music_festival,2.982142857142857
9,Tea,2024-04-04,103,2017-12-07,2023-01-01,True,9_Tea,tourist,3,57.0,market,1.8070175438596492
9,Tea,2024-06-27,65,2017-12-07,2023-01-01,True,9_Tea,tourist,3,57.0,cultural,1.1403508771929824
9,Tea,2024-08-01,85,2017-12-07,2023-01-01,True,9_Tea,tourist,3,57.5,music_festival,1.4782608695652173
9,Tea,2024-08-15,118,2017-12-07,2023-01-01,True,9_Tea,tourist,3,57.5,music_festival,2.0521739130434784
9,Tea,2023-02-24,78,2017-12-07,2023-01-01,True,9_Tea,tourist,4,66.0,concert,1.1818181818181819
9,Tea,2023-05-05,240,2017-12-07,2023-01-01,True,9_Tea,tourist,4,66.0,concert,3.0
9,Tea,2023-05-05,240,2017-12-07,2023-01-01,True,9_Tea,tourist,4,66.0,concert,3.0
9,Tea,2023-05-12,247,2017-12-07,2023-01-01,True,9_Tea,tourist,4,71.0,food_festival,3.0
9,Tea,2023-08-11,98,2017-12-07,2023-01-01,True,9_Tea,tourist,4,58.0,cultural,1.6896551724137931
9,Tea,2023-10-27,150,2017-12-07,2023-01-01,True,9_Tea,tourist,4,55.0,cultural,2.727272727272727
9,Tea,2023-10-27,150,2017-12-07,2023-01-01,True,9_Tea,tourist,4,55.0,concert,2.727272727272727
9,Tea,2023-12-15,124,2017-12-07,2023-01-01,True,9_Tea,tourist,4,56.0,convention,2.2142857142857144
9,Tea,2024-04-26,74,2017-12-07,2023-01-01,True,9_Tea,tourist,4,58.0,market,1.2758620689655173
9,Tea,2024-06-28,66,2017-12-07,2023-01-01,True,9_Tea,tourist,4,57.0,market,1.1578947368421053
9,Tea,2024-08-30,78,2017-12-07,2023-01-01,True,9_Tea,tourist,4,56.0,cultural,1.3928571428571428
9,Tea,2023-03-04,130,2017-12-07,2023-01-01,True,9_Tea,tourist,5,79.5,market,1.6352201257861636
9,Tea,2023-03-11,205,2017-12-07,2023-01-01,True,9_Tea,tourist,5,84.0,food_festival,2.4404761904761907
9,Tea,2023-03-18,84,2017-12-07,2023-01-01,True,9_Tea,tourist,5,86.5,convention,0.9710982658959537
9,Tea,2023-05-06,160,2017-12-07,2023-01-01,True,9_Tea,tourist,5,89.0,cultural,1.797752808988764
9,Tea,2023-05-13,161,2017-12-07,2023-01-01,True,9_Tea,tourist,5,90.0,market,1.788888888888889
9,Tea,2023-10-14,86,2017-12-07,2023-01-01,True,9_Tea,tourist,5,74.0,convention,1.162162162162162
9,Tea,2023-11-04,134,2017-12-07,2023-01-01,True,9_Tea,tourist,5,75.0,market,1.7866666666666666
9,Tea,2023-11-11,125,2017-12-07,2023-01-01,True,9_Tea,tourist,5,76.0,cultural,1.644736842105263
9,Tea,2024-01-27,135,2017-12-07,2023-01-01,True,9_Tea,tourist,5,80.0,concert,1.6875
9,Tea,2024-02-17,171,2017-12-07,2023-01-01,True,9_Tea,tourist,5,78.5,food_festival,2.178343949044586
9,Tea,2024-04-06,209,2017-12-07,2023-01-01,True,9_Tea,tourist,5,81.0,food_festival,2.580246913580247
9,Tea,2024-05-04,98,2017-12-07,2023-01-01,True,9_Tea,tourist,5,82.0,book_fair,1.1951219512195121
9,Tea,2024-05-11,100,2017-12-07,2023-01-01,True,9_Tea,tourist,5,83.0,market,1.2048192771084338
9,Tea,2024-06-01,102,2017-12-07,2023-01-01,True,9_Tea,tourist,5,84.0,sports,1.2142857142857142
9,Tea,2024-06-01,102,2017-12-07,2023-01-01,True,9_Tea,tourist,5,84.0,cultural,1.2142857142857142
9,Tea,2024-06-22,34,2017-12-07,2023-01-01,True,9_Tea,tourist,5,84.0,book_fair,0.40476190476190477
9,Tea,2024-08-10,85,2017-12-07,2023-01-01,True,9_Tea,tourist,5,82.0,market,1.0365853658536586
9,Tea,2024-08-24,92,2017-12-07,2023-01-01,True,9_Tea,tourist,5,82.0,cultural,1.1219512195121952
9,Tea,2024-10-05,328,2017-12-07,2023-01-01,True,9_Tea,tourist,5,82.0,cultural,3.0
9,Tea,2024-10-05,328,2017-12-07,2023-01-01,True,9_Tea,tourist,5,82.0,concert,3.0
9,Tea,2024-10-19,176,2017-12-07,2023-01-01,True,9_Tea,tourist,5,82.0,cultural,2.1463414634146343
9,Tea,2023-08-13,181,2017-12-07,2023-01-01,True,9_Tea,tourist,6,77.0,music_festival,2.3506493506493507
9,Tea,2024-01-07,135,2017-12-07,2023-01-01,True,9_Tea,tourist,6,79.0,market,1.7088607594936709
9,Tea,2024-03-24,114,2017-12-07,2023-01-01,True,9_Tea,tourist,6,81.0,market,1.4074074074074074
9,Tea,2024-05-05,85,2017-12-07,2023-01-01,True,9_Tea,tourist,6,82.0,market,1.0365853658536586
9,Tea,2024-05-26,377,2017-12-07,2023-01-01,True,9_Tea,tourist,6,82.0,food_festival,3.0
10,Bakery,2023-01-09,139,2022-11-08,2023-01-01,True,10_Bakery,tourist,0,51.0,concert,2.7254901960784315
10,Bakery,2023-02-27,131,2022-11-08,2023-01-01,True,10_Bakery,tourist,0,47.0,food_festival,2.7872340425531914
10,Bakery,2023-08-14,47,2022-11-08,2023-01-01,True,10_Bakery,tourist,0,47.0,concert,1.0
10,Bakery,2023-09-04,108,2022-11-08,2023-01-01,True,10_Bakery,tourist,0,46.0,market,2.347826086956522
10,Bakery,2023-09-04,108,2022-11-08,2023-01-01,True,10_Bakery,tourist,0,46.0,market,2.347826086956522
10,Bakery,2023-09-11,56,2022-11-08,2023-01-01,True,10_Bakery,tourist,0,46.5,market,1.2043010752688172
10,Bakery,2023-10-02,47,2022-11-08,2023-01-01,True,10_Bakery,tourist,0,48.0,book_fair,0.9791666666666666
10,Bakery,2023-10-09,27,2022-11-08,2023-01-01,True,10_Bakery,tourist,0,47.5,book_fair,0.5684210526315789
10,Bakery,2023-11-20,83,2022-11-08,2023-01-01,True,10_Bakery,tourist,0,47.5,cultural,1.7473684210526317
10,Bakery,2023-12-18,26,2022-11-08,2023-01-01,True,10_Bakery,tourist,0,48.0,book_fair,0.5416666666666666
10,Bakery,2024-01-15,136,2022-11-08,2023-01-01,True,10_Bakery,tourist,0,48.5,market,2.804123711340206
10,Bakery,2024-02-12,28,2022-11-08,2023-01-01,True,10_Bakery,tourist,0,48.5,book_fair,0.5773195876288659
10,Bakery,2024-04-01,107,2022-11-08,2023-01-01,True,10_Bakery,tourist,0,49.0,music_festival,2.183673469387755
10,Bakery,2024-06-17,68,2022-11-08,2023-01-01,True,10_Bakery,tourist,0,50.0,food_festival,1.36
10,Bakery,2024-10-28,37,2022-11-08,2023-01-01,True,10_Bakery,tourist,0,48.0,book_fair,0.7708333333333334
10,Bakery,2023-04-04,132,2022-11-08,2023-01-01,True,10_Bakery,tourist,1,41.0,music_festival,3.0
10,Bakery,2023-08-22,53,2022-11-08,2023-01-01,True,10_Bakery,tourist,1,38.0,market,1.394736842105263
10,Bakery,2023-12-19,75,2022-11-08,2023-01-01,True,10_Bakery,tourist,1,41.5,market,1.8072289156626506
10,Bakery,2024-01-09,58,2022-11-08,2023-01-01,True,10_Bakery,tourist,1,42.0,market,1.380952380952381
10,Bakery,2024-01-09,58,2022-11-08,2023-01-01,True,10_Bakery,tourist,1,42.0,book_fair,1.380952380952381
10,Bakery,2024-02-13,130,2022-11-08,2023-01-01,True,10_Bakery,tourist,1,42.0,music_festival,3.0
10,Bakery,2024-06-04,32,2022-11-08,2023-01-01,True,10_Bakery,tourist,1,44.0,convention,0.7272727272727273
10,Bakery,2024-10-08,111,2022-11-08,2023-01-01,True,10_Bakery,tourist,1,42.0,sports,2.642857142857143
10,Bakery,2023-02-15,79,2022-11-08,2023-01-01,True,10_Bakery,tourist,2,53.5,cultural,1.4766355140186915
10,Bakery,2023-03-01,77,2022-11-08,2023-01-01,True,10_Bakery,tourist,2,53.5,sports,1.439252336448598
10,Bakery,2023-03-01,77,2022-11-08,2023-01-01,True,10_Bakery,tourist,2,53.5,market,1.439252336448598
10,Bakery,2023-09-06,65,2022-11-08,2023-01-01,True,10_Bakery,tourist,2,40.0,music_festival,1.625
10,Bakery,2023-11-01,63,2022-11-08,2023-01-01,True,10_Bakery,tourist,2,46.0,concert,1.3695652173913044
10,Bakery,2023-12-20,61,2022-11-08,2023-01-01,True,10_Bakery,tourist,2,48.0,sports,1.2708333333333333
10,Bakery,2024-05-29,45,2022-11-08,2023-01-01,True,10_Bakery,tourist,2,49.0,market,0.9183673469387755
10,Bakery,2024-06-12,52,2022-11-08,2023-01-01,True,10_Bakery,tourist,2,48.0,sports,1.0833333333333333
10,Bakery,2024-06-26,66,2022-11-08,2023-01-01,True,10_Bakery,tourist,2,49.0,cultural,1.346938775510204
10,Bakery,2024-09-18,21,2022-11-08,2023-01-01,True,10_Bakery,tourist,2,48.0,book_fair,0.4375
10,Bakery,2024-10-16,97,2022-11-08,2023-01-01,True,10_Bakery,tourist,2,47.0,sports,2.0638297872340425
10,Bakery,2023-01-19,71,2022-11-08,2023-01-01,True,10_Bakery,tourist,3,57.5,concert,1.2347826086956522
10,Bakery,2023-03-23,59,2022-11-08,2023-01-01,True,10_Bakery,tourist,3,48.0,sports,1.2291666666666667
10,Bakery,2023-09-21,70,2022-11-08,2023-01-01,True,10_Bakery,tourist,3,44.0,cultural,1.5909090909090908
10,Bakery,2024-03-14,43,2022-11-08,2023-01-01,True,10_Bakery,tourist,3,48.0,convention,0.8958333333333334
10,Bakery,2024-03-28,74,2022-11-08,2023-01-01,True,10_Bakery,tourist,3,46.0,concert,1.608695652173913
10,Bakery,2024-05-02,81,2022-11-08,2023-01-01,True,10_Bakery,tourist,3,48.0,cultural,1.6875
10,Bakery,2024-05-09,53,2022-11-08,2023-01-01,True,10_Bakery,tourist,3,48.5,market,1.092783505154639
10,Bakery,2024-07-18,20,2022-11-08,2023-01-01,True,10_Bakery,tourist,3,46.5,book_fair,0.43010752688172044
10,Bakery,2024-09-26,50,2022-11-08,2023-01-01,True,10_Bakery,tourist,3,44.5,market,1.1235955056179776
10,Bakery,2023-01-20,76,2022-11-08,2023-01-01,True,10_Bakery,tourist,4,59.0,concert,1.2881355932203389
10,Bakery,2023-03-10,101,2022-11-08,2023-01-01,True,10_Bakery,tourist,4,48.0,market,2.1041666666666665
10,Bakery,2023-04-28,57,2022-11-08,2023-01-01,True,10_Bakery,tourist,4,49.5,convention,1.1515151515151516
10,Bakery,2023-06-02,104,2022-11-08,2023-01-01,True,10_Bakery,tourist,4,48.0,music_festival,2.1666666666666665
10,Bakery,2023-08-04,65,2022-11-08,2023-01-01,True,10_Bakery,tourist,4,44.0,market,1.4772727272727273
10,Bakery,2023-08-18,23,2022-11-08,2023-01-01,True,10_Bakery,tourist,4,44.0,book_fair,0.5227272727272727
10,Bakery,2023-12-01,106,2022-11-08,2023-01-01,True,10_Bakery,tourist,4,42.0,food_festival,2.5238095238095237
10,Bakery,2024-03-29,68,2022-11-08,2023-01-01,True,10_Bakery,tourist,4,45.5,market,1.4945054945054945
10,Bakery,2024-07-05,49,2022-11-08,2023-01-01,True,10_Bakery,tourist,4,46.0,cultural,1.065217391304348
10,Bakery,2023-04-29,129,2022-11-08,2023-01-01,True,10_Bakery,tourist,5,69.5,market,1.856115107913669
10,Bakery,2023-06-10,250,2022-11-08,2023-01-01,True,10_Bakery,tourist,5,71.5,food_festival,3.0
10,Bakery,2023-06-10,250,2022-11-08,2023-01-01,True,10_Bakery,tourist,5,71.5,food_festival,3.0
10,Bakery,2023-08-05,63,2022-11-08,2023-01-01,True,10_Bakery,tourist,5,65.0,market,0.9692307692307692
10,Bakery,2023-12-09,127,2022-11-08,2023-01-01,True,10_Bakery,tourist,5,65.0,market,1.9538461538461538
10,Bakery,2024-04-20,134,2022-11-08,2023-01-01,True,10_Bakery,tourist,5,67.0,book_fair,2.0
10,Bakery,2024-08-03,85,2022-11-08,2023-01-01,True,10_Bakery,tourist,5,68.5,market,1.2408759124087592
10,Bakery,2024-08-17,53,2022-11-08,2023-01-01,True,10_Bakery,tourist,5,68.5,sports,0.7737226277372263
10,Bakery,2023-01-22,97,2022-11-08,2023-01-01,True,10_Bakery,tourist,6,93.0,cultural,1.043010752688172
10,Bakery,2023-05-07,85,2022-11-08,2023-01-01,True,10_Bakery,tourist,6,76.0,market,1.118421052631579
10,Bakery,2023-05-14,129,2022-11-08,2023-01-01,True,10_Bakery,tourist,6,79.0,cultural,1.6329113924050633
10,Bakery,2023-08-20,105,2022-11-08,2023-01-01,True,10_Bakery,tourist,6,58.0,music_festival,1.8103448275862069
10,Bakery,2023-09-03,77,2022-11-08,2023-01-01,True,10_Bakery,tourist,6,58.0,cultural,1.3275862068965518
10,Bakery,2023-11-05,66,2022-11-08,2023-01-01,True,10_Bakery,tourist,6,63.5,convention,1.0393700787401574
10,Bakery,2024-05-05,195,2022-11-08,2023-01-01,True,10_Bakery,tourist,6,72.5,food_festival,2.689655172413793
10,Bakery,2024-09-15,172,2022-11-08,2023-01-01,True,10_Bakery,tourist,6,66.0,music_festival,2.606060606060606
10,Chocolate & Milk,2023-01-09,70,2022-11-08,2023-01-01,True,10_Chocolate-Milk,tourist,0,32.0,concert,2.1875
10,Chocolate & Milk,2023-02-27,102,2022-11-08,2023-01-01,True,10_Chocolate-Milk,tourist,0,30.5,food_festival,3.0
10,Chocolate & Milk,2023-08-14,26,2022-11-08,2023-01-01,True,10_Chocolate-Milk,tourist,0,27.0,concert,0.9629629629629629
10,Chocolate & Milk,2023-09-04,52,2022-11-08,2023-01-01,True,10_Chocolate-Milk,tourist,0,26.0,market,2.0
10,Chocolate & Milk,2023-09-04,52,2022-11-08,2023-01-01,True,10_Chocolate-Milk,tourist,0,26.0,market,2.0
10,Chocolate & Milk,2023-09-11,44,2022-11-08,2023-01-01,True,10_Chocolate-Milk,tourist,0,26.0,market,1.6923076923076923
10,Chocolate & Milk,2023-10-02,27,2022-11-08,2023-01-01,True,10_Chocolate-Milk,tourist,0,28.0,book_fair,0.9642857142857143
10,Chocolate & Milk,2023-10-09,15,2022-11-08,2023-01-01,True,10_Chocolate-Milk,tourist,0,27.5,book_fair,0.5454545454545454
10,Chocolate & Milk,2023-11-20,66,2022-11-08,2023-01-01,True,10_Chocolate-Milk,tourist,0,26.0,cultural,2.5384615384615383
10,Chocolate & Milk,2023-12-18,26,2022-11-08,2023-01-01,True,10_Chocolate-Milk,tourist,0,26.5,book_fair,0.9811320754716981
10,Chocolate & Milk,2024-01-15,68,2022-11-08,2023-01-01,True,10_Chocolate-Milk,tourist,0,26.5,market,2.5660377358490565
10,Chocolate & Milk,2024-02-12,24,2022-11-08,2023-01-01,True,10_Chocolate-Milk,tourist,0,26.5,book_fair,0.9056603773584906
10,Chocolate & Milk,2024-04-01,62,2022-11-08,2023-01-01,True,10_Chocolate-Milk,tourist,0,26.0,music_festival,2.3846153846153846
10,Chocolate & Milk,2024-06-17,46,2022-11-08,2023-01-01,True,10_Chocolate-Milk,tourist,0,27.0,food_festival,1.7037037037037037
10,Chocolate & Milk,2024-10-28,18,2022-11-08,2023-01-01,True,10_Chocolate-Milk,tourist,0,26.0,book_fair,0.6923076923076923
10,Chocolate & Milk,2023-04-04,88,2022-11-08,2023-01-01,True,10_Chocolate-Milk,tourist,1,22.0,music_festival,3.0
10,Chocolate & Milk,2023-08-22,36,2022-11-08,2023-01-01,True,10_Chocolate-Milk,tourist,1,23.0,market,1.565217391304348
10,Chocolate & Milk,2023-12-19,49,2022-11-08,2023-01-01,True,10_Chocolate-Milk,tourist,1,25.0,market,1.96
10,Chocolate & Milk,2024-01-09,45,2022-11-08,2023-01-01,True,10_Chocolate-Milk,tourist,1,25.0,market,1.8
10,Chocolate & Milk,2024-01-09,45,2022-11-08,2023-01-01,True,10_Chocolate-Milk,tourist,1,25.0,book_fair,1.8
10,Chocolate & Milk,2024-02-13,86,2022-11-08,2023-01-01,True,10_Chocolate-Milk,tourist,1,25.0,music_festival,3.0
10,Chocolate & Milk,2024-06-04,18,2022-11-08,2023-01-01,True,10_Chocolate-Milk,tourist,1,26.0,convention,0.6923076923076923
10,Chocolate & Milk,2024-10-08,67,2022-11-08,2023-01-01,True,10_Chocolate-Milk,tourist,1,25.0,sports,2.68
10,Chocolate & Milk,2023-02-15,52,2022-11-08,2023-01-01,True,10_Chocolate-Milk,tourist,2,30.0,cultural,1.7333333333333334
10,Chocolate & Milk,2023-03-01,50,2022-11-08,2023-01-01,True,10_Chocolate-Milk,tourist,2,31.5,sports,1.5873015873015872
10,Chocolate & Milk,2023-03-01,50,2022-11-08,2023-01-01,True,10_Chocolate-Milk,tourist,2,31.5,market,1.5873015873015872
10,Chocolate & Milk,2023-09-06,35,2022-11-08,2023-01-01,True,10_Chocolate-Milk,tourist,2,27.0,music_festival,1.2962962962962963
10,Chocolate & Milk,2023-11-01,49,2022-11-08,2023-01-01,True,10_Chocolate-Milk,tourist,2,29.0,concert,1.6896551724137931
10,Chocolate & Milk,2023-12-20,22,2022-11-08,2023-01-01,True,10_Chocolate-Milk,tourist,2,29.0,sports,0.7586206896551724
10,Chocolate & Milk,2024-05-29,38,2022-11-08,2023-01-01,True,10_Chocolate-Milk,tourist,2,30.0,market,1.2666666666666666
10,Chocolate & Milk,2024-06-12,23,2022-11-08,2023-01-01,True,10_Chocolate-Milk,tourist,2,30.0,sports,0.7666666666666667
10,Chocolate & Milk,2024-06-26,40,2022-11-08,2023-01-01,True,10_Chocolate-Milk,tourist,2,29.0,cultural,1.3793103448275863
10,Chocolate & Milk,2024-09-18,22,2022-11-08,2023-01-01,True,10_Chocolate-Milk,tourist,2,28.0,book_fair,0.7857142857142857
10,Chocolate & Milk,2024-10-16,55,2022-11-08,2023-01-01,True,10_Chocolate-Milk,tourist,2,28.0,sports,1.9642857142857142
10,Chocolate & Milk,2023-01-19,37,2022-11-08,2023-01-01,True,10_Chocolate-Milk,tourist,3,33.0,concert,1.121212121212121
10,Chocolate & Milk,2023-03-23,24,2022-11-08,2023-01-01,True,10_Chocolate-Milk,tourist,3,29.0,sports,0.8275862068965517
10,Chocolate & Milk,2023-09-21,43,2022-11-08,2023-01-01,True,10_Chocolate-Milk,tourist,3,26.0,cultural,1.6538461538461537
10,Chocolate & Milk,2024-03-14,30,2022-11-08,2023-01-01,True,10_Chocolate-Milk,tourist,3,28.0,convention,1.0714285714285714
10,Chocolate & Milk,2024-03-28,41,2022-11-08,2023-01-01,True,10_Chocolate-Milk,tourist,3,28.0,concert,1.4642857142857142
10,Chocolate & Milk,2024-05-02,45,2022-11-08,2023-01-01,True,10_Chocolate-Milk,tourist,3,28.0,cultural,1.6071428571428572
10,Chocolate & Milk,2024-05-09,37,2022-11-08,2023-01-01,True,10_Chocolate-Milk,tourist,3,28.0,market,1.3214285714285714
10,Chocolate & Milk,2024-07-18,10,2022-11-08,2023-01-01,True,10_Chocolate-Milk,tourist,3,28.0,book_fair,0.35714285714285715
10,Chocolate & Milk,2024-09-26,23,2022-11-08,2023-01-01,True,10_Chocolate-Milk,tourist,3,28.0,market,0.8214285714285714
10,Chocolate & Milk,2023-01-20,57,2022-11-08,2023-01-01,True,10_Chocolate-Milk,tourist,4,33.0,concert,1.7272727272727273
10,Chocolate & Milk,2023-03-10,58,2022-11-08,2023-01-01,True,10_Chocolate-Milk,tourist,4,29.0,market,2.0
10,Chocolate & Milk,2023-04-28,27,2022-11-08,2023-01-01,True,10_Chocolate-Milk,tourist,4,31.5,convention,0.8571428571428571
10,Chocolate & Milk,2023-06-02,63,2022-11-08,2023-01-01,True,10_Chocolate-Milk,tourist,4,30.0,music_festival,2.1
10,Chocolate & Milk,2023-08-04,42,2022-11-08,2023-01-01,True,10_Chocolate-Milk,tourist,4,27.0,market,1.5555555555555556
10,Chocolate & Milk,2023-08-18,16,2022-11-08,2023-01-01,True,10_Chocolate-Milk,tourist,4,27.0,book_fair,0.5925925925925926
10,Chocolate & Milk,2023-12-01,67,2022-11-08,2023-01-01,True,10_Chocolate-Milk,tourist,4,26.0,food_festival,2.576923076923077
10,Chocolate & Milk,2024-03-29,54,2022-11-08,2023-01-01,True,10_Chocolate-Milk,tourist,4,26.0,market,2.076923076923077
10,Chocolate & Milk,2024-07-05,40,2022-11-08,2023-01-01,True,10_Chocolate-Milk,tourist,4,27.0,cultural,1.4814814814814814
10,Chocolate & Milk,2023-04-29,108,2022-11-08,2023-01-01,True,10_Chocolate-Milk,tourist,5,40.5,market,2.6666666666666665
10,Chocolate & Milk,2023-06-10,144,2022-11-08,2023-01-01,True,10_Chocolate-Milk,tourist,5,40.5,food_festival,3.0
10,Chocolate & Milk,2023-06-10,144,2022-11-08,2023-01-01,True,10_Chocolate-Milk,tourist,5,40.5,food_festival,3.0
10,Chocolate & Milk,2023-08-05,43,2022-11-08,2023-01-01,True,10_Chocolate-Milk,tourist,5,37.0,market,1.162162162162162
10,Chocolate & Milk,2023-12-09,95,2022-11-08,2023-01-01,True,10_Chocolate-Milk,tourist,5,38.5,market,2.4675324675324677
10,Chocolate & Milk,2024-04-20,100,2022-11-08,2023-01-01,True,10_Chocolate-Milk,tourist,5,39.0,book_fair,2.5641025641025643
10,Chocolate & Milk,2024-08-03,42,2022-11-08,2023-01-01,True,10_Chocolate-Milk,tourist,5,38.5,market,1.0909090909090908
10,Chocolate & Milk,2024-08-17,34,2022-11-08,2023-01-01,True,10_Chocolate-Milk,tourist,5,38.5,sports,0.8831168831168831
10,Chocolate & Milk,2023-01-22,77,2022-11-08,2023-01-01,True,10_Chocolate-Milk,tourist,6,61.0,cultural,1.2622950819672132
10,Chocolate & Milk,2023-05-07,63,2022-11-08,2023-01-01,True,10_Chocolate-Milk,tourist,6,45.0,market,1.4
10,Chocolate & Milk,2023-05-14,70,2022-11-08,2023-01-01,True,10_Chocolate-Milk,tourist,6,46.0,cultural,1.5217391304347827
10,Chocolate & Milk,2023-08-20,68,2022-11-08,2023-01-01,True,10_Chocolate-Milk,tourist,6,40.0,music_festival,1.7
10,Chocolate & Milk,2023-09-03,70,2022-11-08,2023-01-01,True,10_Chocolate-Milk,tourist,6,40.0,cultural,1.75
10,Chocolate & Milk,2023-11-05,61,2022-11-08,2023-01-01,True,10_Chocolate-Milk,tourist,6,41.5,convention,1.4698795180722892
10,Chocolate & Milk,2024-05-05,109,2022-11-08,2023-01-01,True,10_Chocolate-Milk,tourist,6,44.0,food_festival,2.477272727272727
10,Chocolate & Milk,2024-09-15,70,2022-11-08,2023-01-01,True,10_Chocolate-Milk,tourist,6,43.0,music_festival,1.627906976744186
10,Coffee,2023-01-09,465,2022-11-08,2023-01-01,True,10_Coffee,tourist,0,225.5,concert,2.0620842572062084
10,Coffee,2023-02-27,540,2022-11-08,2023-01-01,True,10_Coffee,tourist,0,154.0,food_festival,3.0
10,Coffee,2023-08-14,236,2022-11-08,2023-01-01,True,10_Coffee,tourist,0,175.0,concert,1.3485714285714285
10,Coffee,2023-09-04,345,2022-11-08,2023-01-01,True,10_Coffee,tourist,0,171.0,market,2.017543859649123
10,Coffee,2023-09-04,345,2022-11-08,2023-01-01,True,10_Coffee,tourist,0,171.0,market,2.017543859649123
10,Coffee,2023-09-11,205,2022-11-08,2023-01-01,True,10_Coffee,tourist,0,175.0,market,1.1714285714285715
10,Coffee,2023-10-02,223,2022-11-08,2023-01-01,True,10_Coffee,tourist,0,179.0,book_fair,1.2458100558659218
10,Coffee,2023-10-09,146,2022-11-08,2023-01-01,True,10_Coffee,tourist,0,180.5,book_fair,0.8088642659279779
10,Coffee,2023-11-20,484,2022-11-08,2023-01-01,True,10_Coffee,tourist,0,183.0,cultural,2.6448087431693987
10,Coffee,2023-12-18,200,2022-11-08,2023-01-01,True,10_Coffee,tourist,0,186.0,book_fair,1.075268817204301
10,Coffee,2024-01-15,515,2022-11-08,2023-01-01,True,10_Coffee,tourist,0,194.0,market,2.654639175257732
10,Coffee,2024-02-12,117,2022-11-08,2023-01-01,True,10_Coffee,tourist,0,194.0,book_fair,0.6030927835051546
10,Coffee,2024-04-01,394,2022-11-08,2023-01-01,True,10_Coffee,tourist,0,197.0,music_festival,2.0
10,Coffee,2024-06-17,310,2022-11-08,2023-01-01,True,10_Coffee,tourist,0,199.5,food_festival,1.5538847117794485
10,Coffee,2024-10-28,174,2022-11-08,2023-01-01,True,10_Coffee,tourist,0,184.0,book_fair,0.9456521739130435
10,Coffee,2023-04-04,419,2022-11-08,2023-01-01,True,10_Coffee,tourist,1,182.0,music_festival,2.302197802197802
10,Coffee,2023-08-22,212,2022-11-08,2023-01-01,True,10_Coffee,tourist,1,171.0,market,1.239766081871345
10,Coffee,2023-12-19,371,2022-11-08,2023-01-01,True,10_Coffee,tourist,1,181.5,market,2.044077134986226
10,Coffee,2024-01-09,346,2022-11-08,2023-01-01,True,10_Coffee,tourist,1,182.0,market,1.901098901098901
10,Coffee,2024-01-09,346,2022-11-08,2023-01-01,True,10_Coffee,tourist,1,182.0,book_fair,1.901098901098901
10,Coffee,2024-02-13,507,2022-11-08,2023-01-01,True,10_Coffee,tourist,1,182.0,music_festival,2.7857142857142856
10,Coffee,2024-06-04,180,2022-11-08,2023-01-01,True,10_Coffee,tourist,1,185.0,convention,0.972972972972973
10,Coffee,2024-10-08,398,2022-11-08,2023-01-01,True,10_Coffee,tourist,1,177.0,sports,2.248587570621469
10,Coffee,2023-02-15,328,2022-11-08,2023-01-01,True,10_Coffee,tourist,2,197.5,cultural,1.660759493670886
10,Coffee,2023-03-01,371,2022-11-08,2023-01-01,True,10_Coffee,tourist,2,197.5,sports,1.8784810126582279
10,Coffee,2023-03-01,371,2022-11-08,2023-01-01,True,10_Coffee,tourist,2,197.5,market,1.8784810126582279
10,Coffee,2023-09-06,262,2022-11-08,2023-01-01,True,10_Coffee,tourist,2,165.0,music_festival,1.587878787878788
10,Coffee,2023-11-01,288,2022-11-08,2023-01-01,True,10_Coffee,tourist,2,170.0,concert,1.6941176470588235
10,Coffee,2023-12-20,232,2022-11-08,2023-01-01,True,10_Coffee,tourist,2,180.5,sports,1.2853185595567866
10,Coffee,2024-05-29,240,2022-11-08,2023-01-01,True,10_Coffee,tourist,2,189.0,market,1.2698412698412698
10,Coffee,2024-06-12,210,2022-11-08,2023-01-01,True,10_Coffee,tourist,2,189.0,sports,1.1111111111111112
10,Coffee,2024-06-26,265,2022-11-08,2023-01-01,True,10_Coffee,tourist,2,195.0,cultural,1.358974358974359
10,Coffee,2024-09-18,119,2022-11-08,2023-01-01,True,10_Coffee,tourist,2,182.0,book_fair,0.6538461538461539
10,Coffee,2024-10-16,349,2022-11-08,2023-01-01,True,10_Coffee,tourist,2,180.0,sports,1.9388888888888889
10,Coffee,2023-01-19,289,2022-11-08,2023-01-01,True,10_Coffee,tourist,3,225.5,concert,1.2815964523281596
10,Coffee,2023-03-23,220,2022-11-08,2023-01-01,True,10_Coffee,tourist,3,198.0,sports,1.1111111111111112
10,Coffee,2023-09-21,296,2022-11-08,2023-01-01,True,10_Coffee,tourist,3,181.0,cultural,1.6353591160220995
10,Coffee,2024-03-14,228,2022-11-08,2023-01-01,True,10_Coffee,tourist,3,189.0,convention,1.2063492063492063
10,Coffee,2024-03-28,278,2022-11-08,2023-01-01,True,10_Coffee,tourist,3,192.0,concert,1.4479166666666667
10,Coffee,2024-05-02,342,2022-11-08,2023-01-01,True,10_Coffee,tourist,3,194.0,cultural,1.7628865979381443
10,Coffee,2024-05-09,241,2022-11-08,2023-01-01,True,10_Coffee,tourist,3,194.5,market,1.2390745501285347
10,Coffee,2024-07-18,109,2022-11-08,2023-01-01,True,10_Coffee,tourist,3,193.0,book_fair,0.5647668393782384
10,Coffee,2024-09-26,200,2022-11-08,2023-01-01,True,10_Coffee,tourist,3,187.0,market,1.0695187165775402
10,Coffee,2023-01-20,362,2022-11-08,2023-01-01,True,10_Coffee,tourist,4,246.0,concert,1.4715447154471544
10,Coffee,2023-03-10,360,2022-11-08,2023-01-01,True,10_Coffee,tourist,4,195.0,market,1.8461538461538463
10,Coffee,2023-04-28,234,2022-11-08,2023-01-01,True,10_Coffee,tourist,4,206.5,convention,1.1331719128329298
10,Coffee,2023-06-02,432,2022-11-08,2023-01-01,True,10_Coffee,tourist,4,203.0,music_festival,2.12807881773399
10,Coffee,2023-08-04,298,2022-11-08,2023-01-01,True,10_Coffee,tourist,4,180.5,market,1.6509695290858726
10,Coffee,2023-08-18,127,2022-11-08,2023-01-01,True,10_Coffee,tourist,4,180.5,book_fair,0.703601108033241
10,Coffee,2023-12-01,459,2022-11-08,2023-01-01,True,10_Coffee,tourist,4,184.0,food_festival,2.494565217391304
10,Coffee,2024-03-29,323,2022-11-08,2023-01-01,True,10_Coffee,tourist,4,192.0,market,1.6822916666666667
10,Coffee,2024-07-05,203,2022-11-08,2023-01-01,True,10_Coffee,tourist,4,192.0,cultural,1.0572916666666667
10,Coffee,2023-04-29,652,2022-11-08,2023-01-01,True,10_Coffee,tourist,5,269.5,market,2.419294990723562
10,Coffee,2023-06-10,1003,2022-11-08,2023-01-01,True,10_Coffee,tourist,5,272.0,food_festival,3.0
10,Coffee,2023-06-10,1003,2022-11-08,2023-01-01,True,10_Coffee,tourist,5,272.0,food_festival,3.0
10,Coffee,2023-08-05,270,2022-11-08,2023-01-01,True,10_Coffee,tourist,5,268.5,market,1.005586592178771
10,Coffee,2023-12-09,482,2022-11-08,2023-01-01,True,10_Coffee,tourist,5,269.5,market,1.7884972170686457
10,Coffee,2024-04-20,551,2022-11-08,2023-01-01,True,10_Coffee,tourist,5,276.0,book_fair,1.9963768115942029
10,Coffee,2024-08-03,283,2022-11-08,2023-01-01,True,10_Coffee,tourist,5,278.0,market,1.0179856115107915
10,Coffee,2024-08-17,243,2022-11-08,2023-01-01,True,10_Coffee,tourist,5,278.0,sports,0.8741007194244604
10,Coffee,2023-01-22,473,2022-11-08,2023-01-01,True,10_Coffee,tourist,6,337.0,cultural,1.403560830860534
10,Coffee,2023-05-07,328,2022-11-08,2023-01-01,True,10_Coffee,tourist,6,312.0,market,1.0512820512820513
10,Coffee,2023-05-14,570,2022-11-08,2023-01-01,True,10_Coffee,tourist,6,314.0,cultural,1.8152866242038217
10,Coffee,2023-08-20,431,2022-11-08,2023-01-01,True,10_Coffee,tourist,6,264.0,music_festival,1.6325757575757576
10,Coffee,2023-09-03,363,2022-11-08,2023-01-01,True,10_Coffee,tourist,6,264.0,cultural,1.375
10,Coffee,2023-11-05,290,2022-11-08,2023-01-01,True,10_Coffee,tourist,6,271.5,convention,1.0681399631675874
10,Coffee,2024-05-05,638,2022-11-08,2023-01-01,True,10_Coffee,tourist,6,281.5,food_festival,2.266429840142096
10,Coffee,2024-09-15,656,2022-11-08,2023-01-01,True,10_Coffee,tourist,6,277.0,music_festival,2.368231046931408
10,Juice & Smoothie,2023-01-09,36,2022-11-08,2023-01-01,True,10_Juice-Smoothie,tourist,0,20.0,concert,1.8
10,Juice & Smoothie,2023-02-27,55,2022-11-08,2023-01-01,True,10_Juice-Smoothie,tourist,0,13.0,food_festival,3.0
10,Juice & Smoothie,2023-08-14,14,2022-11-08,2023-01-01,True,10_Juice-Smoothie,tourist,0,13.5,concert,1.037037037037037
10,Juice & Smoothie,2023-09-04,38,2022-11-08,2023-01-01,True,10_Juice-Smoothie,tourist,0,13.0,market,2.923076923076923
10,Juice & Smoothie,2023-09-04,38,2022-11-08,2023-01-01,True,10_Juice-Smoothie,tourist,0,13.0,market,2.923076923076923
10,Juice & Smoothie,2023-09-11,21,2022-11-08,2023-01-01,True,10_Juice-Smoothie,tourist,0,13.5,market,1.5555555555555556
10,Juice & Smoothie,2023-10-02,20,2022-11-08,2023-01-01,True,10_Juice-Smoothie,tourist,0,14.0,book_fair,1.4285714285714286
10,Juice & Smoothie,2023-10-09,12,2022-11-08,2023-01-01,True,10_Juice-Smoothie,tourist,0,14.0,book_fair,0.8571428571428571
10,Juice & Smoothie,2023-11-20,42,2022-11-08,2023-01-01,True,10_Juice-Smoothie,tourist,0,14.0,cultural,3.0
10,Juice & Smoothie,2023-12-18,6,2022-11-08,2023-01-01,True,10_Juice-Smoothie,tourist,0,14.0,book_fair,0.42857142857142855
10,Juice & Smoothie,2024-01-15,55,2022-11-08,2023-01-01,True,10_Juice-Smoothie,tourist,0,14.5,market,3.0
10,Juice & Smoothie,2024-02-12,11,2022-11-08,2023-01-01,True,10_Juice-Smoothie,tourist,0,15.5,book_fair,0.7096774193548387
10,Juice & Smoothie,2024-04-01,33,2022-11-08,2023-01-01,True,10_Juice-Smoothie,tourist,0,17.0,music_festival,1.9411764705882353
10,Juice & Smoothie,2024-06-17,43,2022-11-08,2023-01-01,True,10_Juice-Smoothie,tourist,0,17.0,food_festival,2.5294117647058822
10,Juice & Smoothie,2024-10-28,10,2022-11-08,2023-01-01,True,10_Juice-Smoothie,tourist,0,17.0,book_fair,0.5882352941176471
10,Juice & Smoothie,2023-04-04,30,2022-11-08,2023-01-01,True,10_Juice-Smoothie,tourist,1,13.0,music_festival,2.3076923076923075
10,Juice & Smoothie,2023-08-22,8,2022-11-08,2023-01-01,True,10_Juice-Smoothie,tourist,1,13.0,market,0.6153846153846154
10,Juice & Smoothie,2023-12-19,40,2022-11-08,2023-01-01,True,10_Juice-Smoothie,tourist,1,15.0,market,2.6666666666666665
10,Juice & Smoothie,2024-01-09,26,2022-11-08,2023-01-01,True,10_Juice-Smoothie,tourist,1,15.0,market,1.7333333333333334
10,Juice & Smoothie,2024-01-09,26,2022-11-08,2023-01-01,True,10_Juice-Smoothie,tourist,1,15.0,book_fair,1.7333333333333334
10,Juice & Smoothie,2024-02-13,37,2022-11-08,2023-01-01,True,10_Juice-Smoothie,tourist,1,15.0,music_festival,2.466666666666667
10,Juice & Smoothie,2024-06-04,17,2022-11-08,2023-01-01,True,10_Juice-Smoothie,tourist,1,16.0,convention,1.0625
10,Juice & Smoothie,2024-10-08,34,2022-11-08,2023-01-01,True,10_Juice-Smoothie,tourist,1,15.0,sports,2.2666666666666666
10,Juice & Smoothie,2023-02-15,29,2022-11-08,2023-01-01,True,10_Juice-Smoothie,tourist,2,16.5,cultural,1.7575757575757576
10,Juice & Smoothie,2023-03-01,36,2022-11-08,2023-01-01,True,10_Juice-Smoothie,tourist,2,17.0,sports,2.1176470588235294
10,Juice & Smoothie,2023-03-01,36,2022-11-08,2023-01-01,True,10_Juice-Smoothie,tourist,2,17.0,market,2.1176470588235294
10,Juice & Smoothie,2023-09-06,29,2022-11-08,2023-01-01,True,10_Juice-Smoothie,tourist,2,15.0,music_festival,1.9333333333333333
10,Juice & Smoothie,2023-11-01,36,2022-11-08,2023-01-01,True,10_Juice-Smoothie,tourist,2,17.0,concert,2.1176470588235294
10,Juice & Smoothie,2023-12-20,18,2022-11-08,2023-01-01,True,10_Juice-Smoothie,tourist,2,18.0,sports,1.0
10,Juice & Smoothie,2024-05-29,19,2022-11-08,2023-01-01,True,10_Juice-Smoothie,tourist,2,18.0,market,1.0555555555555556
10,Juice & Smoothie,2024-06-12,16,2022-11-08,2023-01-01,True,10_Juice-Smoothie,tourist,2,18.0,sports,0.8888888888888888
10,Juice & Smoothie,2024-06-26,25,2022-11-08,2023-01-01,True,10_Juice-Smoothie,tourist,2,18.0,cultural,1.3888888888888888
10,Juice & Smoothie,2024-09-18,21,2022-11-08,2023-01-01,True,10_Juice-Smoothie,tourist,2,18.0,book_fair,1.1666666666666667
10,Juice & Smoothie,2024-10-16,37,2022-11-08,2023-01-01,True,10_Juice-Smoothie,tourist,2,18.0,sports,2.0555555555555554
10,Juice & Smoothie,2023-01-19,19,2022-11-08,2023-01-01,True,10_Juice-Smoothie,tourist,3,24.0,concert,0.7916666666666666
10,Juice & Smoothie,2023-03-23,22,2022-11-08,2023-01-01,True,10_Juice-Smoothie,tourist,3,18.0,sports,1.2222222222222223
10,Juice & Smoothie,2023-09-21,33,2022-11-08,2023-01-01,True,10_Juice-Smoothie,tourist,3,16.0,cultural,2.0625
10,Juice & Smoothie,2024-03-14,17,2022-11-08,2023-01-01,True,10_Juice-Smoothie,tourist,3,17.5,convention,0.9714285714285714
10,Juice & Smoothie,2024-03-28,16,2022-11-08,2023-01-01,True,10_Juice-Smoothie,tourist,3,17.0,concert,0.9411764705882353
10,Juice & Smoothie,2024-05-02,24,2022-11-08,2023-01-01,True,10_Juice-Smoothie,tourist,3,18.0,cultural,1.3333333333333333
10,Juice & Smoothie,2024-05-09,22,2022-11-08,2023-01-01,True,10_Juice-Smoothie,tourist,3,18.0,market,1.2222222222222223
10,Juice & Smoothie,2024-07-18,7,2022-11-08,2023-01-01,True,10_Juice-Smoothie,tourist,3,17.0,book_fair,0.4117647058823529
10,Juice & Smoothie,2024-09-26,13,2022-11-08,2023-01-01,True,10_Juice-Smoothie,tourist,3,17.0,market,0.7647058823529411
10,Juice & Smoothie,2023-01-20,24,2022-11-08,2023-01-01,True,10_Juice-Smoothie,tourist,4,24.0,concert,1.0
10,Juice & Smoothie,2023-03-10,29,2022-11-08,2023-01-01,True,10_Juice-Smoothie,tourist,4,16.0,market,1.8125
10,Juice & Smoothie,2023-04-28,16,2022-11-08,2023-01-01,True,10_Juice-Smoothie,tourist,4,17.0,convention,0.9411764705882353
10,Juice & Smoothie,2023-06-02,42,2022-11-08,2023-01-01,True,10_Juice-Smoothie,tourist,4,16.0,music_festival,2.625
10,Juice & Smoothie,2023-08-04,32,2022-11-08,2023-01-01,True,10_Juice-Smoothie,tourist,4,14.5,market,2.206896551724138
10,Juice & Smoothie,2023-08-18,9,2022-11-08,2023-01-01,True,10_Juice-Smoothie,tourist,4,14.5,book_fair,0.6206896551724138
10,Juice & Smoothie,2023-12-01,37,2022-11-08,2023-01-01,True,10_Juice-Smoothie,tourist,4,16.0,food_festival,2.3125
10,Juice & Smoothie,2024-03-29,24,2022-11-08,2023-01-01,True,10_Juice-Smoothie,tourist,4,17.0,market,1.411764705882353
10,Juice & Smoothie,2024-07-05,20,2022-11-08,2023-01-01,True,10_Juice-Smoothie,tourist,4,18.0,cultural,1.1111111111111112
10,Juice & Smoothie,2023-04-29,72,2022-11-08,2023-01-01,True,10_Juice-Smoothie,tourist,5,31.0,market,2.3225806451612905
10,Juice & Smoothie,2023-06-10,98,2022-11-08,2023-01-01,True,10_Juice-Smoothie,tourist,5,31.0,food_festival,3.0
10,Juice & Smoothie,2023-06-10,98,2022-11-08,2023-01-01,True,10_Juice-Smoothie,tourist,5,31.0,food_festival,3.0
10,Juice & Smoothie,2023-08-05,30,2022-11-08,2023-01-01,True,10_Juice-Smoothie,tourist,5,25.5,market,1.1764705882352942
10,Juice & Smoothie,2023-12-09,46,2022-11-08,2023-01-01,True,10_Juice-Smoothie,tourist,5,25.5,market,1.803921568627451
10,Juice & Smoothie,2024-04-20,58,2022-11-08,2023-01-01,True,10_Juice-Smoothie,tourist,5,26.0,book_fair,2.230769230769231
10,Juice & Smoothie,2024-08-03,38,2022-11-08,2023-01-01,True,10_Juice-Smoothie,tourist,5,26.0,market,1.4615384615384615
10,Juice & Smoothie,2024-08-17,19,2022-11-08,2023-01-01,True,10_Juice-Smoothie,tourist,5,26.0,sports,0.7307692307692307
10,Juice & Smoothie,2023-01-22,54,2022-11-08,2023-01-01,True,10_Juice-Smoothie,tourist,6,25.0,cultural,2.16
10,Juice & Smoothie,2023-05-07,27,2022-11-08,2023-01-01,True,10_Juice-Smoothie,tourist,6,30.0,market,0.9
10,Juice & Smoothie,2023-05-14,61,2022-11-08,2023-01-01,True,10_Juice-Smoothie,tourist,6,29.0,cultural,2.103448275862069
10,Juice & Smoothie,2023-08-20,34,2022-11-08,2023-01-01,True,10_Juice-Smoothie,tourist,6,28.0,music_festival,1.2142857142857142
10,Juice & Smoothie,2023-09-03,43,2022-11-08,2023-01-01,True,10_Juice-Smoothie,tourist,6,28.0,cultural,1.5357142857142858
10,Juice & Smoothie,2023-11-05,30,2022-11-08,2023-01-01,True,10_Juice-Smoothie,tourist,6,28.0,convention,1.0714285714285714
10,Juice & Smoothie,2024-05-05,48,2022-11-08,2023-01-01,True,10_Juice-Smoothie,tourist,6,27.5,food_festival,1.7454545454545454
10,Juice & Smoothie,2024-09-15,61,2022-11-08,2023-01-01,True,10_Juice-Smoothie,tourist,6,25.0,music_festival,2.44
10,Merchandise,2023-01-09,24,2022-11-08,2023-01-01,True,10_Merchandise,tourist,0,11.0,concert,2.1818181818181817
10,Merchandise,2023-02-27,15,2022-11-08,2023-01-01,True,10_Merchandise,tourist,0,8.0,food_festival,1.875
10,Merchandise,2023-08-14,16,2022-11-08,2023-01-01,True,10_Merchandise,tourist,0,9.0,concert,1.7777777777777777
10,Merchandise,2023-09-04,18,2022-11-08,2023-01-01,True,10_Merchandise,tourist,0,9.0,market,2.0
10,Merchandise,2023-09-04,18,2022-11-08,2023-01-01,True,10_Merchandise,tourist,0,9.0,market,2.0
10,Merchandise,2023-09-11,7,2022-11-08,2023-01-01,True,10_Merchandise,tourist,0,9.0,market,0.7777777777777778
10,Merchandise,2023-10-02,9,2022-11-08,2023-01-01,True,10_Merchandise,tourist,0,9.0,book_fair,1.0
10,Merchandise,2023-10-09,5,2022-11-08,2023-01-01,True,10_Merchandise,tourist,0,9.0,book_fair,0.5555555555555556
10,Merchandise,2023-11-20,27,2022-11-08,2023-01-01,True,10_Merchandise,tourist,0,9.5,cultural,2.8421052631578947
10,Merchandise,2023-12-18,7,2022-11-08,2023-01-01,True,10_Merchandise,tourist,0,10.0,book_fair,0.7
10,Merchandise,2024-01-15,19,2022-11-08,2023-01-01,True,10_Merchandise,tourist,0,10.0,market,1.9
10,Merchandise,2024-02-12,2,2022-11-08,2023-01-01,True,10_Merchandise,tourist,0,10.0,book_fair,0.25
10,Merchandise,2024-04-01,28,2022-11-08,2023-01-01,True,10_Merchandise,tourist,0,10.0,music_festival,2.8
10,Merchandise,2024-06-17,17,2022-11-08,2023-01-01,True,10_Merchandise,tourist,0,10.0,food_festival,1.7
10,Merchandise,2024-10-28,7,2022-11-08,2023-01-01,True,10_Merchandise,tourist,0,10.0,book_fair,0.7
10,Merchandise,2023-04-04,24,2022-11-08,2023-01-01,True,10_Merchandise,tourist,1,10.0,music_festival,2.4
10,Merchandise,2023-08-22,8,2022-11-08,2023-01-01,True,10_Merchandise,tourist,1,8.0,market,1.0
10,Merchandise,2023-12-19,21,2022-11-08,2023-01-01,True,10_Merchandise,tourist,1,8.0,market,2.625
10,Merchandise,2024-01-09,14,2022-11-08,2023-01-01,True,10_Merchandise,tourist,1,8.0,market,1.75
10,Merchandise,2024-01-09,14,2022-11-08,2023-01-01,True,10_Merchandise,tourist,1,8.0,book_fair,1.75
10,Merchandise,2024-02-13,21,2022-11-08,2023-01-01,True,10_Merchandise,tourist,1,8.0,music_festival,2.625
10,Merchandise,2024-06-04,9,2022-11-08,2023-01-01,True,10_Merchandise,tourist,1,9.0,convention,1.0
10,Merchandise,2024-10-08,26,2022-11-08,2023-01-01,True,10_Merchandise,tourist,1,9.0,sports,2.888888888888889
10,Merchandise,2023-02-15,14,2022-11-08,2023-01-01,True,10_Merchandise,tourist,2,10.0,cultural,1.4
10,Merchandise,2023-03-01,21,2022-11-08,2023-01-01,True,10_Merchandise,tourist,2,10.0,sports,2.1
10,Merchandise,2023-03-01,21,2022-11-08,2023-01-01,True,10_Merchandise,tourist,2,10.0,market,2.1
10,Merchandise,2023-09-06,13,2022-11-08,2023-01-01,True,10_Merchandise,tourist,2,8.0,music_festival,1.625
10,Merchandise,2023-11-01,10,2022-11-08,2023-01-01,True,10_Merchandise,tourist,2,8.0,concert,1.25
10,Merchandise,2023-12-20,8,2022-11-08,2023-01-01,True,10_Merchandise,tourist,2,8.0,sports,1.0
10,Merchandise,2024-05-29,10,2022-11-08,2023-01-01,True,10_Merchandise,tourist,2,9.0,market,1.1111111111111112
10,Merchandise,2024-06-12,8,2022-11-08,2023-01-01,True,10_Merchandise,tourist,2,9.0,sports,0.8888888888888888
10,Merchandise,2024-06-26,14,2022-11-08,2023-01-01,True,10_Merchandise,tourist,2,9.0,cultural,1.5555555555555556
10,Merchandise,2024-09-18,14,2022-11-08,2023-01-01,True,10_Merchandise,tourist,2,8.0,book_fair,1.75
10,Merchandise,2024-10-16,13,2022-11-08,2023-01-01,True,10_Merchandise,tourist,2,8.0,sports,1.625
10,Merchandise,2023-01-19,14,2022-11-08,2023-01-01,True,10_Merchandise,tourist,3,12.5,concert,1.12
10,Merchandise,2023-03-23,18,2022-11-08,2023-01-01,True,10_Merchandise,tourist,3,9.0,sports,2.0
10,Merchandise,2023-09-21,22,2022-11-08,2023-01-01,True,10_Merchandise,tourist,3,8.0,cultural,2.75
10,Merchandise,2024-03-14,4,2022-11-08,2023-01-01,True,10_Merchandise,tourist,3,8.5,convention,0.47058823529411764
10,Merchandise,2024-03-28,14,2022-11-08,2023-01-01,True,10_Merchandise,tourist,3,8.5,concert,1.6470588235294117
10,Merchandise,2024-05-02,16,2022-11-08,2023-01-01,True,10_Merchandise,tourist,3,9.0,cultural,1.7777777777777777
10,Merchandise,2024-05-09,10,2022-11-08,2023-01-01,True,10_Merchandise,tourist,3,9.0,market,1.1111111111111112
10,Merchandise,2024-07-18,5,2022-11-08,2023-01-01,True,10_Merchandise,tourist,3,9.0,book_fair,0.5555555555555556
10,Merchandise,2024-09-26,11,2022-11-08,2023-01-01,True,10_Merchandise,tourist,3,9.0,market,1.2222222222222223
10,Merchandise,2023-01-20,9,2022-11-08,2023-01-01,True,10_Merchandise,tourist,4,13.0,concert,0.6923076923076923
10,Merchandise,2023-03-10,19,2022-11-08,2023-01-01,True,10_Merchandise,tourist,4,9.0,market,2.111111111111111
10,Merchandise,2023-04-28,10,2022-11-08,2023-01-01,True,10_Merchandise,tourist,4,10.0,convention,1.0
10,Merchandise,2023-06-02,23,2022-11-08,2023-01-01,True,10_Merchandise,tourist,4,10.0,music_festival,2.3
10,Merchandise,2023-08-04,14,2022-11-08,2023-01-01,True,10_Merchandise,tourist,4,9.0,market,1.5555555555555556
10,Merchandise,2023-08-18,7,2022-11-08,2023-01-01,True,10_Merchandise,tourist,4,9.0,book_fair,0.7777777777777778
10,Merchandise,2023-12-01,32,2022-11-08,2023-01-01,True,10_Merchandise,tourist,4,9.0,food_festival,3.0
10,Merchandise,2024-03-29,18,2022-11-08,2023-01-01,True,10_Merchandise,tourist,4,9.0,market,2.0
10,Merchandise,2024-07-05,11,2022-11-08,2023-01-01,True,10_Merchandise,tourist,4,9.0,cultural,1.2222222222222223
10,Merchandise,2023-04-29,33,2022-11-08,2023-01-01,True,10_Merchandise,tourist,5,14.5,market,2.2758620689655173
10,Merchandise,2023-06-10,66,2022-11-08,2023-01-01,True,10_Merchandise,tourist,5,15.5,food_festival,3.0
10,Merchandise,2023-06-10,66,2022-11-08,2023-01-01,True,10_Merchandise,tourist,5,15.5,food_festival,3.0
10,Merchandise,2023-08-05,12,2022-11-08,2023-01-01,True,10_Merchandise,tourist,5,14.0,market,0.8571428571428571
10,Merchandise,2023-12-09,22,2022-11-08,2023-01-01,True,10_Merchandise,tourist,5,13.5,market,1.6296296296296295
10,Merchandise,2024-04-20,30,2022-11-08,2023-01-01,True,10_Merchandise,tourist,5,13.0,book_fair,2.3076923076923075
10,Merchandise,2024-08-03,12,2022-11-08,2023-01-01,True,10_Merchandise,tourist,5,12.5,market,0.96
10,Merchandise,2024-08-17,10,2022-11-08,2023-01-01,True,10_Merchandise,tourist,5,12.0,sports,0.8333333333333334
10,Merchandise,2023-01-22,21,2022-11-08,2023-01-01,True,10_Merchandise,tourist,6,18.0,cultural,1.1666666666666667
10,Merchandise,2023-05-07,15,2022-11-08,2023-01-01,True,10_Merchandise,tourist,6,16.0,market,0.9375
10,Merchandise,2023-05-14,21,2022-11-08,2023-01-01,True,10_Merchandise,tourist,6,16.0,cultural,1.3125
10,Merchandise,2023-08-20,22,2022-11-08,2023-01-01,True,10_Merchandise,tourist,6,14.0,music_festival,1.5714285714285714
10,Merchandise,2023-09-03,29,2022-11-08,2023-01-01,True,10_Merchandise,tourist,6,14.0,cultural,2.0714285714285716
10,Merchandise,2023-11-05,16,2022-11-08,2023-01-01,True,10_Merchandise,tourist,6,14.5,convention,1.103448275862069
10,Merchandise,2024-05-05,33,2022-11-08,2023-01-01,True,10_Merchandise,tourist,6,16.0,food_festival,2.0625
10,Merchandise,2024-09-15,37,2022-11-08,2023-01-01,True,10_Merchandise,tourist,6,15.0,music_festival,2.466666666666667
10,Savory Bakery,2023-01-09,88,2022-11-08,2023-01-01,True,10_Savory-Bakery,tourist,0,45.5,concert,1.934065934065934
10,Savory Bakery,2023-02-27,94,2022-11-08,2023-01-01,True,10_Savory-Bakery,tourist,0,32.5,food_festival,2.8923076923076922
10,Savory Bakery,2023-08-14,34,2022-11-08,2023-01-01,True,10_Savory-Bakery,tourist,0,34.5,concert,0.9855072463768116
10,Savory Bakery,2023-09-04,69,2022-11-08,2023-01-01,True,10_Savory-Bakery,tourist,0,34.0,market,2.0294117647058822
10,Savory Bakery,2023-09-04,69,2022-11-08,2023-01-01,True,10_Savory-Bakery,tourist,0,34.0,market,2.0294117647058822
10,Savory Bakery,2023-09-11,54,2022-11-08,2023-01-01,True,10_Savory-Bakery,tourist,0,34.0,market,1.588235294117647
10,Savory Bakery,2023-10-02,53,2022-11-08,2023-01-01,True,10_Savory-Bakery,tourist,0,34.0,book_fair,1.5588235294117647
10,Savory Bakery,2023-10-09,20,2022-11-08,2023-01-01,True,10_Savory-Bakery,tourist,0,34.5,book_fair,0.5797101449275363
10,Savory Bakery,2023-11-20,76,2022-11-08,2023-01-01,True,10_Savory-Bakery,tourist,0,33.5,cultural,2.2686567164179103
10,Savory Bakery,2023-12-18,39,2022-11-08,2023-01-01,True,10_Savory-Bakery,tourist,0,34.0,book_fair,1.1470588235294117
10,Savory Bakery,2024-01-15,105,2022-11-08,2023-01-01,True,10_Savory-Bakery,tourist,0,34.5,market,3.0
10,Savory Bakery,2024-02-12,25,2022-11-08,2023-01-01,True,10_Savory-Bakery,tourist,0,34.5,book_fair,0.7246376811594203
10,Savory Bakery,2024-04-01,90,2022-11-08,2023-01-01,True,10_Savory-Bakery,tourist,0,34.0,music_festival,2.6470588235294117
10,Savory Bakery,2024-06-17,76,2022-11-08,2023-01-01,True,10_Savory-Bakery,tourist,0,35.0,food_festival,2.1714285714285713
10,Savory Bakery,2024-10-28,28,2022-11-08,2023-01-01,True,10_Savory-Bakery,tourist,0,34.0,book_fair,0.8235294117647058
10,Savory Bakery,2023-04-04,85,2022-11-08,2023-01-01,True,10_Savory-Bakery,tourist,1,35.0,music_festival,2.4285714285714284
10,Savory Bakery,2023-08-22,43,2022-11-08,2023-01-01,True,10_Savory-Bakery,tourist,1,32.0,market,1.34375
10,Savory Bakery,2023-12-19,59,2022-11-08,2023-01-01,True,10_Savory-Bakery,tourist,1,35.0,market,1.6857142857142857
10,Savory Bakery,2024-01-09,70,2022-11-08,2023-01-01,True,10_Savory-Bakery,tourist,1,35.0,market,2.0
10,Savory Bakery,2024-01-09,70,2022-11-08,2023-01-01,True,10_Savory-Bakery,tourist,1,35.0,book_fair,2.0
10,Savory Bakery,2024-02-13,95,2022-11-08,2023-01-01,True,10_Savory-Bakery,tourist,1,35.0,music_festival,2.7142857142857144
10,Savory Bakery,2024-06-04,16,2022-11-08,2023-01-01,True,10_Savory-Bakery,tourist,1,35.5,convention,0.4507042253521127
10,Savory Bakery,2024-10-08,85,2022-11-08,2023-01-01,True,10_Savory-Bakery,tourist,1,33.5,sports,2.537313432835821
10,Savory Bakery,2023-02-15,63,2022-11-08,2023-01-01,True,10_Savory-Bakery,tourist,2,28.5,cultural,2.210526315789474
10,Savory Bakery,2023-03-01,85,2022-11-08,2023-01-01,True,10_Savory-Bakery,tourist,2,31.5,sports,2.6984126984126986
10,Savory Bakery,2023-03-01,85,2022-11-08,2023-01-01,True,10_Savory-Bakery,tourist,2,31.5,market,2.6984126984126986
10,Savory Bakery,2023-09-06,48,2022-11-08,2023-01-01,True,10_Savory-Bakery,tourist,2,31.0,music_festival,1.5483870967741935
10,Savory Bakery,2023-11-01,56,2022-11-08,2023-01-01,True,10_Savory-Bakery,tourist,2,34.0,concert,1.6470588235294117
10,Savory Bakery,2023-12-20,24,2022-11-08,2023-01-01,True,10_Savory-Bakery,tourist,2,36.0,sports,0.6666666666666666
10,Savory Bakery,2024-05-29,60,2022-11-08,2023-01-01,True,10_Savory-Bakery,tourist,2,36.0,market,1.6666666666666667
10,Savory Bakery,2024-06-12,27,2022-11-08,2023-01-01,True,10_Savory-Bakery,tourist,2,36.0,sports,0.75
10,Savory Bakery,2024-06-26,52,2022-11-08,2023-01-01,True,10_Savory-Bakery,tourist,2,36.0,cultural,1.4444444444444444
10,Savory Bakery,2024-09-18,24,2022-11-08,2023-01-01,True,10_Savory-Bakery,tourist,2,36.0,book_fair,0.6666666666666666
10,Savory Bakery,2024-10-16,60,2022-11-08,2023-01-01,True,10_Savory-Bakery,tourist,2,35.0,sports,1.7142857142857142
10,Savory Bakery,2023-01-19,61,2022-11-08,2023-01-01,True,10_Savory-Bakery,tourist,3,48.0,concert,1.2708333333333333
10,Savory Bakery,2023-03-23,37,2022-11-08,2023-01-01,True,10_Savory-Bakery,tourist,3,37.0,sports,1.0
10,Savory Bakery,2023-09-21,62,2022-11-08,2023-01-01,True,10_Savory-Bakery,tourist,3,35.0,cultural,1.7714285714285714
10,Savory Bakery,2024-03-14,45,2022-11-08,2023-01-01,True,10_Savory-Bakery,tourist,3,36.5,convention,1.2328767123287672
10,Savory Bakery,2024-03-28,71,2022-11-08,2023-01-01,True,10_Savory-Bakery,tourist,3,36.5,concert,1.9452054794520548
10,Savory Bakery,2024-05-02,62,2022-11-08,2023-01-01,True,10_Savory-Bakery,tourist,3,37.0,cultural,1.6756756756756757
10,Savory Bakery,2024-05-09,52,2022-11-08,2023-01-01,True,10_Savory-Bakery,tourist,3,37.0,market,1.4054054054054055
10,Savory Bakery,2024-07-18,13,2022-11-08,2023-01-01,True,10_Savory-Bakery,tourist,3,37.0,book_fair,0.35135135135135137
10,Savory Bakery,2024-09-26,44,2022-11-08,2023-01-01,True,10_Savory-Bakery,tourist,3,36.0,market,1.2222222222222223
10,Savory Bakery,2023-01-20,63,2022-11-08,2023-01-01,True,10_Savory-Bakery,tourist,4,49.0,concert,1.2857142857142858
10,Savory Bakery,2023-03-10,77,2022-11-08,2023-01-01,True,10_Savory-Bakery,tourist,4,43.0,market,1.7906976744186047
10,Savory Bakery,2023-04-28,55,2022-11-08,2023-01-01,True,10_Savory-Bakery,tourist,4,44.0,convention,1.25
10,Savory Bakery,2023-06-02,77,2022-11-08,2023-01-01,True,10_Savory-Bakery,tourist,4,41.0,music_festival,1.8780487804878048
10,Savory Bakery,2023-08-04,79,2022-11-08,2023-01-01,True,10_Savory-Bakery,tourist,4,34.0,market,2.323529411764706
10,Savory Bakery,2023-08-18,31,2022-11-08,2023-01-01,True,10_Savory-Bakery,tourist,4,34.5,book_fair,0.8985507246376812
10,Savory Bakery,2023-12-01,90,2022-11-08,2023-01-01,True,10_Savory-Bakery,tourist,4,34.0,food_festival,2.6470588235294117
10,Savory Bakery,2024-03-29,80,2022-11-08,2023-01-01,True,10_Savory-Bakery,tourist,4,35.5,market,2.2535211267605635
10,Savory Bakery,2024-07-05,39,2022-11-08,2023-01-01,True,10_Savory-Bakery,tourist,4,36.0,cultural,1.0833333333333333
10,Savory Bakery,2023-04-29,118,2022-11-08,2023-01-01,True,10_Savory-Bakery,tourist,5,56.0,market,2.107142857142857
10,Savory Bakery,2023-06-10,224,2022-11-08,2023-01-01,True,10_Savory-Bakery,tourist,5,58.0,food_festival,3.0
10,Savory Bakery,2023-06-10,224,2022-11-08,2023-01-01,True,10_Savory-Bakery,tourist,5,58.0,food_festival,3.0
10,Savory Bakery,2023-08-05,63,2022-11-08,2023-01-01,True,10_Savory-Bakery,tourist,5,53.0,market,1.1886792452830188
10,Savory Bakery,2023-12-09,89,2022-11-08,2023-01-01,True,10_Savory-Bakery,tourist,5,53.5,market,1.6635514018691588
10,Savory Bakery,2024-04-20,117,2022-11-08,2023-01-01,True,10_Savory-Bakery,tourist,5,54.0,book_fair,2.1666666666666665
10,Savory Bakery,2024-08-03,56,2022-11-08,2023-01-01,True,10_Savory-Bakery,tourist,5,53.5,market,1.0467289719626167
10,Savory Bakery,2024-08-17,35,2022-11-08,2023-01-01,True,10_Savory-Bakery,tourist,5,53.5,sports,0.6542056074766355
10,Savory Bakery,2023-01-22,92,2022-11-08,2023-01-01,True,10_Savory-Bakery,tourist,6,54.0,cultural,1.7037037037037037
10,Savory Bakery,2023-05-07,60,2022-11-08,2023-01-01,True,10_Savory-Bakery,tourist,6,52.5,market,1.1428571428571428
10,Savory Bakery,2023-05-14,96,2022-11-08,2023-01-01,True,10_Savory-Bakery,tourist,6,53.0,cultural,1.8113207547169812
10,Savory Bakery,2023-08-20,70,2022-11-08,2023-01-01,True,10_Savory-Bakery,tourist,6,48.0,music_festival,1.4583333333333333
10,Savory Bakery,2023-09-03,63,2022-11-08,2023-01-01,True,10_Savory-Bakery,tourist,6,48.0,cultural,1.3125
10,Savory Bakery,2023-11-05,63,2022-11-08,2023-01-01,True,10_Savory-Bakery,tourist,6,49.5,convention,1.2727272727272727
10,Savory Bakery,2024-05-05,138,2022-11-08,2023-01-01,True,10_Savory-Bakery,tourist,6,54.5,food_festival,2.532110091743119
10,Savory Bakery,2024-09-15,158,2022-11-08,2023-01-01,True,10_Savory-Bakery,tourist,6,52.0,music_festival,3.0
10,Tea,2023-01-09,207,2022-11-08,2023-01-01,True,10_Tea,tourist,0,70.5,concert,2.9361702127659575
10,Tea,2023-02-27,171,2022-11-08,2023-01-01,True,10_Tea,tourist,0,51.0,food_festival,3.0
10,Tea,2023-08-14,92,2022-11-08,2023-01-01,True,10_Tea,tourist,0,57.5,concert,1.6
10,Tea,2023-09-04,92,2022-11-08,2023-01-01,True,10_Tea,tourist,0,57.0,market,1.6140350877192982
10,Tea,2023-09-04,92,2022-11-08,2023-01-01,True,10_Tea,tourist,0,57.0,market,1.6140350877192982
10,Tea,2023-09-11,70,2022-11-08,2023-01-01,True,10_Tea,tourist,0,57.5,market,1.2173913043478262
10,Tea,2023-10-02,67,2022-11-08,2023-01-01,True,10_Tea,tourist,0,60.0,book_fair,1.1166666666666667
10,Tea,2023-10-09,24,2022-11-08,2023-01-01,True,10_Tea,tourist,0,61.0,book_fair,0.39344262295081966
10,Tea,2023-11-20,142,2022-11-08,2023-01-01,True,10_Tea,tourist,0,59.5,cultural,2.3865546218487395
10,Tea,2023-12-18,66,2022-11-08,2023-01-01,True,10_Tea,tourist,0,61.0,book_fair,1.0819672131147542
10,Tea,2024-01-15,153,2022-11-08,2023-01-01,True,10_Tea,tourist,0,64.0,market,2.390625
10,Tea,2024-02-12,71,2022-11-08,2023-01-01,True,10_Tea,tourist,0,64.0,book_fair,1.109375
10,Tea,2024-04-01,134,2022-11-08,2023-01-01,True,10_Tea,tourist,0,66.0,music_festival,2.0303030303030303
10,Tea,2024-06-17,108,2022-11-08,2023-01-01,True,10_Tea,tourist,0,67.0,food_festival,1.6119402985074627
10,Tea,2024-10-28,75,2022-11-08,2023-01-01,True,10_Tea,tourist,0,60.0,book_fair,1.25
10,Tea,2023-04-04,174,2022-11-08,2023-01-01,True,10_Tea,tourist,1,62.0,music_festival,2.806451612903226
10,Tea,2023-08-22,73,2022-11-08,2023-01-01,True,10_Tea,tourist,1,55.0,market,1.3272727272727274
10,Tea,2023-12-19,119,2022-11-08,2023-01-01,True,10_Tea,tourist,1,59.0,market,2.016949152542373
10,Tea,2024-01-09,84,2022-11-08,2023-01-01,True,10_Tea,tourist,1,59.0,market,1.423728813559322
10,Tea,2024-01-09,84,2022-11-08,2023-01-01,True,10_Tea,tourist,1,59.0,book_fair,1.423728813559322
10,Tea,2024-02-13,155,2022-11-08,2023-01-01,True,10_Tea,tourist,1,61.0,music_festival,2.540983606557377
10,Tea,2024-06-04,49,2022-11-08,2023-01-01,True,10_Tea,tourist,1,59.5,convention,0.8235294117647058
10,Tea,2024-10-08,169,2022-11-08,2023-01-01,True,10_Tea,tourist,1,56.0,sports,3.0
10,Tea,2023-02-15,100,2022-11-08,2023-01-01,True,10_Tea,tourist,2,69.0,cultural,1.4492753623188406
10,Tea,2023-03-01,144,2022-11-08,2023-01-01,True,10_Tea,tourist,2,69.0,sports,2.0869565217391304
10,Tea,2023-03-01,144,2022-11-08,2023-01-01,True,10_Tea,tourist,2,69.0,market,2.0869565217391304
10,Tea,2023-09-06,79,2022-11-08,2023-01-01,True,10_Tea,tourist,2,57.0,music_festival,1.3859649122807018
10,Tea,2023-11-01,116,2022-11-08,2023-01-01,True,10_Tea,tourist,2,56.0,concert,2.0714285714285716
10,Tea,2023-12-20,70,2022-11-08,2023-01-01,True,10_Tea,tourist,2,58.5,sports,1.1965811965811965
10,Tea,2024-05-29,79,2022-11-08,2023-01-01,True,10_Tea,tourist,2,61.0,market,1.2950819672131149
10,Tea,2024-06-12,52,2022-11-08,2023-01-01,True,10_Tea,tourist,2,61.0,sports,0.8524590163934426
10,Tea,2024-06-26,88,2022-11-08,2023-01-01,True,10_Tea,tourist,2,61.0,cultural,1.4426229508196722
10,Tea,2024-09-18,54,2022-11-08,2023-01-01,True,10_Tea,tourist,2,57.0,book_fair,0.9473684210526315
10,Tea,2024-10-16,114,2022-11-08,2023-01-01,True,10_Tea,tourist,2,56.0,sports,2.0357142857142856
10,Tea,2023-01-19,94,2022-11-08,2023-01-01,True,10_Tea,tourist,3,72.5,concert,1.296551724137931
10,Tea,2023-03-23,74,2022-11-08,2023-01-01,True,10_Tea,tourist,3,73.0,sports,1.0136986301369864
10,Tea,2023-09-21,134,2022-11-08,2023-01-01,True,10_Tea,tourist,3,62.0,cultural,2.161290322580645
10,Tea,2024-03-14,70,2022-11-08,2023-01-01,True,10_Tea,tourist,3,65.5,convention,1.0687022900763359
10,Tea,2024-03-28,122,2022-11-08,2023-01-01,True,10_Tea,tourist,3,65.5,concert,1.8625954198473282
10,Tea,2024-05-02,111,2022-11-08,2023-01-01,True,10_Tea,tourist,3,67.0,cultural,1.6567164179104477
10,Tea,2024-05-09,73,2022-11-08,2023-01-01,True,10_Tea,tourist,3,68.0,market,1.0735294117647058
10,Tea,2024-07-18,39,2022-11-08,2023-01-01,True,10_Tea,tourist,3,65.5,book_fair,0.5954198473282443
10,Tea,2024-09-26,73,2022-11-08,2023-01-01,True,10_Tea,tourist,3,62.5,market,1.168
10,Tea,2023-01-20,121,2022-11-08,2023-01-01,True,10_Tea,tourist,4,73.0,concert,1.6575342465753424
10,Tea,2023-03-10,111,2022-11-08,2023-01-01,True,10_Tea,tourist,4,61.0,market,1.819672131147541
10,Tea,2023-04-28,61,2022-11-08,2023-01-01,True,10_Tea,tourist,4,64.5,convention,0.9457364341085271
10,Tea,2023-06-02,136,2022-11-08,2023-01-01,True,10_Tea,tourist,4,64.0,music_festival,2.125
10,Tea,2023-08-04,79,2022-11-08,2023-01-01,True,10_Tea,tourist,4,60.0,market,1.3166666666666667
10,Tea,2023-08-18,37,2022-11-08,2023-01-01,True,10_Tea,tourist,4,60.0,book_fair,0.6166666666666667
10,Tea,2023-12-01,156,2022-11-08,2023-01-01,True,10_Tea,tourist,4,61.0,food_festival,2.557377049180328
10,Tea,2024-03-29,96,2022-11-08,2023-01-01,True,10_Tea,tourist,4,62.0,market,1.5483870967741935
10,Tea,2024-07-05,62,2022-11-08,2023-01-01,True,10_Tea,tourist,4,62.0,cultural,1.0
10,Tea,2023-04-29,175,2022-11-08,2023-01-01,True,10_Tea,tourist,5,94.0,market,1.8617021276595744
10,Tea,2023-06-10,336,2022-11-08,2023-01-01,True,10_Tea,tourist,5,97.0,food_festival,3.0
10,Tea,2023-06-10,336,2022-11-08,2023-01-01,True,10_Tea,tourist,5,97.0,food_festival,3.0
10,Tea,2023-08-05,113,2022-11-08,2023-01-01,True,10_Tea,tourist,5,87.5,market,1.2914285714285714
10,Tea,2023-12-09,154,2022-11-08,2023-01-01,True,10_Tea,tourist,5,91.0,market,1.6923076923076923
10,Tea,2024-04-20,170,2022-11-08,2023-01-01,True,10_Tea,tourist,5,96.0,book_fair,1.7708333333333333
10,Tea,2024-08-03,113,2022-11-08,2023-01-01,True,10_Tea,tourist,5,94.0,market,1.202127659574468
10,Tea,2024-08-17,66,2022-11-08,2023-01-01,True,10_Tea,tourist,5,94.0,sports,0.7021276595744681
10,Tea,2023-01-22,156,2022-11-08,2023-01-01,True,10_Tea,tourist,6,111.0,cultural,1.4054054054054055
10,Tea,2023-05-07,104,2022-11-08,2023-01-01,True,10_Tea,tourist,6,108.0,market,0.9629629629629629
10,Tea,2023-05-14,174,2022-11-08,2023-01-01,True,10_Tea,tourist,6,105.0,cultural,1.6571428571428573
10,Tea,2023-08-20,128,2022-11-08,2023-01-01,True,10_Tea,tourist,6,76.0,music_festival,1.6842105263157894
10,Tea,2023-09-03,124,2022-11-08,2023-01-01,True,10_Tea,tourist,6,76.0,cultural,1.631578947368421
10,Tea,2023-11-05,90,2022-11-08,2023-01-01,True,10_Tea,tourist,6,80.5,convention,1.1180124223602483
10,Tea,2024-05-05,240,2022-11-08,2023-01-01,True,10_Tea,tourist,6,93.5,food_festival,2.5668449197860963
10,Tea,2024-09-15,204,2022-11-08,2023-01-01,True,10_Tea,tourist,6,90.0,music_festival,2.2666666666666666
11,Bakery,2023-02-20,6,2020-07-22,2023-01-01,True,11_Bakery,gas_station,0,23.0,book_fair,0.2608695652173913
11,Bakery,2023-04-03,36,2020-07-22,2023-01-01,True,11_Bakery,gas_station,0,23.0,sports,1.565217391304348
11,Bakery,2023-05-08,27,2020-07-22,2023-01-01,True,11_Bakery,gas_station,0,23.5,music_festival,1.148936170212766
11,Bakery,2023-08-21,30,2020-07-22,2023-01-01,True,11_Bakery,gas_station,0,23.0,convention,1.3043478260869565
11,Bakery,2023-08-21,30,2020-07-22,2023-01-01,True,11_Bakery,gas_station,0,23.0,sports,1.3043478260869565
11,Bakery,2023-10-16,27,2020-07-22,2023-01-01,True,11_Bakery,gas_station,0,22.0,concert,1.2272727272727273
11,Bakery,2024-06-10,49,2020-07-22,2023-01-01,True,11_Bakery,gas_station,0,21.0,sports,2.3333333333333335
11,Bakery,2024-07-01,21,2020-07-22,2023-01-01,True,11_Bakery,gas_station,0,21.0,cultural,1.0
11,Bakery,2024-07-15,4,2020-07-22,2023-01-01,True,11_Bakery,gas_station,0,21.0,book_fair,0.25
11,Bakery,2024-08-12,38,2020-07-22,2023-01-01,True,11_Bakery,gas_station,0,21.0,cultural,1.8095238095238095
11,Bakery,2024-09-16,45,2020-07-22,2023-01-01,True,11_Bakery,gas_station,0,21.0,food_festival,2.142857142857143
11,Bakery,2023-01-31,31,2020-07-22,2023-01-01,True,11_Bakery,gas_station,1,19.0,sports,1.631578947368421
11,Bakery,2023-04-11,38,2020-07-22,2023-01-01,True,11_Bakery,gas_station,1,19.5,food_festival,1.9487179487179487
11,Bakery,2023-05-16,27,2020-07-22,2023-01-01,True,11_Bakery,gas_station,1,20.0,concert,1.35
11,Bakery,2023-07-11,30,2020-07-22,2023-01-01,True,11_Bakery,gas_station,1,20.0,market,1.5
11,Bakery,2023-07-18,20,2020-07-22,2023-01-01,True,11_Bakery,gas_station,1,20.5,sports,0.975609756097561
11,Bakery,2024-01-09,47,2020-07-22,2023-01-01,True,11_Bakery,gas_station,1,21.0,food_festival,2.238095238095238
11,Bakery,2024-04-02,29,2020-07-22,2023-01-01,True,11_Bakery,gas_station,1,19.0,convention,1.5263157894736843
11,Bakery,2024-07-02,19,2020-07-22,2023-01-01,True,11_Bakery,gas_station,1,20.0,music_festival,0.95
11,Bakery,2024-07-23,36,2020-07-22,2023-01-01,True,11_Bakery,gas_station,1,20.0,market,1.8
11,Bakery,2024-10-22,56,2020-07-22,2023-01-01,True,11_Bakery,gas_station,1,20.0,food_festival,2.8
11,Bakery,2023-04-12,42,2020-07-22,2023-01-01,True,11_Bakery,gas_station,2,22.5,music_festival,1.8666666666666667
11,Bakery,2023-07-26,7,2020-07-22,2023-01-01,True,11_Bakery,gas_station,2,20.0,book_fair,0.35
11,Bakery,2024-04-03,21,2020-07-22,2023-01-01,True,11_Bakery,gas_station,2,20.0,sports,1.05
11,Bakery,2024-04-17,33,2020-07-22,2023-01-01,True,11_Bakery,gas_station,2,20.0,concert,1.65
11,Bakery,2024-06-19,37,2020-07-22,2023-01-01,True,11_Bakery,gas_station,2,20.0,food_festival,1.85
11,Bakery,2024-08-14,19,2020-07-22,2023-01-01,True,11_Bakery,gas_station,2,20.0,book_fair,0.95
11,Bakery,2024-08-14,19,2020-07-22,2023-01-01,True,11_Bakery,gas_station,2,20.0,cultural,0.95
11,Bakery,2024-08-28,38,2020-07-22,2023-01-01,True,11_Bakery,gas_station,2,20.0,food_festival,1.9
11,Bakery,2024-09-18,28,2020-07-22,2023-01-01,True,11_Bakery,gas_station,2,20.0,convention,1.4
11,Bakery,2024-09-18,28,2020-07-22,2023-01-01,True,11_Bakery,gas_station,2,20.0,food_festival,1.4
11,Bakery,2024-10-16,28,2020-07-22,2023-01-01,True,11_Bakery,gas_station,2,20.0,market,1.4
11,Bakery,2024-10-30,11,2020-07-22,2023-01-01,True,11_Bakery,gas_station,2,20.0,market,0.55
11,Bakery,2023-01-19,7,2020-07-22,2023-01-01,True,11_Bakery,gas_station,3,23.0,book_fair,0.30434782608695654
11,Bakery,2023-09-21,29,2020-07-22,2023-01-01,True,11_Bakery,gas_station,3,19.0,sports,1.5263157894736843
11,Bakery,2023-11-23,13,2020-07-22,2023-01-01,True,11_Bakery,gas_station,3,20.0,cultural,0.65
11,Bakery,2023-12-14,22,2020-07-22,2023-01-01,True,11_Bakery,gas_station,3,20.0,market,1.1
11,Bakery,2024-03-28,23,2020-07-22,2023-01-01,True,11_Bakery,gas_station,3,20.0,cultural,1.15
11,Bakery,2024-05-09,19,2020-07-22,2023-01-01,True,11_Bakery,gas_station,3,20.0,market,0.95
11,Bakery,2024-10-31,43,2020-07-22,2023-01-01,True,11_Bakery,gas_station,3,20.0,food_festival,2.15
11,Bakery,2023-04-07,37,2020-07-22,2023-01-01,True,11_Bakery,gas_station,4,18.0,sports,2.0555555555555554
11,Bakery,2023-04-14,65,2020-07-22,2023-01-01,True,11_Bakery,gas_station,4,19.5,food_festival,3.0
11,Bakery,2023-07-07,11,2020-07-22,2023-01-01,True,11_Bakery,gas_station,4,17.5,convention,0.6285714285714286
11,Bakery,2023-09-08,15,2020-07-22,2023-01-01,True,11_Bakery,gas_station,4,18.0,market,0.8333333333333334
11,Bakery,2024-01-12,31,2020-07-22,2023-01-01,True,11_Bakery,gas_station,4,17.0,cultural,1.8235294117647058
11,Bakery,2024-06-14,23,2020-07-22,2023-01-01,True,11_Bakery,gas_station,4,19.0,book_fair,1.2105263157894737
11,Bakery,2024-06-28,30,2020-07-22,2023-01-01,True,11_Bakery,gas_station,4,19.0,cultural,1.5789473684210527
11,Bakery,2024-07-19,18,2020-07-22,2023-01-01,True,11_Bakery,gas_station,4,19.0,food_festival,0.9473684210526315
11,Bakery,2024-08-02,16,2020-07-22,2023-01-01,True,11_Bakery,gas_station,4,19.0,convention,0.8421052631578947
11,Bakery,2024-10-18,24,2020-07-22,2023-01-01,True,11_Bakery,gas_station,4,18.0,concert,1.3333333333333333
11,Bakery,2023-01-14,51,2020-07-22,2023-01-01,True,11_Bakery,gas_station,5,23.0,food_festival,2.217391304347826
11,Bakery,2023-03-04,30,2020-07-22,2023-01-01,True,11_Bakery,gas_station,5,14.0,book_fair,2.142857142857143
11,Bakery,2023-03-04,30,2020-07-22,2023-01-01,True,11_Bakery,gas_station,5,14.0,music_festival,2.142857142857143
11,Bakery,2023-03-11,31,2020-07-22,2023-01-01,True,11_Bakery,gas_station,5,15.0,sports,2.066666666666667
11,Bakery,2023-05-27,22,2020-07-22,2023-01-01,True,11_Bakery,gas_station,5,21.0,music_festival,1.0476190476190477
11,Bakery,2023-07-29,38,2020-07-22,2023-01-01,True,11_Bakery,gas_station,5,18.0,music_festival,2.111111111111111
11,Bakery,2023-07-29,38,2020-07-22,2023-01-01,True,11_Bakery,gas_station,5,18.0,food_festival,2.111111111111111
11,Bakery,2023-08-19,13,2020-07-22,2023-01-01,True,11_Bakery,gas_station,5,18.0,book_fair,0.7222222222222222
11,Bakery,2023-08-26,37,2020-07-22,2023-01-01,True,11_Bakery,gas_station,5,18.0,music_festival,2.0555555555555554
11,Bakery,2023-08-26,37,2020-07-22,2023-01-01,True,11_Bakery,gas_station,5,18.0,market,2.0555555555555554
11,Bakery,2023-10-14,13,2020-07-22,2023-01-01,True,11_Bakery,gas_station,5,17.0,book_fair,0.7647058823529411
11,Bakery,2023-10-21,37,2020-07-22,2023-01-01,True,11_Bakery,gas_station,5,17.0,food_festival,2.176470588235294
11,Bakery,2024-02-03,33,2020-07-22,2023-01-01,True,11_Bakery,gas_station,5,18.0,cultural,1.8333333333333333
11,Bakery,2024-03-09,27,2020-07-22,2023-01-01,True,11_Bakery,gas_station,5,18.0,sports,1.5
11,Bakery,2024-09-07,22,2020-07-22,2023-01-01,True,11_Bakery,gas_station,5,18.0,market,1.2222222222222223
11,Bakery,2024-09-14,24,2020-07-22,2023-01-01,True,11_Bakery,gas_station,5,18.0,cultural,1.3333333333333333
11,Bakery,2023-02-12,43,2020-07-22,2023-01-01,True,11_Bakery,gas_station,6,20.0,market,2.15
11,Bakery,2023-10-22,13,2020-07-22,2023-01-01,True,11_Bakery,gas_station,6,18.5,market,0.7027027027027027
11,Bakery,2024-06-09,31,2020-07-22,2023-01-01,True,11_Bakery,gas_station,6,18.0,cultural,1.7222222222222223
11,Chocolate & Milk,2023-02-20,0,2020-07-22,2023-01-01,True,11_Chocolate-Milk,gas_station,0,14.0,book_fair,0.25
11,Chocolate & Milk,2023-04-03,16,2020-07-22,2023-01-01,True,11_Chocolate-Milk,gas_station,0,11.0,sports,1.4545454545454546
11,Chocolate & Milk,2023-05-08,22,2020-07-22,2023-01-01,True,11_Chocolate-Milk,gas_station,0,13.5,music_festival,1.6296296296296295
11,Chocolate & Milk,2023-08-21,21,2020-07-22,2023-01-01,True,11_Chocolate-Milk,gas_station,0,11.0,convention,1.9090909090909092
11,Chocolate & Milk,2023-08-21,21,2020-07-22,2023-01-01,True,11_Chocolate-Milk,gas_station,0,11.0,sports,1.9090909090909092
11,Chocolate & Milk,2023-10-16,7,2020-07-22,2023-01-01,True,11_Chocolate-Milk,gas_station,0,12.0,concert,0.5833333333333334
11,Chocolate & Milk,2024-06-10,15,2020-07-22,2023-01-01,True,11_Chocolate-Milk,gas_station,0,12.0,sports,1.25
11,Chocolate & Milk,2024-07-01,15,2020-07-22,2023-01-01,True,11_Chocolate-Milk,gas_station,0,12.0,cultural,1.25
11,Chocolate & Milk,2024-07-15,3,2020-07-22,2023-01-01,True,11_Chocolate-Milk,gas_station,0,12.0,book_fair,0.25
11,Chocolate & Milk,2024-08-12,19,2020-07-22,2023-01-01,True,11_Chocolate-Milk,gas_station,0,12.0,cultural,1.5833333333333333
11,Chocolate & Milk,2024-09-16,18,2020-07-22,2023-01-01,True,11_Chocolate-Milk,gas_station,0,12.0,food_festival,1.5
11,Chocolate & Milk,2023-01-31,23,2020-07-22,2023-01-01,True,11_Chocolate-Milk,gas_station,1,15.0,sports,1.5333333333333334
11,Chocolate & Milk,2023-04-11,26,2020-07-22,2023-01-01,True,11_Chocolate-Milk,gas_station,1,10.0,food_festival,2.6
11,Chocolate & Milk,2023-05-16,9,2020-07-22,2023-01-01,True,11_Chocolate-Milk,gas_station,1,10.0,concert,0.9
11,Chocolate & Milk,2023-07-11,10,2020-07-22,2023-01-01,True,11_Chocolate-Milk,gas_station,1,10.0,market,1.0
11,Chocolate & Milk,2023-07-18,6,2020-07-22,2023-01-01,True,11_Chocolate-Milk,gas_station,1,10.0,sports,0.6
11,Chocolate & Milk,2024-01-09,15,2020-07-22,2023-01-01,True,11_Chocolate-Milk,gas_station,1,10.0,food_festival,1.5
11,Chocolate & Milk,2024-04-02,13,2020-07-22,2023-01-01,True,11_Chocolate-Milk,gas_station,1,10.0,convention,1.3
11,Chocolate & Milk,2024-07-02,15,2020-07-22,2023-01-01,True,11_Chocolate-Milk,gas_station,1,10.0,music_festival,1.5
11,Chocolate & Milk,2024-07-23,7,2020-07-22,2023-01-01,True,11_Chocolate-Milk,gas_station,1,10.0,market,0.7
11,Chocolate & Milk,2024-10-22,21,2020-07-22,2023-01-01,True,11_Chocolate-Milk,gas_station,1,10.0,food_festival,2.1
11,Chocolate & Milk,2023-04-12,21,2020-07-22,2023-01-01,True,11_Chocolate-Milk,gas_station,2,12.5,music_festival,1.68
11,Chocolate & Milk,2023-07-26,9,2020-07-22,2023-01-01,True,11_Chocolate-Milk,gas_station,2,10.0,book_fair,0.9
11,Chocolate & Milk,2024-04-03,24,2020-07-22,2023-01-01,True,11_Chocolate-Milk,gas_station,2,10.0,sports,2.4
11,Chocolate & Milk,2024-04-17,18,2020-07-22,2023-01-01,True,11_Chocolate-Milk,gas_station,2,10.0,concert,1.8
11,Chocolate & Milk,2024-06-19,19,2020-07-22,2023-01-01,True,11_Chocolate-Milk,gas_station,2,10.5,food_festival,1.8095238095238095
11,Chocolate & Milk,2024-08-14,7,2020-07-22,2023-01-01,True,11_Chocolate-Milk,gas_station,2,10.0,book_fair,0.7
11,Chocolate & Milk,2024-08-14,7,2020-07-22,2023-01-01,True,11_Chocolate-Milk,gas_station,2,10.0,cultural,0.7
11,Chocolate & Milk,2024-08-28,14,2020-07-22,2023-01-01,True,11_Chocolate-Milk,gas_station,2,10.0,food_festival,1.4
11,Chocolate & Milk,2024-09-18,27,2020-07-22,2023-01-01,True,11_Chocolate-Milk,gas_station,2,10.0,convention,2.7
11,Chocolate & Milk,2024-09-18,27,2020-07-22,2023-01-01,True,11_Chocolate-Milk,gas_station,2,10.0,food_festival,2.7
11,Chocolate & Milk,2024-10-16,15,2020-07-22,2023-01-01,True,11_Chocolate-Milk,gas_station,2,10.0,market,1.5
11,Chocolate & Milk,2024-10-30,11,2020-07-22,2023-01-01,True,11_Chocolate-Milk,gas_station,2,10.0,market,1.1
11,Chocolate & Milk,2023-01-19,11,2020-07-22,2023-01-01,True,11_Chocolate-Milk,gas_station,3,13.0,book_fair,0.8461538461538461
11,Chocolate & Milk,2023-09-21,10,2020-07-22,2023-01-01,True,11_Chocolate-Milk,gas_station,3,11.0,sports,0.9090909090909091
11,Chocolate & Milk,2023-11-23,5,2020-07-22,2023-01-01,True,11_Chocolate-Milk,gas_station,3,11.0,cultural,0.45454545454545453
11,Chocolate & Milk,2023-12-14,16,2020-07-22,2023-01-01,True,11_Chocolate-Milk,gas_station,3,11.0,market,1.4545454545454546
11,Chocolate & Milk,2024-03-28,14,2020-07-22,2023-01-01,True,11_Chocolate-Milk,gas_station,3,11.0,cultural,1.2727272727272727
11,Chocolate & Milk,2024-05-09,18,2020-07-22,2023-01-01,True,11_Chocolate-Milk,gas_station,3,11.0,market,1.6363636363636365
11,Chocolate & Milk,2024-10-31,21,2020-07-22,2023-01-01,True,11_Chocolate-Milk,gas_station,3,11.0,food_festival,1.9090909090909092
11,Chocolate & Milk,2023-04-07,22,2020-07-22,2023-01-01,True,11_Chocolate-Milk,gas_station,4,12.0,sports,1.8333333333333333
11,Chocolate & Milk,2023-04-14,27,2020-07-22,2023-01-01,True,11_Chocolate-Milk,gas_station,4,12.5,food_festival,2.16
11,Chocolate & Milk,2023-07-07,11,2020-07-22,2023-01-01,True,11_Chocolate-Milk,gas_station,4,10.0,convention,1.1
11,Chocolate & Milk,2023-09-08,0,2020-07-22,2023-01-01,True,11_Chocolate-Milk,gas_station,4,10.0,market,0.25
11,Chocolate & Milk,2024-01-12,16,2020-07-22,2023-01-01,True,11_Chocolate-Milk,gas_station,4,11.0,cultural,1.4545454545454546
11,Chocolate & Milk,2024-06-14,3,2020-07-22,2023-01-01,True,11_Chocolate-Milk,gas_station,4,11.0,book_fair,0.2727272727272727
11,Chocolate & Milk,2024-06-28,17,2020-07-22,2023-01-01,True,11_Chocolate-Milk,gas_station,4,11.0,cultural,1.5454545454545454
11,Chocolate & Milk,2024-07-19,16,2020-07-22,2023-01-01,True,11_Chocolate-Milk,gas_station,4,11.0,food_festival,1.4545454545454546
11,Chocolate & Milk,2024-08-02,17,2020-07-22,2023-01-01,True,11_Chocolate-Milk,gas_station,4,11.0,convention,1.5454545454545454
11,Chocolate & Milk,2024-10-18,20,2020-07-22,2023-01-01,True,11_Chocolate-Milk,gas_station,4,10.0,concert,2.0
11,Chocolate & Milk,2023-01-14,35,2020-07-22,2023-01-01,True,11_Chocolate-Milk,gas_station,5,12.0,food_festival,2.9166666666666665
11,Chocolate & Milk,2023-03-04,17,2020-07-22,2023-01-01,True,11_Chocolate-Milk,gas_station,5,9.5,book_fair,1.7894736842105263
11,Chocolate & Milk,2023-03-04,17,2020-07-22,2023-01-01,True,11_Chocolate-Milk,gas_station,5,9.5,music_festival,1.7894736842105263
11,Chocolate & Milk,2023-03-11,13,2020-07-22,2023-01-01,True,11_Chocolate-Milk,gas_station,5,10.0,sports,1.3
11,Chocolate & Milk,2023-05-27,4,2020-07-22,2023-01-01,True,11_Chocolate-Milk,gas_station,5,10.5,music_festival,0.38095238095238093
11,Chocolate & Milk,2023-07-29,15,2020-07-22,2023-01-01,True,11_Chocolate-Milk,gas_station,5,8.0,music_festival,1.875
11,Chocolate & Milk,2023-07-29,15,2020-07-22,2023-01-01,True,11_Chocolate-Milk,gas_station,5,8.0,food_festival,1.875
11,Chocolate & Milk,2023-08-19,15,2020-07-22,2023-01-01,True,11_Chocolate-Milk,gas_station,5,8.5,book_fair,1.7647058823529411
11,Chocolate & Milk,2023-08-26,13,2020-07-22,2023-01-01,True,11_Chocolate-Milk,gas_station,5,9.0,music_festival,1.4444444444444444
11,Chocolate & Milk,2023-08-26,13,2020-07-22,2023-01-01,True,11_Chocolate-Milk,gas_station,5,9.0,market,1.4444444444444444
11,Chocolate & Milk,2023-10-14,3,2020-07-22,2023-01-01,True,11_Chocolate-Milk,gas_station,5,9.5,book_fair,0.3157894736842105
11,Chocolate & Milk,2023-10-21,22,2020-07-22,2023-01-01,True,11_Chocolate-Milk,gas_station,5,9.0,food_festival,2.4444444444444446
11,Chocolate & Milk,2024-02-03,26,2020-07-22,2023-01-01,True,11_Chocolate-Milk,gas_station,5,10.0,cultural,2.6
11,Chocolate & Milk,2024-03-09,4,2020-07-22,2023-01-01,True,11_Chocolate-Milk,gas_station,5,10.0,sports,0.4
11,Chocolate & Milk,2024-09-07,9,2020-07-22,2023-01-01,True,11_Chocolate-Milk,gas_station,5,10.0,market,0.9
11,Chocolate & Milk,2024-09-14,3,2020-07-22,2023-01-01,True,11_Chocolate-Milk,gas_station,5,10.0,cultural,0.3
11,Chocolate & Milk,2023-02-12,29,2020-07-22,2023-01-01,True,11_Chocolate-Milk,gas_station,6,12.0,market,2.4166666666666665
11,Chocolate & Milk,2023-10-22,20,2020-07-22,2023-01-01,True,11_Chocolate-Milk,gas_station,6,10.0,market,2.0
11,Chocolate & Milk,2024-06-09,23,2020-07-22,2023-01-01,True,11_Chocolate-Milk,gas_station,6,10.0,cultural,2.3
11,Coffee,2023-02-20,56,2020-07-22,2023-01-01,True,11_Coffee,gas_station,0,101.0,book_fair,0.5544554455445545
11,Coffee,2023-04-03,137,2020-07-22,2023-01-01,True,11_Coffee,gas_station,0,95.0,sports,1.4421052631578948
11,Coffee,2023-05-08,114,2020-07-22,2023-01-01,True,11_Coffee,gas_station,0,96.5,music_festival,1.1813471502590673
11,Coffee,2023-08-21,108,2020-07-22,2023-01-01,True,11_Coffee,gas_station,0,88.0,convention,1.2272727272727273
11,Coffee,2023-08-21,108,2020-07-22,2023-01-01,True,11_Coffee,gas_station,0,88.0,sports,1.2272727272727273
11,Coffee,2023-10-16,87,2020-07-22,2023-01-01,True,11_Coffee,gas_station,0,88.0,concert,0.9886363636363636
11,Coffee,2024-06-10,165,2020-07-22,2023-01-01,True,11_Coffee,gas_station,0,89.0,sports,1.853932584269663
11,Coffee,2024-07-01,94,2020-07-22,2023-01-01,True,11_Coffee,gas_station,0,88.5,cultural,1.0621468926553672
11,Coffee,2024-07-15,50,2020-07-22,2023-01-01,True,11_Coffee,gas_station,0,88.5,book_fair,0.5649717514124294
11,Coffee,2024-08-12,126,2020-07-22,2023-01-01,True,11_Coffee,gas_station,0,88.0,cultural,1.4318181818181819
11,Coffee,2024-09-16,165,2020-07-22,2023-01-01,True,11_Coffee,gas_station,0,88.0,food_festival,1.875
11,Coffee,2023-01-31,142,2020-07-22,2023-01-01,True,11_Coffee,gas_station,1,98.0,sports,1.4489795918367347
11,Coffee,2023-04-11,231,2020-07-22,2023-01-01,True,11_Coffee,gas_station,1,96.5,food_festival,2.393782383419689
11,Coffee,2023-05-16,101,2020-07-22,2023-01-01,True,11_Coffee,gas_station,1,96.0,concert,1.0520833333333333
11,Coffee,2023-07-11,112,2020-07-22,2023-01-01,True,11_Coffee,gas_station,1,89.0,market,1.2584269662921348
11,Coffee,2023-07-18,78,2020-07-22,2023-01-01,True,11_Coffee,gas_station,1,90.0,sports,0.8666666666666667
11,Coffee,2024-01-09,138,2020-07-22,2023-01-01,True,11_Coffee,gas_station,1,89.0,food_festival,1.550561797752809
11,Coffee,2024-04-02,145,2020-07-22,2023-01-01,True,11_Coffee,gas_station,1,89.0,convention,1.6292134831460674
11,Coffee,2024-07-02,106,2020-07-22,2023-01-01,True,11_Coffee,gas_station,1,88.0,music_festival,1.2045454545454546
11,Coffee,2024-07-23,150,2020-07-22,2023-01-01,True,11_Coffee,gas_station,1,88.0,market,1.7045454545454546
11,Coffee,2024-10-22,228,2020-07-22,2023-01-01,True,11_Coffee,gas_station,1,85.5,food_festival,2.6666666666666665
11,Coffee,2023-04-12,196,2020-07-22,2023-01-01,True,11_Coffee,gas_station,2,92.0,music_festival,2.130434782608696
11,Coffee,2023-07-26,75,2020-07-22,2023-01-01,True,11_Coffee,gas_station,2,86.0,book_fair,0.872093023255814
11,Coffee,2024-04-03,109,2020-07-22,2023-01-01,True,11_Coffee,gas_station,2,88.0,sports,1.2386363636363635
11,Coffee,2024-04-17,132,2020-07-22,2023-01-01,True,11_Coffee,gas_station,2,88.0,concert,1.5
11,Coffee,2024-06-19,132,2020-07-22,2023-01-01,True,11_Coffee,gas_station,2,88.5,food_festival,1.4915254237288136
11,Coffee,2024-08-14,70,2020-07-22,2023-01-01,True,11_Coffee,gas_station,2,88.0,book_fair,0.7954545454545454
11,Coffee,2024-08-14,70,2020-07-22,2023-01-01,True,11_Coffee,gas_station,2,88.0,cultural,0.7954545454545454
11,Coffee,2024-08-28,123,2020-07-22,2023-01-01,True,11_Coffee,gas_station,2,88.0,food_festival,1.3977272727272727
11,Coffee,2024-09-18,132,2020-07-22,2023-01-01,True,11_Coffee,gas_station,2,88.0,convention,1.5
11,Coffee,2024-09-18,132,2020-07-22,2023-01-01,True,11_Coffee,gas_station,2,88.0,food_festival,1.5
11,Coffee,2024-10-16,146,2020-07-22,2023-01-01,True,11_Coffee,gas_station,2,88.0,market,1.6590909090909092
11,Coffee,2024-10-30,112,2020-07-22,2023-01-01,True,11_Coffee,gas_station,2,88.0,market,1.2727272727272727
11,Coffee,2023-01-19,61,2020-07-22,2023-01-01,True,11_Coffee,gas_station,3,105.5,book_fair,0.5781990521327014
11,Coffee,2023-09-21,111,2020-07-22,2023-01-01,True,11_Coffee,gas_station,3,88.0,sports,1.2613636363636365
11,Coffee,2023-11-23,95,2020-07-22,2023-01-01,True,11_Coffee,gas_station,3,88.5,cultural,1.073446327683616
11,Coffee,2023-12-14,91,2020-07-22,2023-01-01,True,11_Coffee,gas_station,3,89.0,market,1.0224719101123596
11,Coffee,2024-03-28,77,2020-07-22,2023-01-01,True,11_Coffee,gas_station,3,89.0,cultural,0.8651685393258427
11,Coffee,2024-05-09,102,2020-07-22,2023-01-01,True,11_Coffee,gas_station,3,89.0,market,1.146067415730337
11,Coffee,2024-10-31,171,2020-07-22,2023-01-01,True,11_Coffee,gas_station,3,87.0,food_festival,1.9655172413793103
11,Coffee,2023-04-07,195,2020-07-22,2023-01-01,True,11_Coffee,gas_station,4,92.0,sports,2.119565217391304
11,Coffee,2023-04-14,255,2020-07-22,2023-01-01,True,11_Coffee,gas_station,4,92.5,food_festival,2.7567567567567566
11,Coffee,2023-07-07,59,2020-07-22,2023-01-01,True,11_Coffee,gas_station,4,83.5,convention,0.7065868263473054
11,Coffee,2023-09-08,63,2020-07-22,2023-01-01,True,11_Coffee,gas_station,4,84.0,market,0.75
11,Coffee,2024-01-12,97,2020-07-22,2023-01-01,True,11_Coffee,gas_station,4,83.0,cultural,1.1686746987951808
11,Coffee,2024-06-14,53,2020-07-22,2023-01-01,True,11_Coffee,gas_station,4,85.0,book_fair,0.6235294117647059
11,Coffee,2024-06-28,84,2020-07-22,2023-01-01,True,11_Coffee,gas_station,4,85.0,cultural,0.9882352941176471
11,Coffee,2024-07-19,162,2020-07-22,2023-01-01,True,11_Coffee,gas_station,4,84.0,food_festival,1.9285714285714286
11,Coffee,2024-08-02,65,2020-07-22,2023-01-01,True,11_Coffee,gas_station,4,84.0,convention,0.7738095238095238
11,Coffee,2024-10-18,178,2020-07-22,2023-01-01,True,11_Coffee,gas_station,4,83.0,concert,2.144578313253012
11,Coffee,2023-01-14,201,2020-07-22,2023-01-01,True,11_Coffee,gas_station,5,104.0,food_festival,1.9326923076923077
11,Coffee,2023-03-04,111,2020-07-22,2023-01-01,True,11_Coffee,gas_station,5,87.0,book_fair,1.2758620689655173
11,Coffee,2023-03-04,111,2020-07-22,2023-01-01,True,11_Coffee,gas_station,5,87.0,music_festival,1.2758620689655173
11,Coffee,2023-03-11,79,2020-07-22,2023-01-01,True,11_Coffee,gas_station,5,93.0,sports,0.8494623655913979
11,Coffee,2023-05-27,113,2020-07-22,2023-01-01,True,11_Coffee,gas_station,5,91.0,music_festival,1.2417582417582418
11,Coffee,2023-07-29,109,2020-07-22,2023-01-01,True,11_Coffee,gas_station,5,81.0,music_festival,1.345679012345679
11,Coffee,2023-07-29,109,2020-07-22,2023-01-01,True,11_Coffee,gas_station,5,81.0,food_festival,1.345679012345679
11,Coffee,2023-08-19,61,2020-07-22,2023-01-01,True,11_Coffee,gas_station,5,87.0,book_fair,0.7011494252873564
11,Coffee,2023-08-26,191,2020-07-22,2023-01-01,True,11_Coffee,gas_station,5,85.0,music_festival,2.2470588235294118
11,Coffee,2023-08-26,191,2020-07-22,2023-01-01,True,11_Coffee,gas_station,5,85.0,market,2.2470588235294118
11,Coffee,2023-10-14,49,2020-07-22,2023-01-01,True,11_Coffee,gas_station,5,83.0,book_fair,0.5903614457831325
11,Coffee,2023-10-21,169,2020-07-22,2023-01-01,True,11_Coffee,gas_station,5,81.0,food_festival,2.0864197530864197
11,Coffee,2024-02-03,103,2020-07-22,2023-01-01,True,11_Coffee,gas_station,5,85.0,cultural,1.2117647058823529
11,Coffee,2024-03-09,127,2020-07-22,2023-01-01,True,11_Coffee,gas_station,5,84.0,sports,1.5119047619047619
11,Coffee,2024-09-07,69,2020-07-22,2023-01-01,True,11_Coffee,gas_station,5,82.0,market,0.8414634146341463
11,Coffee,2024-09-14,58,2020-07-22,2023-01-01,True,11_Coffee,gas_station,5,82.0,cultural,0.7073170731707317
11,Coffee,2023-02-12,197,2020-07-22,2023-01-01,True,11_Coffee,gas_station,6,101.0,market,1.9504950495049505
11,Coffee,2023-10-22,110,2020-07-22,2023-01-01,True,11_Coffee,gas_station,6,83.0,market,1.3253012048192772
11,Coffee,2024-06-09,155,2020-07-22,2023-01-01,True,11_Coffee,gas_station,6,87.0,cultural,1.7816091954022988
11,Juice & Smoothie,2023-02-20,2,2020-07-22,2023-01-01,True,11_Juice-Smoothie,gas_station,0,6.0,book_fair,0.3333333333333333
11,Juice & Smoothie,2023-04-03,14,2020-07-22,2023-01-01,True,11_Juice-Smoothie,gas_station,0,6.0,sports,2.3333333333333335
11,Juice & Smoothie,2023-05-08,9,2020-07-22,2023-01-01,True,11_Juice-Smoothie,gas_station,0,6.5,music_festival,1.3846153846153846
11,Juice & Smoothie,2023-08-21,12,2020-07-22,2023-01-01,True,11_Juice-Smoothie,gas_station,0,7.0,convention,1.7142857142857142
11,Juice & Smoothie,2023-08-21,12,2020-07-22,2023-01-01,True,11_Juice-Smoothie,gas_station,0,7.0,sports,1.7142857142857142
11,Juice & Smoothie,2023-10-16,3,2020-07-22,2023-01-01,True,11_Juice-Smoothie,gas_station,0,7.0,concert,0.42857142857142855
11,Juice & Smoothie,2024-06-10,10,2020-07-22,2023-01-01,True,11_Juice-Smoothie,gas_station,0,7.0,sports,1.4285714285714286
11,Juice & Smoothie,2024-07-01,8,2020-07-22,2023-01-01,True,11_Juice-Smoothie,gas_station,0,7.0,cultural,1.1428571428571428
11,Juice & Smoothie,2024-07-15,2,2020-07-22,2023-01-01,True,11_Juice-Smoothie,gas_station,0,7.0,book_fair,0.2857142857142857
11,Juice & Smoothie,2024-08-12,11,2020-07-22,2023-01-01,True,11_Juice-Smoothie,gas_station,0,7.0,cultural,1.5714285714285714
11,Juice & Smoothie,2024-09-16,7,2020-07-22,2023-01-01,True,11_Juice-Smoothie,gas_station,0,7.0,food_festival,1.0
11,Juice & Smoothie,2023-01-31,7,2020-07-22,2023-01-01,True,11_Juice-Smoothie,gas_station,1,7.5,sports,0.9333333333333333
11,Juice & Smoothie,2023-04-11,9,2020-07-22,2023-01-01,True,11_Juice-Smoothie,gas_station,1,7.0,food_festival,1.2857142857142858
11,Juice & Smoothie,2023-05-16,5,2020-07-22,2023-01-01,True,11_Juice-Smoothie,gas_station,1,7.0,concert,0.7142857142857143
11,Juice & Smoothie,2023-07-11,6,2020-07-22,2023-01-01,True,11_Juice-Smoothie,gas_station,1,7.0,market,0.8571428571428571
11,Juice & Smoothie,2023-07-18,6,2020-07-22,2023-01-01,True,11_Juice-Smoothie,gas_station,1,7.0,sports,0.8571428571428571
11,Juice & Smoothie,2024-01-09,13,2020-07-22,2023-01-01,True,11_Juice-Smoothie,gas_station,1,7.0,food_festival,1.8571428571428572
11,Juice & Smoothie,2024-04-02,11,2020-07-22,2023-01-01,True,11_Juice-Smoothie,gas_station,1,7.0,convention,1.5714285714285714
11,Juice & Smoothie,2024-07-02,6,2020-07-22,2023-01-01,True,11_Juice-Smoothie,gas_station,1,7.0,music_festival,0.8571428571428571
11,Juice & Smoothie,2024-07-23,9,2020-07-22,2023-01-01,True,11_Juice-Smoothie,gas_station,1,7.0,market,1.2857142857142858
11,Juice & Smoothie,2024-10-22,12,2020-07-22,2023-01-01,True,11_Juice-Smoothie,gas_station,1,7.0,food_festival,1.7142857142857142
11,Juice & Smoothie,2023-04-12,14,2020-07-22,2023-01-01,True,11_Juice-Smoothie,gas_station,2,7.0,music_festival,2.0
11,Juice & Smoothie,2023-07-26,9,2020-07-22,2023-01-01,True,11_Juice-Smoothie,gas_station,2,6.0,book_fair,1.5
11,Juice & Smoothie,2024-04-03,8,2020-07-22,2023-01-01,True,11_Juice-Smoothie,gas_station,2,6.0,sports,1.3333333333333333
11,Juice & Smoothie,2024-04-17,6,2020-07-22,2023-01-01,True,11_Juice-Smoothie,gas_station,2,6.0,concert,1.0
11,Juice & Smoothie,2024-06-19,8,2020-07-22,2023-01-01,True,11_Juice-Smoothie,gas_station,2,6.0,food_festival,1.3333333333333333
11,Juice & Smoothie,2024-08-14,4,2020-07-22,2023-01-01,True,11_Juice-Smoothie,gas_station,2,6.0,book_fair,0.6666666666666666
11,Juice & Smoothie,2024-08-14,4,2020-07-22,2023-01-01,True,11_Juice-Smoothie,gas_station,2,6.0,cultural,0.6666666666666666
11,Juice & Smoothie,2024-08-28,17,2020-07-22,2023-01-01,True,11_Juice-Smoothie,gas_station,2,6.0,food_festival,2.8333333333333335
11,Juice & Smoothie,2024-09-18,3,2020-07-22,2023-01-01,True,11_Juice-Smoothie,gas_station,2,6.0,convention,0.5
11,Juice & Smoothie,2024-09-18,3,2020-07-22,2023-01-01,True,11_Juice-Smoothie,gas_station,2,6.0,food_festival,0.5
11,Juice & Smoothie,2024-10-16,10,2020-07-22,2023-01-01,True,11_Juice-Smoothie,gas_station,2,6.0,market,1.6666666666666667
11,Juice & Smoothie,2024-10-30,7,2020-07-22,2023-01-01,True,11_Juice-Smoothie,gas_station,2,7.0,market,1.0
11,Juice & Smoothie,2023-01-19,5,2020-07-22,2023-01-01,True,11_Juice-Smoothie,gas_station,3,8.5,book_fair,0.5882352941176471
11,Juice & Smoothie,2023-09-21,8,2020-07-22,2023-01-01,True,11_Juice-Smoothie,gas_station,3,7.0,sports,1.1428571428571428
11,Juice & Smoothie,2023-11-23,1,2020-07-22,2023-01-01,True,11_Juice-Smoothie,gas_station,3,7.0,cultural,0.25
11,Juice & Smoothie,2023-12-14,1,2020-07-22,2023-01-01,True,11_Juice-Smoothie,gas_station,3,7.0,market,0.25
11,Juice & Smoothie,2024-03-28,8,2020-07-22,2023-01-01,True,11_Juice-Smoothie,gas_station,3,6.0,cultural,1.3333333333333333
11,Juice & Smoothie,2024-05-09,3,2020-07-22,2023-01-01,True,11_Juice-Smoothie,gas_station,3,6.0,market,0.5
11,Juice & Smoothie,2024-10-31,10,2020-07-22,2023-01-01,True,11_Juice-Smoothie,gas_station,3,6.0,food_festival,1.6666666666666667
11,Juice & Smoothie,2023-04-07,21,2020-07-22,2023-01-01,True,11_Juice-Smoothie,gas_station,4,6.0,sports,3.0
11,Juice & Smoothie,2023-04-14,15,2020-07-22,2023-01-01,True,11_Juice-Smoothie,gas_station,4,7.0,food_festival,2.142857142857143
11,Juice & Smoothie,2023-07-07,4,2020-07-22,2023-01-01,True,11_Juice-Smoothie,gas_station,4,6.0,convention,0.6666666666666666
11,Juice & Smoothie,2023-09-08,3,2020-07-22,2023-01-01,True,11_Juice-Smoothie,gas_station,4,6.0,market,0.5
11,Juice & Smoothie,2024-01-12,5,2020-07-22,2023-01-01,True,11_Juice-Smoothie,gas_station,4,5.0,cultural,1.0
11,Juice & Smoothie,2024-06-14,4,2020-07-22,2023-01-01,True,11_Juice-Smoothie,gas_station,4,5.0,book_fair,0.8
11,Juice & Smoothie,2024-06-28,8,2020-07-22,2023-01-01,True,11_Juice-Smoothie,gas_station,4,5.0,cultural,1.6
11,Juice & Smoothie,2024-07-19,15,2020-07-22,2023-01-01,True,11_Juice-Smoothie,gas_station,4,5.0,food_festival,3.0
11,Juice & Smoothie,2024-08-02,8,2020-07-22,2023-01-01,True,11_Juice-Smoothie,gas_station,4,5.0,convention,1.6
11,Juice & Smoothie,2024-10-18,21,2020-07-22,2023-01-01,True,11_Juice-Smoothie,gas_station,4,5.0,concert,3.0
11,Juice & Smoothie,2023-01-14,15,2020-07-22,2023-01-01,True,11_Juice-Smoothie,gas_station,5,9.0,food_festival,1.6666666666666667
11,Juice & Smoothie,2023-03-04,4,2020-07-22,2023-01-01,True,11_Juice-Smoothie,gas_station,5,8.0,book_fair,0.5
11,Juice & Smoothie,2023-03-04,4,2020-07-22,2023-01-01,True,11_Juice-Smoothie,gas_station,5,8.0,music_festival,0.5
11,Juice & Smoothie,2023-03-11,5,2020-07-22,2023-01-01,True,11_Juice-Smoothie,gas_station,5,6.0,sports,0.8333333333333334
11,Juice & Smoothie,2023-05-27,7,2020-07-22,2023-01-01,True,11_Juice-Smoothie,gas_station,5,6.5,music_festival,1.0769230769230769
11,Juice & Smoothie,2023-07-29,9,2020-07-22,2023-01-01,True,11_Juice-Smoothie,gas_station,5,6.0,music_festival,1.5
11,Juice & Smoothie,2023-07-29,9,2020-07-22,2023-01-01,True,11_Juice-Smoothie,gas_station,5,6.0,food_festival,1.5
11,Juice & Smoothie,2023-08-19,8,2020-07-22,2023-01-01,True,11_Juice-Smoothie,gas_station,5,6.5,book_fair,1.2307692307692308
11,Juice & Smoothie,2023-08-26,19,2020-07-22,2023-01-01,True,11_Juice-Smoothie,gas_station,5,7.0,music_festival,2.7142857142857144
11,Juice & Smoothie,2023-08-26,19,2020-07-22,2023-01-01,True,11_Juice-Smoothie,gas_station,5,7.0,market,2.7142857142857144
11,Juice & Smoothie,2023-10-14,4,2020-07-22,2023-01-01,True,11_Juice-Smoothie,gas_station,5,6.0,book_fair,0.6666666666666666
11,Juice & Smoothie,2023-10-21,11,2020-07-22,2023-01-01,True,11_Juice-Smoothie,gas_station,5,6.0,food_festival,1.8333333333333333
11,Juice & Smoothie,2024-02-03,3,2020-07-22,2023-01-01,True,11_Juice-Smoothie,gas_station,5,6.5,cultural,0.46153846153846156
11,Juice & Smoothie,2024-03-09,8,2020-07-22,2023-01-01,True,11_Juice-Smoothie,gas_station,5,6.0,sports,1.3333333333333333
11,Juice & Smoothie,2024-09-07,4,2020-07-22,2023-01-01,True,11_Juice-Smoothie,gas_station,5,6.0,market,0.6666666666666666
11,Juice & Smoothie,2024-09-14,8,2020-07-22,2023-01-01,True,11_Juice-Smoothie,gas_station,5,6.0,cultural,1.3333333333333333
11,Juice & Smoothie,2023-02-12,18,2020-07-22,2023-01-01,True,11_Juice-Smoothie,gas_station,6,7.5,market,2.4
11,Juice & Smoothie,2023-10-22,6,2020-07-22,2023-01-01,True,11_Juice-Smoothie,gas_station,6,6.5,market,0.9230769230769231
11,Juice & Smoothie,2024-06-09,16,2020-07-22,2023-01-01,True,11_Juice-Smoothie,gas_station,6,6.0,cultural,2.6666666666666665
11,Merchandise,2023-02-20,1,2020-07-22,2023-01-01,True,11_Merchandise,gas_station,0,3.0,book_fair,0.3333333333333333
11,Merchandise,2023-04-03,5,2020-07-22,2023-01-01,True,11_Merchandise,gas_station,0,3.0,sports,1.6666666666666667
11,Merchandise,2023-05-08,8,2020-07-22,2023-01-01,True,11_Merchandise,gas_station,0,3.0,music_festival,2.6666666666666665
11,Merchandise,2023-08-21,7,2020-07-22,2023-01-01,True,11_Merchandise,gas_station,0,3.0,convention,2.3333333333333335
11,Merchandise,2023-08-21,7,2020-07-22,2023-01-01,True,11_Merchandise,gas_station,0,3.0,sports,2.3333333333333335
11,Merchandise,2023-10-16,2,2020-07-22,2023-01-01,True,11_Merchandise,gas_station,0,3.0,concert,0.6666666666666666
11,Merchandise,2024-06-10,15,2020-07-22,2023-01-01,True,11_Merchandise,gas_station,0,3.0,sports,3.0
11,Merchandise,2024-07-01,3,2020-07-22,2023-01-01,True,11_Merchandise,gas_station,0,3.0,cultural,1.0
11,Merchandise,2024-07-15,1,2020-07-22,2023-01-01,True,11_Merchandise,gas_station,0,3.0,book_fair,0.3333333333333333
11,Merchandise,2024-08-12,8,2020-07-22,2023-01-01,True,11_Merchandise,gas_station,0,3.0,cultural,2.6666666666666665
11,Merchandise,2024-09-16,6,2020-07-22,2023-01-01,True,11_Merchandise,gas_station,0,3.0,food_festival,2.0
11,Merchandise,2023-01-31,9,2020-07-22,2023-01-01,True,11_Merchandise,gas_station,1,6.0,sports,1.5
11,Merchandise,2023-04-11,7,2020-07-22,2023-01-01,True,11_Merchandise,gas_station,1,4.5,food_festival,1.5555555555555556
11,Merchandise,2023-05-16,1,2020-07-22,2023-01-01,True,11_Merchandise,gas_station,1,5.0,concert,0.25
11,Merchandise,2023-07-11,8,2020-07-22,2023-01-01,True,11_Merchandise,gas_station,1,4.0,market,2.0
11,Merchandise,2023-07-18,2,2020-07-22,2023-01-01,True,11_Merchandise,gas_station,1,4.5,sports,0.4444444444444444
11,Merchandise,2024-01-09,7,2020-07-22,2023-01-01,True,11_Merchandise,gas_station,1,4.0,food_festival,1.75
11,Merchandise,2024-04-02,5,2020-07-22,2023-01-01,True,11_Merchandise,gas_station,1,4.0,convention,1.25
11,Merchandise,2024-07-02,2,2020-07-22,2023-01-01,True,11_Merchandise,gas_station,1,4.0,music_festival,0.5
11,Merchandise,2024-07-23,6,2020-07-22,2023-01-01,True,11_Merchandise,gas_station,1,4.0,market,1.5
11,Merchandise,2024-10-22,8,2020-07-22,2023-01-01,True,11_Merchandise,gas_station,1,3.0,food_festival,2.6666666666666665
11,Merchandise,2023-04-12,14,2020-07-22,2023-01-01,True,11_Merchandise,gas_station,2,4.0,music_festival,3.0
11,Merchandise,2023-07-26,1,2020-07-22,2023-01-01,True,11_Merchandise,gas_station,2,4.0,book_fair,0.25
11,Merchandise,2024-04-03,3,2020-07-22,2023-01-01,True,11_Merchandise,gas_station,2,4.0,sports,0.75
11,Merchandise,2024-04-17,5,2020-07-22,2023-01-01,True,11_Merchandise,gas_station,2,4.0,concert,1.25
11,Merchandise,2024-06-19,6,2020-07-22,2023-01-01,True,11_Merchandise,gas_station,2,4.0,food_festival,1.5
11,Merchandise,2024-08-14,4,2020-07-22,2023-01-01,True,11_Merchandise,gas_station,2,4.0,book_fair,1.0
11,Merchandise,2024-08-14,4,2020-07-22,2023-01-01,True,11_Merchandise,gas_station,2,4.0,cultural,1.0
11,Merchandise,2024-08-28,6,2020-07-22,2023-01-01,True,11_Merchandise,gas_station,2,4.0,food_festival,1.5
11,Merchandise,2024-09-18,2,2020-07-22,2023-01-01,True,11_Merchandise,gas_station,2,4.0,convention,0.5
11,Merchandise,2024-09-18,2,2020-07-22,2023-01-01,True,11_Merchandise,gas_station,2,4.0,food_festival,0.5
11,Merchandise,2024-10-16,12,2020-07-22,2023-01-01,True,11_Merchandise,gas_station,2,4.0,market,3.0
11,Merchandise,2024-10-30,9,2020-07-22,2023-01-01,True,11_Merchandise,gas_station,2,4.0,market,2.25
11,Merchandise,2023-01-19,6,2020-07-22,2023-01-01,True,11_Merchandise,gas_station,3,5.5,book_fair,1.0909090909090908
11,Merchandise,2023-09-21,7,2020-07-22,2023-01-01,True,11_Merchandise,gas_station,3,4.0,sports,1.75
11,Merchandise,2023-11-23,3,2020-07-22,2023-01-01,True,11_Merchandise,gas_station,3,4.0,cultural,0.75
11,Merchandise,2023-12-14,9,2020-07-22,2023-01-01,True,11_Merchandise,gas_station,3,4.0,market,2.25
11,Merchandise,2024-03-28,5,2020-07-22,2023-01-01,True,11_Merchandise,gas_station,3,4.0,cultural,1.25
11,Merchandise,2024-05-09,4,2020-07-22,2023-01-01,True,11_Merchandise,gas_station,3,4.0,market,1.0
11,Merchandise,2024-10-31,5,2020-07-22,2023-01-01,True,11_Merchandise,gas_station,3,4.0,food_festival,1.25
11,Merchandise,2023-04-07,5,2020-07-22,2023-01-01,True,11_Merchandise,gas_station,4,3.0,sports,1.6666666666666667
11,Merchandise,2023-04-14,13,2020-07-22,2023-01-01,True,11_Merchandise,gas_station,4,3.5,food_festival,3.0
11,Merchandise,2023-07-07,2,2020-07-22,2023-01-01,True,11_Merchandise,gas_station,4,3.0,convention,0.6666666666666666
11,Merchandise,2023-09-08,6,2020-07-22,2023-01-01,True,11_Merchandise,gas_station,4,3.0,market,2.0
11,Merchandise,2024-01-12,4,2020-07-22,2023-01-01,True,11_Merchandise,gas_station,4,4.0,cultural,1.0
11,Merchandise,2024-06-14,3,2020-07-22,2023-01-01,True,11_Merchandise,gas_station,4,4.0,book_fair,0.75
11,Merchandise,2024-06-28,5,2020-07-22,2023-01-01,True,11_Merchandise,gas_station,4,4.0,cultural,1.25
11,Merchandise,2024-07-19,7,2020-07-22,2023-01-01,True,11_Merchandise,gas_station,4,4.0,food_festival,1.75
11,Merchandise,2024-08-02,4,2020-07-22,2023-01-01,True,11_Merchandise,gas_station,4,4.0,convention,1.0
11,Merchandise,2024-10-18,16,2020-07-22,2023-01-01,True,11_Merchandise,gas_station,4,4.0,concert,3.0
11,Merchandise,2023-01-14,9,2020-07-22,2023-01-01,True,11_Merchandise,gas_station,5,5.0,food_festival,1.8
11,Merchandise,2023-03-04,5,2020-07-22,2023-01-01,True,11_Merchandise,gas_station,5,3.0,book_fair,1.6666666666666667
11,Merchandise,2023-03-04,5,2020-07-22,2023-01-01,True,11_Merchandise,gas_station,5,3.0,music_festival,1.6666666666666667
11,Merchandise,2023-03-11,9,2020-07-22,2023-01-01,True,11_Merchandise,gas_station,5,3.0,sports,3.0
11,Merchandise,2023-05-27,4,2020-07-22,2023-01-01,True,11_Merchandise,gas_station,5,3.0,music_festival,1.3333333333333333
11,Merchandise,2023-07-29,11,2020-07-22,2023-01-01,True,11_Merchandise,gas_station,5,3.0,music_festival,3.0
11,Merchandise,2023-07-29,11,2020-07-22,2023-01-01,True,11_Merchandise,gas_station,5,3.0,food_festival,3.0
11,Merchandise,2023-08-19,5,2020-07-22,2023-01-01,True,11_Merchandise,gas_station,5,3.0,book_fair,1.6666666666666667
11,Merchandise,2023-08-26,13,2020-07-22,2023-01-01,True,11_Merchandise,gas_station,5,3.0,music_festival,3.0
11,Merchandise,2023-08-26,13,2020-07-22,2023-01-01,True,11_Merchandise,gas_station,5,3.0,market,3.0
11,Merchandise,2023-10-14,1,2020-07-22,2023-01-01,True,11_Merchandise,gas_station,5,3.0,book_fair,0.3333333333333333
11,Merchandise,2023-10-21,5,2020-07-22,2023-01-01,True,11_Merchandise,gas_station,5,3.0,food_festival,1.6666666666666667
11,Merchandise,2024-02-03,3,2020-07-22,2023-01-01,True,11_Merchandise,gas_station,5,4.0,cultural,0.75
11,Merchandise,2024-03-09,4,2020-07-22,2023-01-01,True,11_Merchandise,gas_station,5,4.0,sports,1.0
11,Merchandise,2024-09-07,9,2020-07-22,2023-01-01,True,11_Merchandise,gas_station,5,3.0,market,3.0
11,Merchandise,2024-09-14,6,2020-07-22,2023-01-01,True,11_Merchandise,gas_station,5,3.0,cultural,2.0
11,Merchandise,2023-02-12,5,2020-07-22,2023-01-01,True,11_Merchandise,gas_station,6,6.5,market,0.7692307692307693
11,Merchandise,2023-10-22,5,2020-07-22,2023-01-01,True,11_Merchandise,gas_station,6,4.5,market,1.1111111111111112
11,Merchandise,2024-06-09,2,2020-07-22,2023-01-01,True,11_Merchandise,gas_station,6,4.0,cultural,0.5
11,Savory Bakery,2023-02-20,7,2020-07-22,2023-01-01,True,11_Savory-Bakery,gas_station,0,15.0,book_fair,0.4666666666666667
11,Savory Bakery,2023-04-03,31,2020-07-22,2023-01-01,True,11_Savory-Bakery,gas_station,0,16.0,sports,1.9375
11,Savory Bakery,2023-05-08,25,2020-07-22,2023-01-01,True,11_Savory-Bakery,gas_station,0,16.5,music_festival,1.5151515151515151
11,Savory Bakery,2023-08-21,39,2020-07-22,2023-01-01,True,11_Savory-Bakery,gas_station,0,16.0,convention,2.4375
11,Savory Bakery,2023-08-21,39,2020-07-22,2023-01-01,True,11_Savory-Bakery,gas_station,0,16.0,sports,2.4375
11,Savory Bakery,2023-10-16,23,2020-07-22,2023-01-01,True,11_Savory-Bakery,gas_station,0,16.0,concert,1.4375
11,Savory Bakery,2024-06-10,26,2020-07-22,2023-01-01,True,11_Savory-Bakery,gas_station,0,16.0,sports,1.625
11,Savory Bakery,2024-07-01,13,2020-07-22,2023-01-01,True,11_Savory-Bakery,gas_station,0,16.0,cultural,0.8125
11,Savory Bakery,2024-07-15,11,2020-07-22,2023-01-01,True,11_Savory-Bakery,gas_station,0,16.0,book_fair,0.6875
11,Savory Bakery,2024-08-12,26,2020-07-22,2023-01-01,True,11_Savory-Bakery,gas_station,0,16.0,cultural,1.625
11,Savory Bakery,2024-09-16,43,2020-07-22,2023-01-01,True,11_Savory-Bakery,gas_station,0,16.0,food_festival,2.6875
11,Savory Bakery,2023-01-31,21,2020-07-22,2023-01-01,True,11_Savory-Bakery,gas_station,1,20.0,sports,1.05
11,Savory Bakery,2023-04-11,34,2020-07-22,2023-01-01,True,11_Savory-Bakery,gas_station,1,19.5,food_festival,1.7435897435897436
11,Savory Bakery,2023-05-16,5,2020-07-22,2023-01-01,True,11_Savory-Bakery,gas_station,1,18.0,concert,0.2777777777777778
11,Savory Bakery,2023-07-11,11,2020-07-22,2023-01-01,True,11_Savory-Bakery,gas_station,1,16.0,market,0.6875
11,Savory Bakery,2023-07-18,4,2020-07-22,2023-01-01,True,11_Savory-Bakery,gas_station,1,15.5,sports,0.25806451612903225
11,Savory Bakery,2024-01-09,30,2020-07-22,2023-01-01,True,11_Savory-Bakery,gas_station,1,15.0,food_festival,2.0
11,Savory Bakery,2024-04-02,18,2020-07-22,2023-01-01,True,11_Savory-Bakery,gas_station,1,16.0,convention,1.125
11,Savory Bakery,2024-07-02,18,2020-07-22,2023-01-01,True,11_Savory-Bakery,gas_station,1,16.0,music_festival,1.125
11,Savory Bakery,2024-07-23,29,2020-07-22,2023-01-01,True,11_Savory-Bakery,gas_station,1,16.0,market,1.8125
11,Savory Bakery,2024-10-22,29,2020-07-22,2023-01-01,True,11_Savory-Bakery,gas_station,1,15.0,food_festival,1.9333333333333333
11,Savory Bakery,2023-04-12,32,2020-07-22,2023-01-01,True,11_Savory-Bakery,gas_station,2,18.0,music_festival,1.7777777777777777
11,Savory Bakery,2023-07-26,12,2020-07-22,2023-01-01,True,11_Savory-Bakery,gas_station,2,17.0,book_fair,0.7058823529411765
11,Savory Bakery,2024-04-03,22,2020-07-22,2023-01-01,True,11_Savory-Bakery,gas_station,2,16.0,sports,1.375
11,Savory Bakery,2024-04-17,31,2020-07-22,2023-01-01,True,11_Savory-Bakery,gas_station,2,16.0,concert,1.9375
11,Savory Bakery,2024-06-19,20,2020-07-22,2023-01-01,True,11_Savory-Bakery,gas_station,2,16.0,food_festival,1.25
11,Savory Bakery,2024-08-14,12,2020-07-22,2023-01-01,True,11_Savory-Bakery,gas_station,2,16.0,book_fair,0.75
11,Savory Bakery,2024-08-14,12,2020-07-22,2023-01-01,True,11_Savory-Bakery,gas_station,2,16.0,cultural,0.75
11,Savory Bakery,2024-08-28,20,2020-07-22,2023-01-01,True,11_Savory-Bakery,gas_station,2,16.0,food_festival,1.25
11,Savory Bakery,2024-09-18,21,2020-07-22,2023-01-01,True,11_Savory-Bakery,gas_station,2,16.0,convention,1.3125
11,Savory Bakery,2024-09-18,21,2020-07-22,2023-01-01,True,11_Savory-Bakery,gas_station,2,16.0,food_festival,1.3125
11,Savory Bakery,2024-10-16,25,2020-07-22,2023-01-01,True,11_Savory-Bakery,gas_station,2,16.0,market,1.5625
11,Savory Bakery,2024-10-30,18,2020-07-22,2023-01-01,True,11_Savory-Bakery,gas_station,2,16.0,market,1.125
11,Savory Bakery,2023-01-19,11,2020-07-22,2023-01-01,True,11_Savory-Bakery,gas_station,3,19.0,book_fair,0.5789473684210527
11,Savory Bakery,2023-09-21,7,2020-07-22,2023-01-01,True,11_Savory-Bakery,gas_station,3,18.0,sports,0.3888888888888889
11,Savory Bakery,2023-11-23,12,2020-07-22,2023-01-01,True,11_Savory-Bakery,gas_station,3,17.5,cultural,0.6857142857142857
11,Savory Bakery,2023-12-14,24,2020-07-22,2023-01-01,True,11_Savory-Bakery,gas_station,3,17.0,market,1.411764705882353
11,Savory Bakery,2024-03-28,27,2020-07-22,2023-01-01,True,11_Savory-Bakery,gas_station,3,17.0,cultural,1.588235294117647
11,Savory Bakery,2024-05-09,17,2020-07-22,2023-01-01,True,11_Savory-Bakery,gas_station,3,17.0,market,1.0
11,Savory Bakery,2024-10-31,28,2020-07-22,2023-01-01,True,11_Savory-Bakery,gas_station,3,16.0,food_festival,1.75
11,Savory Bakery,2023-04-07,41,2020-07-22,2023-01-01,True,11_Savory-Bakery,gas_station,4,14.0,sports,2.9285714285714284
11,Savory Bakery,2023-04-14,56,2020-07-22,2023-01-01,True,11_Savory-Bakery,gas_station,4,17.0,food_festival,3.0
11,Savory Bakery,2023-07-07,15,2020-07-22,2023-01-01,True,11_Savory-Bakery,gas_station,4,14.0,convention,1.0714285714285714
11,Savory Bakery,2023-09-08,10,2020-07-22,2023-01-01,True,11_Savory-Bakery,gas_station,4,15.0,market,0.6666666666666666
11,Savory Bakery,2024-01-12,29,2020-07-22,2023-01-01,True,11_Savory-Bakery,gas_station,4,15.0,cultural,1.9333333333333333
11,Savory Bakery,2024-06-14,9,2020-07-22,2023-01-01,True,11_Savory-Bakery,gas_station,4,16.0,book_fair,0.5625
11,Savory Bakery,2024-06-28,18,2020-07-22,2023-01-01,True,11_Savory-Bakery,gas_station,4,16.0,cultural,1.125
11,Savory Bakery,2024-07-19,21,2020-07-22,2023-01-01,True,11_Savory-Bakery,gas_station,4,16.0,food_festival,1.3125
11,Savory Bakery,2024-08-02,25,2020-07-22,2023-01-01,True,11_Savory-Bakery,gas_station,4,16.0,convention,1.5625
11,Savory Bakery,2024-10-18,26,2020-07-22,2023-01-01,True,11_Savory-Bakery,gas_station,4,16.0,concert,1.625
11,Savory Bakery,2023-01-14,42,2020-07-22,2023-01-01,True,11_Savory-Bakery,gas_station,5,19.0,food_festival,2.210526315789474
11,Savory Bakery,2023-03-04,19,2020-07-22,2023-01-01,True,11_Savory-Bakery,gas_station,5,14.0,book_fair,1.3571428571428572
11,Savory Bakery,2023-03-04,19,2020-07-22,2023-01-01,True,11_Savory-Bakery,gas_station,5,14.0,music_festival,1.3571428571428572
11,Savory Bakery,2023-03-11,10,2020-07-22,2023-01-01,True,11_Savory-Bakery,gas_station,5,14.0,sports,0.7142857142857143
11,Savory Bakery,2023-05-27,9,2020-07-22,2023-01-01,True,11_Savory-Bakery,gas_station,5,16.0,music_festival,0.5625
11,Savory Bakery,2023-07-29,14,2020-07-22,2023-01-01,True,11_Savory-Bakery,gas_station,5,14.0,music_festival,1.0
11,Savory Bakery,2023-07-29,14,2020-07-22,2023-01-01,True,11_Savory-Bakery,gas_station,5,14.0,food_festival,1.0
11,Savory Bakery,2023-08-19,9,2020-07-22,2023-01-01,True,11_Savory-Bakery,gas_station,5,14.0,book_fair,0.6428571428571429
11,Savory Bakery,2023-08-26,41,2020-07-22,2023-01-01,True,11_Savory-Bakery,gas_station,5,14.0,music_festival,2.9285714285714284
11,Savory Bakery,2023-08-26,41,2020-07-22,2023-01-01,True,11_Savory-Bakery,gas_station,5,14.0,market,2.9285714285714284
11,Savory Bakery,2023-10-14,4,2020-07-22,2023-01-01,True,11_Savory-Bakery,gas_station,5,14.0,book_fair,0.2857142857142857
11,Savory Bakery,2023-10-21,32,2020-07-22,2023-01-01,True,11_Savory-Bakery,gas_station,5,14.0,food_festival,2.2857142857142856
11,Savory Bakery,2024-02-03,30,2020-07-22,2023-01-01,True,11_Savory-Bakery,gas_station,5,14.0,cultural,2.142857142857143
11,Savory Bakery,2024-03-09,21,2020-07-22,2023-01-01,True,11_Savory-Bakery,gas_station,5,14.0,sports,1.5
11,Savory Bakery,2024-09-07,20,2020-07-22,2023-01-01,True,11_Savory-Bakery,gas_station,5,14.0,market,1.4285714285714286
11,Savory Bakery,2024-09-14,12,2020-07-22,2023-01-01,True,11_Savory-Bakery,gas_station,5,14.0,cultural,0.8571428571428571
11,Savory Bakery,2023-02-12,42,2020-07-22,2023-01-01,True,11_Savory-Bakery,gas_station,6,20.5,market,2.048780487804878
11,Savory Bakery,2023-10-22,17,2020-07-22,2023-01-01,True,11_Savory-Bakery,gas_station,6,15.0,market,1.1333333333333333
11,Savory Bakery,2024-06-09,22,2020-07-22,2023-01-01,True,11_Savory-Bakery,gas_station,6,16.0,cultural,1.375
11,Tea,2023-02-20,15,2020-07-22,2023-01-01,True,11_Tea,gas_station,0,24.0,book_fair,0.625
11,Tea,2023-04-03,37,2020-07-22,2023-01-01,True,11_Tea,gas_station,0,23.0,sports,1.608695652173913
11,Tea,2023-05-08,34,2020-07-22,2023-01-01,True,11_Tea,gas_station,0,23.5,music_festival,1.446808510638298
11,Tea,2023-08-21,34,2020-07-22,2023-01-01,True,11_Tea,gas_station,0,24.0,convention,1.4166666666666667
11,Tea,2023-08-21,34,2020-07-22,2023-01-01,True,11_Tea,gas_station,0,24.0,sports,1.4166666666666667
11,Tea,2023-10-16,11,2020-07-22,2023-01-01,True,11_Tea,gas_station,0,23.0,concert,0.4782608695652174
11,Tea,2024-06-10,40,2020-07-22,2023-01-01,True,11_Tea,gas_station,0,24.0,sports,1.6666666666666667
11,Tea,2024-07-01,25,2020-07-22,2023-01-01,True,11_Tea,gas_station,0,23.5,cultural,1.0638297872340425
11,Tea,2024-07-15,6,2020-07-22,2023-01-01,True,11_Tea,gas_station,0,23.5,book_fair,0.2553191489361702
11,Tea,2024-08-12,28,2020-07-22,2023-01-01,True,11_Tea,gas_station,0,23.0,cultural,1.2173913043478262
11,Tea,2024-09-16,47,2020-07-22,2023-01-01,True,11_Tea,gas_station,0,23.0,food_festival,2.0434782608695654
11,Tea,2023-01-31,33,2020-07-22,2023-01-01,True,11_Tea,gas_station,1,26.5,sports,1.2452830188679245
11,Tea,2023-04-11,44,2020-07-22,2023-01-01,True,11_Tea,gas_station,1,28.0,food_festival,1.5714285714285714
11,Tea,2023-05-16,28,2020-07-22,2023-01-01,True,11_Tea,gas_station,1,29.0,concert,0.9655172413793104
11,Tea,2023-07-11,40,2020-07-22,2023-01-01,True,11_Tea,gas_station,1,25.0,market,1.6
11,Tea,2023-07-18,19,2020-07-22,2023-01-01,True,11_Tea,gas_station,1,25.5,sports,0.7450980392156863
11,Tea,2024-01-09,56,2020-07-22,2023-01-01,True,11_Tea,gas_station,1,22.0,food_festival,2.5454545454545454
11,Tea,2024-04-02,35,2020-07-22,2023-01-01,True,11_Tea,gas_station,1,22.0,convention,1.5909090909090908
11,Tea,2024-07-02,22,2020-07-22,2023-01-01,True,11_Tea,gas_station,1,23.0,music_festival,0.9565217391304348
11,Tea,2024-07-23,61,2020-07-22,2023-01-01,True,11_Tea,gas_station,1,23.0,market,2.652173913043478
11,Tea,2024-10-22,73,2020-07-22,2023-01-01,True,11_Tea,gas_station,1,22.0,food_festival,3.0
11,Tea,2023-04-12,63,2020-07-22,2023-01-01,True,11_Tea,gas_station,2,22.0,music_festival,2.8636363636363638
11,Tea,2023-07-26,12,2020-07-22,2023-01-01,True,11_Tea,gas_station,2,23.0,book_fair,0.5217391304347826
11,Tea,2024-04-03,38,2020-07-22,2023-01-01,True,11_Tea,gas_station,2,23.0,sports,1.6521739130434783
11,Tea,2024-04-17,26,2020-07-22,2023-01-01,True,11_Tea,gas_station,2,23.0,concert,1.1304347826086956
11,Tea,2024-06-19,42,2020-07-22,2023-01-01,True,11_Tea,gas_station,2,24.0,food_festival,1.75
11,Tea,2024-08-14,15,2020-07-22,2023-01-01,True,11_Tea,gas_station,2,24.0,book_fair,0.625
11,Tea,2024-08-14,15,2020-07-22,2023-01-01,True,11_Tea,gas_station,2,24.0,cultural,0.625
11,Tea,2024-08-28,29,2020-07-22,2023-01-01,True,11_Tea,gas_station,2,24.0,food_festival,1.2083333333333333
11,Tea,2024-09-18,46,2020-07-22,2023-01-01,True,11_Tea,gas_station,2,24.0,convention,1.9166666666666667
11,Tea,2024-09-18,46,2020-07-22,2023-01-01,True,11_Tea,gas_station,2,24.0,food_festival,1.9166666666666667
11,Tea,2024-10-16,23,2020-07-22,2023-01-01,True,11_Tea,gas_station,2,24.0,market,0.9583333333333334
11,Tea,2024-10-30,26,2020-07-22,2023-01-01,True,11_Tea,gas_station,2,24.0,market,1.0833333333333333
11,Tea,2023-01-19,13,2020-07-22,2023-01-01,True,11_Tea,gas_station,3,25.5,book_fair,0.5098039215686274
11,Tea,2023-09-21,35,2020-07-22,2023-01-01,True,11_Tea,gas_station,3,20.0,sports,1.75
11,Tea,2023-11-23,20,2020-07-22,2023-01-01,True,11_Tea,gas_station,3,20.5,cultural,0.975609756097561
11,Tea,2023-12-14,28,2020-07-22,2023-01-01,True,11_Tea,gas_station,3,20.0,market,1.4
11,Tea,2024-03-28,24,2020-07-22,2023-01-01,True,11_Tea,gas_station,3,21.0,cultural,1.1428571428571428
11,Tea,2024-05-09,35,2020-07-22,2023-01-01,True,11_Tea,gas_station,3,22.5,market,1.5555555555555556
11,Tea,2024-10-31,43,2020-07-22,2023-01-01,True,11_Tea,gas_station,3,23.0,food_festival,1.8695652173913044
11,Tea,2023-04-07,36,2020-07-22,2023-01-01,True,11_Tea,gas_station,4,25.0,sports,1.44
11,Tea,2023-04-14,62,2020-07-22,2023-01-01,True,11_Tea,gas_station,4,25.0,food_festival,2.48
11,Tea,2023-07-07,29,2020-07-22,2023-01-01,True,11_Tea,gas_station,4,24.5,convention,1.183673469387755
11,Tea,2023-09-08,21,2020-07-22,2023-01-01,True,11_Tea,gas_station,4,25.0,market,0.84
11,Tea,2024-01-12,30,2020-07-22,2023-01-01,True,11_Tea,gas_station,4,25.0,cultural,1.2
11,Tea,2024-06-14,12,2020-07-22,2023-01-01,True,11_Tea,gas_station,4,25.0,book_fair,0.48
11,Tea,2024-06-28,23,2020-07-22,2023-01-01,True,11_Tea,gas_station,4,25.0,cultural,0.92
11,Tea,2024-07-19,39,2020-07-22,2023-01-01,True,11_Tea,gas_station,4,24.0,food_festival,1.625
11,Tea,2024-08-02,19,2020-07-22,2023-01-01,True,11_Tea,gas_station,4,24.0,convention,0.7916666666666666
11,Tea,2024-10-18,42,2020-07-22,2023-01-01,True,11_Tea,gas_station,4,24.0,concert,1.75
11,Tea,2023-01-14,50,2020-07-22,2023-01-01,True,11_Tea,gas_station,5,24.0,food_festival,2.0833333333333335
11,Tea,2023-03-04,11,2020-07-22,2023-01-01,True,11_Tea,gas_station,5,24.0,book_fair,0.4583333333333333
11,Tea,2023-03-04,11,2020-07-22,2023-01-01,True,11_Tea,gas_station,5,24.0,music_festival,0.4583333333333333
11,Tea,2023-03-11,31,2020-07-22,2023-01-01,True,11_Tea,gas_station,5,22.0,sports,1.4090909090909092
11,Tea,2023-05-27,24,2020-07-22,2023-01-01,True,11_Tea,gas_station,5,25.0,music_festival,0.96
11,Tea,2023-07-29,33,2020-07-22,2023-01-01,True,11_Tea,gas_station,5,22.0,music_festival,1.5
11,Tea,2023-07-29,33,2020-07-22,2023-01-01,True,11_Tea,gas_station,5,22.0,food_festival,1.5
11,Tea,2023-08-19,14,2020-07-22,2023-01-01,True,11_Tea,gas_station,5,23.0,book_fair,0.6086956521739131
11,Tea,2023-08-26,62,2020-07-22,2023-01-01,True,11_Tea,gas_station,5,22.0,music_festival,2.8181818181818183
11,Tea,2023-08-26,62,2020-07-22,2023-01-01,True,11_Tea,gas_station,5,22.0,market,2.8181818181818183
11,Tea,2023-10-14,17,2020-07-22,2023-01-01,True,11_Tea,gas_station,5,21.5,book_fair,0.7906976744186046
11,Tea,2023-10-21,36,2020-07-22,2023-01-01,True,11_Tea,gas_station,5,21.0,food_festival,1.7142857142857142
11,Tea,2024-02-03,21,2020-07-22,2023-01-01,True,11_Tea,gas_station,5,20.0,cultural,1.05
11,Tea,2024-03-09,35,2020-07-22,2023-01-01,True,11_Tea,gas_station,5,20.0,sports,1.75
11,Tea,2024-09-07,23,2020-07-22,2023-01-01,True,11_Tea,gas_station,5,20.0,market,1.15
11,Tea,2024-09-14,26,2020-07-22,2023-01-01,True,11_Tea,gas_station,5,20.0,cultural,1.3
11,Tea,2023-02-12,40,2020-07-22,2023-01-01,True,11_Tea,gas_station,6,20.0,market,2.0
11,Tea,2023-10-22,32,2020-07-22,2023-01-01,True,11_Tea,gas_station,6,21.0,market,1.5238095238095237
11,Tea,2024-06-09,52,2020-07-22,2023-01-01,True,11_Tea,gas_station,6,23.0,cultural,2.260869565217391
12,Bakery,2023-04-17,21,2018-04-05,2023-01-01,True,12_Bakery,gas_station,0,23.0,concert,0.9130434782608695
12,Bakery,2023-08-07,20,2018-04-05,2023-01-01,True,12_Bakery,gas_station,0,20.0,cultural,1.0
12,Bakery,2023-09-25,18,2018-04-05,2023-01-01,True,12_Bakery,gas_station,0,19.5,food_festival,0.9230769230769231
12,Bakery,2023-11-20,12,2018-04-05,2023-01-01,True,12_Bakery,gas_station,0,19.5,music_festival,0.6153846153846154
12,Bakery,2024-09-02,21,2018-04-05,2023-01-01,True,12_Bakery,gas_station,0,19.0,convention,1.105263157894737
12,Bakery,2023-01-24,33,2018-04-05,2023-01-01,True,12_Bakery,gas_station,1,19.0,cultural,1.736842105263158
12,Bakery,2023-02-07,17,2018-04-05,2023-01-01,True,12_Bakery,gas_station,1,22.0,market,0.7727272727272727
12,Bakery,2023-03-07,33,2018-04-05,2023-01-01,True,12_Bakery,gas_station,1,22.0,food_festival,1.5
12,Bakery,2023-03-21,20,2018-04-05,2023-01-01,True,12_Bakery,gas_station,1,22.0,cultural,0.9090909090909091
12,Bakery,2023-03-28,13,2018-04-05,2023-01-01,True,12_Bakery,gas_station,1,21.0,food_festival,0.6190476190476191
12,Bakery,2023-08-22,7,2018-04-05,2023-01-01,True,12_Bakery,gas_station,1,18.0,cultural,0.3888888888888889
12,Bakery,2024-03-19,14,2018-04-05,2023-01-01,True,12_Bakery,gas_station,1,18.0,market,0.7777777777777778
12,Bakery,2024-04-23,44,2018-04-05,2023-01-01,True,12_Bakery,gas_station,1,18.0,sports,2.4444444444444446
12,Bakery,2024-05-07,20,2018-04-05,2023-01-01,True,12_Bakery,gas_station,1,18.0,market,1.1111111111111112
12,Bakery,2024-07-02,7,2018-04-05,2023-01-01,True,12_Bakery,gas_station,1,18.0,convention,0.3888888888888889
12,Bakery,2024-07-16,4,2018-04-05,2023-01-01,True,12_Bakery,gas_station,1,18.0,book_fair,0.25
12,Bakery,2023-01-25,23,2018-04-05,2023-01-01,True,12_Bakery,gas_station,2,29.0,book_fair,0.7931034482758621
12,Bakery,2023-03-22,19,2018-04-05,2023-01-01,True,12_Bakery,gas_station,2,20.0,cultural,0.95
12,Bakery,2023-05-17,23,2018-04-05,2023-01-01,True,12_Bakery,gas_station,2,20.0,cultural,1.15
12,Bakery,2023-06-21,17,2018-04-05,2023-01-01,True,12_Bakery,gas_station,2,20.0,sports,0.85
12,Bakery,2023-09-06,25,2018-04-05,2023-01-01,True,12_Bakery,gas_station,2,17.0,cultural,1.4705882352941178
12,Bakery,2023-11-08,21,2018-04-05,2023-01-01,True,12_Bakery,gas_station,2,16.5,market,1.2727272727272727
12,Bakery,2024-01-17,26,2018-04-05,2023-01-01,True,12_Bakery,gas_station,2,18.0,cultural,1.4444444444444444
12,Bakery,2024-05-08,12,2018-04-05,2023-01-01,True,12_Bakery,gas_station,2,19.0,convention,0.631578947368421
12,Bakery,2024-06-19,18,2018-04-05,2023-01-01,True,12_Bakery,gas_station,2,19.0,convention,0.9473684210526315
12,Bakery,2024-09-11,13,2018-04-05,2023-01-01,True,12_Bakery,gas_station,2,17.5,convention,0.7428571428571429
12,Bakery,2023-05-11,16,2018-04-05,2023-01-01,True,12_Bakery,gas_station,3,24.0,book_fair,0.6666666666666666
12,Bakery,2023-10-26,35,2018-04-05,2023-01-01,True,12_Bakery,gas_station,3,19.0,food_festival,1.8421052631578947
12,Bakery,2024-03-07,23,2018-04-05,2023-01-01,True,12_Bakery,gas_station,3,19.0,concert,1.2105263157894737
12,Bakery,2024-04-25,54,2018-04-05,2023-01-01,True,12_Bakery,gas_station,3,19.0,market,2.8421052631578947
12,Bakery,2024-04-25,54,2018-04-05,2023-01-01,True,12_Bakery,gas_station,3,19.0,cultural,2.8421052631578947
12,Bakery,2024-09-12,27,2018-04-05,2023-01-01,True,12_Bakery,gas_station,3,18.0,cultural,1.5
12,Bakery,2024-10-10,31,2018-04-05,2023-01-01,True,12_Bakery,gas_station,3,18.0,sports,1.7222222222222223
12,Bakery,2024-10-24,21,2018-04-05,2023-01-01,True,12_Bakery,gas_station,3,18.5,market,1.135135135135135
12,Bakery,2023-02-17,11,2018-04-05,2023-01-01,True,12_Bakery,gas_station,4,20.0,book_fair,0.55
12,Bakery,2023-03-10,22,2018-04-05,2023-01-01,True,12_Bakery,gas_station,4,19.0,convention,1.1578947368421053
12,Bakery,2023-09-08,23,2018-04-05,2023-01-01,True,12_Bakery,gas_station,4,17.0,market,1.3529411764705883
12,Bakery,2023-09-22,32,2018-04-05,2023-01-01,True,12_Bakery,gas_station,4,17.0,market,1.8823529411764706
12,Bakery,2024-04-05,46,2018-04-05,2023-01-01,True,12_Bakery,gas_station,4,18.0,food_festival,2.5555555555555554
12,Bakery,2024-06-28,9,2018-04-05,2023-01-01,True,12_Bakery,gas_station,4,17.0,music_festival,0.5294117647058824
12,Bakery,2024-07-26,20,2018-04-05,2023-01-01,True,12_Bakery,gas_station,4,17.0,cultural,1.1764705882352942
12,Bakery,2024-08-16,15,2018-04-05,2023-01-01,True,12_Bakery,gas_station,4,17.0,food_festival,0.8823529411764706
12,Bakery,2024-08-23,24,2018-04-05,2023-01-01,True,12_Bakery,gas_station,4,17.0,food_festival,1.411764705882353
12,Bakery,2023-05-27,35,2018-04-05,2023-01-01,True,12_Bakery,gas_station,5,23.5,food_festival,1.4893617021276595
12,Bakery,2023-07-01,21,2018-04-05,2023-01-01,True,12_Bakery,gas_station,5,23.0,cultural,0.9130434782608695
12,Bakery,2023-07-15,20,2018-04-05,2023-01-01,True,12_Bakery,gas_station,5,23.0,music_festival,0.8695652173913043
12,Bakery,2023-10-07,18,2018-04-05,2023-01-01,True,12_Bakery,gas_station,5,22.0,music_festival,0.8181818181818182
12,Bakery,2023-11-11,12,2018-04-05,2023-01-01,True,12_Bakery,gas_station,5,22.0,convention,0.5454545454545454
12,Bakery,2023-12-16,39,2018-04-05,2023-01-01,True,12_Bakery,gas_station,5,22.0,book_fair,1.7727272727272727
12,Bakery,2023-12-23,35,2018-04-05,2023-01-01,True,12_Bakery,gas_station,5,22.0,music_festival,1.5909090909090908
12,Bakery,2024-02-24,20,2018-04-05,2023-01-01,True,12_Bakery,gas_station,5,21.0,market,0.9523809523809523
12,Bakery,2024-03-30,31,2018-04-05,2023-01-01,True,12_Bakery,gas_station,5,21.0,cultural,1.4761904761904763
12,Bakery,2024-07-20,26,2018-04-05,2023-01-01,True,12_Bakery,gas_station,5,21.0,sports,1.2380952380952381
12,Bakery,2023-02-19,12,2018-04-05,2023-01-01,True,12_Bakery,gas_station,6,25.0,concert,0.48
12,Bakery,2023-03-12,74,2018-04-05,2023-01-01,True,12_Bakery,gas_station,6,24.5,food_festival,3.0
12,Bakery,2023-03-19,25,2018-04-05,2023-01-01,True,12_Bakery,gas_station,6,25.0,book_fair,1.0
12,Bakery,2023-05-14,47,2018-04-05,2023-01-01,True,12_Bakery,gas_station,6,25.0,food_festival,1.88
12,Bakery,2023-09-03,38,2018-04-05,2023-01-01,True,12_Bakery,gas_station,6,21.0,food_festival,1.8095238095238095
12,Bakery,2023-12-17,64,2018-04-05,2023-01-01,True,12_Bakery,gas_station,6,23.0,market,2.782608695652174
12,Bakery,2024-02-18,54,2018-04-05,2023-01-01,True,12_Bakery,gas_station,6,24.0,food_festival,2.25
12,Bakery,2024-06-16,21,2018-04-05,2023-01-01,True,12_Bakery,gas_station,6,24.0,cultural,0.875
12,Chocolate & Milk,2023-04-17,25,2018-04-05,2023-01-01,True,12_Chocolate-Milk,gas_station,0,9.0,concert,2.7777777777777777
12,Chocolate & Milk,2023-08-07,8,2018-04-05,2023-01-01,True,12_Chocolate-Milk,gas_station,0,8.0,cultural,1.0
12,Chocolate & Milk,2023-09-25,7,2018-04-05,2023-01-01,True,12_Chocolate-Milk,gas_station,0,8.0,food_festival,0.875
12,Chocolate & Milk,2023-11-20,9,2018-04-05,2023-01-01,True,12_Chocolate-Milk,gas_station,0,8.0,music_festival,1.125
12,Chocolate & Milk,2024-09-02,8,2018-04-05,2023-01-01,True,12_Chocolate-Milk,gas_station,0,8.0,convention,1.0
12,Chocolate & Milk,2023-01-24,12,2018-04-05,2023-01-01,True,12_Chocolate-Milk,gas_station,1,12.0,cultural,1.0
12,Chocolate & Milk,2023-02-07,14,2018-04-05,2023-01-01,True,12_Chocolate-Milk,gas_station,1,12.0,market,1.1666666666666667
12,Chocolate & Milk,2023-03-07,18,2018-04-05,2023-01-01,True,12_Chocolate-Milk,gas_station,1,12.0,food_festival,1.5
12,Chocolate & Milk,2023-03-21,7,2018-04-05,2023-01-01,True,12_Chocolate-Milk,gas_station,1,12.0,cultural,0.5833333333333334
12,Chocolate & Milk,2023-03-28,14,2018-04-05,2023-01-01,True,12_Chocolate-Milk,gas_station,1,12.0,food_festival,1.1666666666666667
12,Chocolate & Milk,2023-08-22,8,2018-04-05,2023-01-01,True,12_Chocolate-Milk,gas_station,1,9.0,cultural,0.8888888888888888
12,Chocolate & Milk,2024-03-19,6,2018-04-05,2023-01-01,True,12_Chocolate-Milk,gas_station,1,11.0,market,0.5454545454545454
12,Chocolate & Milk,2024-04-23,9,2018-04-05,2023-01-01,True,12_Chocolate-Milk,gas_station,1,10.5,sports,0.8571428571428571
12,Chocolate & Milk,2024-05-07,6,2018-04-05,2023-01-01,True,12_Chocolate-Milk,gas_station,1,10.5,market,0.5714285714285714
12,Chocolate & Milk,2024-07-02,7,2018-04-05,2023-01-01,True,12_Chocolate-Milk,gas_station,1,10.0,convention,0.7
12,Chocolate & Milk,2024-07-16,9,2018-04-05,2023-01-01,True,12_Chocolate-Milk,gas_station,1,9.5,book_fair,0.9473684210526315
12,Chocolate & Milk,2023-01-25,6,2018-04-05,2023-01-01,True,12_Chocolate-Milk,gas_station,2,11.0,book_fair,0.5454545454545454
12,Chocolate & Milk,2023-03-22,14,2018-04-05,2023-01-01,True,12_Chocolate-Milk,gas_station,2,11.0,cultural,1.2727272727272727
12,Chocolate & Milk,2023-05-17,8,2018-04-05,2023-01-01,True,12_Chocolate-Milk,gas_station,2,11.0,cultural,0.7272727272727273
12,Chocolate & Milk,2023-06-21,3,2018-04-05,2023-01-01,True,12_Chocolate-Milk,gas_station,2,11.0,sports,0.2727272727272727
12,Chocolate & Milk,2023-09-06,12,2018-04-05,2023-01-01,True,12_Chocolate-Milk,gas_station,2,9.0,cultural,1.3333333333333333
12,Chocolate & Milk,2023-11-08,21,2018-04-05,2023-01-01,True,12_Chocolate-Milk,gas_station,2,9.0,market,2.3333333333333335
12,Chocolate & Milk,2024-01-17,27,2018-04-05,2023-01-01,True,12_Chocolate-Milk,gas_station,2,10.0,cultural,2.7
12,Chocolate & Milk,2024-05-08,15,2018-04-05,2023-01-01,True,12_Chocolate-Milk,gas_station,2,10.0,convention,1.5
12,Chocolate & Milk,2024-06-19,11,2018-04-05,2023-01-01,True,12_Chocolate-Milk,gas_station,2,10.0,convention,1.1
12,Chocolate & Milk,2024-09-11,9,2018-04-05,2023-01-01,True,12_Chocolate-Milk,gas_station,2,10.0,convention,0.9
12,Chocolate & Milk,2023-05-11,11,2018-04-05,2023-01-01,True,12_Chocolate-Milk,gas_station,3,10.0,book_fair,1.1
12,Chocolate & Milk,2023-10-26,2,2018-04-05,2023-01-01,True,12_Chocolate-Milk,gas_station,3,10.0,food_festival,0.25
12,Chocolate & Milk,2024-03-07,1,2018-04-05,2023-01-01,True,12_Chocolate-Milk,gas_station,3,10.0,concert,0.25
12,Chocolate & Milk,2024-04-25,32,2018-04-05,2023-01-01,True,12_Chocolate-Milk,gas_station,3,10.0,market,3.0
12,Chocolate & Milk,2024-04-25,32,2018-04-05,2023-01-01,True,12_Chocolate-Milk,gas_station,3,10.0,cultural,3.0
12,Chocolate & Milk,2024-09-12,9,2018-04-05,2023-01-01,True,12_Chocolate-Milk,gas_station,3,10.0,cultural,0.9
12,Chocolate & Milk,2024-10-10,7,2018-04-05,2023-01-01,True,12_Chocolate-Milk,gas_station,3,10.0,sports,0.7
12,Chocolate & Milk,2024-10-24,12,2018-04-05,2023-01-01,True,12_Chocolate-Milk,gas_station,3,10.0,market,1.2
12,Chocolate & Milk,2023-02-17,11,2018-04-05,2023-01-01,True,12_Chocolate-Milk,gas_station,4,6.5,book_fair,1.6923076923076923
12,Chocolate & Milk,2023-03-10,8,2018-04-05,2023-01-01,True,12_Chocolate-Milk,gas_station,4,7.0,convention,1.1428571428571428
12,Chocolate & Milk,2023-09-08,14,2018-04-05,2023-01-01,True,12_Chocolate-Milk,gas_station,4,9.0,market,1.5555555555555556
12,Chocolate & Milk,2023-09-22,5,2018-04-05,2023-01-01,True,12_Chocolate-Milk,gas_station,4,9.0,market,0.5555555555555556
12,Chocolate & Milk,2024-04-05,20,2018-04-05,2023-01-01,True,12_Chocolate-Milk,gas_station,4,9.0,food_festival,2.2222222222222223
12,Chocolate & Milk,2024-06-28,7,2018-04-05,2023-01-01,True,12_Chocolate-Milk,gas_station,4,9.0,music_festival,0.7777777777777778
12,Chocolate & Milk,2024-07-26,10,2018-04-05,2023-01-01,True,12_Chocolate-Milk,gas_station,4,9.0,cultural,1.1111111111111112
12,Chocolate & Milk,2024-08-16,13,2018-04-05,2023-01-01,True,12_Chocolate-Milk,gas_station,4,9.0,food_festival,1.4444444444444444
12,Chocolate & Milk,2024-08-23,21,2018-04-05,2023-01-01,True,12_Chocolate-Milk,gas_station,4,9.0,food_festival,2.3333333333333335
12,Chocolate & Milk,2023-05-27,16,2018-04-05,2023-01-01,True,12_Chocolate-Milk,gas_station,5,15.0,food_festival,1.0666666666666667
12,Chocolate & Milk,2023-07-01,17,2018-04-05,2023-01-01,True,12_Chocolate-Milk,gas_station,5,14.0,cultural,1.2142857142857142
12,Chocolate & Milk,2023-07-15,7,2018-04-05,2023-01-01,True,12_Chocolate-Milk,gas_station,5,14.0,music_festival,0.5
12,Chocolate & Milk,2023-10-07,18,2018-04-05,2023-01-01,True,12_Chocolate-Milk,gas_station,5,10.0,music_festival,1.8
12,Chocolate & Milk,2023-11-11,8,2018-04-05,2023-01-01,True,12_Chocolate-Milk,gas_station,5,10.0,convention,0.8
12,Chocolate & Milk,2023-12-16,10,2018-04-05,2023-01-01,True,12_Chocolate-Milk,gas_station,5,10.0,book_fair,1.0
12,Chocolate & Milk,2023-12-23,10,2018-04-05,2023-01-01,True,12_Chocolate-Milk,gas_station,5,10.0,music_festival,1.0
12,Chocolate & Milk,2024-02-24,10,2018-04-05,2023-01-01,True,12_Chocolate-Milk,gas_station,5,11.0,market,0.9090909090909091
12,Chocolate & Milk,2024-03-30,20,2018-04-05,2023-01-01,True,12_Chocolate-Milk,gas_station,5,10.5,cultural,1.9047619047619047
12,Chocolate & Milk,2024-07-20,11,2018-04-05,2023-01-01,True,12_Chocolate-Milk,gas_station,5,11.0,sports,1.0
12,Chocolate & Milk,2023-02-19,16,2018-04-05,2023-01-01,True,12_Chocolate-Milk,gas_station,6,12.0,concert,1.3333333333333333
12,Chocolate & Milk,2023-03-12,27,2018-04-05,2023-01-01,True,12_Chocolate-Milk,gas_station,6,12.5,food_festival,2.16
12,Chocolate & Milk,2023-03-19,12,2018-04-05,2023-01-01,True,12_Chocolate-Milk,gas_station,6,13.0,book_fair,0.9230769230769231
12,Chocolate & Milk,2023-05-14,23,2018-04-05,2023-01-01,True,12_Chocolate-Milk,gas_station,6,13.0,food_festival,1.7692307692307692
12,Chocolate & Milk,2023-09-03,20,2018-04-05,2023-01-01,True,12_Chocolate-Milk,gas_station,6,12.0,food_festival,1.6666666666666667
12,Chocolate & Milk,2023-12-17,45,2018-04-05,2023-01-01,True,12_Chocolate-Milk,gas_station,6,12.5,market,3.0
12,Chocolate & Milk,2024-02-18,30,2018-04-05,2023-01-01,True,12_Chocolate-Milk,gas_station,6,13.0,food_festival,2.3076923076923075
12,Chocolate & Milk,2024-06-16,8,2018-04-05,2023-01-01,True,12_Chocolate-Milk,gas_station,6,13.0,cultural,0.6153846153846154
12,Coffee,2023-04-17,126,2018-04-05,2023-01-01,True,12_Coffee,gas_station,0,81.0,concert,1.5555555555555556
12,Coffee,2023-08-07,90,2018-04-05,2023-01-01,True,12_Coffee,gas_station,0,77.0,cultural,1.1688311688311688
12,Coffee,2023-09-25,143,2018-04-05,2023-01-01,True,12_Coffee,gas_station,0,77.5,food_festival,1.8451612903225807
12,Coffee,2023-11-20,92,2018-04-05,2023-01-01,True,12_Coffee,gas_station,0,78.0,music_festival,1.1794871794871795
12,Coffee,2024-09-02,59,2018-04-05,2023-01-01,True,12_Coffee,gas_station,0,78.0,convention,0.7564102564102564
12,Coffee,2023-01-24,109,2018-04-05,2023-01-01,True,12_Coffee,gas_station,1,68.0,cultural,1.6029411764705883
12,Coffee,2023-02-07,86,2018-04-05,2023-01-01,True,12_Coffee,gas_station,1,92.0,market,0.9347826086956522
12,Coffee,2023-03-07,144,2018-04-05,2023-01-01,True,12_Coffee,gas_station,1,90.0,food_festival,1.6
12,Coffee,2023-03-21,104,2018-04-05,2023-01-01,True,12_Coffee,gas_station,1,92.0,cultural,1.1304347826086956
12,Coffee,2023-03-28,81,2018-04-05,2023-01-01,True,12_Coffee,gas_station,1,93.0,food_festival,0.8709677419354839
12,Coffee,2023-08-22,59,2018-04-05,2023-01-01,True,12_Coffee,gas_station,1,83.0,cultural,0.7108433734939759
12,Coffee,2024-03-19,123,2018-04-05,2023-01-01,True,12_Coffee,gas_station,1,85.0,market,1.4470588235294117
12,Coffee,2024-04-23,138,2018-04-05,2023-01-01,True,12_Coffee,gas_station,1,85.0,sports,1.6235294117647059
12,Coffee,2024-05-07,92,2018-04-05,2023-01-01,True,12_Coffee,gas_station,1,85.5,market,1.0760233918128654
12,Coffee,2024-07-02,62,2018-04-05,2023-01-01,True,12_Coffee,gas_station,1,85.0,convention,0.7294117647058823
12,Coffee,2024-07-16,36,2018-04-05,2023-01-01,True,12_Coffee,gas_station,1,85.0,book_fair,0.4235294117647059
12,Coffee,2023-01-25,47,2018-04-05,2023-01-01,True,12_Coffee,gas_station,2,81.0,book_fair,0.5802469135802469
12,Coffee,2023-03-22,75,2018-04-05,2023-01-01,True,12_Coffee,gas_station,2,79.0,cultural,0.9493670886075949
12,Coffee,2023-05-17,94,2018-04-05,2023-01-01,True,12_Coffee,gas_station,2,81.0,cultural,1.1604938271604939
12,Coffee,2023-06-21,91,2018-04-05,2023-01-01,True,12_Coffee,gas_station,2,82.0,sports,1.1097560975609757
12,Coffee,2023-09-06,89,2018-04-05,2023-01-01,True,12_Coffee,gas_station,2,79.0,cultural,1.1265822784810127
12,Coffee,2023-11-08,109,2018-04-05,2023-01-01,True,12_Coffee,gas_station,2,78.5,market,1.3885350318471337
12,Coffee,2024-01-17,108,2018-04-05,2023-01-01,True,12_Coffee,gas_station,2,81.5,cultural,1.3251533742331287
12,Coffee,2024-05-08,61,2018-04-05,2023-01-01,True,12_Coffee,gas_station,2,83.0,convention,0.7349397590361446
12,Coffee,2024-06-19,83,2018-04-05,2023-01-01,True,12_Coffee,gas_station,2,83.0,convention,1.0
12,Coffee,2024-09-11,75,2018-04-05,2023-01-01,True,12_Coffee,gas_station,2,81.0,convention,0.9259259259259259
12,Coffee,2023-05-11,53,2018-04-05,2023-01-01,True,12_Coffee,gas_station,3,90.0,book_fair,0.5888888888888889
12,Coffee,2023-10-26,144,2018-04-05,2023-01-01,True,12_Coffee,gas_station,3,82.0,food_festival,1.7560975609756098
12,Coffee,2024-03-07,109,2018-04-05,2023-01-01,True,12_Coffee,gas_station,3,83.0,concert,1.3132530120481927
12,Coffee,2024-04-25,178,2018-04-05,2023-01-01,True,12_Coffee,gas_station,3,84.0,market,2.119047619047619
12,Coffee,2024-04-25,178,2018-04-05,2023-01-01,True,12_Coffee,gas_station,3,84.0,cultural,2.119047619047619
12,Coffee,2024-09-12,132,2018-04-05,2023-01-01,True,12_Coffee,gas_station,3,79.0,cultural,1.6708860759493671
12,Coffee,2024-10-10,113,2018-04-05,2023-01-01,True,12_Coffee,gas_station,3,78.5,sports,1.4394904458598725
12,Coffee,2024-10-24,82,2018-04-05,2023-01-01,True,12_Coffee,gas_station,3,79.0,market,1.0379746835443038
12,Coffee,2023-02-17,41,2018-04-05,2023-01-01,True,12_Coffee,gas_station,4,75.0,book_fair,0.5466666666666666
12,Coffee,2023-03-10,103,2018-04-05,2023-01-01,True,12_Coffee,gas_station,4,68.0,convention,1.5147058823529411
12,Coffee,2023-09-08,91,2018-04-05,2023-01-01,True,12_Coffee,gas_station,4,72.0,market,1.2638888888888888
12,Coffee,2023-09-22,76,2018-04-05,2023-01-01,True,12_Coffee,gas_station,4,72.0,market,1.0555555555555556
12,Coffee,2024-04-05,157,2018-04-05,2023-01-01,True,12_Coffee,gas_station,4,80.0,food_festival,1.9625
12,Coffee,2024-06-28,62,2018-04-05,2023-01-01,True,12_Coffee,gas_station,4,82.0,music_festival,0.7560975609756098
12,Coffee,2024-07-26,85,2018-04-05,2023-01-01,True,12_Coffee,gas_station,4,80.0,cultural,1.0625
12,Coffee,2024-08-16,84,2018-04-05,2023-01-01,True,12_Coffee,gas_station,4,79.5,food_festival,1.0566037735849056
12,Coffee,2024-08-23,98,2018-04-05,2023-01-01,True,12_Coffee,gas_station,4,80.0,food_festival,1.225
12,Coffee,2023-05-27,134,2018-04-05,2023-01-01,True,12_Coffee,gas_station,5,98.5,food_festival,1.3604060913705585
12,Coffee,2023-07-01,90,2018-04-05,2023-01-01,True,12_Coffee,gas_station,5,98.0,cultural,0.9183673469387755
12,Coffee,2023-07-15,116,2018-04-05,2023-01-01,True,12_Coffee,gas_station,5,95.0,music_festival,1.2210526315789474
12,Coffee,2023-10-07,111,2018-04-05,2023-01-01,True,12_Coffee,gas_station,5,93.0,music_festival,1.1935483870967742
12,Coffee,2023-11-11,98,2018-04-05,2023-01-01,True,12_Coffee,gas_station,5,94.5,convention,1.037037037037037
12,Coffee,2023-12-16,130,2018-04-05,2023-01-01,True,12_Coffee,gas_station,5,95.0,book_fair,1.368421052631579
12,Coffee,2023-12-23,104,2018-04-05,2023-01-01,True,12_Coffee,gas_station,5,96.5,music_festival,1.077720207253886
12,Coffee,2024-02-24,121,2018-04-05,2023-01-01,True,12_Coffee,gas_station,5,99.0,market,1.2222222222222223
12,Coffee,2024-03-30,134,2018-04-05,2023-01-01,True,12_Coffee,gas_station,5,100.0,cultural,1.34
12,Coffee,2024-07-20,121,2018-04-05,2023-01-01,True,12_Coffee,gas_station,5,100.0,sports,1.21
12,Coffee,2023-02-19,88,2018-04-05,2023-01-01,True,12_Coffee,gas_station,6,125.0,concert,0.704
12,Coffee,2023-03-12,260,2018-04-05,2023-01-01,True,12_Coffee,gas_station,6,112.0,food_festival,2.3214285714285716
12,Coffee,2023-03-19,100,2018-04-05,2023-01-01,True,12_Coffee,gas_station,6,117.0,book_fair,0.8547008547008547
12,Coffee,2023-05-14,196,2018-04-05,2023-01-01,True,12_Coffee,gas_station,6,117.0,food_festival,1.6752136752136753
12,Coffee,2023-09-03,131,2018-04-05,2023-01-01,True,12_Coffee,gas_station,6,98.0,food_festival,1.336734693877551
12,Coffee,2023-12-17,299,2018-04-05,2023-01-01,True,12_Coffee,gas_station,6,100.0,market,2.99
12,Coffee,2024-02-18,289,2018-04-05,2023-01-01,True,12_Coffee,gas_station,6,100.0,food_festival,2.89
12,Coffee,2024-06-16,74,2018-04-05,2023-01-01,True,12_Coffee,gas_station,6,100.5,cultural,0.736318407960199
12,Juice & Smoothie,2023-04-17,9,2018-04-05,2023-01-01,True,12_Juice-Smoothie,gas_station,0,5.0,concert,1.8
12,Juice & Smoothie,2023-08-07,5,2018-04-05,2023-01-01,True,12_Juice-Smoothie,gas_station,0,5.0,cultural,1.0
12,Juice & Smoothie,2023-09-25,2,2018-04-05,2023-01-01,True,12_Juice-Smoothie,gas_station,0,5.0,food_festival,0.4
12,Juice & Smoothie,2023-11-20,4,2018-04-05,2023-01-01,True,12_Juice-Smoothie,gas_station,0,5.0,music_festival,0.8
12,Juice & Smoothie,2024-09-02,8,2018-04-05,2023-01-01,True,12_Juice-Smoothie,gas_station,0,5.0,convention,1.6
12,Juice & Smoothie,2023-01-24,15,2018-04-05,2023-01-01,True,12_Juice-Smoothie,gas_station,1,7.0,cultural,2.142857142857143
12,Juice & Smoothie,2023-02-07,11,2018-04-05,2023-01-01,True,12_Juice-Smoothie,gas_station,1,7.0,market,1.5714285714285714
12,Juice & Smoothie,2023-03-07,5,2018-04-05,2023-01-01,True,12_Juice-Smoothie,gas_station,1,8.0,food_festival,0.625
12,Juice & Smoothie,2023-03-21,8,2018-04-05,2023-01-01,True,12_Juice-Smoothie,gas_station,1,8.0,cultural,1.0
12,Juice & Smoothie,2023-03-28,12,2018-04-05,2023-01-01,True,12_Juice-Smoothie,gas_station,1,8.0,food_festival,1.5
12,Juice & Smoothie,2023-08-22,3,2018-04-05,2023-01-01,True,12_Juice-Smoothie,gas_station,1,6.0,cultural,0.5
12,Juice & Smoothie,2024-03-19,9,2018-04-05,2023-01-01,True,12_Juice-Smoothie,gas_station,1,6.0,market,1.5
12,Juice & Smoothie,2024-04-23,9,2018-04-05,2023-01-01,True,12_Juice-Smoothie,gas_station,1,6.0,sports,1.5
12,Juice & Smoothie,2024-05-07,10,2018-04-05,2023-01-01,True,12_Juice-Smoothie,gas_station,1,6.0,market,1.6666666666666667
12,Juice & Smoothie,2024-07-02,3,2018-04-05,2023-01-01,True,12_Juice-Smoothie,gas_station,1,6.0,convention,0.5
12,Juice & Smoothie,2024-07-16,4,2018-04-05,2023-01-01,True,12_Juice-Smoothie,gas_station,1,6.0,book_fair,0.6666666666666666
12,Juice & Smoothie,2023-01-25,1,2018-04-05,2023-01-01,True,12_Juice-Smoothie,gas_station,2,5.0,book_fair,0.25
12,Juice & Smoothie,2023-03-22,2,2018-04-05,2023-01-01,True,12_Juice-Smoothie,gas_station,2,5.0,cultural,0.4
12,Juice & Smoothie,2023-05-17,7,2018-04-05,2023-01-01,True,12_Juice-Smoothie,gas_station,2,5.0,cultural,1.4
12,Juice & Smoothie,2023-06-21,4,2018-04-05,2023-01-01,True,12_Juice-Smoothie,gas_station,2,5.0,sports,0.8
12,Juice & Smoothie,2023-09-06,7,2018-04-05,2023-01-01,True,12_Juice-Smoothie,gas_station,2,5.0,cultural,1.4
12,Juice & Smoothie,2023-11-08,5,2018-04-05,2023-01-01,True,12_Juice-Smoothie,gas_station,2,6.0,market,0.8333333333333334
12,Juice & Smoothie,2024-01-17,12,2018-04-05,2023-01-01,True,12_Juice-Smoothie,gas_station,2,5.5,cultural,2.1818181818181817
12,Juice & Smoothie,2024-05-08,1,2018-04-05,2023-01-01,True,12_Juice-Smoothie,gas_station,2,6.0,convention,0.25
12,Juice & Smoothie,2024-06-19,3,2018-04-05,2023-01-01,True,12_Juice-Smoothie,gas_station,2,6.0,convention,0.5
12,Juice & Smoothie,2024-09-11,9,2018-04-05,2023-01-01,True,12_Juice-Smoothie,gas_station,2,6.0,convention,1.5
12,Juice & Smoothie,2023-05-11,11,2018-04-05,2023-01-01,True,12_Juice-Smoothie,gas_station,3,6.0,book_fair,1.8333333333333333
12,Juice & Smoothie,2023-10-26,11,2018-04-05,2023-01-01,True,12_Juice-Smoothie,gas_station,3,5.0,food_festival,2.2
12,Juice & Smoothie,2024-03-07,2,2018-04-05,2023-01-01,True,12_Juice-Smoothie,gas_station,3,6.0,concert,0.3333333333333333
12,Juice & Smoothie,2024-04-25,16,2018-04-05,2023-01-01,True,12_Juice-Smoothie,gas_station,3,6.0,market,2.6666666666666665
12,Juice & Smoothie,2024-04-25,16,2018-04-05,2023-01-01,True,12_Juice-Smoothie,gas_station,3,6.0,cultural,2.6666666666666665
12,Juice & Smoothie,2024-09-12,14,2018-04-05,2023-01-01,True,12_Juice-Smoothie,gas_station,3,6.0,cultural,2.3333333333333335
12,Juice & Smoothie,2024-10-10,14,2018-04-05,2023-01-01,True,12_Juice-Smoothie,gas_station,3,6.0,sports,2.3333333333333335
12,Juice & Smoothie,2024-10-24,9,2018-04-05,2023-01-01,True,12_Juice-Smoothie,gas_station,3,6.0,market,1.5
12,Juice & Smoothie,2023-02-17,2,2018-04-05,2023-01-01,True,12_Juice-Smoothie,gas_station,4,6.0,book_fair,0.3333333333333333
12,Juice & Smoothie,2023-03-10,7,2018-04-05,2023-01-01,True,12_Juice-Smoothie,gas_station,4,4.0,convention,1.75
12,Juice & Smoothie,2023-09-08,12,2018-04-05,2023-01-01,True,12_Juice-Smoothie,gas_station,4,5.0,market,2.4
12,Juice & Smoothie,2023-09-22,1,2018-04-05,2023-01-01,True,12_Juice-Smoothie,gas_station,4,5.0,market,0.25
12,Juice & Smoothie,2024-04-05,11,2018-04-05,2023-01-01,True,12_Juice-Smoothie,gas_station,4,5.0,food_festival,2.2
12,Juice & Smoothie,2024-06-28,6,2018-04-05,2023-01-01,True,12_Juice-Smoothie,gas_station,4,5.0,music_festival,1.2
12,Juice & Smoothie,2024-07-26,6,2018-04-05,2023-01-01,True,12_Juice-Smoothie,gas_station,4,5.0,cultural,1.2
12,Juice & Smoothie,2024-08-16,0,2018-04-05,2023-01-01,True,12_Juice-Smoothie,gas_station,4,5.0,food_festival,0.25
12,Juice & Smoothie,2024-08-23,16,2018-04-05,2023-01-01,True,12_Juice-Smoothie,gas_station,4,5.0,food_festival,3.0
12,Juice & Smoothie,2023-05-27,6,2018-04-05,2023-01-01,True,12_Juice-Smoothie,gas_station,5,7.5,food_festival,0.8
12,Juice & Smoothie,2023-07-01,14,2018-04-05,2023-01-01,True,12_Juice-Smoothie,gas_station,5,7.0,cultural,2.0
12,Juice & Smoothie,2023-07-15,2,2018-04-05,2023-01-01,True,12_Juice-Smoothie,gas_station,5,7.0,music_festival,0.2857142857142857
12,Juice & Smoothie,2023-10-07,6,2018-04-05,2023-01-01,True,12_Juice-Smoothie,gas_station,5,7.0,music_festival,0.8571428571428571
12,Juice & Smoothie,2023-11-11,7,2018-04-05,2023-01-01,True,12_Juice-Smoothie,gas_station,5,6.0,convention,1.1666666666666667
12,Juice & Smoothie,2023-12-16,13,2018-04-05,2023-01-01,True,12_Juice-Smoothie,gas_station,5,6.0,book_fair,2.1666666666666665
12,Juice & Smoothie,2023-12-23,7,2018-04-05,2023-01-01,True,12_Juice-Smoothie,gas_station,5,6.5,music_festival,1.0769230769230769
12,Juice & Smoothie,2024-02-24,10,2018-04-05,2023-01-01,True,12_Juice-Smoothie,gas_station,5,6.0,market,1.6666666666666667
12,Juice & Smoothie,2024-03-30,8,2018-04-05,2023-01-01,True,12_Juice-Smoothie,gas_station,5,7.0,cultural,1.1428571428571428
12,Juice & Smoothie,2024-07-20,6,2018-04-05,2023-01-01,True,12_Juice-Smoothie,gas_station,5,7.0,sports,0.8571428571428571
12,Juice & Smoothie,2023-02-19,14,2018-04-05,2023-01-01,True,12_Juice-Smoothie,gas_station,6,11.0,concert,1.2727272727272727
12,Juice & Smoothie,2023-03-12,24,2018-04-05,2023-01-01,True,12_Juice-Smoothie,gas_station,6,9.0,food_festival,2.6666666666666665
12,Juice & Smoothie,2023-03-19,9,2018-04-05,2023-01-01,True,12_Juice-Smoothie,gas_station,6,11.0,book_fair,0.8181818181818182
12,Juice & Smoothie,2023-05-14,17,2018-04-05,2023-01-01,True,12_Juice-Smoothie,gas_station,6,8.0,food_festival,2.125
12,Juice & Smoothie,2023-09-03,12,2018-04-05,2023-01-01,True,12_Juice-Smoothie,gas_station,6,7.0,food_festival,1.7142857142857142
12,Juice & Smoothie,2023-12-17,16,2018-04-05,2023-01-01,True,12_Juice-Smoothie,gas_station,6,7.5,market,2.1333333333333333
12,Juice & Smoothie,2024-02-18,16,2018-04-05,2023-01-01,True,12_Juice-Smoothie,gas_station,6,8.0,food_festival,2.0
12,Juice & Smoothie,2024-06-16,9,2018-04-05,2023-01-01,True,12_Juice-Smoothie,gas_station,6,7.5,cultural,1.2
12,Merchandise,2023-04-17,3,2018-04-05,2023-01-01,True,12_Merchandise,gas_station,0,4.0,concert,0.75
12,Merchandise,2023-08-07,6,2018-04-05,2023-01-01,True,12_Merchandise,gas_station,0,3.0,cultural,2.0
12,Merchandise,2023-09-25,10,2018-04-05,2023-01-01,True,12_Merchandise,gas_station,0,3.0,food_festival,3.0
12,Merchandise,2023-11-20,2,2018-04-05,2023-01-01,True,12_Merchandise,gas_station,0,3.0,music_festival,0.6666666666666666
12,Merchandise,2024-09-02,1,2018-04-05,2023-01-01,True,12_Merchandise,gas_station,0,3.0,convention,0.3333333333333333
12,Merchandise,2023-01-24,4,2018-04-05,2023-01-01,True,12_Merchandise,gas_station,1,3.0,cultural,1.3333333333333333
12,Merchandise,2023-02-07,3,2018-04-05,2023-01-01,True,12_Merchandise,gas_station,1,4.0,market,0.75
12,Merchandise,2023-03-07,1,2018-04-05,2023-01-01,True,12_Merchandise,gas_station,1,4.0,food_festival,0.25
12,Merchandise,2023-03-21,3,2018-04-05,2023-01-01,True,12_Merchandise,gas_station,1,4.0,cultural,0.75
12,Merchandise,2023-03-28,5,2018-04-05,2023-01-01,True,12_Merchandise,gas_station,1,3.5,food_festival,1.4285714285714286
12,Merchandise,2023-08-22,5,2018-04-05,2023-01-01,True,12_Merchandise,gas_station,1,3.0,cultural,1.6666666666666667
12,Merchandise,2024-03-19,4,2018-04-05,2023-01-01,True,12_Merchandise,gas_station,1,3.0,market,1.3333333333333333
12,Merchandise,2024-04-23,8,2018-04-05,2023-01-01,True,12_Merchandise,gas_station,1,3.0,sports,2.6666666666666665
12,Merchandise,2024-05-07,4,2018-04-05,2023-01-01,True,12_Merchandise,gas_station,1,3.0,market,1.3333333333333333
12,Merchandise,2024-07-02,6,2018-04-05,2023-01-01,True,12_Merchandise,gas_station,1,3.0,convention,2.0
12,Merchandise,2024-07-16,2,2018-04-05,2023-01-01,True,12_Merchandise,gas_station,1,3.0,book_fair,0.6666666666666666
12,Merchandise,2023-01-25,2,2018-04-05,2023-01-01,True,12_Merchandise,gas_station,2,3.0,book_fair,0.6666666666666666
12,Merchandise,2023-03-22,3,2018-04-05,2023-01-01,True,12_Merchandise,gas_station,2,3.0,cultural,1.0
12,Merchandise,2023-05-17,9,2018-04-05,2023-01-01,True,12_Merchandise,gas_station,2,3.0,cultural,3.0
12,Merchandise,2023-06-21,2,2018-04-05,2023-01-01,True,12_Merchandise,gas_station,2,3.0,sports,0.6666666666666666
12,Merchandise,2023-09-06,4,2018-04-05,2023-01-01,True,12_Merchandise,gas_station,2,3.0,cultural,1.3333333333333333
12,Merchandise,2023-11-08,1,2018-04-05,2023-01-01,True,12_Merchandise,gas_station,2,3.0,market,0.3333333333333333
12,Merchandise,2024-01-17,8,2018-04-05,2023-01-01,True,12_Merchandise,gas_station,2,3.0,cultural,2.6666666666666665
12,Merchandise,2024-05-08,4,2018-04-05,2023-01-01,True,12_Merchandise,gas_station,2,3.0,convention,1.3333333333333333
12,Merchandise,2024-06-19,2,2018-04-05,2023-01-01,True,12_Merchandise,gas_station,2,3.0,convention,0.6666666666666666
12,Merchandise,2024-09-11,4,2018-04-05,2023-01-01,True,12_Merchandise,gas_station,2,3.0,convention,1.3333333333333333
12,Merchandise,2023-05-11,2,2018-04-05,2023-01-01,True,12_Merchandise,gas_station,3,4.0,book_fair,0.5
12,Merchandise,2023-10-26,3,2018-04-05,2023-01-01,True,12_Merchandise,gas_station,3,3.0,food_festival,1.0
12,Merchandise,2024-03-07,0,2018-04-05,2023-01-01,True,12_Merchandise,gas_station,3,3.0,concert,0.25
12,Merchandise,2024-04-25,9,2018-04-05,2023-01-01,True,12_Merchandise,gas_station,3,3.0,market,3.0
12,Merchandise,2024-04-25,9,2018-04-05,2023-01-01,True,12_Merchandise,gas_station,3,3.0,cultural,3.0
12,Merchandise,2024-09-12,8,2018-04-05,2023-01-01,True,12_Merchandise,gas_station,3,3.0,cultural,2.6666666666666665
12,Merchandise,2024-10-10,6,2018-04-05,2023-01-01,True,12_Merchandise,gas_station,3,3.0,sports,2.0
12,Merchandise,2024-10-24,2,2018-04-05,2023-01-01,True,12_Merchandise,gas_station,3,3.0,market,0.6666666666666666
12,Merchandise,2023-02-17,0,2018-04-05,2023-01-01,True,12_Merchandise,gas_station,4,1.5,book_fair,0.25
12,Merchandise,2023-03-10,1,2018-04-05,2023-01-01,True,12_Merchandise,gas_station,4,2.0,convention,0.5
12,Merchandise,2023-09-08,5,2018-04-05,2023-01-01,True,12_Merchandise,gas_station,4,3.0,market,1.6666666666666667
12,Merchandise,2023-09-22,2,2018-04-05,2023-01-01,True,12_Merchandise,gas_station,4,3.0,market,0.6666666666666666
12,Merchandise,2024-04-05,6,2018-04-05,2023-01-01,True,12_Merchandise,gas_station,4,4.0,food_festival,1.5
12,Merchandise,2024-06-28,4,2018-04-05,2023-01-01,True,12_Merchandise,gas_station,4,3.0,music_festival,1.3333333333333333
12,Merchandise,2024-07-26,1,2018-04-05,2023-01-01,True,12_Merchandise,gas_station,4,3.0,cultural,0.3333333333333333
12,Merchandise,2024-08-16,4,2018-04-05,2023-01-01,True,12_Merchandise,gas_station,4,3.0,food_festival,1.3333333333333333
12,Merchandise,2024-08-23,2,2018-04-05,2023-01-01,True,12_Merchandise,gas_station,4,3.0,food_festival,0.6666666666666666
12,Merchandise,2023-05-27,9,2018-04-05,2023-01-01,True,12_Merchandise,gas_station,5,5.0,food_festival,1.8
12,Merchandise,2023-07-01,2,2018-04-05,2023-01-01,True,12_Merchandise,gas_station,5,5.0,cultural,0.4
12,Merchandise,2023-07-15,3,2018-04-05,2023-01-01,True,12_Merchandise,gas_station,5,4.0,music_festival,0.75
12,Merchandise,2023-10-07,8,2018-04-05,2023-01-01,True,12_Merchandise,gas_station,5,4.0,music_festival,2.0
12,Merchandise,2023-11-11,6,2018-04-05,2023-01-01,True,12_Merchandise,gas_station,5,3.5,convention,1.7142857142857142
12,Merchandise,2023-12-16,3,2018-04-05,2023-01-01,True,12_Merchandise,gas_station,5,4.0,book_fair,0.75
12,Merchandise,2023-12-23,5,2018-04-05,2023-01-01,True,12_Merchandise,gas_station,5,4.0,music_festival,1.25
12,Merchandise,2024-02-24,4,2018-04-05,2023-01-01,True,12_Merchandise,gas_station,5,4.0,market,1.0
12,Merchandise,2024-03-30,5,2018-04-05,2023-01-01,True,12_Merchandise,gas_station,5,4.0,cultural,1.25
12,Merchandise,2024-07-20,7,2018-04-05,2023-01-01,True,12_Merchandise,gas_station,5,4.0,sports,1.75
12,Merchandise,2023-02-19,6,2018-04-05,2023-01-01,True,12_Merchandise,gas_station,6,5.0,concert,1.2
12,Merchandise,2023-03-12,17,2018-04-05,2023-01-01,True,12_Merchandise,gas_station,6,5.5,food_festival,3.0
12,Merchandise,2023-03-19,4,2018-04-05,2023-01-01,True,12_Merchandise,gas_station,6,6.0,book_fair,0.6666666666666666
12,Merchandise,2023-05-14,5,2018-04-05,2023-01-01,True,12_Merchandise,gas_station,6,5.0,food_festival,1.0
12,Merchandise,2023-09-03,9,2018-04-05,2023-01-01,True,12_Merchandise,gas_station,6,4.0,food_festival,2.25
12,Merchandise,2023-12-17,13,2018-04-05,2023-01-01,True,12_Merchandise,gas_station,6,5.0,market,2.6
12,Merchandise,2024-02-18,14,2018-04-05,2023-01-01,True,12_Merchandise,gas_station,6,5.0,food_festival,2.8
12,Merchandise,2024-06-16,5,2018-04-05,2023-01-01,True,12_Merchandise,gas_station,6,4.5,cultural,1.1111111111111112
12,Savory Bakery,2023-04-17,14,2018-04-05,2023-01-01,True,12_Savory-Bakery,gas_station,0,18.0,concert,0.7777777777777778
12,Savory Bakery,2023-08-07,22,2018-04-05,2023-01-01,True,12_Savory-Bakery,gas_station,0,14.0,cultural,1.5714285714285714
12,Savory Bakery,2023-09-25,23,2018-04-05,2023-01-01,True,12_Savory-Bakery,gas_station,0,14.0,food_festival,1.6428571428571428
12,Savory Bakery,2023-11-20,8,2018-04-05,2023-01-01,True,12_Savory-Bakery,gas_station,0,14.0,music_festival,0.5714285714285714
12,Savory Bakery,2024-09-02,21,2018-04-05,2023-01-01,True,12_Savory-Bakery,gas_station,0,14.0,convention,1.5
12,Savory Bakery,2023-01-24,26,2018-04-05,2023-01-01,True,12_Savory-Bakery,gas_station,1,19.0,cultural,1.368421052631579
12,Savory Bakery,2023-02-07,14,2018-04-05,2023-01-01,True,12_Savory-Bakery,gas_station,1,24.0,market,0.5833333333333334
12,Savory Bakery,2023-03-07,18,2018-04-05,2023-01-01,True,12_Savory-Bakery,gas_station,1,19.0,food_festival,0.9473684210526315
12,Savory Bakery,2023-03-21,18,2018-04-05,2023-01-01,True,12_Savory-Bakery,gas_station,1,19.0,cultural,0.9473684210526315
12,Savory Bakery,2023-03-28,25,2018-04-05,2023-01-01,True,12_Savory-Bakery,gas_station,1,18.5,food_festival,1.3513513513513513
12,Savory Bakery,2023-08-22,8,2018-04-05,2023-01-01,True,12_Savory-Bakery,gas_station,1,16.0,cultural,0.5
12,Savory Bakery,2024-03-19,19,2018-04-05,2023-01-01,True,12_Savory-Bakery,gas_station,1,15.0,market,1.2666666666666666
12,Savory Bakery,2024-04-23,23,2018-04-05,2023-01-01,True,12_Savory-Bakery,gas_station,1,15.0,sports,1.5333333333333334
12,Savory Bakery,2024-05-07,13,2018-04-05,2023-01-01,True,12_Savory-Bakery,gas_station,1,15.0,market,0.8666666666666667
12,Savory Bakery,2024-07-02,6,2018-04-05,2023-01-01,True,12_Savory-Bakery,gas_station,1,15.0,convention,0.4
12,Savory Bakery,2024-07-16,9,2018-04-05,2023-01-01,True,12_Savory-Bakery,gas_station,1,15.0,book_fair,0.6
12,Savory Bakery,2023-01-25,13,2018-04-05,2023-01-01,True,12_Savory-Bakery,gas_station,2,21.0,book_fair,0.6190476190476191
12,Savory Bakery,2023-03-22,10,2018-04-05,2023-01-01,True,12_Savory-Bakery,gas_station,2,17.0,cultural,0.5882352941176471
12,Savory Bakery,2023-05-17,16,2018-04-05,2023-01-01,True,12_Savory-Bakery,gas_station,2,13.0,cultural,1.2307692307692308
12,Savory Bakery,2023-06-21,12,2018-04-05,2023-01-01,True,12_Savory-Bakery,gas_station,2,13.0,sports,0.9230769230769231
12,Savory Bakery,2023-09-06,18,2018-04-05,2023-01-01,True,12_Savory-Bakery,gas_station,2,12.0,cultural,1.5
12,Savory Bakery,2023-11-08,19,2018-04-05,2023-01-01,True,12_Savory-Bakery,gas_station,2,12.5,market,1.52
12,Savory Bakery,2024-01-17,34,2018-04-05,2023-01-01,True,12_Savory-Bakery,gas_station,2,13.0,cultural,2.6153846153846154
12,Savory Bakery,2024-05-08,14,2018-04-05,2023-01-01,True,12_Savory-Bakery,gas_station,2,13.0,convention,1.0769230769230769
12,Savory Bakery,2024-06-19,8,2018-04-05,2023-01-01,True,12_Savory-Bakery,gas_station,2,13.0,convention,0.6153846153846154
12,Savory Bakery,2024-09-11,12,2018-04-05,2023-01-01,True,12_Savory-Bakery,gas_station,2,13.0,convention,0.9230769230769231
12,Savory Bakery,2023-05-11,12,2018-04-05,2023-01-01,True,12_Savory-Bakery,gas_station,3,15.0,book_fair,0.8
12,Savory Bakery,2023-10-26,26,2018-04-05,2023-01-01,True,12_Savory-Bakery,gas_station,3,13.0,food_festival,2.0
12,Savory Bakery,2024-03-07,23,2018-04-05,2023-01-01,True,12_Savory-Bakery,gas_station,3,13.0,concert,1.7692307692307692
12,Savory Bakery,2024-04-25,27,2018-04-05,2023-01-01,True,12_Savory-Bakery,gas_station,3,14.5,market,1.8620689655172413
12,Savory Bakery,2024-04-25,27,2018-04-05,2023-01-01,True,12_Savory-Bakery,gas_station,3,14.5,cultural,1.8620689655172413
12,Savory Bakery,2024-09-12,14,2018-04-05,2023-01-01,True,12_Savory-Bakery,gas_station,3,13.0,cultural,1.0769230769230769
12,Savory Bakery,2024-10-10,18,2018-04-05,2023-01-01,True,12_Savory-Bakery,gas_station,3,13.5,sports,1.3333333333333333
12,Savory Bakery,2024-10-24,9,2018-04-05,2023-01-01,True,12_Savory-Bakery,gas_station,3,14.0,market,0.6428571428571429
12,Savory Bakery,2023-02-17,11,2018-04-05,2023-01-01,True,12_Savory-Bakery,gas_station,4,11.0,book_fair,1.0
12,Savory Bakery,2023-03-10,15,2018-04-05,2023-01-01,True,12_Savory-Bakery,gas_station,4,11.0,convention,1.3636363636363635
12,Savory Bakery,2023-09-08,12,2018-04-05,2023-01-01,True,12_Savory-Bakery,gas_station,4,13.0,market,0.9230769230769231
12,Savory Bakery,2023-09-22,23,2018-04-05,2023-01-01,True,12_Savory-Bakery,gas_station,4,12.0,market,1.9166666666666667
12,Savory Bakery,2024-04-05,35,2018-04-05,2023-01-01,True,12_Savory-Bakery,gas_station,4,14.0,food_festival,2.5
12,Savory Bakery,2024-06-28,9,2018-04-05,2023-01-01,True,12_Savory-Bakery,gas_station,4,15.0,music_festival,0.6
12,Savory Bakery,2024-07-26,6,2018-04-05,2023-01-01,True,12_Savory-Bakery,gas_station,4,14.0,cultural,0.42857142857142855
12,Savory Bakery,2024-08-16,8,2018-04-05,2023-01-01,True,12_Savory-Bakery,gas_station,4,14.0,food_festival,0.5714285714285714
12,Savory Bakery,2024-08-23,24,2018-04-05,2023-01-01,True,12_Savory-Bakery,gas_station,4,14.0,food_festival,1.7142857142857142
12,Savory Bakery,2023-05-27,39,2018-04-05,2023-01-01,True,12_Savory-Bakery,gas_station,5,18.5,food_festival,2.108108108108108
12,Savory Bakery,2023-07-01,20,2018-04-05,2023-01-01,True,12_Savory-Bakery,gas_station,5,18.0,cultural,1.1111111111111112
12,Savory Bakery,2023-07-15,15,2018-04-05,2023-01-01,True,12_Savory-Bakery,gas_station,5,18.0,music_festival,0.8333333333333334
12,Savory Bakery,2023-10-07,16,2018-04-05,2023-01-01,True,12_Savory-Bakery,gas_station,5,16.0,music_festival,1.0
12,Savory Bakery,2023-11-11,17,2018-04-05,2023-01-01,True,12_Savory-Bakery,gas_station,5,16.0,convention,1.0625
12,Savory Bakery,2023-12-16,13,2018-04-05,2023-01-01,True,12_Savory-Bakery,gas_station,5,16.0,book_fair,0.8125
12,Savory Bakery,2023-12-23,32,2018-04-05,2023-01-01,True,12_Savory-Bakery,gas_station,5,16.0,music_festival,2.0
12,Savory Bakery,2024-02-24,24,2018-04-05,2023-01-01,True,12_Savory-Bakery,gas_station,5,16.0,market,1.5
12,Savory Bakery,2024-03-30,28,2018-04-05,2023-01-01,True,12_Savory-Bakery,gas_station,5,16.5,cultural,1.696969696969697
12,Savory Bakery,2024-07-20,11,2018-04-05,2023-01-01,True,12_Savory-Bakery,gas_station,5,16.0,sports,0.6875
12,Savory Bakery,2023-02-19,20,2018-04-05,2023-01-01,True,12_Savory-Bakery,gas_station,6,20.0,concert,1.0
12,Savory Bakery,2023-03-12,53,2018-04-05,2023-01-01,True,12_Savory-Bakery,gas_station,6,20.0,food_festival,2.65
12,Savory Bakery,2023-03-19,15,2018-04-05,2023-01-01,True,12_Savory-Bakery,gas_station,6,20.0,book_fair,0.75
12,Savory Bakery,2023-05-14,44,2018-04-05,2023-01-01,True,12_Savory-Bakery,gas_station,6,20.0,food_festival,2.2
12,Savory Bakery,2023-09-03,30,2018-04-05,2023-01-01,True,12_Savory-Bakery,gas_station,6,17.0,food_festival,1.7647058823529411
12,Savory Bakery,2023-12-17,50,2018-04-05,2023-01-01,True,12_Savory-Bakery,gas_station,6,17.5,market,2.857142857142857
12,Savory Bakery,2024-02-18,37,2018-04-05,2023-01-01,True,12_Savory-Bakery,gas_station,6,19.0,food_festival,1.9473684210526316
12,Savory Bakery,2024-06-16,18,2018-04-05,2023-01-01,True,12_Savory-Bakery,gas_station,6,19.0,cultural,0.9473684210526315
12,Tea,2023-04-17,27,2018-04-05,2023-01-01,True,12_Tea,gas_station,0,22.0,concert,1.2272727272727273
12,Tea,2023-08-07,33,2018-04-05,2023-01-01,True,12_Tea,gas_station,0,20.0,cultural,1.65
12,Tea,2023-09-25,49,2018-04-05,2023-01-01,True,12_Tea,gas_station,0,21.0,food_festival,2.3333333333333335
12,Tea,2023-11-20,30,2018-04-05,2023-01-01,True,12_Tea,gas_station,0,22.0,music_festival,1.3636363636363635
12,Tea,2024-09-02,23,2018-04-05,2023-01-01,True,12_Tea,gas_station,0,21.0,convention,1.0952380952380953
12,Tea,2023-01-24,42,2018-04-05,2023-01-01,True,12_Tea,gas_station,1,22.0,cultural,1.9090909090909092
12,Tea,2023-02-07,18,2018-04-05,2023-01-01,True,12_Tea,gas_station,1,25.0,market,0.72
12,Tea,2023-03-07,43,2018-04-05,2023-01-01,True,12_Tea,gas_station,1,22.0,food_festival,1.9545454545454546
12,Tea,2023-03-21,30,2018-04-05,2023-01-01,True,12_Tea,gas_station,1,25.0,cultural,1.2
12,Tea,2023-03-28,26,2018-04-05,2023-01-01,True,12_Tea,gas_station,1,26.0,food_festival,1.0
12,Tea,2023-08-22,23,2018-04-05,2023-01-01,True,12_Tea,gas_station,1,19.0,cultural,1.2105263157894737
12,Tea,2024-03-19,31,2018-04-05,2023-01-01,True,12_Tea,gas_station,1,20.0,market,1.55
12,Tea,2024-04-23,39,2018-04-05,2023-01-01,True,12_Tea,gas_station,1,21.0,sports,1.8571428571428572
12,Tea,2024-05-07,39,2018-04-05,2023-01-01,True,12_Tea,gas_station,1,21.0,market,1.8571428571428572
12,Tea,2024-07-02,14,2018-04-05,2023-01-01,True,12_Tea,gas_station,1,21.0,convention,0.6666666666666666
12,Tea,2024-07-16,11,2018-04-05,2023-01-01,True,12_Tea,gas_station,1,21.0,book_fair,0.5238095238095238
12,Tea,2023-01-25,11,2018-04-05,2023-01-01,True,12_Tea,gas_station,2,27.0,book_fair,0.4074074074074074
12,Tea,2023-03-22,22,2018-04-05,2023-01-01,True,12_Tea,gas_station,2,23.0,cultural,0.9565217391304348
12,Tea,2023-05-17,28,2018-04-05,2023-01-01,True,12_Tea,gas_station,2,23.0,cultural,1.2173913043478262
12,Tea,2023-06-21,19,2018-04-05,2023-01-01,True,12_Tea,gas_station,2,22.5,sports,0.8444444444444444
12,Tea,2023-09-06,23,2018-04-05,2023-01-01,True,12_Tea,gas_station,2,20.0,cultural,1.15
12,Tea,2023-11-08,38,2018-04-05,2023-01-01,True,12_Tea,gas_station,2,20.0,market,1.9
12,Tea,2024-01-17,36,2018-04-05,2023-01-01,True,12_Tea,gas_station,2,21.0,cultural,1.7142857142857142
12,Tea,2024-05-08,16,2018-04-05,2023-01-01,True,12_Tea,gas_station,2,22.0,convention,0.7272727272727273
12,Tea,2024-06-19,14,2018-04-05,2023-01-01,True,12_Tea,gas_station,2,21.5,convention,0.6511627906976745
12,Tea,2024-09-11,21,2018-04-05,2023-01-01,True,12_Tea,gas_station,2,20.5,convention,1.024390243902439
12,Tea,2023-05-11,19,2018-04-05,2023-01-01,True,12_Tea,gas_station,3,25.0,book_fair,0.76
12,Tea,2023-10-26,22,2018-04-05,2023-01-01,True,12_Tea,gas_station,3,19.0,food_festival,1.1578947368421053
12,Tea,2024-03-07,15,2018-04-05,2023-01-01,True,12_Tea,gas_station,3,21.0,concert,0.7142857142857143
12,Tea,2024-04-25,53,2018-04-05,2023-01-01,True,12_Tea,gas_station,3,21.5,market,2.4651162790697674
12,Tea,2024-04-25,53,2018-04-05,2023-01-01,True,12_Tea,gas_station,3,21.5,cultural,2.4651162790697674
12,Tea,2024-09-12,38,2018-04-05,2023-01-01,True,12_Tea,gas_station,3,21.0,cultural,1.8095238095238095
12,Tea,2024-10-10,26,2018-04-05,2023-01-01,True,12_Tea,gas_station,3,21.0,sports,1.2380952380952381
12,Tea,2024-10-24,44,2018-04-05,2023-01-01,True,12_Tea,gas_station,3,21.0,market,2.0952380952380953
12,Tea,2023-02-17,21,2018-04-05,2023-01-01,True,12_Tea,gas_station,4,21.0,book_fair,1.0
12,Tea,2023-03-10,24,2018-04-05,2023-01-01,True,12_Tea,gas_station,4,20.0,convention,1.2
12,Tea,2023-09-08,20,2018-04-05,2023-01-01,True,12_Tea,gas_station,4,19.0,market,1.0526315789473684
12,Tea,2023-09-22,21,2018-04-05,2023-01-01,True,12_Tea,gas_station,4,19.0,market,1.105263157894737
12,Tea,2024-04-05,62,2018-04-05,2023-01-01,True,12_Tea,gas_station,4,20.0,food_festival,3.0
12,Tea,2024-06-28,11,2018-04-05,2023-01-01,True,12_Tea,gas_station,4,20.0,music_festival,0.55
12,Tea,2024-07-26,19,2018-04-05,2023-01-01,True,12_Tea,gas_station,4,20.0,cultural,0.95
12,Tea,2024-08-16,14,2018-04-05,2023-01-01,True,12_Tea,gas_station,4,20.0,food_festival,0.7
12,Tea,2024-08-23,27,2018-04-05,2023-01-01,True,12_Tea,gas_station,4,20.0,food_festival,1.35
12,Tea,2023-05-27,30,2018-04-05,2023-01-01,True,12_Tea,gas_station,5,26.5,food_festival,1.1320754716981132
12,Tea,2023-07-01,19,2018-04-05,2023-01-01,True,12_Tea,gas_station,5,26.0,cultural,0.7307692307692307
12,Tea,2023-07-15,30,2018-04-05,2023-01-01,True,12_Tea,gas_station,5,26.0,music_festival,1.1538461538461537
12,Tea,2023-10-07,34,2018-04-05,2023-01-01,True,12_Tea,gas_station,5,24.0,music_festival,1.4166666666666667
12,Tea,2023-11-11,17,2018-04-05,2023-01-01,True,12_Tea,gas_station,5,24.5,convention,0.6938775510204082
12,Tea,2023-12-16,40,2018-04-05,2023-01-01,True,12_Tea,gas_station,5,25.0,book_fair,1.6
12,Tea,2023-12-23,36,2018-04-05,2023-01-01,True,12_Tea,gas_station,5,25.5,music_festival,1.411764705882353
12,Tea,2024-02-24,37,2018-04-05,2023-01-01,True,12_Tea,gas_station,5,27.0,market,1.3703703703703705
12,Tea,2024-03-30,38,2018-04-05,2023-01-01,True,12_Tea,gas_station,5,26.5,cultural,1.4339622641509433
12,Tea,2024-07-20,28,2018-04-05,2023-01-01,True,12_Tea,gas_station,5,27.0,sports,1.037037037037037
12,Tea,2023-02-19,19,2018-04-05,2023-01-01,True,12_Tea,gas_station,6,34.0,concert,0.5588235294117647
12,Tea,2023-03-12,78,2018-04-05,2023-01-01,True,12_Tea,gas_station,6,31.5,food_festival,2.4761904761904763
12,Tea,2023-03-19,23,2018-04-05,2023-01-01,True,12_Tea,gas_station,6,33.0,book_fair,0.696969696969697
12,Tea,2023-05-14,63,2018-04-05,2023-01-01,True,12_Tea,gas_station,6,31.0,food_festival,2.032258064516129
12,Tea,2023-09-03,45,2018-04-05,2023-01-01,True,12_Tea,gas_station,6,26.0,food_festival,1.7307692307692308
12,Tea,2023-12-17,78,2018-04-05,2023-01-01,True,12_Tea,gas_station,6,28.5,market,2.736842105263158
12,Tea,2024-02-18,77,2018-04-05,2023-01-01,True,12_Tea,gas_station,6,29.0,food_festival,2.6551724137931036
12,Tea,2024-06-16,20,2018-04-05,2023-01-01,True,12_Tea,gas_station,6,29.0,cultural,0.6896551724137931
13,Bakery,2023-01-30,23,2015-09-13,2023-01-01,True,13_Bakery,gas_station,0,15.0,book_fair,1.5333333333333334
13,Bakery,2023-02-20,13,2015-09-13,2023-01-01,True,13_Bakery,gas_station,0,15.0,convention,0.8666666666666667
13,Bakery,2023-04-24,28,2015-09-13,2023-01-01,True,13_Bakery,gas_station,0,15.5,cultural,1.8064516129032258
13,Bakery,2023-05-15,27,2015-09-13,2023-01-01,True,13_Bakery,gas_station,0,16.0,sports,1.6875
13,Bakery,2023-07-10,8,2015-09-13,2023-01-01,True,13_Bakery,gas_station,0,16.0,book_fair,0.5
13,Bakery,2023-09-04,16,2015-09-13,2023-01-01,True,13_Bakery,gas_station,0,15.0,concert,1.0666666666666667
13,Bakery,2023-11-20,18,2015-09-13,2023-01-01,True,13_Bakery,gas_station,0,16.0,food_festival,1.125
13,Bakery,2023-12-04,17,2015-09-13,2023-01-01,True,13_Bakery,gas_station,0,16.0,sports,1.0625
13,Bakery,2024-02-26,10,2015-09-13,2023-01-01,True,13_Bakery,gas_station,0,16.0,convention,0.625
13,Bakery,2024-04-15,34,2015-09-13,2023-01-01,True,13_Bakery,gas_station,0,16.0,convention,2.125
13,Bakery,2024-06-17,23,2015-09-13,2023-01-01,True,13_Bakery,gas_station,0,16.0,market,1.4375
13,Bakery,2023-03-14,16,2015-09-13,2023-01-01,True,13_Bakery,gas_station,1,12.0,market,1.3333333333333333
13,Bakery,2023-03-28,13,2015-09-13,2023-01-01,True,13_Bakery,gas_station,1,13.0,convention,1.0
13,Bakery,2023-06-06,14,2015-09-13,2023-01-01,True,13_Bakery,gas_station,1,15.0,convention,0.9333333333333333
13,Bakery,2023-09-26,13,2015-09-13,2023-01-01,True,13_Bakery,gas_station,1,13.5,food_festival,0.9629629629629629
13,Bakery,2023-09-26,13,2015-09-13,2023-01-01,True,13_Bakery,gas_station,1,13.5,cultural,0.9629629629629629
13,Bakery,2023-11-14,13,2015-09-13,2023-01-01,True,13_Bakery,gas_station,1,13.0,sports,1.0
13,Bakery,2023-12-26,18,2015-09-13,2023-01-01,True,13_Bakery,gas_station,1,13.0,market,1.3846153846153846
13,Bakery,2024-02-13,13,2015-09-13,2023-01-01,True,13_Bakery,gas_station,1,13.0,market,1.0
13,Bakery,2024-02-27,11,2015-09-13,2023-01-01,True,13_Bakery,gas_station,1,13.0,book_fair,0.8461538461538461
13,Bakery,2024-03-26,12,2015-09-13,2023-01-01,True,13_Bakery,gas_station,1,13.0,cultural,0.9230769230769231
13,Bakery,2024-04-23,45,2015-09-13,2023-01-01,True,13_Bakery,gas_station,1,13.0,market,3.0
13,Bakery,2024-06-04,16,2015-09-13,2023-01-01,True,13_Bakery,gas_station,1,13.0,market,1.2307692307692308
13,Bakery,2024-09-03,26,2015-09-13,2023-01-01,True,13_Bakery,gas_station,1,13.0,food_festival,2.0
13,Bakery,2024-09-03,26,2015-09-13,2023-01-01,True,13_Bakery,gas_station,1,13.0,book_fair,2.0
13,Bakery,2023-01-25,12,2015-09-13,2023-01-01,True,13_Bakery,gas_station,2,19.0,convention,0.631578947368421
13,Bakery,2023-02-01,31,2015-09-13,2023-01-01,True,13_Bakery,gas_station,2,15.5,food_festival,2.0
13,Bakery,2023-02-01,31,2015-09-13,2023-01-01,True,13_Bakery,gas_station,2,15.5,concert,2.0
13,Bakery,2023-04-19,21,2015-09-13,2023-01-01,True,13_Bakery,gas_station,2,18.0,book_fair,1.1666666666666667
13,Bakery,2023-08-09,4,2015-09-13,2023-01-01,True,13_Bakery,gas_station,2,14.0,book_fair,0.2857142857142857
13,Bakery,2024-02-28,8,2015-09-13,2023-01-01,True,13_Bakery,gas_station,2,14.0,market,0.5714285714285714
13,Bakery,2024-06-05,10,2015-09-13,2023-01-01,True,13_Bakery,gas_station,2,14.5,convention,0.6896551724137931
13,Bakery,2024-08-14,28,2015-09-13,2023-01-01,True,13_Bakery,gas_station,2,14.0,music_festival,2.0
13,Bakery,2023-04-20,36,2015-09-13,2023-01-01,True,13_Bakery,gas_station,3,15.0,sports,2.4
13,Bakery,2023-06-29,15,2015-09-13,2023-01-01,True,13_Bakery,gas_station,3,14.0,book_fair,1.0714285714285714
13,Bakery,2023-09-28,14,2015-09-13,2023-01-01,True,13_Bakery,gas_station,3,14.0,market,1.0
13,Bakery,2023-11-30,38,2015-09-13,2023-01-01,True,13_Bakery,gas_station,3,14.0,sports,2.7142857142857144
13,Bakery,2023-11-30,38,2015-09-13,2023-01-01,True,13_Bakery,gas_station,3,14.0,food_festival,2.7142857142857144
13,Bakery,2024-01-18,15,2015-09-13,2023-01-01,True,13_Bakery,gas_station,3,14.0,convention,1.0714285714285714
13,Bakery,2024-02-22,16,2015-09-13,2023-01-01,True,13_Bakery,gas_station,3,14.0,market,1.1428571428571428
13,Bakery,2024-09-05,16,2015-09-13,2023-01-01,True,13_Bakery,gas_station,3,15.0,concert,1.0666666666666667
13,Bakery,2024-09-26,19,2015-09-13,2023-01-01,True,13_Bakery,gas_station,3,15.0,book_fair,1.2666666666666666
13,Bakery,2023-01-20,13,2015-09-13,2023-01-01,True,13_Bakery,gas_station,4,15.0,market,0.8666666666666667
13,Bakery,2023-03-17,37,2015-09-13,2023-01-01,True,13_Bakery,gas_station,4,14.5,food_festival,2.5517241379310347
13,Bakery,2023-04-14,28,2015-09-13,2023-01-01,True,13_Bakery,gas_station,4,17.5,convention,1.6
13,Bakery,2023-08-18,22,2015-09-13,2023-01-01,True,13_Bakery,gas_station,4,14.5,convention,1.5172413793103448
13,Bakery,2023-10-20,15,2015-09-13,2023-01-01,True,13_Bakery,gas_station,4,15.0,cultural,1.0
13,Bakery,2023-10-27,11,2015-09-13,2023-01-01,True,13_Bakery,gas_station,4,15.0,book_fair,0.7333333333333333
13,Bakery,2024-08-23,20,2015-09-13,2023-01-01,True,13_Bakery,gas_station,4,15.0,sports,1.3333333333333333
13,Bakery,2024-08-30,18,2015-09-13,2023-01-01,True,13_Bakery,gas_station,4,15.0,concert,1.2
13,Bakery,2024-09-06,10,2015-09-13,2023-01-01,True,13_Bakery,gas_station,4,15.0,sports,0.6666666666666666
13,Bakery,2024-09-20,21,2015-09-13,2023-01-01,True,13_Bakery,gas_station,4,15.0,concert,1.4
13,Bakery,2024-10-11,17,2015-09-13,2023-01-01,True,13_Bakery,gas_station,4,14.5,convention,1.1724137931034482
13,Bakery,2023-06-03,11,2015-09-13,2023-01-01,True,13_Bakery,gas_station,5,17.0,book_fair,0.6470588235294118
13,Bakery,2023-07-01,15,2015-09-13,2023-01-01,True,13_Bakery,gas_station,5,17.0,concert,0.8823529411764706
13,Bakery,2023-07-08,19,2015-09-13,2023-01-01,True,13_Bakery,gas_station,5,16.5,market,1.1515151515151516
13,Bakery,2024-06-29,16,2015-09-13,2023-01-01,True,13_Bakery,gas_station,5,16.0,sports,1.0
13,Bakery,2024-07-06,21,2015-09-13,2023-01-01,True,13_Bakery,gas_station,5,16.0,cultural,1.3125
13,Bakery,2024-07-13,37,2015-09-13,2023-01-01,True,13_Bakery,gas_station,5,16.0,food_festival,2.3125
13,Bakery,2024-08-31,15,2015-09-13,2023-01-01,True,13_Bakery,gas_station,5,16.0,market,0.9375
13,Bakery,2024-09-28,25,2015-09-13,2023-01-01,True,13_Bakery,gas_station,5,16.0,cultural,1.5625
13,Bakery,2023-01-08,26,2015-09-13,2023-01-01,True,13_Bakery,gas_station,6,16.0,sports,1.625
13,Bakery,2023-05-07,22,2015-09-13,2023-01-01,True,13_Bakery,gas_station,6,19.5,market,1.1282051282051282
13,Bakery,2023-07-30,9,2015-09-13,2023-01-01,True,13_Bakery,gas_station,6,17.5,convention,0.5142857142857142
13,Bakery,2023-09-03,26,2015-09-13,2023-01-01,True,13_Bakery,gas_station,6,17.0,sports,1.5294117647058822
13,Bakery,2024-02-18,32,2015-09-13,2023-01-01,True,13_Bakery,gas_station,6,17.0,cultural,1.8823529411764706
13,Bakery,2024-10-27,28,2015-09-13,2023-01-01,True,13_Bakery,gas_station,6,17.0,market,1.6470588235294117
13,Chocolate & Milk,2023-01-30,7,2015-09-13,2023-01-01,True,13_Chocolate-Milk,gas_station,0,8.5,book_fair,0.8235294117647058
13,Chocolate & Milk,2023-02-20,3,2015-09-13,2023-01-01,True,13_Chocolate-Milk,gas_station,0,7.0,convention,0.42857142857142855
13,Chocolate & Milk,2023-04-24,15,2015-09-13,2023-01-01,True,13_Chocolate-Milk,gas_station,0,7.0,cultural,2.142857142857143
13,Chocolate & Milk,2023-05-15,4,2015-09-13,2023-01-01,True,13_Chocolate-Milk,gas_station,0,7.0,sports,0.5714285714285714
13,Chocolate & Milk,2023-07-10,8,2015-09-13,2023-01-01,True,13_Chocolate-Milk,gas_station,0,7.0,book_fair,1.1428571428571428
13,Chocolate & Milk,2023-09-04,14,2015-09-13,2023-01-01,True,13_Chocolate-Milk,gas_station,0,7.0,concert,2.0
13,Chocolate & Milk,2023-11-20,18,2015-09-13,2023-01-01,True,13_Chocolate-Milk,gas_station,0,7.5,food_festival,2.4
13,Chocolate & Milk,2023-12-04,5,2015-09-13,2023-01-01,True,13_Chocolate-Milk,gas_station,0,8.0,sports,0.625
13,Chocolate & Milk,2024-02-26,12,2015-09-13,2023-01-01,True,13_Chocolate-Milk,gas_station,0,8.0,convention,1.5
13,Chocolate & Milk,2024-04-15,14,2015-09-13,2023-01-01,True,13_Chocolate-Milk,gas_station,0,8.0,convention,1.75
13,Chocolate & Milk,2024-06-17,20,2015-09-13,2023-01-01,True,13_Chocolate-Milk,gas_station,0,8.5,market,2.3529411764705883
13,Chocolate & Milk,2023-03-14,9,2015-09-13,2023-01-01,True,13_Chocolate-Milk,gas_station,1,11.0,market,0.8181818181818182
13,Chocolate & Milk,2023-03-28,4,2015-09-13,2023-01-01,True,13_Chocolate-Milk,gas_station,1,10.5,convention,0.38095238095238093
13,Chocolate & Milk,2023-06-06,1,2015-09-13,2023-01-01,True,13_Chocolate-Milk,gas_station,1,10.0,convention,0.25
13,Chocolate & Milk,2023-09-26,6,2015-09-13,2023-01-01,True,13_Chocolate-Milk,gas_station,1,9.5,food_festival,0.631578947368421
13,Chocolate & Milk,2023-09-26,6,2015-09-13,2023-01-01,True,13_Chocolate-Milk,gas_station,1,9.5,cultural,0.631578947368421
13,Chocolate & Milk,2023-11-14,8,2015-09-13,2023-01-01,True,13_Chocolate-Milk,gas_station,1,10.0,sports,0.8
13,Chocolate & Milk,2023-12-26,15,2015-09-13,2023-01-01,True,13_Chocolate-Milk,gas_station,1,9.0,market,1.6666666666666667
13,Chocolate & Milk,2024-02-13,11,2015-09-13,2023-01-01,True,13_Chocolate-Milk,gas_station,1,9.0,market,1.2222222222222223
13,Chocolate & Milk,2024-02-27,3,2015-09-13,2023-01-01,True,13_Chocolate-Milk,gas_station,1,9.0,book_fair,0.3333333333333333
13,Chocolate & Milk,2024-03-26,8,2015-09-13,2023-01-01,True,13_Chocolate-Milk,gas_station,1,9.0,cultural,0.8888888888888888
13,Chocolate & Milk,2024-04-23,17,2015-09-13,2023-01-01,True,13_Chocolate-Milk,gas_station,1,9.0,market,1.8888888888888888
13,Chocolate & Milk,2024-06-04,7,2015-09-13,2023-01-01,True,13_Chocolate-Milk,gas_station,1,8.5,market,0.8235294117647058
13,Chocolate & Milk,2024-09-03,13,2015-09-13,2023-01-01,True,13_Chocolate-Milk,gas_station,1,8.0,food_festival,1.625
13,Chocolate & Milk,2024-09-03,13,2015-09-13,2023-01-01,True,13_Chocolate-Milk,gas_station,1,8.0,book_fair,1.625
13,Chocolate & Milk,2023-01-25,8,2015-09-13,2023-01-01,True,13_Chocolate-Milk,gas_station,2,8.0,convention,1.0
13,Chocolate & Milk,2023-02-01,20,2015-09-13,2023-01-01,True,13_Chocolate-Milk,gas_station,2,8.0,food_festival,2.5
13,Chocolate & Milk,2023-02-01,20,2015-09-13,2023-01-01,True,13_Chocolate-Milk,gas_station,2,8.0,concert,2.5
13,Chocolate & Milk,2023-04-19,7,2015-09-13,2023-01-01,True,13_Chocolate-Milk,gas_station,2,8.0,book_fair,0.875
13,Chocolate & Milk,2023-08-09,2,2015-09-13,2023-01-01,True,13_Chocolate-Milk,gas_station,2,8.0,book_fair,0.25
13,Chocolate & Milk,2024-02-28,9,2015-09-13,2023-01-01,True,13_Chocolate-Milk,gas_station,2,7.0,market,1.2857142857142858
13,Chocolate & Milk,2024-06-05,1,2015-09-13,2023-01-01,True,13_Chocolate-Milk,gas_station,2,8.0,convention,0.25
13,Chocolate & Milk,2024-08-14,17,2015-09-13,2023-01-01,True,13_Chocolate-Milk,gas_station,2,8.0,music_festival,2.125
13,Chocolate & Milk,2023-04-20,22,2015-09-13,2023-01-01,True,13_Chocolate-Milk,gas_station,3,9.0,sports,2.4444444444444446
13,Chocolate & Milk,2023-06-29,3,2015-09-13,2023-01-01,True,13_Chocolate-Milk,gas_station,3,9.0,book_fair,0.3333333333333333
13,Chocolate & Milk,2023-09-28,7,2015-09-13,2023-01-01,True,13_Chocolate-Milk,gas_station,3,8.0,market,0.875
13,Chocolate & Milk,2023-11-30,13,2015-09-13,2023-01-01,True,13_Chocolate-Milk,gas_station,3,8.0,sports,1.625
13,Chocolate & Milk,2023-11-30,13,2015-09-13,2023-01-01,True,13_Chocolate-Milk,gas_station,3,8.0,food_festival,1.625
13,Chocolate & Milk,2024-01-18,9,2015-09-13,2023-01-01,True,13_Chocolate-Milk,gas_station,3,8.0,convention,1.125
13,Chocolate & Milk,2024-02-22,14,2015-09-13,2023-01-01,True,13_Chocolate-Milk,gas_station,3,8.0,market,1.75
13,Chocolate & Milk,2024-09-05,4,2015-09-13,2023-01-01,True,13_Chocolate-Milk,gas_station,3,8.0,concert,0.5
13,Chocolate & Milk,2024-09-26,8,2015-09-13,2023-01-01,True,13_Chocolate-Milk,gas_station,3,8.0,book_fair,1.0
13,Chocolate & Milk,2023-01-20,10,2015-09-13,2023-01-01,True,13_Chocolate-Milk,gas_station,4,11.0,market,0.9090909090909091
13,Chocolate & Milk,2023-03-17,23,2015-09-13,2023-01-01,True,13_Chocolate-Milk,gas_station,4,9.5,food_festival,2.4210526315789473
13,Chocolate & Milk,2023-04-14,9,2015-09-13,2023-01-01,True,13_Chocolate-Milk,gas_station,4,9.0,convention,1.0
13,Chocolate & Milk,2023-08-18,12,2015-09-13,2023-01-01,True,13_Chocolate-Milk,gas_station,4,7.0,convention,1.7142857142857142
13,Chocolate & Milk,2023-10-20,6,2015-09-13,2023-01-01,True,13_Chocolate-Milk,gas_station,4,8.0,cultural,0.75
13,Chocolate & Milk,2023-10-27,4,2015-09-13,2023-01-01,True,13_Chocolate-Milk,gas_station,4,7.5,book_fair,0.5333333333333333
13,Chocolate & Milk,2024-08-23,22,2015-09-13,2023-01-01,True,13_Chocolate-Milk,gas_station,4,8.0,sports,2.75
13,Chocolate & Milk,2024-08-30,8,2015-09-13,2023-01-01,True,13_Chocolate-Milk,gas_station,4,8.0,concert,1.0
13,Chocolate & Milk,2024-09-06,16,2015-09-13,2023-01-01,True,13_Chocolate-Milk,gas_station,4,8.0,sports,2.0
13,Chocolate & Milk,2024-09-20,9,2015-09-13,2023-01-01,True,13_Chocolate-Milk,gas_station,4,8.0,concert,1.125
13,Chocolate & Milk,2024-10-11,6,2015-09-13,2023-01-01,True,13_Chocolate-Milk,gas_station,4,8.0,convention,0.75
13,Chocolate & Milk,2023-06-03,4,2015-09-13,2023-01-01,True,13_Chocolate-Milk,gas_station,5,9.0,book_fair,0.4444444444444444
13,Chocolate & Milk,2023-07-01,11,2015-09-13,2023-01-01,True,13_Chocolate-Milk,gas_station,5,9.0,concert,1.2222222222222223
13,Chocolate & Milk,2023-07-08,12,2015-09-13,2023-01-01,True,13_Chocolate-Milk,gas_station,5,9.0,market,1.3333333333333333
13,Chocolate & Milk,2024-06-29,12,2015-09-13,2023-01-01,True,13_Chocolate-Milk,gas_station,5,8.0,sports,1.5
13,Chocolate & Milk,2024-07-06,3,2015-09-13,2023-01-01,True,13_Chocolate-Milk,gas_station,5,8.5,cultural,0.35294117647058826
13,Chocolate & Milk,2024-07-13,19,2015-09-13,2023-01-01,True,13_Chocolate-Milk,gas_station,5,8.0,food_festival,2.375
13,Chocolate & Milk,2024-08-31,15,2015-09-13,2023-01-01,True,13_Chocolate-Milk,gas_station,5,8.5,market,1.7647058823529411
13,Chocolate & Milk,2024-09-28,22,2015-09-13,2023-01-01,True,13_Chocolate-Milk,gas_station,5,8.0,cultural,2.75
13,Chocolate & Milk,2023-01-08,13,2015-09-13,2023-01-01,True,13_Chocolate-Milk,gas_station,6,10.0,sports,1.3
13,Chocolate & Milk,2023-05-07,10,2015-09-13,2023-01-01,True,13_Chocolate-Milk,gas_station,6,9.0,market,1.1111111111111112
13,Chocolate & Milk,2023-07-30,6,2015-09-13,2023-01-01,True,13_Chocolate-Milk,gas_station,6,8.5,convention,0.7058823529411765
13,Chocolate & Milk,2023-09-03,10,2015-09-13,2023-01-01,True,13_Chocolate-Milk,gas_station,6,9.0,sports,1.1111111111111112
13,Chocolate & Milk,2024-02-18,8,2015-09-13,2023-01-01,True,13_Chocolate-Milk,gas_station,6,9.0,cultural,0.8888888888888888
13,Chocolate & Milk,2024-10-27,6,2015-09-13,2023-01-01,True,13_Chocolate-Milk,gas_station,6,9.0,market,0.6666666666666666
13,Coffee,2023-01-30,61,2015-09-13,2023-01-01,True,13_Coffee,gas_station,0,65.0,book_fair,0.9384615384615385
13,Coffee,2023-02-20,61,2015-09-13,2023-01-01,True,13_Coffee,gas_station,0,71.0,convention,0.8591549295774648
13,Coffee,2023-04-24,102,2015-09-13,2023-01-01,True,13_Coffee,gas_station,0,71.5,cultural,1.4265734265734267
13,Coffee,2023-05-15,92,2015-09-13,2023-01-01,True,13_Coffee,gas_station,0,72.0,sports,1.2777777777777777
13,Coffee,2023-07-10,41,2015-09-13,2023-01-01,True,13_Coffee,gas_station,0,72.0,book_fair,0.5694444444444444
13,Coffee,2023-09-04,92,2015-09-13,2023-01-01,True,13_Coffee,gas_station,0,69.0,concert,1.3333333333333333
13,Coffee,2023-11-20,91,2015-09-13,2023-01-01,True,13_Coffee,gas_station,0,68.0,food_festival,1.338235294117647
13,Coffee,2023-12-04,99,2015-09-13,2023-01-01,True,13_Coffee,gas_station,0,70.0,sports,1.4142857142857144
13,Coffee,2024-02-26,61,2015-09-13,2023-01-01,True,13_Coffee,gas_station,0,70.0,convention,0.8714285714285714
13,Coffee,2024-04-15,154,2015-09-13,2023-01-01,True,13_Coffee,gas_station,0,67.0,convention,2.298507462686567
13,Coffee,2024-06-17,125,2015-09-13,2023-01-01,True,13_Coffee,gas_station,0,69.5,market,1.7985611510791366
13,Coffee,2023-03-14,82,2015-09-13,2023-01-01,True,13_Coffee,gas_station,1,68.0,market,1.2058823529411764
13,Coffee,2023-03-28,67,2015-09-13,2023-01-01,True,13_Coffee,gas_station,1,69.0,convention,0.9710144927536232
13,Coffee,2023-06-06,96,2015-09-13,2023-01-01,True,13_Coffee,gas_station,1,69.0,convention,1.391304347826087
13,Coffee,2023-09-26,129,2015-09-13,2023-01-01,True,13_Coffee,gas_station,1,67.5,food_festival,1.9111111111111112
13,Coffee,2023-09-26,129,2015-09-13,2023-01-01,True,13_Coffee,gas_station,1,67.5,cultural,1.9111111111111112
13,Coffee,2023-11-14,74,2015-09-13,2023-01-01,True,13_Coffee,gas_station,1,67.0,sports,1.1044776119402986
13,Coffee,2023-12-26,110,2015-09-13,2023-01-01,True,13_Coffee,gas_station,1,68.0,market,1.6176470588235294
13,Coffee,2024-02-13,119,2015-09-13,2023-01-01,True,13_Coffee,gas_station,1,67.5,market,1.762962962962963
13,Coffee,2024-02-27,38,2015-09-13,2023-01-01,True,13_Coffee,gas_station,1,68.0,book_fair,0.5588235294117647
13,Coffee,2024-03-26,61,2015-09-13,2023-01-01,True,13_Coffee,gas_station,1,68.0,cultural,0.8970588235294118
13,Coffee,2024-04-23,158,2015-09-13,2023-01-01,True,13_Coffee,gas_station,1,68.0,market,2.323529411764706
13,Coffee,2024-06-04,77,2015-09-13,2023-01-01,True,13_Coffee,gas_station,1,68.0,market,1.1323529411764706
13,Coffee,2024-09-03,79,2015-09-13,2023-01-01,True,13_Coffee,gas_station,1,68.0,food_festival,1.161764705882353
13,Coffee,2024-09-03,79,2015-09-13,2023-01-01,True,13_Coffee,gas_station,1,68.0,book_fair,1.161764705882353
13,Coffee,2023-01-25,99,2015-09-13,2023-01-01,True,13_Coffee,gas_station,2,61.0,convention,1.6229508196721312
13,Coffee,2023-02-01,100,2015-09-13,2023-01-01,True,13_Coffee,gas_station,2,66.5,food_festival,1.5037593984962405
13,Coffee,2023-02-01,100,2015-09-13,2023-01-01,True,13_Coffee,gas_station,2,66.5,concert,1.5037593984962405
13,Coffee,2023-04-19,81,2015-09-13,2023-01-01,True,13_Coffee,gas_station,2,72.0,book_fair,1.125
13,Coffee,2023-08-09,31,2015-09-13,2023-01-01,True,13_Coffee,gas_station,2,70.0,book_fair,0.44285714285714284
13,Coffee,2024-02-28,68,2015-09-13,2023-01-01,True,13_Coffee,gas_station,2,67.0,market,1.0149253731343284
13,Coffee,2024-06-05,55,2015-09-13,2023-01-01,True,13_Coffee,gas_station,2,69.0,convention,0.7971014492753623
13,Coffee,2024-08-14,101,2015-09-13,2023-01-01,True,13_Coffee,gas_station,2,67.5,music_festival,1.4962962962962962
13,Coffee,2023-04-20,125,2015-09-13,2023-01-01,True,13_Coffee,gas_station,3,72.0,sports,1.7361111111111112
13,Coffee,2023-06-29,59,2015-09-13,2023-01-01,True,13_Coffee,gas_station,3,72.0,book_fair,0.8194444444444444
13,Coffee,2023-09-28,58,2015-09-13,2023-01-01,True,13_Coffee,gas_station,3,69.5,market,0.8345323741007195
13,Coffee,2023-11-30,135,2015-09-13,2023-01-01,True,13_Coffee,gas_station,3,66.0,sports,2.0454545454545454
13,Coffee,2023-11-30,135,2015-09-13,2023-01-01,True,13_Coffee,gas_station,3,66.0,food_festival,2.0454545454545454
13,Coffee,2024-01-18,61,2015-09-13,2023-01-01,True,13_Coffee,gas_station,3,69.5,convention,0.8776978417266187
13,Coffee,2024-02-22,45,2015-09-13,2023-01-01,True,13_Coffee,gas_station,3,69.0,market,0.6521739130434783
13,Coffee,2024-09-05,61,2015-09-13,2023-01-01,True,13_Coffee,gas_station,3,64.0,concert,0.953125
13,Coffee,2024-09-26,55,2015-09-13,2023-01-01,True,13_Coffee,gas_station,3,63.5,book_fair,0.8661417322834646
13,Coffee,2023-01-20,47,2015-09-13,2023-01-01,True,13_Coffee,gas_station,4,72.0,market,0.6527777777777778
13,Coffee,2023-03-17,156,2015-09-13,2023-01-01,True,13_Coffee,gas_station,4,68.0,food_festival,2.2941176470588234
13,Coffee,2023-04-14,91,2015-09-13,2023-01-01,True,13_Coffee,gas_station,4,78.0,convention,1.1666666666666667
13,Coffee,2023-08-18,92,2015-09-13,2023-01-01,True,13_Coffee,gas_station,4,66.5,convention,1.3834586466165413
13,Coffee,2023-10-20,75,2015-09-13,2023-01-01,True,13_Coffee,gas_station,4,65.0,cultural,1.1538461538461537
13,Coffee,2023-10-27,44,2015-09-13,2023-01-01,True,13_Coffee,gas_station,4,65.5,book_fair,0.6717557251908397
13,Coffee,2024-08-23,93,2015-09-13,2023-01-01,True,13_Coffee,gas_station,4,66.0,sports,1.4090909090909092
13,Coffee,2024-08-30,66,2015-09-13,2023-01-01,True,13_Coffee,gas_station,4,66.5,concert,0.9924812030075187
13,Coffee,2024-09-06,66,2015-09-13,2023-01-01,True,13_Coffee,gas_station,4,66.0,sports,1.0
13,Coffee,2024-09-20,93,2015-09-13,2023-01-01,True,13_Coffee,gas_station,4,66.0,concert,1.4090909090909092
13,Coffee,2024-10-11,69,2015-09-13,2023-01-01,True,13_Coffee,gas_station,4,66.0,convention,1.0454545454545454
13,Coffee,2023-06-03,44,2015-09-13,2023-01-01,True,13_Coffee,gas_station,5,77.0,book_fair,0.5714285714285714
13,Coffee,2023-07-01,100,2015-09-13,2023-01-01,True,13_Coffee,gas_station,5,77.0,concert,1.2987012987012987
13,Coffee,2023-07-08,102,2015-09-13,2023-01-01,True,13_Coffee,gas_station,5,79.0,market,1.2911392405063291
13,Coffee,2024-06-29,119,2015-09-13,2023-01-01,True,13_Coffee,gas_station,5,76.0,sports,1.5657894736842106
13,Coffee,2024-07-06,94,2015-09-13,2023-01-01,True,13_Coffee,gas_station,5,76.0,cultural,1.236842105263158
13,Coffee,2024-07-13,114,2015-09-13,2023-01-01,True,13_Coffee,gas_station,5,76.0,food_festival,1.5
13,Coffee,2024-08-31,97,2015-09-13,2023-01-01,True,13_Coffee,gas_station,5,76.0,market,1.2763157894736843
13,Coffee,2024-09-28,113,2015-09-13,2023-01-01,True,13_Coffee,gas_station,5,76.0,cultural,1.486842105263158
13,Coffee,2023-01-08,150,2015-09-13,2023-01-01,True,13_Coffee,gas_station,6,74.0,sports,2.027027027027027
13,Coffee,2023-05-07,92,2015-09-13,2023-01-01,True,13_Coffee,gas_station,6,92.0,market,1.0
13,Coffee,2023-07-30,39,2015-09-13,2023-01-01,True,13_Coffee,gas_station,6,76.5,convention,0.5098039215686274
13,Coffee,2023-09-03,109,2015-09-13,2023-01-01,True,13_Coffee,gas_station,6,74.0,sports,1.472972972972973
13,Coffee,2024-02-18,85,2015-09-13,2023-01-01,True,13_Coffee,gas_station,6,74.0,cultural,1.1486486486486487
13,Coffee,2024-10-27,81,2015-09-13,2023-01-01,True,13_Coffee,gas_station,6,74.0,market,1.0945945945945945
13,Juice & Smoothie,2023-01-30,9,2015-09-13,2023-01-01,True,13_Juice-Smoothie,gas_station,0,3.0,book_fair,3.0
13,Juice & Smoothie,2023-02-20,2,2015-09-13,2023-01-01,True,13_Juice-Smoothie,gas_station,0,5.0,convention,0.4
13,Juice & Smoothie,2023-04-24,6,2015-09-13,2023-01-01,True,13_Juice-Smoothie,gas_station,0,5.0,cultural,1.2
13,Juice & Smoothie,2023-05-15,10,2015-09-13,2023-01-01,True,13_Juice-Smoothie,gas_station,0,6.0,sports,1.6666666666666667
13,Juice & Smoothie,2023-07-10,6,2015-09-13,2023-01-01,True,13_Juice-Smoothie,gas_station,0,5.0,book_fair,1.2
13,Juice & Smoothie,2023-09-04,3,2015-09-13,2023-01-01,True,13_Juice-Smoothie,gas_station,0,5.0,concert,0.6
13,Juice & Smoothie,2023-11-20,3,2015-09-13,2023-01-01,True,13_Juice-Smoothie,gas_station,0,5.0,food_festival,0.6
13,Juice & Smoothie,2023-12-04,6,2015-09-13,2023-01-01,True,13_Juice-Smoothie,gas_station,0,5.0,sports,1.2
13,Juice & Smoothie,2024-02-26,3,2015-09-13,2023-01-01,True,13_Juice-Smoothie,gas_station,0,5.0,convention,0.6
13,Juice & Smoothie,2024-04-15,14,2015-09-13,2023-01-01,True,13_Juice-Smoothie,gas_station,0,4.0,convention,3.0
13,Juice & Smoothie,2024-06-17,8,2015-09-13,2023-01-01,True,13_Juice-Smoothie,gas_station,0,4.5,market,1.7777777777777777
13,Juice & Smoothie,2023-03-14,3,2015-09-13,2023-01-01,True,13_Juice-Smoothie,gas_station,1,6.0,market,0.5
13,Juice & Smoothie,2023-03-28,3,2015-09-13,2023-01-01,True,13_Juice-Smoothie,gas_station,1,5.0,convention,0.6
13,Juice & Smoothie,2023-06-06,9,2015-09-13,2023-01-01,True,13_Juice-Smoothie,gas_station,1,5.0,convention,1.8
13,Juice & Smoothie,2023-09-26,8,2015-09-13,2023-01-01,True,13_Juice-Smoothie,gas_station,1,4.0,food_festival,2.0
13,Juice & Smoothie,2023-09-26,8,2015-09-13,2023-01-01,True,13_Juice-Smoothie,gas_station,1,4.0,cultural,2.0
13,Juice & Smoothie,2023-11-14,4,2015-09-13,2023-01-01,True,13_Juice-Smoothie,gas_station,1,4.0,sports,1.0
13,Juice & Smoothie,2023-12-26,10,2015-09-13,2023-01-01,True,13_Juice-Smoothie,gas_station,1,4.0,market,2.5
13,Juice & Smoothie,2024-02-13,4,2015-09-13,2023-01-01,True,13_Juice-Smoothie,gas_station,1,4.0,market,1.0
13,Juice & Smoothie,2024-02-27,4,2015-09-13,2023-01-01,True,13_Juice-Smoothie,gas_station,1,4.0,book_fair,1.0
13,Juice & Smoothie,2024-03-26,2,2015-09-13,2023-01-01,True,13_Juice-Smoothie,gas_station,1,4.0,cultural,0.5
13,Juice & Smoothie,2024-04-23,4,2015-09-13,2023-01-01,True,13_Juice-Smoothie,gas_station,1,4.0,market,1.0
13,Juice & Smoothie,2024-06-04,7,2015-09-13,2023-01-01,True,13_Juice-Smoothie,gas_station,1,4.0,market,1.75
13,Juice & Smoothie,2024-09-03,4,2015-09-13,2023-01-01,True,13_Juice-Smoothie,gas_station,1,5.0,food_festival,0.8
13,Juice & Smoothie,2024-09-03,4,2015-09-13,2023-01-01,True,13_Juice-Smoothie,gas_station,1,5.0,book_fair,0.8
13,Juice & Smoothie,2023-01-25,8,2015-09-13,2023-01-01,True,13_Juice-Smoothie,gas_station,2,5.0,convention,1.6
13,Juice & Smoothie,2023-02-01,6,2015-09-13,2023-01-01,True,13_Juice-Smoothie,gas_station,2,6.5,food_festival,0.9230769230769231
13,Juice & Smoothie,2023-02-01,6,2015-09-13,2023-01-01,True,13_Juice-Smoothie,gas_station,2,6.5,concert,0.9230769230769231
13,Juice & Smoothie,2023-04-19,5,2015-09-13,2023-01-01,True,13_Juice-Smoothie,gas_station,2,5.0,book_fair,1.0
13,Juice & Smoothie,2023-08-09,2,2015-09-13,2023-01-01,True,13_Juice-Smoothie,gas_station,2,4.0,book_fair,0.5
13,Juice & Smoothie,2024-02-28,6,2015-09-13,2023-01-01,True,13_Juice-Smoothie,gas_station,2,4.0,market,1.5
13,Juice & Smoothie,2024-06-05,3,2015-09-13,2023-01-01,True,13_Juice-Smoothie,gas_station,2,4.0,convention,0.75
13,Juice & Smoothie,2024-08-14,7,2015-09-13,2023-01-01,True,13_Juice-Smoothie,gas_station,2,4.0,music_festival,1.75
13,Juice & Smoothie,2023-04-20,8,2015-09-13,2023-01-01,True,13_Juice-Smoothie,gas_station,3,4.0,sports,2.0
13,Juice & Smoothie,2023-06-29,7,2015-09-13,2023-01-01,True,13_Juice-Smoothie,gas_station,3,4.0,book_fair,1.75
13,Juice & Smoothie,2023-09-28,3,2015-09-13,2023-01-01,True,13_Juice-Smoothie,gas_station,3,4.0,market,0.75
13,Juice & Smoothie,2023-11-30,17,2015-09-13,2023-01-01,True,13_Juice-Smoothie,gas_station,3,4.0,sports,3.0
13,Juice & Smoothie,2023-11-30,17,2015-09-13,2023-01-01,True,13_Juice-Smoothie,gas_station,3,4.0,food_festival,3.0
13,Juice & Smoothie,2024-01-18,4,2015-09-13,2023-01-01,True,13_Juice-Smoothie,gas_station,3,4.0,convention,1.0
13,Juice & Smoothie,2024-02-22,2,2015-09-13,2023-01-01,True,13_Juice-Smoothie,gas_station,3,4.0,market,0.5
13,Juice & Smoothie,2024-09-05,7,2015-09-13,2023-01-01,True,13_Juice-Smoothie,gas_station,3,4.0,concert,1.75
13,Juice & Smoothie,2024-09-26,3,2015-09-13,2023-01-01,True,13_Juice-Smoothie,gas_station,3,4.0,book_fair,0.75
13,Juice & Smoothie,2023-01-20,6,2015-09-13,2023-01-01,True,13_Juice-Smoothie,gas_station,4,8.0,market,0.75
13,Juice & Smoothie,2023-03-17,4,2015-09-13,2023-01-01,True,13_Juice-Smoothie,gas_station,4,4.0,food_festival,1.0
13,Juice & Smoothie,2023-04-14,10,2015-09-13,2023-01-01,True,13_Juice-Smoothie,gas_station,4,4.5,convention,2.2222222222222223
13,Juice & Smoothie,2023-08-18,16,2015-09-13,2023-01-01,True,13_Juice-Smoothie,gas_station,4,5.0,convention,3.0
13,Juice & Smoothie,2023-10-20,2,2015-09-13,2023-01-01,True,13_Juice-Smoothie,gas_station,4,5.0,cultural,0.4
13,Juice & Smoothie,2023-10-27,5,2015-09-13,2023-01-01,True,13_Juice-Smoothie,gas_station,4,5.0,book_fair,1.0
13,Juice & Smoothie,2024-08-23,8,2015-09-13,2023-01-01,True,13_Juice-Smoothie,gas_station,4,5.0,sports,1.6
13,Juice & Smoothie,2024-08-30,10,2015-09-13,2023-01-01,True,13_Juice-Smoothie,gas_station,4,5.0,concert,2.0
13,Juice & Smoothie,2024-09-06,7,2015-09-13,2023-01-01,True,13_Juice-Smoothie,gas_station,4,5.0,sports,1.4
13,Juice & Smoothie,2024-09-20,9,2015-09-13,2023-01-01,True,13_Juice-Smoothie,gas_station,4,5.0,concert,1.8
13,Juice & Smoothie,2024-10-11,8,2015-09-13,2023-01-01,True,13_Juice-Smoothie,gas_station,4,5.0,convention,1.6
13,Juice & Smoothie,2023-06-03,8,2015-09-13,2023-01-01,True,13_Juice-Smoothie,gas_station,5,5.0,book_fair,1.6
13,Juice & Smoothie,2023-07-01,5,2015-09-13,2023-01-01,True,13_Juice-Smoothie,gas_station,5,6.0,concert,0.8333333333333334
13,Juice & Smoothie,2023-07-08,8,2015-09-13,2023-01-01,True,13_Juice-Smoothie,gas_station,5,5.5,market,1.4545454545454546
13,Juice & Smoothie,2024-06-29,6,2015-09-13,2023-01-01,True,13_Juice-Smoothie,gas_station,5,5.0,sports,1.2
13,Juice & Smoothie,2024-07-06,17,2015-09-13,2023-01-01,True,13_Juice-Smoothie,gas_station,5,5.0,cultural,3.0
13,Juice & Smoothie,2024-07-13,10,2015-09-13,2023-01-01,True,13_Juice-Smoothie,gas_station,5,5.0,food_festival,2.0
13,Juice & Smoothie,2024-08-31,5,2015-09-13,2023-01-01,True,13_Juice-Smoothie,gas_station,5,5.0,market,1.0
13,Juice & Smoothie,2024-09-28,8,2015-09-13,2023-01-01,True,13_Juice-Smoothie,gas_station,5,5.0,cultural,1.6
13,Juice & Smoothie,2023-01-08,8,2015-09-13,2023-01-01,True,13_Juice-Smoothie,gas_station,6,8.0,sports,1.0
13,Juice & Smoothie,2023-05-07,9,2015-09-13,2023-01-01,True,13_Juice-Smoothie,gas_station,6,4.0,market,2.25
13,Juice & Smoothie,2023-07-30,7,2015-09-13,2023-01-01,True,13_Juice-Smoothie,gas_station,6,4.0,convention,1.75
13,Juice & Smoothie,2023-09-03,1,2015-09-13,2023-01-01,True,13_Juice-Smoothie,gas_station,6,4.0,sports,0.25
13,Juice & Smoothie,2024-02-18,5,2015-09-13,2023-01-01,True,13_Juice-Smoothie,gas_station,6,5.0,cultural,1.0
13,Juice & Smoothie,2024-10-27,13,2015-09-13,2023-01-01,True,13_Juice-Smoothie,gas_station,6,5.0,market,2.6
13,Merchandise,2023-01-30,1,2015-09-13,2023-01-01,True,13_Merchandise,gas_station,0,2.0,book_fair,0.5
13,Merchandise,2023-02-20,1,2015-09-13,2023-01-01,True,13_Merchandise,gas_station,0,2.0,convention,0.5
13,Merchandise,2023-04-24,4,2015-09-13,2023-01-01,True,13_Merchandise,gas_station,0,2.0,cultural,2.0
13,Merchandise,2023-05-15,3,2015-09-13,2023-01-01,True,13_Merchandise,gas_station,0,2.0,sports,1.5
13,Merchandise,2023-07-10,1,2015-09-13,2023-01-01,True,13_Merchandise,gas_station,0,2.0,book_fair,0.5
13,Merchandise,2023-09-04,5,2015-09-13,2023-01-01,True,13_Merchandise,gas_station,0,2.0,concert,2.5
13,Merchandise,2023-11-20,2,2015-09-13,2023-01-01,True,13_Merchandise,gas_station,0,2.0,food_festival,1.0
13,Merchandise,2023-12-04,3,2015-09-13,2023-01-01,True,13_Merchandise,gas_station,0,2.0,sports,1.5
13,Merchandise,2024-02-26,0,2015-09-13,2023-01-01,True,13_Merchandise,gas_station,0,3.0,convention,0.25
13,Merchandise,2024-04-15,8,2015-09-13,2023-01-01,True,13_Merchandise,gas_station,0,2.0,convention,3.0
13,Merchandise,2024-06-17,7,2015-09-13,2023-01-01,True,13_Merchandise,gas_station,0,2.0,market,3.0
13,Merchandise,2023-03-14,3,2015-09-13,2023-01-01,True,13_Merchandise,gas_station,1,2.5,market,1.2
13,Merchandise,2023-03-28,3,2015-09-13,2023-01-01,True,13_Merchandise,gas_station,1,2.5,convention,1.2
13,Merchandise,2023-06-06,1,2015-09-13,2023-01-01,True,13_Merchandise,gas_station,1,3.0,convention,0.3333333333333333
13,Merchandise,2023-09-26,5,2015-09-13,2023-01-01,True,13_Merchandise,gas_station,1,3.0,food_festival,1.6666666666666667
13,Merchandise,2023-09-26,5,2015-09-13,2023-01-01,True,13_Merchandise,gas_station,1,3.0,cultural,1.6666666666666667
13,Merchandise,2023-11-14,3,2015-09-13,2023-01-01,True,13_Merchandise,gas_station,1,3.0,sports,1.0
13,Merchandise,2023-12-26,5,2015-09-13,2023-01-01,True,13_Merchandise,gas_station,1,3.0,market,1.6666666666666667
13,Merchandise,2024-02-13,4,2015-09-13,2023-01-01,True,13_Merchandise,gas_station,1,3.0,market,1.3333333333333333
13,Merchandise,2024-02-27,0,2015-09-13,2023-01-01,True,13_Merchandise,gas_station,1,3.0,book_fair,0.25
13,Merchandise,2024-03-26,1,2015-09-13,2023-01-01,True,13_Merchandise,gas_station,1,3.0,cultural,0.3333333333333333
13,Merchandise,2024-04-23,4,2015-09-13,2023-01-01,True,13_Merchandise,gas_station,1,3.0,market,1.3333333333333333
13,Merchandise,2024-06-04,5,2015-09-13,2023-01-01,True,13_Merchandise,gas_station,1,3.0,market,1.6666666666666667
13,Merchandise,2024-09-03,1,2015-09-13,2023-01-01,True,13_Merchandise,gas_station,1,3.0,food_festival,0.3333333333333333
13,Merchandise,2024-09-03,1,2015-09-13,2023-01-01,True,13_Merchandise,gas_station,1,3.0,book_fair,0.3333333333333333
13,Merchandise,2023-01-25,2,2015-09-13,2023-01-01,True,13_Merchandise,gas_station,2,3.0,convention,0.6666666666666666
13,Merchandise,2023-02-01,2,2015-09-13,2023-01-01,True,13_Merchandise,gas_station,2,3.0,food_festival,0.6666666666666666
13,Merchandise,2023-02-01,2,2015-09-13,2023-01-01,True,13_Merchandise,gas_station,2,3.0,concert,0.6666666666666666
13,Merchandise,2023-04-19,3,2015-09-13,2023-01-01,True,13_Merchandise,gas_station,2,2.0,book_fair,1.5
13,Merchandise,2023-08-09,0,2015-09-13,2023-01-01,True,13_Merchandise,gas_station,2,2.0,book_fair,0.25
13,Merchandise,2024-02-28,2,2015-09-13,2023-01-01,True,13_Merchandise,gas_station,2,2.0,market,1.0
13,Merchandise,2024-06-05,2,2015-09-13,2023-01-01,True,13_Merchandise,gas_station,2,2.0,convention,1.0
13,Merchandise,2024-08-14,5,2015-09-13,2023-01-01,True,13_Merchandise,gas_station,2,2.0,music_festival,2.5
13,Merchandise,2023-04-20,8,2015-09-13,2023-01-01,True,13_Merchandise,gas_station,3,2.0,sports,3.0
13,Merchandise,2023-06-29,4,2015-09-13,2023-01-01,True,13_Merchandise,gas_station,3,2.0,book_fair,2.0
13,Merchandise,2023-09-28,1,2015-09-13,2023-01-01,True,13_Merchandise,gas_station,3,2.0,market,0.5
13,Merchandise,2023-11-30,8,2015-09-13,2023-01-01,True,13_Merchandise,gas_station,3,2.0,sports,3.0
13,Merchandise,2023-11-30,8,2015-09-13,2023-01-01,True,13_Merchandise,gas_station,3,2.0,food_festival,3.0
13,Merchandise,2024-01-18,4,2015-09-13,2023-01-01,True,13_Merchandise,gas_station,3,2.5,convention,1.6
13,Merchandise,2024-02-22,1,2015-09-13,2023-01-01,True,13_Merchandise,gas_station,3,3.0,market,0.3333333333333333
13,Merchandise,2024-09-05,6,2015-09-13,2023-01-01,True,13_Merchandise,gas_station,3,3.0,concert,2.0
13,Merchandise,2024-09-26,3,2015-09-13,2023-01-01,True,13_Merchandise,gas_station,3,3.0,book_fair,1.0
13,Merchandise,2023-01-20,2,2015-09-13,2023-01-01,True,13_Merchandise,gas_station,4,3.0,market,0.6666666666666666
13,Merchandise,2023-03-17,4,2015-09-13,2023-01-01,True,13_Merchandise,gas_station,4,2.0,food_festival,2.0
13,Merchandise,2023-04-14,5,2015-09-13,2023-01-01,True,13_Merchandise,gas_station,4,2.0,convention,2.5
13,Merchandise,2023-08-18,8,2015-09-13,2023-01-01,True,13_Merchandise,gas_station,4,3.0,convention,2.6666666666666665
13,Merchandise,2023-10-20,1,2015-09-13,2023-01-01,True,13_Merchandise,gas_station,4,3.0,cultural,0.3333333333333333
13,Merchandise,2023-10-27,3,2015-09-13,2023-01-01,True,13_Merchandise,gas_station,4,2.5,book_fair,1.2
13,Merchandise,2024-08-23,5,2015-09-13,2023-01-01,True,13_Merchandise,gas_station,4,3.0,sports,1.6666666666666667
13,Merchandise,2024-08-30,1,2015-09-13,2023-01-01,True,13_Merchandise,gas_station,4,3.0,concert,0.3333333333333333
13,Merchandise,2024-09-06,3,2015-09-13,2023-01-01,True,13_Merchandise,gas_station,4,3.0,sports,1.0
13,Merchandise,2024-09-20,7,2015-09-13,2023-01-01,True,13_Merchandise,gas_station,4,3.0,concert,2.3333333333333335
13,Merchandise,2024-10-11,2,2015-09-13,2023-01-01,True,13_Merchandise,gas_station,4,3.0,convention,0.6666666666666666
13,Merchandise,2023-06-03,1,2015-09-13,2023-01-01,True,13_Merchandise,gas_station,5,3.0,book_fair,0.3333333333333333
13,Merchandise,2023-07-01,3,2015-09-13,2023-01-01,True,13_Merchandise,gas_station,5,3.0,concert,1.0
13,Merchandise,2023-07-08,6,2015-09-13,2023-01-01,True,13_Merchandise,gas_station,5,3.0,market,2.0
13,Merchandise,2024-06-29,1,2015-09-13,2023-01-01,True,13_Merchandise,gas_station,5,3.0,sports,0.3333333333333333
13,Merchandise,2024-07-06,6,2015-09-13,2023-01-01,True,13_Merchandise,gas_station,5,3.0,cultural,2.0
13,Merchandise,2024-07-13,5,2015-09-13,2023-01-01,True,13_Merchandise,gas_station,5,3.0,food_festival,1.6666666666666667
13,Merchandise,2024-08-31,10,2015-09-13,2023-01-01,True,13_Merchandise,gas_station,5,4.0,market,2.5
13,Merchandise,2024-09-28,6,2015-09-13,2023-01-01,True,13_Merchandise,gas_station,5,4.0,cultural,1.5
13,Merchandise,2023-01-08,8,2015-09-13,2023-01-01,True,13_Merchandise,gas_station,6,3.0,sports,2.6666666666666665
13,Merchandise,2023-05-07,1,2015-09-13,2023-01-01,True,13_Merchandise,gas_station,6,4.0,market,0.25
13,Merchandise,2023-07-30,1,2015-09-13,2023-01-01,True,13_Merchandise,gas_station,6,3.0,convention,0.3333333333333333
13,Merchandise,2023-09-03,4,2015-09-13,2023-01-01,True,13_Merchandise,gas_station,6,2.0,sports,2.0
13,Merchandise,2024-02-18,10,2015-09-13,2023-01-01,True,13_Merchandise,gas_station,6,2.0,cultural,3.0
13,Merchandise,2024-10-27,6,2015-09-13,2023-01-01,True,13_Merchandise,gas_station,6,3.0,market,2.0
13,Savory Bakery,2023-01-30,13,2015-09-13,2023-01-01,True,13_Savory-Bakery,gas_station,0,6.0,book_fair,2.1666666666666665
13,Savory Bakery,2023-02-20,10,2015-09-13,2023-01-01,True,13_Savory-Bakery,gas_station,0,7.0,convention,1.4285714285714286
13,Savory Bakery,2023-04-24,17,2015-09-13,2023-01-01,True,13_Savory-Bakery,gas_station,0,10.0,cultural,1.7
13,Savory Bakery,2023-05-15,15,2015-09-13,2023-01-01,True,13_Savory-Bakery,gas_station,0,10.0,sports,1.5
13,Savory Bakery,2023-07-10,6,2015-09-13,2023-01-01,True,13_Savory-Bakery,gas_station,0,10.0,book_fair,0.6
13,Savory Bakery,2023-09-04,12,2015-09-13,2023-01-01,True,13_Savory-Bakery,gas_station,0,9.0,concert,1.3333333333333333
13,Savory Bakery,2023-11-20,20,2015-09-13,2023-01-01,True,13_Savory-Bakery,gas_station,0,10.5,food_festival,1.9047619047619047
13,Savory Bakery,2023-12-04,13,2015-09-13,2023-01-01,True,13_Savory-Bakery,gas_station,0,11.5,sports,1.1304347826086956
13,Savory Bakery,2024-02-26,6,2015-09-13,2023-01-01,True,13_Savory-Bakery,gas_station,0,12.0,convention,0.5
13,Savory Bakery,2024-04-15,27,2015-09-13,2023-01-01,True,13_Savory-Bakery,gas_station,0,12.0,convention,2.25
13,Savory Bakery,2024-06-17,13,2015-09-13,2023-01-01,True,13_Savory-Bakery,gas_station,0,12.0,market,1.0833333333333333
13,Savory Bakery,2023-03-14,14,2015-09-13,2023-01-01,True,13_Savory-Bakery,gas_station,1,7.5,market,1.8666666666666667
13,Savory Bakery,2023-03-28,12,2015-09-13,2023-01-01,True,13_Savory-Bakery,gas_station,1,8.0,convention,1.5
13,Savory Bakery,2023-06-06,16,2015-09-13,2023-01-01,True,13_Savory-Bakery,gas_station,1,11.0,convention,1.4545454545454546
13,Savory Bakery,2023-09-26,14,2015-09-13,2023-01-01,True,13_Savory-Bakery,gas_station,1,10.0,food_festival,1.4
13,Savory Bakery,2023-09-26,14,2015-09-13,2023-01-01,True,13_Savory-Bakery,gas_station,1,10.0,cultural,1.4
13,Savory Bakery,2023-11-14,10,2015-09-13,2023-01-01,True,13_Savory-Bakery,gas_station,1,11.0,sports,0.9090909090909091
13,Savory Bakery,2023-12-26,21,2015-09-13,2023-01-01,True,13_Savory-Bakery,gas_station,1,11.0,market,1.9090909090909092
13,Savory Bakery,2024-02-13,17,2015-09-13,2023-01-01,True,13_Savory-Bakery,gas_station,1,11.0,market,1.5454545454545454
13,Savory Bakery,2024-02-27,9,2015-09-13,2023-01-01,True,13_Savory-Bakery,gas_station,1,11.0,book_fair,0.8181818181818182
13,Savory Bakery,2024-03-26,15,2015-09-13,2023-01-01,True,13_Savory-Bakery,gas_station,1,11.0,cultural,1.3636363636363635
13,Savory Bakery,2024-04-23,27,2015-09-13,2023-01-01,True,13_Savory-Bakery,gas_station,1,11.0,market,2.4545454545454546
13,Savory Bakery,2024-06-04,15,2015-09-13,2023-01-01,True,13_Savory-Bakery,gas_station,1,11.5,market,1.3043478260869565
13,Savory Bakery,2024-09-03,25,2015-09-13,2023-01-01,True,13_Savory-Bakery,gas_station,1,12.0,food_festival,2.0833333333333335
13,Savory Bakery,2024-09-03,25,2015-09-13,2023-01-01,True,13_Savory-Bakery,gas_station,1,12.0,book_fair,2.0833333333333335
13,Savory Bakery,2023-01-25,9,2015-09-13,2023-01-01,True,13_Savory-Bakery,gas_station,2,11.0,convention,0.8181818181818182
13,Savory Bakery,2023-02-01,32,2015-09-13,2023-01-01,True,13_Savory-Bakery,gas_station,2,10.5,food_festival,3.0
13,Savory Bakery,2023-02-01,32,2015-09-13,2023-01-01,True,13_Savory-Bakery,gas_station,2,10.5,concert,3.0
13,Savory Bakery,2023-04-19,13,2015-09-13,2023-01-01,True,13_Savory-Bakery,gas_station,2,12.0,book_fair,1.0833333333333333
13,Savory Bakery,2023-08-09,1,2015-09-13,2023-01-01,True,13_Savory-Bakery,gas_station,2,12.0,book_fair,0.25
13,Savory Bakery,2024-02-28,12,2015-09-13,2023-01-01,True,13_Savory-Bakery,gas_station,2,12.0,market,1.0
13,Savory Bakery,2024-06-05,7,2015-09-13,2023-01-01,True,13_Savory-Bakery,gas_station,2,12.0,convention,0.5833333333333334
13,Savory Bakery,2024-08-14,24,2015-09-13,2023-01-01,True,13_Savory-Bakery,gas_station,2,12.0,music_festival,2.0
13,Savory Bakery,2023-04-20,25,2015-09-13,2023-01-01,True,13_Savory-Bakery,gas_station,3,12.0,sports,2.0833333333333335
13,Savory Bakery,2023-06-29,10,2015-09-13,2023-01-01,True,13_Savory-Bakery,gas_station,3,12.0,book_fair,0.8333333333333334
13,Savory Bakery,2023-09-28,8,2015-09-13,2023-01-01,True,13_Savory-Bakery,gas_station,3,12.0,market,0.6666666666666666
13,Savory Bakery,2023-11-30,32,2015-09-13,2023-01-01,True,13_Savory-Bakery,gas_station,3,12.0,sports,2.6666666666666665
13,Savory Bakery,2023-11-30,32,2015-09-13,2023-01-01,True,13_Savory-Bakery,gas_station,3,12.0,food_festival,2.6666666666666665
13,Savory Bakery,2024-01-18,9,2015-09-13,2023-01-01,True,13_Savory-Bakery,gas_station,3,12.0,convention,0.75
13,Savory Bakery,2024-02-22,7,2015-09-13,2023-01-01,True,13_Savory-Bakery,gas_station,3,12.0,market,0.5833333333333334
13,Savory Bakery,2024-09-05,14,2015-09-13,2023-01-01,True,13_Savory-Bakery,gas_station,3,11.0,concert,1.2727272727272727
13,Savory Bakery,2024-09-26,12,2015-09-13,2023-01-01,True,13_Savory-Bakery,gas_station,3,11.0,book_fair,1.0909090909090908
13,Savory Bakery,2023-01-20,16,2015-09-13,2023-01-01,True,13_Savory-Bakery,gas_station,4,11.0,market,1.4545454545454546
13,Savory Bakery,2023-03-17,28,2015-09-13,2023-01-01,True,13_Savory-Bakery,gas_station,4,14.0,food_festival,2.0
13,Savory Bakery,2023-04-14,18,2015-09-13,2023-01-01,True,13_Savory-Bakery,gas_station,4,14.5,convention,1.2413793103448276
13,Savory Bakery,2023-08-18,13,2015-09-13,2023-01-01,True,13_Savory-Bakery,gas_station,4,14.0,convention,0.9285714285714286
13,Savory Bakery,2023-10-20,10,2015-09-13,2023-01-01,True,13_Savory-Bakery,gas_station,4,12.0,cultural,0.8333333333333334
13,Savory Bakery,2023-10-27,20,2015-09-13,2023-01-01,True,13_Savory-Bakery,gas_station,4,12.0,book_fair,1.6666666666666667
13,Savory Bakery,2024-08-23,5,2015-09-13,2023-01-01,True,13_Savory-Bakery,gas_station,4,12.0,sports,0.4166666666666667
13,Savory Bakery,2024-08-30,15,2015-09-13,2023-01-01,True,13_Savory-Bakery,gas_station,4,12.0,concert,1.25
13,Savory Bakery,2024-09-06,10,2015-09-13,2023-01-01,True,13_Savory-Bakery,gas_station,4,12.0,sports,0.8333333333333334
13,Savory Bakery,2024-09-20,18,2015-09-13,2023-01-01,True,13_Savory-Bakery,gas_station,4,12.0,concert,1.5
13,Savory Bakery,2024-10-11,10,2015-09-13,2023-01-01,True,13_Savory-Bakery,gas_station,4,12.0,convention,0.8333333333333334
13,Savory Bakery,2023-06-03,10,2015-09-13,2023-01-01,True,13_Savory-Bakery,gas_station,5,11.0,book_fair,0.9090909090909091
13,Savory Bakery,2023-07-01,22,2015-09-13,2023-01-01,True,13_Savory-Bakery,gas_station,5,11.0,concert,2.0
13,Savory Bakery,2023-07-08,13,2015-09-13,2023-01-01,True,13_Savory-Bakery,gas_station,5,11.0,market,1.1818181818181819
13,Savory Bakery,2024-06-29,7,2015-09-13,2023-01-01,True,13_Savory-Bakery,gas_station,5,13.0,sports,0.5384615384615384
13,Savory Bakery,2024-07-06,19,2015-09-13,2023-01-01,True,13_Savory-Bakery,gas_station,5,13.0,cultural,1.4615384615384615
13,Savory Bakery,2024-07-13,33,2015-09-13,2023-01-01,True,13_Savory-Bakery,gas_station,5,13.0,food_festival,2.5384615384615383
13,Savory Bakery,2024-08-31,20,2015-09-13,2023-01-01,True,13_Savory-Bakery,gas_station,5,13.0,market,1.5384615384615385
13,Savory Bakery,2024-09-28,19,2015-09-13,2023-01-01,True,13_Savory-Bakery,gas_station,5,13.0,cultural,1.4615384615384615
13,Savory Bakery,2023-01-08,9,2015-09-13,2023-01-01,True,13_Savory-Bakery,gas_station,6,12.0,sports,0.75
13,Savory Bakery,2023-05-07,7,2015-09-13,2023-01-01,True,13_Savory-Bakery,gas_station,6,13.5,market,0.5185185185185185
13,Savory Bakery,2023-07-30,16,2015-09-13,2023-01-01,True,13_Savory-Bakery,gas_station,6,13.0,convention,1.2307692307692308
13,Savory Bakery,2023-09-03,16,2015-09-13,2023-01-01,True,13_Savory-Bakery,gas_station,6,13.0,sports,1.2307692307692308
13,Savory Bakery,2024-02-18,20,2015-09-13,2023-01-01,True,13_Savory-Bakery,gas_station,6,13.0,cultural,1.5384615384615385
13,Savory Bakery,2024-10-27,12,2015-09-13,2023-01-01,True,13_Savory-Bakery,gas_station,6,13.0,market,0.9230769230769231
13,Tea,2023-01-30,12,2015-09-13,2023-01-01,True,13_Tea,gas_station,0,16.0,book_fair,0.75
13,Tea,2023-02-20,10,2015-09-13,2023-01-01,True,13_Tea,gas_station,0,14.0,convention,0.7142857142857143
13,Tea,2023-04-24,33,2015-09-13,2023-01-01,True,13_Tea,gas_station,0,14.0,cultural,2.357142857142857
13,Tea,2023-05-15,41,2015-09-13,2023-01-01,True,13_Tea,gas_station,0,18.0,sports,2.2777777777777777
13,Tea,2023-07-10,9,2015-09-13,2023-01-01,True,13_Tea,gas_station,0,18.0,book_fair,0.5
13,Tea,2023-09-04,17,2015-09-13,2023-01-01,True,13_Tea,gas_station,0,18.0,concert,0.9444444444444444
13,Tea,2023-11-20,36,2015-09-13,2023-01-01,True,13_Tea,gas_station,0,18.0,food_festival,2.0
13,Tea,2023-12-04,17,2015-09-13,2023-01-01,True,13_Tea,gas_station,0,18.0,sports,0.9444444444444444
13,Tea,2024-02-26,18,2015-09-13,2023-01-01,True,13_Tea,gas_station,0,18.0,convention,1.0
13,Tea,2024-04-15,33,2015-09-13,2023-01-01,True,13_Tea,gas_station,0,18.0,convention,1.8333333333333333
13,Tea,2024-06-17,35,2015-09-13,2023-01-01,True,13_Tea,gas_station,0,18.0,market,1.9444444444444444
13,Tea,2023-03-14,28,2015-09-13,2023-01-01,True,13_Tea,gas_station,1,18.0,market,1.5555555555555556
13,Tea,2023-03-28,20,2015-09-13,2023-01-01,True,13_Tea,gas_station,1,18.0,convention,1.1111111111111112
13,Tea,2023-06-06,25,2015-09-13,2023-01-01,True,13_Tea,gas_station,1,19.0,convention,1.3157894736842106
13,Tea,2023-09-26,24,2015-09-13,2023-01-01,True,13_Tea,gas_station,1,19.0,food_festival,1.263157894736842
13,Tea,2023-09-26,24,2015-09-13,2023-01-01,True,13_Tea,gas_station,1,19.0,cultural,1.263157894736842
13,Tea,2023-11-14,23,2015-09-13,2023-01-01,True,13_Tea,gas_station,1,18.0,sports,1.2777777777777777
13,Tea,2023-12-26,22,2015-09-13,2023-01-01,True,13_Tea,gas_station,1,19.0,market,1.1578947368421053
13,Tea,2024-02-13,23,2015-09-13,2023-01-01,True,13_Tea,gas_station,1,19.0,market,1.2105263157894737
13,Tea,2024-02-27,11,2015-09-13,2023-01-01,True,13_Tea,gas_station,1,19.0,book_fair,0.5789473684210527
13,Tea,2024-03-26,11,2015-09-13,2023-01-01,True,13_Tea,gas_station,1,19.0,cultural,0.5789473684210527
13,Tea,2024-04-23,39,2015-09-13,2023-01-01,True,13_Tea,gas_station,1,19.0,market,2.0526315789473686
13,Tea,2024-06-04,24,2015-09-13,2023-01-01,True,13_Tea,gas_station,1,19.0,market,1.263157894736842
13,Tea,2024-09-03,10,2015-09-13,2023-01-01,True,13_Tea,gas_station,1,19.0,food_festival,0.5263157894736842
13,Tea,2024-09-03,10,2015-09-13,2023-01-01,True,13_Tea,gas_station,1,19.0,book_fair,0.5263157894736842
13,Tea,2023-01-25,17,2015-09-13,2023-01-01,True,13_Tea,gas_station,2,17.0,convention,1.0
13,Tea,2023-02-01,44,2015-09-13,2023-01-01,True,13_Tea,gas_station,2,17.0,food_festival,2.588235294117647
13,Tea,2023-02-01,44,2015-09-13,2023-01-01,True,13_Tea,gas_station,2,17.0,concert,2.588235294117647
13,Tea,2023-04-19,18,2015-09-13,2023-01-01,True,13_Tea,gas_station,2,17.0,book_fair,1.0588235294117647
13,Tea,2023-08-09,13,2015-09-13,2023-01-01,True,13_Tea,gas_station,2,16.0,book_fair,0.8125
13,Tea,2024-02-28,11,2015-09-13,2023-01-01,True,13_Tea,gas_station,2,15.0,market,0.7333333333333333
13,Tea,2024-06-05,7,2015-09-13,2023-01-01,True,13_Tea,gas_station,2,16.0,convention,0.4375
13,Tea,2024-08-14,33,2015-09-13,2023-01-01,True,13_Tea,gas_station,2,16.0,music_festival,2.0625
13,Tea,2023-04-20,41,2015-09-13,2023-01-01,True,13_Tea,gas_station,3,18.0,sports,2.2777777777777777
13,Tea,2023-06-29,21,2015-09-13,2023-01-01,True,13_Tea,gas_station,3,18.0,book_fair,1.1666666666666667
13,Tea,2023-09-28,22,2015-09-13,2023-01-01,True,13_Tea,gas_station,3,16.5,market,1.3333333333333333
13,Tea,2023-11-30,49,2015-09-13,2023-01-01,True,13_Tea,gas_station,3,18.0,sports,2.7222222222222223
13,Tea,2023-11-30,49,2015-09-13,2023-01-01,True,13_Tea,gas_station,3,18.0,food_festival,2.7222222222222223
13,Tea,2024-01-18,22,2015-09-13,2023-01-01,True,13_Tea,gas_station,3,18.5,convention,1.1891891891891893
13,Tea,2024-02-22,21,2015-09-13,2023-01-01,True,13_Tea,gas_station,3,19.0,market,1.105263157894737
13,Tea,2024-09-05,20,2015-09-13,2023-01-01,True,13_Tea,gas_station,3,19.0,concert,1.0526315789473684
13,Tea,2024-09-26,20,2015-09-13,2023-01-01,True,13_Tea,gas_station,3,19.0,book_fair,1.0526315789473684
13,Tea,2023-01-20,18,2015-09-13,2023-01-01,True,13_Tea,gas_station,4,20.0,market,0.9
13,Tea,2023-03-17,30,2015-09-13,2023-01-01,True,13_Tea,gas_station,4,18.5,food_festival,1.6216216216216217
13,Tea,2023-04-14,22,2015-09-13,2023-01-01,True,13_Tea,gas_station,4,19.5,convention,1.1282051282051282
13,Tea,2023-08-18,24,2015-09-13,2023-01-01,True,13_Tea,gas_station,4,18.5,convention,1.2972972972972974
13,Tea,2023-10-20,17,2015-09-13,2023-01-01,True,13_Tea,gas_station,4,18.0,cultural,0.9444444444444444
13,Tea,2023-10-27,18,2015-09-13,2023-01-01,True,13_Tea,gas_station,4,18.0,book_fair,1.0
13,Tea,2024-08-23,23,2015-09-13,2023-01-01,True,13_Tea,gas_station,4,18.0,sports,1.2777777777777777
13,Tea,2024-08-30,17,2015-09-13,2023-01-01,True,13_Tea,gas_station,4,18.0,concert,0.9444444444444444
13,Tea,2024-09-06,28,2015-09-13,2023-01-01,True,13_Tea,gas_station,4,18.0,sports,1.5555555555555556
13,Tea,2024-09-20,26,2015-09-13,2023-01-01,True,13_Tea,gas_station,4,18.0,concert,1.4444444444444444
13,Tea,2024-10-11,18,2015-09-13,2023-01-01,True,13_Tea,gas_station,4,18.0,convention,1.0
13,Tea,2023-06-03,11,2015-09-13,2023-01-01,True,13_Tea,gas_station,5,19.0,book_fair,0.5789473684210527
13,Tea,2023-07-01,20,2015-09-13,2023-01-01,True,13_Tea,gas_station,5,19.0,concert,1.0526315789473684
13,Tea,2023-07-08,27,2015-09-13,2023-01-01,True,13_Tea,gas_station,5,19.0,market,1.4210526315789473
13,Tea,2024-06-29,22,2015-09-13,2023-01-01,True,13_Tea,gas_station,5,19.0,sports,1.1578947368421053
13,Tea,2024-07-06,21,2015-09-13,2023-01-01,True,13_Tea,gas_station,5,19.0,cultural,1.105263157894737
13,Tea,2024-07-13,25,2015-09-13,2023-01-01,True,13_Tea,gas_station,5,19.0,food_festival,1.3157894736842106
13,Tea,2024-08-31,39,2015-09-13,2023-01-01,True,13_Tea,gas_station,5,19.5,market,2.0
13,Tea,2024-09-28,35,2015-09-13,2023-01-01,True,13_Tea,gas_station,5,19.5,cultural,1.794871794871795
13,Tea,2023-01-08,23,2015-09-13,2023-01-01,True,13_Tea,gas_station,6,20.0,sports,1.15
13,Tea,2023-05-07,25,2015-09-13,2023-01-01,True,13_Tea,gas_station,6,23.0,market,1.0869565217391304
13,Tea,2023-07-30,19,2015-09-13,2023-01-01,True,13_Tea,gas_station,6,21.0,convention,0.9047619047619048
13,Tea,2023-09-03,21,2015-09-13,2023-01-01,True,13_Tea,gas_station,6,21.0,sports,1.0
13,Tea,2024-02-18,22,2015-09-13,2023-01-01,True,13_Tea,gas_station,6,19.0,cultural,1.1578947368421053
13,Tea,2024-10-27,46,2015-09-13,2023-01-01,True,13_Tea,gas_station,6,19.0,market,2.4210526315789473
14,Bakery,2023-02-27,50,2019-02-11,2023-01-01,True,14_Bakery,university,0,48.5,convention,1.0309278350515463
14,Bakery,2023-05-08,45,2019-02-11,2023-01-01,True,14_Bakery,university,0,46.5,cultural,0.967741935483871
14,Bakery,2023-05-22,74,2019-02-11,2023-01-01,True,14_Bakery,university,0,46.5,market,1.5913978494623655
14,Bakery,2023-07-03,102,2019-02-11,2023-01-01,True,14_Bakery,university,0,46.5,sports,2.193548387096774
14,Bakery,2023-07-03,102,2019-02-11,2023-01-01,True,14_Bakery,university,0,46.5,market,2.193548387096774
14,Bakery,2023-10-30,76,2019-02-11,2023-01-01,True,14_Bakery,university,0,45.0,concert,1.6888888888888889
14,Bakery,2023-12-04,82,2019-02-11,2023-01-01,True,14_Bakery,university,0,45.0,convention,1.8222222222222222
14,Bakery,2023-12-25,60,2019-02-11,2023-01-01,True,14_Bakery,university,0,46.0,book_fair,1.3043478260869565
14,Bakery,2024-01-08,103,2019-02-11,2023-01-01,True,14_Bakery,university,0,47.0,food_festival,2.1914893617021276
14,Bakery,2024-07-29,43,2019-02-11,2023-01-01,True,14_Bakery,university,0,45.0,book_fair,0.9555555555555556
14,Bakery,2023-04-04,69,2019-02-11,2023-01-01,True,14_Bakery,university,1,48.0,convention,1.4375
14,Bakery,2023-06-06,73,2019-02-11,2023-01-01,True,14_Bakery,university,1,48.5,cultural,1.5051546391752577
14,Bakery,2023-06-06,73,2019-02-11,2023-01-01,True,14_Bakery,university,1,48.5,cultural,1.5051546391752577
14,Bakery,2023-06-20,55,2019-02-11,2023-01-01,True,14_Bakery,university,1,48.5,sports,1.134020618556701
14,Bakery,2023-06-27,60,2019-02-11,2023-01-01,True,14_Bakery,university,1,49.0,convention,1.2244897959183674
14,Bakery,2023-09-05,59,2019-02-11,2023-01-01,True,14_Bakery,university,1,46.0,cultural,1.2826086956521738
14,Bakery,2024-06-25,89,2019-02-11,2023-01-01,True,14_Bakery,university,1,47.0,music_festival,1.8936170212765957
14,Bakery,2024-07-09,42,2019-02-11,2023-01-01,True,14_Bakery,university,1,48.0,music_festival,0.875
14,Bakery,2024-08-06,46,2019-02-11,2023-01-01,True,14_Bakery,university,1,46.0,food_festival,1.0
14,Bakery,2023-03-01,66,2019-02-11,2023-01-01,True,14_Bakery,university,2,43.5,convention,1.5172413793103448
14,Bakery,2023-06-28,55,2019-02-11,2023-01-01,True,14_Bakery,university,2,44.0,market,1.25
14,Bakery,2024-03-27,126,2019-02-11,2023-01-01,True,14_Bakery,university,2,43.5,food_festival,2.896551724137931
14,Bakery,2024-06-26,71,2019-02-11,2023-01-01,True,14_Bakery,university,2,44.0,food_festival,1.6136363636363635
14,Bakery,2023-03-23,105,2019-02-11,2023-01-01,True,14_Bakery,university,3,49.0,book_fair,2.142857142857143
14,Bakery,2023-07-13,52,2019-02-11,2023-01-01,True,14_Bakery,university,3,48.0,sports,1.0833333333333333
14,Bakery,2023-08-10,72,2019-02-11,2023-01-01,True,14_Bakery,university,3,48.0,market,1.5
14,Bakery,2023-10-12,96,2019-02-11,2023-01-01,True,14_Bakery,university,3,47.5,food_festival,2.0210526315789474
14,Bakery,2024-01-11,83,2019-02-11,2023-01-01,True,14_Bakery,university,3,47.0,market,1.7659574468085106
14,Bakery,2024-03-14,64,2019-02-11,2023-01-01,True,14_Bakery,university,3,47.0,cultural,1.3617021276595744
14,Bakery,2024-03-28,106,2019-02-11,2023-01-01,True,14_Bakery,university,3,47.5,food_festival,2.231578947368421
14,Bakery,2024-06-20,71,2019-02-11,2023-01-01,True,14_Bakery,university,3,48.5,concert,1.4639175257731958
14,Bakery,2023-07-28,68,2019-02-11,2023-01-01,True,14_Bakery,university,4,42.0,market,1.619047619047619
14,Bakery,2023-08-04,53,2019-02-11,2023-01-01,True,14_Bakery,university,4,42.0,market,1.2619047619047619
14,Bakery,2023-08-11,85,2019-02-11,2023-01-01,True,14_Bakery,university,4,42.0,market,2.0238095238095237
14,Bakery,2023-08-18,38,2019-02-11,2023-01-01,True,14_Bakery,university,4,42.5,convention,0.8941176470588236
14,Bakery,2023-09-01,99,2019-02-11,2023-01-01,True,14_Bakery,university,4,42.0,concert,2.357142857142857
14,Bakery,2024-04-05,141,2019-02-11,2023-01-01,True,14_Bakery,university,4,43.0,concert,3.0
14,Bakery,2024-09-13,57,2019-02-11,2023-01-01,True,14_Bakery,university,4,42.0,convention,1.3571428571428572
14,Bakery,2023-01-28,51,2019-02-11,2023-01-01,True,14_Bakery,university,5,32.0,food_festival,1.59375
14,Bakery,2023-03-11,41,2019-02-11,2023-01-01,True,14_Bakery,university,5,23.0,convention,1.7826086956521738
14,Bakery,2023-04-29,53,2019-02-11,2023-01-01,True,14_Bakery,university,5,25.5,food_festival,2.0784313725490198
14,Bakery,2023-06-24,30,2019-02-11,2023-01-01,True,14_Bakery,university,5,22.0,music_festival,1.3636363636363635
14,Bakery,2023-09-02,32,2019-02-11,2023-01-01,True,14_Bakery,university,5,21.0,sports,1.5238095238095237
14,Bakery,2023-11-11,55,2019-02-11,2023-01-01,True,14_Bakery,university,5,21.5,music_festival,2.558139534883721
14,Bakery,2023-12-30,37,2019-02-11,2023-01-01,True,14_Bakery,university,5,21.0,market,1.7619047619047619
14,Bakery,2024-01-06,18,2019-02-11,2023-01-01,True,14_Bakery,university,5,21.5,sports,0.8372093023255814
14,Bakery,2024-02-24,39,2019-02-11,2023-01-01,True,14_Bakery,university,5,21.0,music_festival,1.8571428571428572
14,Bakery,2024-03-09,41,2019-02-11,2023-01-01,True,14_Bakery,university,5,21.0,music_festival,1.9523809523809523
14,Bakery,2024-08-10,24,2019-02-11,2023-01-01,True,14_Bakery,university,5,23.0,market,1.0434782608695652
14,Bakery,2023-04-09,38,2019-02-11,2023-01-01,True,14_Bakery,university,6,16.5,convention,2.303030303030303
14,Bakery,2023-07-23,29,2019-02-11,2023-01-01,True,14_Bakery,university,6,21.0,food_festival,1.380952380952381
14,Bakery,2023-09-17,23,2019-02-11,2023-01-01,True,14_Bakery,university,6,21.0,sports,1.0952380952380953
14,Bakery,2023-12-24,57,2019-02-11,2023-01-01,True,14_Bakery,university,6,22.0,music_festival,2.590909090909091
14,Bakery,2024-02-18,40,2019-02-11,2023-01-01,True,14_Bakery,university,6,22.0,cultural,1.8181818181818181
14,Bakery,2024-06-09,16,2019-02-11,2023-01-01,True,14_Bakery,university,6,22.0,market,0.7272727272727273
14,Bakery,2024-07-14,12,2019-02-11,2023-01-01,True,14_Bakery,university,6,22.0,market,0.5454545454545454
14,Bakery,2024-10-06,25,2019-02-11,2023-01-01,True,14_Bakery,university,6,21.5,market,1.1627906976744187
14,Chocolate & Milk,2023-02-27,30,2019-02-11,2023-01-01,True,14_Chocolate-Milk,university,0,28.0,convention,1.0714285714285714
14,Chocolate & Milk,2023-05-08,19,2019-02-11,2023-01-01,True,14_Chocolate-Milk,university,0,28.5,cultural,0.6666666666666666
14,Chocolate & Milk,2023-05-22,48,2019-02-11,2023-01-01,True,14_Chocolate-Milk,university,0,27.5,market,1.7454545454545454
14,Chocolate & Milk,2023-07-03,51,2019-02-11,2023-01-01,True,14_Chocolate-Milk,university,0,25.0,sports,2.04
14,Chocolate & Milk,2023-07-03,51,2019-02-11,2023-01-01,True,14_Chocolate-Milk,university,0,25.0,market,2.04
14,Chocolate & Milk,2023-10-30,49,2019-02-11,2023-01-01,True,14_Chocolate-Milk,university,0,25.0,concert,1.96
14,Chocolate & Milk,2023-12-04,44,2019-02-11,2023-01-01,True,14_Chocolate-Milk,university,0,25.0,convention,1.76
14,Chocolate & Milk,2023-12-25,41,2019-02-11,2023-01-01,True,14_Chocolate-Milk,university,0,25.0,book_fair,1.64
14,Chocolate & Milk,2024-01-08,56,2019-02-11,2023-01-01,True,14_Chocolate-Milk,university,0,25.0,food_festival,2.24
14,Chocolate & Milk,2024-07-29,20,2019-02-11,2023-01-01,True,14_Chocolate-Milk,university,0,25.0,book_fair,0.8
14,Chocolate & Milk,2023-04-04,39,2019-02-11,2023-01-01,True,14_Chocolate-Milk,university,1,27.0,convention,1.4444444444444444
14,Chocolate & Milk,2023-06-06,44,2019-02-11,2023-01-01,True,14_Chocolate-Milk,university,1,24.5,cultural,1.7959183673469388
14,Chocolate & Milk,2023-06-06,44,2019-02-11,2023-01-01,True,14_Chocolate-Milk,university,1,24.5,cultural,1.7959183673469388
14,Chocolate & Milk,2023-06-20,17,2019-02-11,2023-01-01,True,14_Chocolate-Milk,university,1,24.5,sports,0.6938775510204082
14,Chocolate & Milk,2023-06-27,34,2019-02-11,2023-01-01,True,14_Chocolate-Milk,university,1,24.0,convention,1.4166666666666667
14,Chocolate & Milk,2023-09-05,40,2019-02-11,2023-01-01,True,14_Chocolate-Milk,university,1,23.0,cultural,1.7391304347826086
14,Chocolate & Milk,2024-06-25,40,2019-02-11,2023-01-01,True,14_Chocolate-Milk,university,1,25.0,music_festival,1.6
14,Chocolate & Milk,2024-07-09,39,2019-02-11,2023-01-01,True,14_Chocolate-Milk,university,1,26.0,music_festival,1.5
14,Chocolate & Milk,2024-08-06,29,2019-02-11,2023-01-01,True,14_Chocolate-Milk,university,1,25.0,food_festival,1.16
14,Chocolate & Milk,2023-03-01,50,2019-02-11,2023-01-01,True,14_Chocolate-Milk,university,2,27.0,convention,1.8518518518518519
14,Chocolate & Milk,2023-06-28,27,2019-02-11,2023-01-01,True,14_Chocolate-Milk,university,2,24.0,market,1.125
14,Chocolate & Milk,2024-03-27,94,2019-02-11,2023-01-01,True,14_Chocolate-Milk,university,2,26.0,food_festival,3.0
14,Chocolate & Milk,2024-06-26,27,2019-02-11,2023-01-01,True,14_Chocolate-Milk,university,2,26.0,food_festival,1.0384615384615385
14,Chocolate & Milk,2023-03-23,49,2019-02-11,2023-01-01,True,14_Chocolate-Milk,university,3,30.0,book_fair,1.6333333333333333
14,Chocolate & Milk,2023-07-13,22,2019-02-11,2023-01-01,True,14_Chocolate-Milk,university,3,27.0,sports,0.8148148148148148
14,Chocolate & Milk,2023-08-10,41,2019-02-11,2023-01-01,True,14_Chocolate-Milk,university,3,26.0,market,1.5769230769230769
14,Chocolate & Milk,2023-10-12,60,2019-02-11,2023-01-01,True,14_Chocolate-Milk,university,3,25.5,food_festival,2.3529411764705883
14,Chocolate & Milk,2024-01-11,52,2019-02-11,2023-01-01,True,14_Chocolate-Milk,university,3,26.0,market,2.0
14,Chocolate & Milk,2024-03-14,29,2019-02-11,2023-01-01,True,14_Chocolate-Milk,university,3,25.5,cultural,1.1372549019607843
14,Chocolate & Milk,2024-03-28,82,2019-02-11,2023-01-01,True,14_Chocolate-Milk,university,3,26.0,food_festival,3.0
14,Chocolate & Milk,2024-06-20,41,2019-02-11,2023-01-01,True,14_Chocolate-Milk,university,3,26.0,concert,1.5769230769230769
14,Chocolate & Milk,2023-07-28,31,2019-02-11,2023-01-01,True,14_Chocolate-Milk,university,4,26.0,market,1.1923076923076923
14,Chocolate & Milk,2023-08-04,24,2019-02-11,2023-01-01,True,14_Chocolate-Milk,university,4,26.0,market,0.9230769230769231
14,Chocolate & Milk,2023-08-11,46,2019-02-11,2023-01-01,True,14_Chocolate-Milk,university,4,26.0,market,1.7692307692307692
14,Chocolate & Milk,2023-08-18,14,2019-02-11,2023-01-01,True,14_Chocolate-Milk,university,4,26.0,convention,0.5384615384615384
14,Chocolate & Milk,2023-09-01,65,2019-02-11,2023-01-01,True,14_Chocolate-Milk,university,4,25.5,concert,2.549019607843137
14,Chocolate & Milk,2024-04-05,78,2019-02-11,2023-01-01,True,14_Chocolate-Milk,university,4,26.0,concert,3.0
14,Chocolate & Milk,2024-09-13,32,2019-02-11,2023-01-01,True,14_Chocolate-Milk,university,4,25.0,convention,1.28
14,Chocolate & Milk,2023-01-28,23,2019-02-11,2023-01-01,True,14_Chocolate-Milk,university,5,11.0,food_festival,2.090909090909091
14,Chocolate & Milk,2023-03-11,21,2019-02-11,2023-01-01,True,14_Chocolate-Milk,university,5,11.0,convention,1.9090909090909092
14,Chocolate & Milk,2023-04-29,30,2019-02-11,2023-01-01,True,14_Chocolate-Milk,university,5,15.5,food_festival,1.935483870967742
14,Chocolate & Milk,2023-06-24,12,2019-02-11,2023-01-01,True,14_Chocolate-Milk,university,5,15.0,music_festival,0.8
14,Chocolate & Milk,2023-09-02,14,2019-02-11,2023-01-01,True,14_Chocolate-Milk,university,5,11.0,sports,1.2727272727272727
14,Chocolate & Milk,2023-11-11,31,2019-02-11,2023-01-01,True,14_Chocolate-Milk,university,5,12.0,music_festival,2.5833333333333335
14,Chocolate & Milk,2023-12-30,33,2019-02-11,2023-01-01,True,14_Chocolate-Milk,university,5,12.0,market,2.75
14,Chocolate & Milk,2024-01-06,8,2019-02-11,2023-01-01,True,14_Chocolate-Milk,university,5,12.0,sports,0.6666666666666666
14,Chocolate & Milk,2024-02-24,33,2019-02-11,2023-01-01,True,14_Chocolate-Milk,university,5,11.0,music_festival,3.0
14,Chocolate & Milk,2024-03-09,36,2019-02-11,2023-01-01,True,14_Chocolate-Milk,university,5,11.0,music_festival,3.0
14,Chocolate & Milk,2024-08-10,10,2019-02-11,2023-01-01,True,14_Chocolate-Milk,university,5,11.0,market,0.9090909090909091
14,Chocolate & Milk,2023-04-09,22,2019-02-11,2023-01-01,True,14_Chocolate-Milk,university,6,13.5,convention,1.6296296296296295
14,Chocolate & Milk,2023-07-23,14,2019-02-11,2023-01-01,True,14_Chocolate-Milk,university,6,12.0,food_festival,1.1666666666666667
14,Chocolate & Milk,2023-09-17,13,2019-02-11,2023-01-01,True,14_Chocolate-Milk,university,6,12.0,sports,1.0833333333333333
14,Chocolate & Milk,2023-12-24,34,2019-02-11,2023-01-01,True,14_Chocolate-Milk,university,6,12.0,music_festival,2.8333333333333335
14,Chocolate & Milk,2024-02-18,17,2019-02-11,2023-01-01,True,14_Chocolate-Milk,university,6,12.0,cultural,1.4166666666666667
14,Chocolate & Milk,2024-06-09,15,2019-02-11,2023-01-01,True,14_Chocolate-Milk,university,6,13.0,market,1.1538461538461537
14,Chocolate & Milk,2024-07-14,9,2019-02-11,2023-01-01,True,14_Chocolate-Milk,university,6,13.0,market,0.6923076923076923
14,Chocolate & Milk,2024-10-06,17,2019-02-11,2023-01-01,True,14_Chocolate-Milk,university,6,12.0,market,1.4166666666666667
14,Coffee,2023-02-27,267,2019-02-11,2023-01-01,True,14_Coffee,university,0,178.5,convention,1.495798319327731
14,Coffee,2023-05-08,220,2019-02-11,2023-01-01,True,14_Coffee,university,0,202.5,cultural,1.0864197530864197
14,Coffee,2023-05-22,298,2019-02-11,2023-01-01,True,14_Coffee,university,0,208.5,market,1.4292565947242206
14,Coffee,2023-07-03,361,2019-02-11,2023-01-01,True,14_Coffee,university,0,208.5,sports,1.7314148681055155
14,Coffee,2023-07-03,361,2019-02-11,2023-01-01,True,14_Coffee,university,0,208.5,market,1.7314148681055155
14,Coffee,2023-10-30,349,2019-02-11,2023-01-01,True,14_Coffee,university,0,196.0,concert,1.780612244897959
14,Coffee,2023-12-04,361,2019-02-11,2023-01-01,True,14_Coffee,university,0,191.0,convention,1.8900523560209423
14,Coffee,2023-12-25,287,2019-02-11,2023-01-01,True,14_Coffee,university,0,196.0,book_fair,1.4642857142857142
14,Coffee,2024-01-08,457,2019-02-11,2023-01-01,True,14_Coffee,university,0,202.0,food_festival,2.262376237623762
14,Coffee,2024-07-29,162,2019-02-11,2023-01-01,True,14_Coffee,university,0,185.0,book_fair,0.8756756756756757
14,Coffee,2023-04-04,371,2019-02-11,2023-01-01,True,14_Coffee,university,1,199.0,convention,1.864321608040201
14,Coffee,2023-06-06,286,2019-02-11,2023-01-01,True,14_Coffee,university,1,193.0,cultural,1.4818652849740932
14,Coffee,2023-06-06,286,2019-02-11,2023-01-01,True,14_Coffee,university,1,193.0,cultural,1.4818652849740932
14,Coffee,2023-06-20,144,2019-02-11,2023-01-01,True,14_Coffee,university,1,193.0,sports,0.7461139896373057
14,Coffee,2023-06-27,244,2019-02-11,2023-01-01,True,14_Coffee,university,1,187.0,convention,1.304812834224599
14,Coffee,2023-09-05,150,2019-02-11,2023-01-01,True,14_Coffee,university,1,178.0,cultural,0.8426966292134831
14,Coffee,2024-06-25,346,2019-02-11,2023-01-01,True,14_Coffee,university,1,182.0,music_festival,1.901098901098901
14,Coffee,2024-07-09,247,2019-02-11,2023-01-01,True,14_Coffee,university,1,184.0,music_festival,1.3423913043478262
14,Coffee,2024-08-06,229,2019-02-11,2023-01-01,True,14_Coffee,university,1,182.0,food_festival,1.2582417582417582
14,Coffee,2023-03-01,285,2019-02-11,2023-01-01,True,14_Coffee,university,2,199.0,convention,1.4321608040201006
14,Coffee,2023-06-28,287,2019-02-11,2023-01-01,True,14_Coffee,university,2,194.0,market,1.4793814432989691
14,Coffee,2024-03-27,520,2019-02-11,2023-01-01,True,14_Coffee,university,2,176.0,food_festival,2.9545454545454546
14,Coffee,2024-06-26,271,2019-02-11,2023-01-01,True,14_Coffee,university,2,179.0,food_festival,1.5139664804469273
14,Coffee,2023-03-23,341,2019-02-11,2023-01-01,True,14_Coffee,university,3,205.0,book_fair,1.6634146341463414
14,Coffee,2023-07-13,194,2019-02-11,2023-01-01,True,14_Coffee,university,3,203.0,sports,0.9556650246305419
14,Coffee,2023-08-10,231,2019-02-11,2023-01-01,True,14_Coffee,university,3,194.0,market,1.190721649484536
14,Coffee,2023-10-12,384,2019-02-11,2023-01-01,True,14_Coffee,university,3,191.5,food_festival,2.0052219321148823
14,Coffee,2024-01-11,296,2019-02-11,2023-01-01,True,14_Coffee,university,3,184.0,market,1.608695652173913
14,Coffee,2024-03-14,181,2019-02-11,2023-01-01,True,14_Coffee,university,3,183.5,cultural,0.9863760217983651
14,Coffee,2024-03-28,521,2019-02-11,2023-01-01,True,14_Coffee,university,3,183.5,food_festival,2.8392370572207084
14,Coffee,2024-06-20,293,2019-02-11,2023-01-01,True,14_Coffee,university,3,189.5,concert,1.5461741424802111
14,Coffee,2023-07-28,253,2019-02-11,2023-01-01,True,14_Coffee,university,4,174.0,market,1.4540229885057472
14,Coffee,2023-08-04,256,2019-02-11,2023-01-01,True,14_Coffee,university,4,174.5,market,1.4670487106017192
14,Coffee,2023-08-11,276,2019-02-11,2023-01-01,True,14_Coffee,university,4,175.0,market,1.5771428571428572
14,Coffee,2023-08-18,168,2019-02-11,2023-01-01,True,14_Coffee,university,4,178.0,convention,0.9438202247191011
14,Coffee,2023-09-01,384,2019-02-11,2023-01-01,True,14_Coffee,university,4,174.5,concert,2.200573065902579
14,Coffee,2024-04-05,650,2019-02-11,2023-01-01,True,14_Coffee,university,4,181.0,concert,3.0
14,Coffee,2024-09-13,214,2019-02-11,2023-01-01,True,14_Coffee,university,4,179.5,convention,1.192200557103064
14,Coffee,2023-01-28,176,2019-02-11,2023-01-01,True,14_Coffee,university,5,141.0,food_festival,1.24822695035461
14,Coffee,2023-03-11,164,2019-02-11,2023-01-01,True,14_Coffee,university,5,88.0,convention,1.8636363636363635
14,Coffee,2023-04-29,178,2019-02-11,2023-01-01,True,14_Coffee,university,5,107.0,food_festival,1.6635514018691588
14,Coffee,2023-06-24,133,2019-02-11,2023-01-01,True,14_Coffee,university,5,98.5,music_festival,1.350253807106599
14,Coffee,2023-09-02,93,2019-02-11,2023-01-01,True,14_Coffee,university,5,88.5,sports,1.0508474576271187
14,Coffee,2023-11-11,187,2019-02-11,2023-01-01,True,14_Coffee,university,5,91.0,music_festival,2.0549450549450547
14,Coffee,2023-12-30,129,2019-02-11,2023-01-01,True,14_Coffee,university,5,93.0,market,1.3870967741935485
14,Coffee,2024-01-06,128,2019-02-11,2023-01-01,True,14_Coffee,university,5,93.0,sports,1.3763440860215055
14,Coffee,2024-02-24,153,2019-02-11,2023-01-01,True,14_Coffee,university,5,89.0,music_festival,1.7191011235955056
14,Coffee,2024-03-09,209,2019-02-11,2023-01-01,True,14_Coffee,university,5,89.0,music_festival,2.348314606741573
14,Coffee,2024-08-10,73,2019-02-11,2023-01-01,True,14_Coffee,university,5,90.0,market,0.8111111111111111
14,Coffee,2023-04-09,185,2019-02-11,2023-01-01,True,14_Coffee,university,6,87.5,convention,2.1142857142857143
14,Coffee,2023-07-23,104,2019-02-11,2023-01-01,True,14_Coffee,university,6,81.0,food_festival,1.2839506172839505
14,Coffee,2023-09-17,73,2019-02-11,2023-01-01,True,14_Coffee,university,6,77.0,sports,0.948051948051948
14,Coffee,2023-12-24,208,2019-02-11,2023-01-01,True,14_Coffee,university,6,81.0,music_festival,2.567901234567901
14,Coffee,2024-02-18,166,2019-02-11,2023-01-01,True,14_Coffee,university,6,81.0,cultural,2.049382716049383
14,Coffee,2024-06-09,88,2019-02-11,2023-01-01,True,14_Coffee,university,6,85.0,market,1.035294117647059
14,Coffee,2024-07-14,69,2019-02-11,2023-01-01,True,14_Coffee,university,6,84.0,market,0.8214285714285714
14,Coffee,2024-10-06,90,2019-02-11,2023-01-01,True,14_Coffee,university,6,81.0,market,1.1111111111111112
14,Juice & Smoothie,2023-02-27,28,2019-02-11,2023-01-01,True,14_Juice-Smoothie,university,0,17.0,convention,1.6470588235294117
14,Juice & Smoothie,2023-05-08,21,2019-02-11,2023-01-01,True,14_Juice-Smoothie,university,0,16.5,cultural,1.2727272727272727
14,Juice & Smoothie,2023-05-22,39,2019-02-11,2023-01-01,True,14_Juice-Smoothie,university,0,16.5,market,2.3636363636363638
14,Juice & Smoothie,2023-07-03,39,2019-02-11,2023-01-01,True,14_Juice-Smoothie,university,0,16.5,sports,2.3636363636363638
14,Juice & Smoothie,2023-07-03,39,2019-02-11,2023-01-01,True,14_Juice-Smoothie,university,0,16.5,market,2.3636363636363638
14,Juice & Smoothie,2023-10-30,22,2019-02-11,2023-01-01,True,14_Juice-Smoothie,university,0,16.0,concert,1.375
14,Juice & Smoothie,2023-12-04,29,2019-02-11,2023-01-01,True,14_Juice-Smoothie,university,0,16.5,convention,1.7575757575757576
14,Juice & Smoothie,2023-12-25,37,2019-02-11,2023-01-01,True,14_Juice-Smoothie,university,0,17.0,book_fair,2.176470588235294
14,Juice & Smoothie,2024-01-08,43,2019-02-11,2023-01-01,True,14_Juice-Smoothie,university,0,17.0,food_festival,2.5294117647058822
14,Juice & Smoothie,2024-07-29,20,2019-02-11,2023-01-01,True,14_Juice-Smoothie,university,0,17.0,book_fair,1.1764705882352942
14,Juice & Smoothie,2023-04-04,26,2019-02-11,2023-01-01,True,14_Juice-Smoothie,university,1,14.0,convention,1.8571428571428572
14,Juice & Smoothie,2023-06-06,7,2019-02-11,2023-01-01,True,14_Juice-Smoothie,university,1,13.5,cultural,0.5185185185185185
14,Juice & Smoothie,2023-06-06,7,2019-02-11,2023-01-01,True,14_Juice-Smoothie,university,1,13.5,cultural,0.5185185185185185
14,Juice & Smoothie,2023-06-20,13,2019-02-11,2023-01-01,True,14_Juice-Smoothie,university,1,12.5,sports,1.04
14,Juice & Smoothie,2023-06-27,12,2019-02-11,2023-01-01,True,14_Juice-Smoothie,university,1,13.0,convention,0.9230769230769231
14,Juice & Smoothie,2023-09-05,20,2019-02-11,2023-01-01,True,14_Juice-Smoothie,university,1,13.0,cultural,1.5384615384615385
14,Juice & Smoothie,2024-06-25,44,2019-02-11,2023-01-01,True,14_Juice-Smoothie,university,1,15.0,music_festival,2.933333333333333
14,Juice & Smoothie,2024-07-09,29,2019-02-11,2023-01-01,True,14_Juice-Smoothie,university,1,15.0,music_festival,1.9333333333333333
14,Juice & Smoothie,2024-08-06,11,2019-02-11,2023-01-01,True,14_Juice-Smoothie,university,1,14.0,food_festival,0.7857142857142857
14,Juice & Smoothie,2023-03-01,27,2019-02-11,2023-01-01,True,14_Juice-Smoothie,university,2,19.5,convention,1.3846153846153846
14,Juice & Smoothie,2023-06-28,21,2019-02-11,2023-01-01,True,14_Juice-Smoothie,university,2,17.0,market,1.2352941176470589
14,Juice & Smoothie,2024-03-27,34,2019-02-11,2023-01-01,True,14_Juice-Smoothie,university,2,15.5,food_festival,2.193548387096774
14,Juice & Smoothie,2024-06-26,33,2019-02-11,2023-01-01,True,14_Juice-Smoothie,university,2,16.0,food_festival,2.0625
14,Juice & Smoothie,2023-03-23,26,2019-02-11,2023-01-01,True,14_Juice-Smoothie,university,3,14.0,book_fair,1.8571428571428572
14,Juice & Smoothie,2023-07-13,25,2019-02-11,2023-01-01,True,14_Juice-Smoothie,university,3,15.0,sports,1.6666666666666667
14,Juice & Smoothie,2023-08-10,38,2019-02-11,2023-01-01,True,14_Juice-Smoothie,university,3,15.0,market,2.533333333333333
14,Juice & Smoothie,2023-10-12,41,2019-02-11,2023-01-01,True,14_Juice-Smoothie,university,3,14.0,food_festival,2.9285714285714284
14,Juice & Smoothie,2024-01-11,39,2019-02-11,2023-01-01,True,14_Juice-Smoothie,university,3,14.0,market,2.7857142857142856
14,Juice & Smoothie,2024-03-14,20,2019-02-11,2023-01-01,True,14_Juice-Smoothie,university,3,14.5,cultural,1.3793103448275863
14,Juice & Smoothie,2024-03-28,28,2019-02-11,2023-01-01,True,14_Juice-Smoothie,university,3,15.0,food_festival,1.8666666666666667
14,Juice & Smoothie,2024-06-20,30,2019-02-11,2023-01-01,True,14_Juice-Smoothie,university,3,15.5,concert,1.935483870967742
14,Juice & Smoothie,2023-07-28,31,2019-02-11,2023-01-01,True,14_Juice-Smoothie,university,4,16.0,market,1.9375
14,Juice & Smoothie,2023-08-04,15,2019-02-11,2023-01-01,True,14_Juice-Smoothie,university,4,16.0,market,0.9375
14,Juice & Smoothie,2023-08-11,26,2019-02-11,2023-01-01,True,14_Juice-Smoothie,university,4,16.0,market,1.625
14,Juice & Smoothie,2023-08-18,17,2019-02-11,2023-01-01,True,14_Juice-Smoothie,university,4,16.0,convention,1.0625
14,Juice & Smoothie,2023-09-01,36,2019-02-11,2023-01-01,True,14_Juice-Smoothie,university,4,16.0,concert,2.25
14,Juice & Smoothie,2024-04-05,48,2019-02-11,2023-01-01,True,14_Juice-Smoothie,university,4,17.0,concert,2.823529411764706
14,Juice & Smoothie,2024-09-13,10,2019-02-11,2023-01-01,True,14_Juice-Smoothie,university,4,17.0,convention,0.5882352941176471
14,Juice & Smoothie,2023-01-28,24,2019-02-11,2023-01-01,True,14_Juice-Smoothie,university,5,8.0,food_festival,3.0
14,Juice & Smoothie,2023-03-11,8,2019-02-11,2023-01-01,True,14_Juice-Smoothie,university,5,8.0,convention,1.0
14,Juice & Smoothie,2023-04-29,18,2019-02-11,2023-01-01,True,14_Juice-Smoothie,university,5,8.0,food_festival,2.25
14,Juice & Smoothie,2023-06-24,10,2019-02-11,2023-01-01,True,14_Juice-Smoothie,university,5,8.0,music_festival,1.25
14,Juice & Smoothie,2023-09-02,4,2019-02-11,2023-01-01,True,14_Juice-Smoothie,university,5,8.0,sports,0.5
14,Juice & Smoothie,2023-11-11,20,2019-02-11,2023-01-01,True,14_Juice-Smoothie,university,5,8.0,music_festival,2.5
14,Juice & Smoothie,2023-12-30,9,2019-02-11,2023-01-01,True,14_Juice-Smoothie,university,5,8.0,market,1.125
14,Juice & Smoothie,2024-01-06,13,2019-02-11,2023-01-01,True,14_Juice-Smoothie,university,5,8.0,sports,1.625
14,Juice & Smoothie,2024-02-24,9,2019-02-11,2023-01-01,True,14_Juice-Smoothie,university,5,8.0,music_festival,1.125
14,Juice & Smoothie,2024-03-09,15,2019-02-11,2023-01-01,True,14_Juice-Smoothie,university,5,8.0,music_festival,1.875
14,Juice & Smoothie,2024-08-10,5,2019-02-11,2023-01-01,True,14_Juice-Smoothie,university,5,8.0,market,0.625
14,Juice & Smoothie,2023-04-09,10,2019-02-11,2023-01-01,True,14_Juice-Smoothie,university,6,7.5,convention,1.3333333333333333
14,Juice & Smoothie,2023-07-23,9,2019-02-11,2023-01-01,True,14_Juice-Smoothie,university,6,8.0,food_festival,1.125
14,Juice & Smoothie,2023-09-17,5,2019-02-11,2023-01-01,True,14_Juice-Smoothie,university,6,7.0,sports,0.7142857142857143
14,Juice & Smoothie,2023-12-24,22,2019-02-11,2023-01-01,True,14_Juice-Smoothie,university,6,7.0,music_festival,3.0
14,Juice & Smoothie,2024-02-18,16,2019-02-11,2023-01-01,True,14_Juice-Smoothie,university,6,7.0,cultural,2.2857142857142856
14,Juice & Smoothie,2024-06-09,13,2019-02-11,2023-01-01,True,14_Juice-Smoothie,university,6,7.0,market,1.8571428571428572
14,Juice & Smoothie,2024-07-14,11,2019-02-11,2023-01-01,True,14_Juice-Smoothie,university,6,7.0,market,1.5714285714285714
14,Juice & Smoothie,2024-10-06,7,2019-02-11,2023-01-01,True,14_Juice-Smoothie,university,6,7.0,market,1.0
14,Merchandise,2023-02-27,6,2019-02-11,2023-01-01,True,14_Merchandise,university,0,8.5,convention,0.7058823529411765
14,Merchandise,2023-05-08,8,2019-02-11,2023-01-01,True,14_Merchandise,university,0,11.5,cultural,0.6956521739130435
14,Merchandise,2023-05-22,16,2019-02-11,2023-01-01,True,14_Merchandise,university,0,9.5,market,1.6842105263157894
14,Merchandise,2023-07-03,14,2019-02-11,2023-01-01,True,14_Merchandise,university,0,9.5,sports,1.4736842105263157
14,Merchandise,2023-07-03,14,2019-02-11,2023-01-01,True,14_Merchandise,university,0,9.5,market,1.4736842105263157
14,Merchandise,2023-10-30,18,2019-02-11,2023-01-01,True,14_Merchandise,university,0,11.0,concert,1.6363636363636365
14,Merchandise,2023-12-04,20,2019-02-11,2023-01-01,True,14_Merchandise,university,0,10.5,convention,1.9047619047619047
14,Merchandise,2023-12-25,18,2019-02-11,2023-01-01,True,14_Merchandise,university,0,11.0,book_fair,1.6363636363636365
14,Merchandise,2024-01-08,32,2019-02-11,2023-01-01,True,14_Merchandise,university,0,11.0,food_festival,2.909090909090909
14,Merchandise,2024-07-29,10,2019-02-11,2023-01-01,True,14_Merchandise,university,0,11.0,book_fair,0.9090909090909091
14,Merchandise,2023-04-04,17,2019-02-11,2023-01-01,True,14_Merchandise,university,1,7.0,convention,2.4285714285714284
14,Merchandise,2023-06-06,15,2019-02-11,2023-01-01,True,14_Merchandise,university,1,7.0,cultural,2.142857142857143
14,Merchandise,2023-06-06,15,2019-02-11,2023-01-01,True,14_Merchandise,university,1,7.0,cultural,2.142857142857143
14,Merchandise,2023-06-20,8,2019-02-11,2023-01-01,True,14_Merchandise,university,1,7.5,sports,1.0666666666666667
14,Merchandise,2023-06-27,8,2019-02-11,2023-01-01,True,14_Merchandise,university,1,8.0,convention,1.0
14,Merchandise,2023-09-05,9,2019-02-11,2023-01-01,True,14_Merchandise,university,1,7.0,cultural,1.2857142857142858
14,Merchandise,2024-06-25,14,2019-02-11,2023-01-01,True,14_Merchandise,university,1,8.0,music_festival,1.75
14,Merchandise,2024-07-09,13,2019-02-11,2023-01-01,True,14_Merchandise,university,1,8.0,music_festival,1.625
14,Merchandise,2024-08-06,13,2019-02-11,2023-01-01,True,14_Merchandise,university,1,8.0,food_festival,1.625
14,Merchandise,2023-03-01,9,2019-02-11,2023-01-01,True,14_Merchandise,university,2,11.5,convention,0.782608695652174
14,Merchandise,2023-06-28,15,2019-02-11,2023-01-01,True,14_Merchandise,university,2,9.0,market,1.6666666666666667
14,Merchandise,2024-03-27,35,2019-02-11,2023-01-01,True,14_Merchandise,university,2,10.0,food_festival,3.0
14,Merchandise,2024-06-26,17,2019-02-11,2023-01-01,True,14_Merchandise,university,2,11.0,food_festival,1.5454545454545454
14,Merchandise,2023-03-23,21,2019-02-11,2023-01-01,True,14_Merchandise,university,3,10.0,book_fair,2.1
14,Merchandise,2023-07-13,13,2019-02-11,2023-01-01,True,14_Merchandise,university,3,10.0,sports,1.3
14,Merchandise,2023-08-10,7,2019-02-11,2023-01-01,True,14_Merchandise,university,3,10.0,market,0.7
14,Merchandise,2023-10-12,19,2019-02-11,2023-01-01,True,14_Merchandise,university,3,10.5,food_festival,1.8095238095238095
14,Merchandise,2024-01-11,13,2019-02-11,2023-01-01,True,14_Merchandise,university,3,11.0,market,1.1818181818181819
14,Merchandise,2024-03-14,12,2019-02-11,2023-01-01,True,14_Merchandise,university,3,10.0,cultural,1.2
14,Merchandise,2024-03-28,27,2019-02-11,2023-01-01,True,14_Merchandise,university,3,10.0,food_festival,2.7
14,Merchandise,2024-06-20,12,2019-02-11,2023-01-01,True,14_Merchandise,university,3,10.0,concert,1.2
14,Merchandise,2023-07-28,18,2019-02-11,2023-01-01,True,14_Merchandise,university,4,8.0,market,2.25
14,Merchandise,2023-08-04,13,2019-02-11,2023-01-01,True,14_Merchandise,university,4,8.5,market,1.5294117647058822
14,Merchandise,2023-08-11,19,2019-02-11,2023-01-01,True,14_Merchandise,university,4,9.0,market,2.111111111111111
14,Merchandise,2023-08-18,12,2019-02-11,2023-01-01,True,14_Merchandise,university,4,9.0,convention,1.3333333333333333
14,Merchandise,2023-09-01,24,2019-02-11,2023-01-01,True,14_Merchandise,university,4,9.0,concert,2.6666666666666665
14,Merchandise,2024-04-05,21,2019-02-11,2023-01-01,True,14_Merchandise,university,4,9.0,concert,2.3333333333333335
14,Merchandise,2024-09-13,11,2019-02-11,2023-01-01,True,14_Merchandise,university,4,9.0,convention,1.2222222222222223
14,Merchandise,2023-01-28,9,2019-02-11,2023-01-01,True,14_Merchandise,university,5,3.0,food_festival,3.0
14,Merchandise,2023-03-11,4,2019-02-11,2023-01-01,True,14_Merchandise,university,5,4.0,convention,1.0
14,Merchandise,2023-04-29,9,2019-02-11,2023-01-01,True,14_Merchandise,university,5,5.5,food_festival,1.6363636363636365
14,Merchandise,2023-06-24,6,2019-02-11,2023-01-01,True,14_Merchandise,university,5,5.5,music_festival,1.0909090909090908
14,Merchandise,2023-09-02,15,2019-02-11,2023-01-01,True,14_Merchandise,university,5,5.0,sports,3.0
14,Merchandise,2023-11-11,11,2019-02-11,2023-01-01,True,14_Merchandise,university,5,5.0,music_festival,2.2
14,Merchandise,2023-12-30,6,2019-02-11,2023-01-01,True,14_Merchandise,university,5,5.0,market,1.2
14,Merchandise,2024-01-06,5,2019-02-11,2023-01-01,True,14_Merchandise,university,5,5.0,sports,1.0
14,Merchandise,2024-02-24,4,2019-02-11,2023-01-01,True,14_Merchandise,university,5,5.0,music_festival,0.8
14,Merchandise,2024-03-09,6,2019-02-11,2023-01-01,True,14_Merchandise,university,5,5.0,music_festival,1.2
14,Merchandise,2024-08-10,4,2019-02-11,2023-01-01,True,14_Merchandise,university,5,5.0,market,0.8
14,Merchandise,2023-04-09,8,2019-02-11,2023-01-01,True,14_Merchandise,university,6,4.0,convention,2.0
14,Merchandise,2023-07-23,4,2019-02-11,2023-01-01,True,14_Merchandise,university,6,4.0,food_festival,1.0
14,Merchandise,2023-09-17,5,2019-02-11,2023-01-01,True,14_Merchandise,university,6,4.0,sports,1.25
14,Merchandise,2023-12-24,13,2019-02-11,2023-01-01,True,14_Merchandise,university,6,4.0,music_festival,3.0
14,Merchandise,2024-02-18,15,2019-02-11,2023-01-01,True,14_Merchandise,university,6,4.0,cultural,3.0
14,Merchandise,2024-06-09,6,2019-02-11,2023-01-01,True,14_Merchandise,university,6,4.0,market,1.5
14,Merchandise,2024-07-14,5,2019-02-11,2023-01-01,True,14_Merchandise,university,6,4.0,market,1.25
14,Merchandise,2024-10-06,7,2019-02-11,2023-01-01,True,14_Merchandise,university,6,4.0,market,1.75
14,Savory Bakery,2023-02-27,56,2019-02-11,2023-01-01,True,14_Savory-Bakery,university,0,41.0,convention,1.3658536585365855
14,Savory Bakery,2023-05-08,57,2019-02-11,2023-01-01,True,14_Savory-Bakery,university,0,44.0,cultural,1.2954545454545454
14,Savory Bakery,2023-05-22,77,2019-02-11,2023-01-01,True,14_Savory-Bakery,university,0,44.5,market,1.7303370786516854
14,Savory Bakery,2023-07-03,82,2019-02-11,2023-01-01,True,14_Savory-Bakery,university,0,44.0,sports,1.8636363636363635
14,Savory Bakery,2023-07-03,82,2019-02-11,2023-01-01,True,14_Savory-Bakery,university,0,44.0,market,1.8636363636363635
14,Savory Bakery,2023-10-30,82,2019-02-11,2023-01-01,True,14_Savory-Bakery,university,0,42.0,concert,1.9523809523809523
14,Savory Bakery,2023-12-04,75,2019-02-11,2023-01-01,True,14_Savory-Bakery,university,0,41.5,convention,1.8072289156626506
14,Savory Bakery,2023-12-25,46,2019-02-11,2023-01-01,True,14_Savory-Bakery,university,0,42.0,book_fair,1.0952380952380953
14,Savory Bakery,2024-01-08,99,2019-02-11,2023-01-01,True,14_Savory-Bakery,university,0,43.0,food_festival,2.302325581395349
14,Savory Bakery,2024-07-29,29,2019-02-11,2023-01-01,True,14_Savory-Bakery,university,0,40.0,book_fair,0.725
14,Savory Bakery,2023-04-04,83,2019-02-11,2023-01-01,True,14_Savory-Bakery,university,1,42.0,convention,1.9761904761904763
14,Savory Bakery,2023-06-06,69,2019-02-11,2023-01-01,True,14_Savory-Bakery,university,1,33.5,cultural,2.0597014925373136
14,Savory Bakery,2023-06-06,69,2019-02-11,2023-01-01,True,14_Savory-Bakery,university,1,33.5,cultural,2.0597014925373136
14,Savory Bakery,2023-06-20,32,2019-02-11,2023-01-01,True,14_Savory-Bakery,university,1,36.5,sports,0.8767123287671232
14,Savory Bakery,2023-06-27,43,2019-02-11,2023-01-01,True,14_Savory-Bakery,university,1,34.0,convention,1.2647058823529411
14,Savory Bakery,2023-09-05,47,2019-02-11,2023-01-01,True,14_Savory-Bakery,university,1,33.0,cultural,1.4242424242424243
14,Savory Bakery,2024-06-25,53,2019-02-11,2023-01-01,True,14_Savory-Bakery,university,1,36.0,music_festival,1.4722222222222223
14,Savory Bakery,2024-07-09,51,2019-02-11,2023-01-01,True,14_Savory-Bakery,university,1,37.0,music_festival,1.3783783783783783
14,Savory Bakery,2024-08-06,48,2019-02-11,2023-01-01,True,14_Savory-Bakery,university,1,36.0,food_festival,1.3333333333333333
14,Savory Bakery,2023-03-01,54,2019-02-11,2023-01-01,True,14_Savory-Bakery,university,2,37.5,convention,1.44
14,Savory Bakery,2023-06-28,51,2019-02-11,2023-01-01,True,14_Savory-Bakery,university,2,35.0,market,1.457142857142857
14,Savory Bakery,2024-03-27,117,2019-02-11,2023-01-01,True,14_Savory-Bakery,university,2,34.0,food_festival,3.0
14,Savory Bakery,2024-06-26,62,2019-02-11,2023-01-01,True,14_Savory-Bakery,university,2,35.0,food_festival,1.7714285714285714
14,Savory Bakery,2023-03-23,74,2019-02-11,2023-01-01,True,14_Savory-Bakery,university,3,40.0,book_fair,1.85
14,Savory Bakery,2023-07-13,37,2019-02-11,2023-01-01,True,14_Savory-Bakery,university,3,37.0,sports,1.0
14,Savory Bakery,2023-08-10,50,2019-02-11,2023-01-01,True,14_Savory-Bakery,university,3,37.0,market,1.3513513513513513
14,Savory Bakery,2023-10-12,70,2019-02-11,2023-01-01,True,14_Savory-Bakery,university,3,37.0,food_festival,1.8918918918918919
14,Savory Bakery,2024-01-11,61,2019-02-11,2023-01-01,True,14_Savory-Bakery,university,3,37.0,market,1.6486486486486487
14,Savory Bakery,2024-03-14,32,2019-02-11,2023-01-01,True,14_Savory-Bakery,university,3,37.0,cultural,0.8648648648648649
14,Savory Bakery,2024-03-28,73,2019-02-11,2023-01-01,True,14_Savory-Bakery,university,3,37.0,food_festival,1.972972972972973
14,Savory Bakery,2024-06-20,73,2019-02-11,2023-01-01,True,14_Savory-Bakery,university,3,37.0,concert,1.972972972972973
14,Savory Bakery,2023-07-28,49,2019-02-11,2023-01-01,True,14_Savory-Bakery,university,4,33.0,market,1.4848484848484849
14,Savory Bakery,2023-08-04,47,2019-02-11,2023-01-01,True,14_Savory-Bakery,university,4,34.5,market,1.3623188405797102
14,Savory Bakery,2023-08-11,74,2019-02-11,2023-01-01,True,14_Savory-Bakery,university,4,36.0,market,2.0555555555555554
14,Savory Bakery,2023-08-18,32,2019-02-11,2023-01-01,True,14_Savory-Bakery,university,4,36.5,convention,0.8767123287671232
14,Savory Bakery,2023-09-01,82,2019-02-11,2023-01-01,True,14_Savory-Bakery,university,4,36.5,concert,2.2465753424657535
14,Savory Bakery,2024-04-05,106,2019-02-11,2023-01-01,True,14_Savory-Bakery,university,4,37.0,concert,2.864864864864865
14,Savory Bakery,2024-09-13,33,2019-02-11,2023-01-01,True,14_Savory-Bakery,university,4,36.0,convention,0.9166666666666666
14,Savory Bakery,2023-01-28,23,2019-02-11,2023-01-01,True,14_Savory-Bakery,university,5,22.0,food_festival,1.0454545454545454
14,Savory Bakery,2023-03-11,40,2019-02-11,2023-01-01,True,14_Savory-Bakery,university,5,22.0,convention,1.8181818181818181
14,Savory Bakery,2023-04-29,49,2019-02-11,2023-01-01,True,14_Savory-Bakery,university,5,22.0,food_festival,2.227272727272727
14,Savory Bakery,2023-06-24,19,2019-02-11,2023-01-01,True,14_Savory-Bakery,university,5,22.0,music_festival,0.8636363636363636
14,Savory Bakery,2023-09-02,26,2019-02-11,2023-01-01,True,14_Savory-Bakery,university,5,19.0,sports,1.368421052631579
14,Savory Bakery,2023-11-11,31,2019-02-11,2023-01-01,True,14_Savory-Bakery,university,5,19.0,music_festival,1.631578947368421
14,Savory Bakery,2023-12-30,25,2019-02-11,2023-01-01,True,14_Savory-Bakery,university,5,18.0,market,1.3888888888888888
14,Savory Bakery,2024-01-06,32,2019-02-11,2023-01-01,True,14_Savory-Bakery,university,5,18.5,sports,1.7297297297297298
14,Savory Bakery,2024-02-24,38,2019-02-11,2023-01-01,True,14_Savory-Bakery,university,5,18.0,music_festival,2.111111111111111
14,Savory Bakery,2024-03-09,27,2019-02-11,2023-01-01,True,14_Savory-Bakery,university,5,18.0,music_festival,1.5
14,Savory Bakery,2024-08-10,10,2019-02-11,2023-01-01,True,14_Savory-Bakery,university,5,18.0,market,0.5555555555555556
14,Savory Bakery,2023-04-09,39,2019-02-11,2023-01-01,True,14_Savory-Bakery,university,6,18.5,convention,2.108108108108108
14,Savory Bakery,2023-07-23,24,2019-02-11,2023-01-01,True,14_Savory-Bakery,university,6,17.0,food_festival,1.411764705882353
14,Savory Bakery,2023-09-17,17,2019-02-11,2023-01-01,True,14_Savory-Bakery,university,6,17.0,sports,1.0
14,Savory Bakery,2023-12-24,48,2019-02-11,2023-01-01,True,14_Savory-Bakery,university,6,17.0,music_festival,2.823529411764706
14,Savory Bakery,2024-02-18,27,2019-02-11,2023-01-01,True,14_Savory-Bakery,university,6,17.0,cultural,1.588235294117647
14,Savory Bakery,2024-06-09,6,2019-02-11,2023-01-01,True,14_Savory-Bakery,university,6,17.0,market,0.35294117647058826
14,Savory Bakery,2024-07-14,9,2019-02-11,2023-01-01,True,14_Savory-Bakery,university,6,17.0,market,0.5294117647058824
14,Savory Bakery,2024-10-06,26,2019-02-11,2023-01-01,True,14_Savory-Bakery,university,6,17.0,market,1.5294117647058822
14,Tea,2023-02-27,73,2019-02-11,2023-01-01,True,14_Tea,university,0,52.0,convention,1.4038461538461537
14,Tea,2023-05-08,49,2019-02-11,2023-01-01,True,14_Tea,university,0,65.0,cultural,0.7538461538461538
14,Tea,2023-05-22,118,2019-02-11,2023-01-01,True,14_Tea,university,0,61.5,market,1.91869918699187
14,Tea,2023-07-03,94,2019-02-11,2023-01-01,True,14_Tea,university,0,57.5,sports,1.6347826086956523
14,Tea,2023-07-03,94,2019-02-11,2023-01-01,True,14_Tea,university,0,57.5,market,1.6347826086956523
14,Tea,2023-10-30,102,2019-02-11,2023-01-01,True,14_Tea,university,0,55.0,concert,1.8545454545454545
14,Tea,2023-12-04,105,2019-02-11,2023-01-01,True,14_Tea,university,0,55.5,convention,1.8918918918918919
14,Tea,2023-12-25,111,2019-02-11,2023-01-01,True,14_Tea,university,0,57.0,book_fair,1.9473684210526316
14,Tea,2024-01-08,139,2019-02-11,2023-01-01,True,14_Tea,university,0,58.0,food_festival,2.396551724137931
14,Tea,2024-07-29,50,2019-02-11,2023-01-01,True,14_Tea,university,0,56.0,book_fair,0.8928571428571429
14,Tea,2023-04-04,114,2019-02-11,2023-01-01,True,14_Tea,university,1,59.0,convention,1.9322033898305084
14,Tea,2023-06-06,121,2019-02-11,2023-01-01,True,14_Tea,university,1,57.5,cultural,2.1043478260869564
14,Tea,2023-06-06,121,2019-02-11,2023-01-01,True,14_Tea,university,1,57.5,cultural,2.1043478260869564
14,Tea,2023-06-20,57,2019-02-11,2023-01-01,True,14_Tea,university,1,57.5,sports,0.991304347826087
14,Tea,2023-06-27,61,2019-02-11,2023-01-01,True,14_Tea,university,1,57.0,convention,1.0701754385964912
14,Tea,2023-09-05,55,2019-02-11,2023-01-01,True,14_Tea,university,1,55.0,cultural,1.0
14,Tea,2024-06-25,72,2019-02-11,2023-01-01,True,14_Tea,university,1,54.0,music_festival,1.3333333333333333
14,Tea,2024-07-09,78,2019-02-11,2023-01-01,True,14_Tea,university,1,55.0,music_festival,1.4181818181818182
14,Tea,2024-08-06,59,2019-02-11,2023-01-01,True,14_Tea,university,1,54.0,food_festival,1.0925925925925926
14,Tea,2023-03-01,67,2019-02-11,2023-01-01,True,14_Tea,university,2,63.5,convention,1.0551181102362204
14,Tea,2023-06-28,84,2019-02-11,2023-01-01,True,14_Tea,university,2,61.0,market,1.3770491803278688
14,Tea,2024-03-27,141,2019-02-11,2023-01-01,True,14_Tea,university,2,55.0,food_festival,2.5636363636363635
14,Tea,2024-06-26,78,2019-02-11,2023-01-01,True,14_Tea,university,2,59.0,food_festival,1.3220338983050848
14,Tea,2023-03-23,93,2019-02-11,2023-01-01,True,14_Tea,university,3,67.0,book_fair,1.3880597014925373
14,Tea,2023-07-13,50,2019-02-11,2023-01-01,True,14_Tea,university,3,67.0,sports,0.746268656716418
14,Tea,2023-08-10,62,2019-02-11,2023-01-01,True,14_Tea,university,3,64.0,market,0.96875
14,Tea,2023-10-12,119,2019-02-11,2023-01-01,True,14_Tea,university,3,63.0,food_festival,1.8888888888888888
14,Tea,2024-01-11,131,2019-02-11,2023-01-01,True,14_Tea,university,3,60.0,market,2.183333333333333
14,Tea,2024-03-14,47,2019-02-11,2023-01-01,True,14_Tea,university,3,59.0,cultural,0.7966101694915254
14,Tea,2024-03-28,175,2019-02-11,2023-01-01,True,14_Tea,university,3,59.0,food_festival,2.9661016949152543
14,Tea,2024-06-20,95,2019-02-11,2023-01-01,True,14_Tea,university,3,59.0,concert,1.6101694915254237
14,Tea,2023-07-28,95,2019-02-11,2023-01-01,True,14_Tea,university,4,49.0,market,1.9387755102040816
14,Tea,2023-08-04,64,2019-02-11,2023-01-01,True,14_Tea,university,4,49.5,market,1.292929292929293
14,Tea,2023-08-11,130,2019-02-11,2023-01-01,True,14_Tea,university,4,50.0,market,2.6
14,Tea,2023-08-18,70,2019-02-11,2023-01-01,True,14_Tea,university,4,51.0,convention,1.3725490196078431
14,Tea,2023-09-01,98,2019-02-11,2023-01-01,True,14_Tea,university,4,51.0,concert,1.9215686274509804
14,Tea,2024-04-05,145,2019-02-11,2023-01-01,True,14_Tea,university,4,53.0,concert,2.7358490566037736
14,Tea,2024-09-13,81,2019-02-11,2023-01-01,True,14_Tea,university,4,53.5,convention,1.514018691588785
14,Tea,2023-01-28,49,2019-02-11,2023-01-01,True,14_Tea,university,5,42.0,food_festival,1.1666666666666667
14,Tea,2023-03-11,52,2019-02-11,2023-01-01,True,14_Tea,university,5,27.0,convention,1.9259259259259258
14,Tea,2023-04-29,67,2019-02-11,2023-01-01,True,14_Tea,university,5,27.5,food_festival,2.4363636363636365
14,Tea,2023-06-24,42,2019-02-11,2023-01-01,True,14_Tea,university,5,28.5,music_festival,1.4736842105263157
14,Tea,2023-09-02,37,2019-02-11,2023-01-01,True,14_Tea,university,5,27.0,sports,1.3703703703703705
14,Tea,2023-11-11,44,2019-02-11,2023-01-01,True,14_Tea,university,5,27.0,music_festival,1.6296296296296295
14,Tea,2023-12-30,45,2019-02-11,2023-01-01,True,14_Tea,university,5,27.0,market,1.6666666666666667
14,Tea,2024-01-06,48,2019-02-11,2023-01-01,True,14_Tea,university,5,27.0,sports,1.7777777777777777
14,Tea,2024-02-24,49,2019-02-11,2023-01-01,True,14_Tea,university,5,27.0,music_festival,1.8148148148148149
14,Tea,2024-03-09,52,2019-02-11,2023-01-01,True,14_Tea,university,5,27.0,music_festival,1.9259259259259258
14,Tea,2024-08-10,16,2019-02-11,2023-01-01,True,14_Tea,university,5,27.0,market,0.5925925925925926
14,Tea,2023-04-09,48,2019-02-11,2023-01-01,True,14_Tea,university,6,30.5,convention,1.5737704918032787
14,Tea,2023-07-23,29,2019-02-11,2023-01-01,True,14_Tea,university,6,29.0,food_festival,1.0
14,Tea,2023-09-17,20,2019-02-11,2023-01-01,True,14_Tea,university,6,26.0,sports,0.7692307692307693
14,Tea,2023-12-24,80,2019-02-11,2023-01-01,True,14_Tea,university,6,25.0,music_festival,3.0
14,Tea,2024-02-18,43,2019-02-11,2023-01-01,True,14_Tea,university,6,26.0,cultural,1.6538461538461537
14,Tea,2024-06-09,22,2019-02-11,2023-01-01,True,14_Tea,university,6,28.0,market,0.7857142857142857
14,Tea,2024-07-14,37,2019-02-11,2023-01-01,True,14_Tea,university,6,27.5,market,1.3454545454545455
14,Tea,2024-10-06,29,2019-02-11,2023-01-01,True,14_Tea,university,6,25.5,market,1.1372549019607843
15,Bakery,2023-03-20,76,2020-05-04,2023-01-01,True,15_Bakery,tourist,0,46.0,cultural,1.6521739130434783
15,Bakery,2023-05-29,66,2020-05-04,2023-01-01,True,15_Bakery,tourist,0,46.0,music_festival,1.434782608695652
15,Bakery,2023-07-03,25,2020-05-04,2023-01-01,True,15_Bakery,tourist,0,46.0,market,0.5434782608695652
15,Bakery,2023-11-27,42,2020-05-04,2023-01-01,True,15_Bakery,tourist,0,40.0,book_fair,1.05
15,Bakery,2024-01-01,52,2020-05-04,2023-01-01,True,15_Bakery,tourist,0,41.5,book_fair,1.2530120481927711
15,Bakery,2024-03-11,125,2020-05-04,2023-01-01,True,15_Bakery,tourist,0,42.5,food_festival,2.9411764705882355
15,Bakery,2024-04-15,77,2020-05-04,2023-01-01,True,15_Bakery,tourist,0,43.0,book_fair,1.7906976744186047
15,Bakery,2024-06-03,41,2020-05-04,2023-01-01,True,15_Bakery,tourist,0,42.5,food_festival,0.9647058823529412
15,Bakery,2024-08-05,32,2020-05-04,2023-01-01,True,15_Bakery,tourist,0,40.0,sports,0.8
15,Bakery,2024-09-30,59,2020-05-04,2023-01-01,True,15_Bakery,tourist,0,39.0,convention,1.5128205128205128
15,Bakery,2023-09-12,69,2020-05-04,2023-01-01,True,15_Bakery,tourist,1,38.0,music_festival,1.8157894736842106
15,Bakery,2023-09-19,38,2020-05-04,2023-01-01,True,15_Bakery,tourist,1,39.0,convention,0.9743589743589743
15,Bakery,2024-02-20,32,2020-05-04,2023-01-01,True,15_Bakery,tourist,1,40.0,convention,0.8
15,Bakery,2024-04-16,107,2020-05-04,2023-01-01,True,15_Bakery,tourist,1,41.0,food_festival,2.6097560975609757
15,Bakery,2024-06-18,32,2020-05-04,2023-01-01,True,15_Bakery,tourist,1,40.5,market,0.7901234567901234
15,Bakery,2023-02-22,59,2020-05-04,2023-01-01,True,15_Bakery,tourist,2,37.0,concert,1.5945945945945945
15,Bakery,2023-04-26,129,2020-05-04,2023-01-01,True,15_Bakery,tourist,2,41.5,cultural,3.0
15,Bakery,2023-07-19,24,2020-05-04,2023-01-01,True,15_Bakery,tourist,2,41.0,book_fair,0.5853658536585366
15,Bakery,2023-09-13,48,2020-05-04,2023-01-01,True,15_Bakery,tourist,2,33.5,convention,1.4328358208955223
15,Bakery,2023-09-20,78,2020-05-04,2023-01-01,True,15_Bakery,tourist,2,34.0,market,2.2941176470588234
15,Bakery,2023-10-04,88,2020-05-04,2023-01-01,True,15_Bakery,tourist,2,36.0,market,2.4444444444444446
15,Bakery,2023-10-11,43,2020-05-04,2023-01-01,True,15_Bakery,tourist,2,36.5,convention,1.178082191780822
15,Bakery,2023-10-25,99,2020-05-04,2023-01-01,True,15_Bakery,tourist,2,38.5,food_festival,2.5714285714285716
15,Bakery,2023-12-13,65,2020-05-04,2023-01-01,True,15_Bakery,tourist,2,37.0,sports,1.7567567567567568
15,Bakery,2023-12-20,52,2020-05-04,2023-01-01,True,15_Bakery,tourist,2,38.5,sports,1.3506493506493507
15,Bakery,2024-05-08,80,2020-05-04,2023-01-01,True,15_Bakery,tourist,2,42.5,food_festival,1.8823529411764706
15,Bakery,2024-06-19,54,2020-05-04,2023-01-01,True,15_Bakery,tourist,2,41.5,market,1.3012048192771084
15,Bakery,2024-07-10,37,2020-05-04,2023-01-01,True,15_Bakery,tourist,2,41.0,market,0.9024390243902439
15,Bakery,2024-10-16,49,2020-05-04,2023-01-01,True,15_Bakery,tourist,2,39.0,market,1.2564102564102564
15,Bakery,2023-04-20,66,2020-05-04,2023-01-01,True,15_Bakery,tourist,3,43.0,convention,1.5348837209302326
15,Bakery,2023-07-27,62,2020-05-04,2023-01-01,True,15_Bakery,tourist,3,40.0,food_festival,1.55
15,Bakery,2023-09-21,97,2020-05-04,2023-01-01,True,15_Bakery,tourist,3,40.0,food_festival,2.425
15,Bakery,2023-09-28,37,2020-05-04,2023-01-01,True,15_Bakery,tourist,3,41.0,convention,0.9024390243902439
15,Bakery,2023-11-23,63,2020-05-04,2023-01-01,True,15_Bakery,tourist,3,41.0,market,1.5365853658536586
15,Bakery,2023-12-07,59,2020-05-04,2023-01-01,True,15_Bakery,tourist,3,42.5,book_fair,1.388235294117647
15,Bakery,2024-01-04,61,2020-05-04,2023-01-01,True,15_Bakery,tourist,3,43.5,concert,1.4022988505747127
15,Bakery,2024-02-01,59,2020-05-04,2023-01-01,True,15_Bakery,tourist,3,44.0,convention,1.3409090909090908
15,Bakery,2024-03-07,33,2020-05-04,2023-01-01,True,15_Bakery,tourist,3,44.0,book_fair,0.75
15,Bakery,2024-05-02,24,2020-05-04,2023-01-01,True,15_Bakery,tourist,3,44.0,book_fair,0.5454545454545454
15,Bakery,2024-05-23,100,2020-05-04,2023-01-01,True,15_Bakery,tourist,3,44.5,music_festival,2.247191011235955
15,Bakery,2024-05-30,47,2020-05-04,2023-01-01,True,15_Bakery,tourist,3,45.0,market,1.0444444444444445
15,Bakery,2024-07-25,43,2020-05-04,2023-01-01,True,15_Bakery,tourist,3,44.0,sports,0.9772727272727273
15,Bakery,2024-08-01,41,2020-05-04,2023-01-01,True,15_Bakery,tourist,3,44.0,market,0.9318181818181818
15,Bakery,2024-08-22,48,2020-05-04,2023-01-01,True,15_Bakery,tourist,3,43.0,book_fair,1.1162790697674418
15,Bakery,2024-08-22,48,2020-05-04,2023-01-01,True,15_Bakery,tourist,3,43.0,music_festival,1.1162790697674418
15,Bakery,2024-08-29,47,2020-05-04,2023-01-01,True,15_Bakery,tourist,3,43.5,cultural,1.0804597701149425
15,Bakery,2023-01-13,73,2020-05-04,2023-01-01,True,15_Bakery,tourist,4,43.0,cultural,1.697674418604651
15,Bakery,2023-03-24,51,2020-05-04,2023-01-01,True,15_Bakery,tourist,4,41.0,cultural,1.2439024390243902
15,Bakery,2023-06-09,35,2020-05-04,2023-01-01,True,15_Bakery,tourist,4,41.0,music_festival,0.8536585365853658
15,Bakery,2023-08-18,76,2020-05-04,2023-01-01,True,15_Bakery,tourist,4,37.5,food_festival,2.026666666666667
15,Bakery,2023-11-17,21,2020-05-04,2023-01-01,True,15_Bakery,tourist,4,37.0,book_fair,0.5675675675675675
15,Bakery,2024-02-02,90,2020-05-04,2023-01-01,True,15_Bakery,tourist,4,37.5,food_festival,2.4
15,Bakery,2024-04-05,75,2020-05-04,2023-01-01,True,15_Bakery,tourist,4,38.0,market,1.9736842105263157
15,Bakery,2024-04-26,80,2020-05-04,2023-01-01,True,15_Bakery,tourist,4,38.0,concert,2.1052631578947367
15,Bakery,2024-05-03,54,2020-05-04,2023-01-01,True,15_Bakery,tourist,4,38.0,concert,1.4210526315789473
15,Bakery,2024-05-10,40,2020-05-04,2023-01-01,True,15_Bakery,tourist,4,38.0,sports,1.0526315789473684
15,Bakery,2024-09-13,44,2020-05-04,2023-01-01,True,15_Bakery,tourist,4,37.0,cultural,1.1891891891891893
15,Bakery,2023-03-25,59,2020-05-04,2023-01-01,True,15_Bakery,tourist,5,58.0,convention,1.0172413793103448
15,Bakery,2023-05-20,68,2020-05-04,2023-01-01,True,15_Bakery,tourist,5,58.0,sports,1.1724137931034482
15,Bakery,2023-08-19,131,2020-05-04,2023-01-01,True,15_Bakery,tourist,5,55.0,food_festival,2.381818181818182
15,Bakery,2024-01-06,125,2020-05-04,2023-01-01,True,15_Bakery,tourist,5,55.0,sports,2.272727272727273
15,Bakery,2024-01-06,125,2020-05-04,2023-01-01,True,15_Bakery,tourist,5,55.0,convention,2.272727272727273
15,Bakery,2024-02-03,79,2020-05-04,2023-01-01,True,15_Bakery,tourist,5,55.5,cultural,1.4234234234234233
15,Bakery,2024-06-29,69,2020-05-04,2023-01-01,True,15_Bakery,tourist,5,58.0,market,1.1896551724137931
15,Bakery,2024-09-14,116,2020-05-04,2023-01-01,True,15_Bakery,tourist,5,55.0,food_festival,2.109090909090909
15,Bakery,2024-10-05,133,2020-05-04,2023-01-01,True,15_Bakery,tourist,5,56.0,cultural,2.375
15,Bakery,2023-05-07,152,2020-05-04,2023-01-01,True,15_Bakery,tourist,6,66.0,cultural,2.303030303030303
15,Bakery,2023-06-18,52,2020-05-04,2023-01-01,True,15_Bakery,tourist,6,58.0,convention,0.896551724137931
15,Bakery,2023-06-25,28,2020-05-04,2023-01-01,True,15_Bakery,tourist,6,54.0,book_fair,0.5185185185185185
15,Bakery,2023-08-13,113,2020-05-04,2023-01-01,True,15_Bakery,tourist,6,49.0,cultural,2.306122448979592
15,Bakery,2023-10-22,72,2020-05-04,2023-01-01,True,15_Bakery,tourist,6,49.0,cultural,1.469387755102041
15,Bakery,2023-12-10,365,2020-05-04,2023-01-01,True,15_Bakery,tourist,6,49.0,food_festival,3.0
15,Bakery,2024-09-08,51,2020-05-04,2023-01-01,True,15_Bakery,tourist,6,50.5,market,1.00990099009901
15,Chocolate & Milk,2023-03-20,41,2020-05-04,2023-01-01,True,15_Chocolate-Milk,tourist,0,25.0,cultural,1.64
15,Chocolate & Milk,2023-05-29,36,2020-05-04,2023-01-01,True,15_Chocolate-Milk,tourist,0,25.0,music_festival,1.44
15,Chocolate & Milk,2023-07-03,23,2020-05-04,2023-01-01,True,15_Chocolate-Milk,tourist,0,24.5,market,0.9387755102040817
15,Chocolate & Milk,2023-11-27,25,2020-05-04,2023-01-01,True,15_Chocolate-Milk,tourist,0,23.0,book_fair,1.0869565217391304
15,Chocolate & Milk,2024-01-01,26,2020-05-04,2023-01-01,True,15_Chocolate-Milk,tourist,0,24.0,book_fair,1.0833333333333333
15,Chocolate & Milk,2024-03-11,87,2020-05-04,2023-01-01,True,15_Chocolate-Milk,tourist,0,24.0,food_festival,3.0
15,Chocolate & Milk,2024-04-15,43,2020-05-04,2023-01-01,True,15_Chocolate-Milk,tourist,0,24.0,book_fair,1.7916666666666667
15,Chocolate & Milk,2024-06-03,30,2020-05-04,2023-01-01,True,15_Chocolate-Milk,tourist,0,24.5,food_festival,1.2244897959183674
15,Chocolate & Milk,2024-08-05,22,2020-05-04,2023-01-01,True,15_Chocolate-Milk,tourist,0,24.0,sports,0.9166666666666666
15,Chocolate & Milk,2024-09-30,44,2020-05-04,2023-01-01,True,15_Chocolate-Milk,tourist,0,24.0,convention,1.8333333333333333
15,Chocolate & Milk,2023-09-12,44,2020-05-04,2023-01-01,True,15_Chocolate-Milk,tourist,1,21.0,music_festival,2.0952380952380953
15,Chocolate & Milk,2023-09-19,21,2020-05-04,2023-01-01,True,15_Chocolate-Milk,tourist,1,21.0,convention,1.0
15,Chocolate & Milk,2024-02-20,26,2020-05-04,2023-01-01,True,15_Chocolate-Milk,tourist,1,23.0,convention,1.1304347826086956
15,Chocolate & Milk,2024-04-16,76,2020-05-04,2023-01-01,True,15_Chocolate-Milk,tourist,1,26.0,food_festival,2.923076923076923
15,Chocolate & Milk,2024-06-18,27,2020-05-04,2023-01-01,True,15_Chocolate-Milk,tourist,1,26.0,market,1.0384615384615385
15,Chocolate & Milk,2023-02-22,38,2020-05-04,2023-01-01,True,15_Chocolate-Milk,tourist,2,22.0,concert,1.7272727272727273
15,Chocolate & Milk,2023-04-26,75,2020-05-04,2023-01-01,True,15_Chocolate-Milk,tourist,2,27.5,cultural,2.727272727272727
15,Chocolate & Milk,2023-07-19,16,2020-05-04,2023-01-01,True,15_Chocolate-Milk,tourist,2,25.0,book_fair,0.64
15,Chocolate & Milk,2023-09-13,29,2020-05-04,2023-01-01,True,15_Chocolate-Milk,tourist,2,22.5,convention,1.288888888888889
15,Chocolate & Milk,2023-09-20,34,2020-05-04,2023-01-01,True,15_Chocolate-Milk,tourist,2,23.0,market,1.4782608695652173
15,Chocolate & Milk,2023-10-04,39,2020-05-04,2023-01-01,True,15_Chocolate-Milk,tourist,2,23.0,market,1.6956521739130435
15,Chocolate & Milk,2023-10-11,28,2020-05-04,2023-01-01,True,15_Chocolate-Milk,tourist,2,23.5,convention,1.1914893617021276
15,Chocolate & Milk,2023-10-25,51,2020-05-04,2023-01-01,True,15_Chocolate-Milk,tourist,2,24.0,food_festival,2.125
15,Chocolate & Milk,2023-12-13,56,2020-05-04,2023-01-01,True,15_Chocolate-Milk,tourist,2,24.0,sports,2.3333333333333335
15,Chocolate & Milk,2023-12-20,29,2020-05-04,2023-01-01,True,15_Chocolate-Milk,tourist,2,24.5,sports,1.183673469387755
15,Chocolate & Milk,2024-05-08,57,2020-05-04,2023-01-01,True,15_Chocolate-Milk,tourist,2,26.0,food_festival,2.1923076923076925
15,Chocolate & Milk,2024-06-19,30,2020-05-04,2023-01-01,True,15_Chocolate-Milk,tourist,2,26.0,market,1.1538461538461537
15,Chocolate & Milk,2024-07-10,22,2020-05-04,2023-01-01,True,15_Chocolate-Milk,tourist,2,26.0,market,0.8461538461538461
15,Chocolate & Milk,2024-10-16,34,2020-05-04,2023-01-01,True,15_Chocolate-Milk,tourist,2,25.0,market,1.36
15,Chocolate & Milk,2023-04-20,21,2020-05-04,2023-01-01,True,15_Chocolate-Milk,tourist,3,25.0,convention,0.84
15,Chocolate & Milk,2023-07-27,28,2020-05-04,2023-01-01,True,15_Chocolate-Milk,tourist,3,25.0,food_festival,1.12
15,Chocolate & Milk,2023-09-21,46,2020-05-04,2023-01-01,True,15_Chocolate-Milk,tourist,3,24.0,food_festival,1.9166666666666667
15,Chocolate & Milk,2023-09-28,33,2020-05-04,2023-01-01,True,15_Chocolate-Milk,tourist,3,24.0,convention,1.375
15,Chocolate & Milk,2023-11-23,46,2020-05-04,2023-01-01,True,15_Chocolate-Milk,tourist,3,24.0,market,1.9166666666666667
15,Chocolate & Milk,2023-12-07,30,2020-05-04,2023-01-01,True,15_Chocolate-Milk,tourist,3,24.5,book_fair,1.2244897959183674
15,Chocolate & Milk,2024-01-04,35,2020-05-04,2023-01-01,True,15_Chocolate-Milk,tourist,3,24.5,concert,1.4285714285714286
15,Chocolate & Milk,2024-02-01,34,2020-05-04,2023-01-01,True,15_Chocolate-Milk,tourist,3,25.0,convention,1.36
15,Chocolate & Milk,2024-03-07,19,2020-05-04,2023-01-01,True,15_Chocolate-Milk,tourist,3,25.0,book_fair,0.76
15,Chocolate & Milk,2024-05-02,19,2020-05-04,2023-01-01,True,15_Chocolate-Milk,tourist,3,25.0,book_fair,0.76
15,Chocolate & Milk,2024-05-23,84,2020-05-04,2023-01-01,True,15_Chocolate-Milk,tourist,3,25.0,music_festival,3.0
15,Chocolate & Milk,2024-05-30,40,2020-05-04,2023-01-01,True,15_Chocolate-Milk,tourist,3,25.0,market,1.6
15,Chocolate & Milk,2024-07-25,22,2020-05-04,2023-01-01,True,15_Chocolate-Milk,tourist,3,24.0,sports,0.9166666666666666
15,Chocolate & Milk,2024-08-01,21,2020-05-04,2023-01-01,True,15_Chocolate-Milk,tourist,3,24.0,market,0.875
15,Chocolate & Milk,2024-08-22,39,2020-05-04,2023-01-01,True,15_Chocolate-Milk,tourist,3,24.0,book_fair,1.625
15,Chocolate & Milk,2024-08-22,39,2020-05-04,2023-01-01,True,15_Chocolate-Milk,tourist,3,24.0,music_festival,1.625
15,Chocolate & Milk,2024-08-29,24,2020-05-04,2023-01-01,True,15_Chocolate-Milk,tourist,3,24.0,cultural,1.0
15,Chocolate & Milk,2023-01-13,41,2020-05-04,2023-01-01,True,15_Chocolate-Milk,tourist,4,24.0,cultural,1.7083333333333333
15,Chocolate & Milk,2023-03-24,41,2020-05-04,2023-01-01,True,15_Chocolate-Milk,tourist,4,31.0,cultural,1.3225806451612903
15,Chocolate & Milk,2023-06-09,33,2020-05-04,2023-01-01,True,15_Chocolate-Milk,tourist,4,29.0,music_festival,1.1379310344827587
15,Chocolate & Milk,2023-08-18,54,2020-05-04,2023-01-01,True,15_Chocolate-Milk,tourist,4,23.5,food_festival,2.297872340425532
15,Chocolate & Milk,2023-11-17,21,2020-05-04,2023-01-01,True,15_Chocolate-Milk,tourist,4,24.0,book_fair,0.875
15,Chocolate & Milk,2024-02-02,31,2020-05-04,2023-01-01,True,15_Chocolate-Milk,tourist,4,24.5,food_festival,1.2653061224489797
15,Chocolate & Milk,2024-04-05,30,2020-05-04,2023-01-01,True,15_Chocolate-Milk,tourist,4,25.0,market,1.2
15,Chocolate & Milk,2024-04-26,68,2020-05-04,2023-01-01,True,15_Chocolate-Milk,tourist,4,26.0,concert,2.6153846153846154
15,Chocolate & Milk,2024-05-03,27,2020-05-04,2023-01-01,True,15_Chocolate-Milk,tourist,4,26.0,concert,1.0384615384615385
15,Chocolate & Milk,2024-05-10,27,2020-05-04,2023-01-01,True,15_Chocolate-Milk,tourist,4,26.0,sports,1.0384615384615385
15,Chocolate & Milk,2024-09-13,21,2020-05-04,2023-01-01,True,15_Chocolate-Milk,tourist,4,24.0,cultural,0.875
15,Chocolate & Milk,2023-03-25,33,2020-05-04,2023-01-01,True,15_Chocolate-Milk,tourist,5,35.0,convention,0.9428571428571428
15,Chocolate & Milk,2023-05-20,43,2020-05-04,2023-01-01,True,15_Chocolate-Milk,tourist,5,35.0,sports,1.2285714285714286
15,Chocolate & Milk,2023-08-19,80,2020-05-04,2023-01-01,True,15_Chocolate-Milk,tourist,5,33.0,food_festival,2.4242424242424243
15,Chocolate & Milk,2024-01-06,67,2020-05-04,2023-01-01,True,15_Chocolate-Milk,tourist,5,33.5,sports,2.0
15,Chocolate & Milk,2024-01-06,67,2020-05-04,2023-01-01,True,15_Chocolate-Milk,tourist,5,33.5,convention,2.0
15,Chocolate & Milk,2024-02-03,42,2020-05-04,2023-01-01,True,15_Chocolate-Milk,tourist,5,34.0,cultural,1.2352941176470589
15,Chocolate & Milk,2024-06-29,43,2020-05-04,2023-01-01,True,15_Chocolate-Milk,tourist,5,34.0,market,1.2647058823529411
15,Chocolate & Milk,2024-09-14,85,2020-05-04,2023-01-01,True,15_Chocolate-Milk,tourist,5,33.0,food_festival,2.5757575757575757
15,Chocolate & Milk,2024-10-05,83,2020-05-04,2023-01-01,True,15_Chocolate-Milk,tourist,5,34.0,cultural,2.4411764705882355
15,Chocolate & Milk,2023-05-07,82,2020-05-04,2023-01-01,True,15_Chocolate-Milk,tourist,6,48.0,cultural,1.7083333333333333
15,Chocolate & Milk,2023-06-18,38,2020-05-04,2023-01-01,True,15_Chocolate-Milk,tourist,6,43.5,convention,0.8735632183908046
15,Chocolate & Milk,2023-06-25,18,2020-05-04,2023-01-01,True,15_Chocolate-Milk,tourist,6,42.0,book_fair,0.42857142857142855
15,Chocolate & Milk,2023-08-13,68,2020-05-04,2023-01-01,True,15_Chocolate-Milk,tourist,6,36.0,cultural,1.8888888888888888
15,Chocolate & Milk,2023-10-22,42,2020-05-04,2023-01-01,True,15_Chocolate-Milk,tourist,6,35.0,cultural,1.2
15,Chocolate & Milk,2023-12-10,231,2020-05-04,2023-01-01,True,15_Chocolate-Milk,tourist,6,35.0,food_festival,3.0
15,Chocolate & Milk,2024-09-08,24,2020-05-04,2023-01-01,True,15_Chocolate-Milk,tourist,6,34.5,market,0.6956521739130435
15,Coffee,2023-03-20,222,2020-05-04,2023-01-01,True,15_Coffee,tourist,0,180.0,cultural,1.2333333333333334
15,Coffee,2023-05-29,282,2020-05-04,2023-01-01,True,15_Coffee,tourist,0,188.0,music_festival,1.5
15,Coffee,2023-07-03,171,2020-05-04,2023-01-01,True,15_Coffee,tourist,0,186.5,market,0.9168900804289544
15,Coffee,2023-11-27,170,2020-05-04,2023-01-01,True,15_Coffee,tourist,0,154.0,book_fair,1.103896103896104
15,Coffee,2024-01-01,210,2020-05-04,2023-01-01,True,15_Coffee,tourist,0,161.5,book_fair,1.3003095975232197
15,Coffee,2024-03-11,594,2020-05-04,2023-01-01,True,15_Coffee,tourist,0,166.0,food_festival,3.0
15,Coffee,2024-04-15,281,2020-05-04,2023-01-01,True,15_Coffee,tourist,0,169.0,book_fair,1.6627218934911243
15,Coffee,2024-06-03,235,2020-05-04,2023-01-01,True,15_Coffee,tourist,0,169.5,food_festival,1.3864306784660767
15,Coffee,2024-08-05,87,2020-05-04,2023-01-01,True,15_Coffee,tourist,0,158.0,sports,0.5506329113924051
15,Coffee,2024-09-30,327,2020-05-04,2023-01-01,True,15_Coffee,tourist,0,156.0,convention,2.0961538461538463
15,Coffee,2023-09-12,314,2020-05-04,2023-01-01,True,15_Coffee,tourist,1,160.0,music_festival,1.9625
15,Coffee,2023-09-19,142,2020-05-04,2023-01-01,True,15_Coffee,tourist,1,163.0,convention,0.8711656441717791
15,Coffee,2024-02-20,157,2020-05-04,2023-01-01,True,15_Coffee,tourist,1,166.0,convention,0.9457831325301205
15,Coffee,2024-04-16,534,2020-05-04,2023-01-01,True,15_Coffee,tourist,1,167.0,food_festival,3.0
15,Coffee,2024-06-18,112,2020-05-04,2023-01-01,True,15_Coffee,tourist,1,166.5,market,0.6726726726726727
15,Coffee,2023-02-22,237,2020-05-04,2023-01-01,True,15_Coffee,tourist,2,157.0,concert,1.5095541401273886
15,Coffee,2023-04-26,430,2020-05-04,2023-01-01,True,15_Coffee,tourist,2,166.5,cultural,2.5825825825825826
15,Coffee,2023-07-19,111,2020-05-04,2023-01-01,True,15_Coffee,tourist,2,162.5,book_fair,0.683076923076923
15,Coffee,2023-09-13,204,2020-05-04,2023-01-01,True,15_Coffee,tourist,2,153.0,convention,1.3333333333333333
15,Coffee,2023-09-20,288,2020-05-04,2023-01-01,True,15_Coffee,tourist,2,153.0,market,1.8823529411764706
15,Coffee,2023-10-04,311,2020-05-04,2023-01-01,True,15_Coffee,tourist,2,153.0,market,2.0326797385620914
15,Coffee,2023-10-11,213,2020-05-04,2023-01-01,True,15_Coffee,tourist,2,153.5,convention,1.3876221498371335
15,Coffee,2023-10-25,346,2020-05-04,2023-01-01,True,15_Coffee,tourist,2,155.5,food_festival,2.22508038585209
15,Coffee,2023-12-13,404,2020-05-04,2023-01-01,True,15_Coffee,tourist,2,161.0,sports,2.5093167701863353
15,Coffee,2023-12-20,210,2020-05-04,2023-01-01,True,15_Coffee,tourist,2,162.5,sports,1.2923076923076924
15,Coffee,2024-05-08,385,2020-05-04,2023-01-01,True,15_Coffee,tourist,2,165.0,food_festival,2.3333333333333335
15,Coffee,2024-06-19,191,2020-05-04,2023-01-01,True,15_Coffee,tourist,2,166.0,market,1.1506024096385543
15,Coffee,2024-07-10,134,2020-05-04,2023-01-01,True,15_Coffee,tourist,2,166.0,market,0.8072289156626506
15,Coffee,2024-10-16,214,2020-05-04,2023-01-01,True,15_Coffee,tourist,2,157.0,market,1.3630573248407643
15,Coffee,2023-04-20,234,2020-05-04,2023-01-01,True,15_Coffee,tourist,3,165.0,convention,1.4181818181818182
15,Coffee,2023-07-27,200,2020-05-04,2023-01-01,True,15_Coffee,tourist,3,165.0,food_festival,1.2121212121212122
15,Coffee,2023-09-21,284,2020-05-04,2023-01-01,True,15_Coffee,tourist,3,165.0,food_festival,1.7212121212121212
15,Coffee,2023-09-28,189,2020-05-04,2023-01-01,True,15_Coffee,tourist,3,165.0,convention,1.1454545454545455
15,Coffee,2023-11-23,258,2020-05-04,2023-01-01,True,15_Coffee,tourist,3,163.5,market,1.5779816513761469
15,Coffee,2023-12-07,222,2020-05-04,2023-01-01,True,15_Coffee,tourist,3,165.0,book_fair,1.3454545454545455
15,Coffee,2024-01-04,256,2020-05-04,2023-01-01,True,15_Coffee,tourist,3,166.0,concert,1.5421686746987953
15,Coffee,2024-02-01,221,2020-05-04,2023-01-01,True,15_Coffee,tourist,3,170.0,convention,1.3
15,Coffee,2024-03-07,128,2020-05-04,2023-01-01,True,15_Coffee,tourist,3,169.0,book_fair,0.757396449704142
15,Coffee,2024-05-02,103,2020-05-04,2023-01-01,True,15_Coffee,tourist,3,173.0,book_fair,0.5953757225433526
15,Coffee,2024-05-23,444,2020-05-04,2023-01-01,True,15_Coffee,tourist,3,172.0,music_festival,2.5813953488372094
15,Coffee,2024-05-30,239,2020-05-04,2023-01-01,True,15_Coffee,tourist,3,173.0,market,1.3815028901734103
15,Coffee,2024-07-25,140,2020-05-04,2023-01-01,True,15_Coffee,tourist,3,167.0,sports,0.8383233532934131
15,Coffee,2024-08-01,218,2020-05-04,2023-01-01,True,15_Coffee,tourist,3,166.0,market,1.3132530120481927
15,Coffee,2024-08-22,200,2020-05-04,2023-01-01,True,15_Coffee,tourist,3,165.0,book_fair,1.2121212121212122
15,Coffee,2024-08-22,200,2020-05-04,2023-01-01,True,15_Coffee,tourist,3,165.0,music_festival,1.2121212121212122
15,Coffee,2024-08-29,186,2020-05-04,2023-01-01,True,15_Coffee,tourist,3,166.0,cultural,1.1204819277108433
15,Coffee,2023-01-13,280,2020-05-04,2023-01-01,True,15_Coffee,tourist,4,183.0,cultural,1.530054644808743
15,Coffee,2023-03-24,254,2020-05-04,2023-01-01,True,15_Coffee,tourist,4,190.0,cultural,1.3368421052631578
15,Coffee,2023-06-09,191,2020-05-04,2023-01-01,True,15_Coffee,tourist,4,179.0,music_festival,1.0670391061452513
15,Coffee,2023-08-18,374,2020-05-04,2023-01-01,True,15_Coffee,tourist,4,164.0,food_festival,2.2804878048780486
15,Coffee,2023-11-17,110,2020-05-04,2023-01-01,True,15_Coffee,tourist,4,154.0,book_fair,0.7142857142857143
15,Coffee,2024-02-02,331,2020-05-04,2023-01-01,True,15_Coffee,tourist,4,164.0,food_festival,2.018292682926829
15,Coffee,2024-04-05,317,2020-05-04,2023-01-01,True,15_Coffee,tourist,4,171.0,market,1.8538011695906433
15,Coffee,2024-04-26,350,2020-05-04,2023-01-01,True,15_Coffee,tourist,4,172.5,concert,2.028985507246377
15,Coffee,2024-05-03,288,2020-05-04,2023-01-01,True,15_Coffee,tourist,4,174.0,concert,1.6551724137931034
15,Coffee,2024-05-10,184,2020-05-04,2023-01-01,True,15_Coffee,tourist,4,175.0,sports,1.0514285714285714
15,Coffee,2024-09-13,199,2020-05-04,2023-01-01,True,15_Coffee,tourist,4,156.0,cultural,1.2756410256410255
15,Coffee,2023-03-25,274,2020-05-04,2023-01-01,True,15_Coffee,tourist,5,277.0,convention,0.9891696750902527
15,Coffee,2023-05-20,253,2020-05-04,2023-01-01,True,15_Coffee,tourist,5,271.0,sports,0.933579335793358
15,Coffee,2023-08-19,467,2020-05-04,2023-01-01,True,15_Coffee,tourist,5,218.0,food_festival,2.1422018348623855
15,Coffee,2024-01-06,504,2020-05-04,2023-01-01,True,15_Coffee,tourist,5,213.0,sports,2.3661971830985915
15,Coffee,2024-01-06,504,2020-05-04,2023-01-01,True,15_Coffee,tourist,5,213.0,convention,2.3661971830985915
15,Coffee,2024-02-03,344,2020-05-04,2023-01-01,True,15_Coffee,tourist,5,216.0,cultural,1.5925925925925926
15,Coffee,2024-06-29,308,2020-05-04,2023-01-01,True,15_Coffee,tourist,5,223.0,market,1.3811659192825112
15,Coffee,2024-09-14,516,2020-05-04,2023-01-01,True,15_Coffee,tourist,5,213.5,food_festival,2.4168618266978923
15,Coffee,2024-10-05,522,2020-05-04,2023-01-01,True,15_Coffee,tourist,5,218.0,cultural,2.3944954128440368
15,Coffee,2023-05-07,639,2020-05-04,2023-01-01,True,15_Coffee,tourist,6,235.5,cultural,2.713375796178344
15,Coffee,2023-06-18,300,2020-05-04,2023-01-01,True,15_Coffee,tourist,6,220.0,convention,1.3636363636363635
15,Coffee,2023-06-25,119,2020-05-04,2023-01-01,True,15_Coffee,tourist,6,221.0,book_fair,0.5384615384615384
15,Coffee,2023-08-13,466,2020-05-04,2023-01-01,True,15_Coffee,tourist,6,213.0,cultural,2.187793427230047
15,Coffee,2023-10-22,330,2020-05-04,2023-01-01,True,15_Coffee,tourist,6,213.0,cultural,1.5492957746478873
15,Coffee,2023-12-10,1446,2020-05-04,2023-01-01,True,15_Coffee,tourist,6,214.0,food_festival,3.0
15,Coffee,2024-09-08,213,2020-05-04,2023-01-01,True,15_Coffee,tourist,6,214.0,market,0.9953271028037384
15,Juice & Smoothie,2023-03-20,14,2020-05-04,2023-01-01,True,15_Juice-Smoothie,tourist,0,12.0,cultural,1.1666666666666667
15,Juice & Smoothie,2023-05-29,32,2020-05-04,2023-01-01,True,15_Juice-Smoothie,tourist,0,14.0,music_festival,2.2857142857142856
15,Juice & Smoothie,2023-07-03,16,2020-05-04,2023-01-01,True,15_Juice-Smoothie,tourist,0,14.0,market,1.1428571428571428
15,Juice & Smoothie,2023-11-27,19,2020-05-04,2023-01-01,True,15_Juice-Smoothie,tourist,0,14.0,book_fair,1.3571428571428572
15,Juice & Smoothie,2024-01-01,3,2020-05-04,2023-01-01,True,15_Juice-Smoothie,tourist,0,14.5,book_fair,0.25
15,Juice & Smoothie,2024-03-11,63,2020-05-04,2023-01-01,True,15_Juice-Smoothie,tourist,0,14.0,food_festival,3.0
15,Juice & Smoothie,2024-04-15,10,2020-05-04,2023-01-01,True,15_Juice-Smoothie,tourist,0,15.0,book_fair,0.6666666666666666
15,Juice & Smoothie,2024-06-03,29,2020-05-04,2023-01-01,True,15_Juice-Smoothie,tourist,0,14.5,food_festival,2.0
15,Juice & Smoothie,2024-08-05,13,2020-05-04,2023-01-01,True,15_Juice-Smoothie,tourist,0,14.0,sports,0.9285714285714286
15,Juice & Smoothie,2024-09-30,34,2020-05-04,2023-01-01,True,15_Juice-Smoothie,tourist,0,14.0,convention,2.4285714285714284
15,Juice & Smoothie,2023-09-12,37,2020-05-04,2023-01-01,True,15_Juice-Smoothie,tourist,1,13.0,music_festival,2.8461538461538463
15,Juice & Smoothie,2023-09-19,18,2020-05-04,2023-01-01,True,15_Juice-Smoothie,tourist,1,13.0,convention,1.3846153846153846
15,Juice & Smoothie,2024-02-20,11,2020-05-04,2023-01-01,True,15_Juice-Smoothie,tourist,1,13.0,convention,0.8461538461538461
15,Juice & Smoothie,2024-04-16,69,2020-05-04,2023-01-01,True,15_Juice-Smoothie,tourist,1,14.0,food_festival,3.0
15,Juice & Smoothie,2024-06-18,9,2020-05-04,2023-01-01,True,15_Juice-Smoothie,tourist,1,13.5,market,0.6666666666666666
15,Juice & Smoothie,2023-02-22,35,2020-05-04,2023-01-01,True,15_Juice-Smoothie,tourist,2,15.0,concert,2.3333333333333335
15,Juice & Smoothie,2023-04-26,52,2020-05-04,2023-01-01,True,15_Juice-Smoothie,tourist,2,16.0,cultural,3.0
15,Juice & Smoothie,2023-07-19,12,2020-05-04,2023-01-01,True,15_Juice-Smoothie,tourist,2,13.0,book_fair,0.9230769230769231
15,Juice & Smoothie,2023-09-13,22,2020-05-04,2023-01-01,True,15_Juice-Smoothie,tourist,2,12.0,convention,1.8333333333333333
15,Juice & Smoothie,2023-09-20,19,2020-05-04,2023-01-01,True,15_Juice-Smoothie,tourist,2,12.0,market,1.5833333333333333
15,Juice & Smoothie,2023-10-04,32,2020-05-04,2023-01-01,True,15_Juice-Smoothie,tourist,2,13.0,market,2.4615384615384617
15,Juice & Smoothie,2023-10-11,11,2020-05-04,2023-01-01,True,15_Juice-Smoothie,tourist,2,13.0,convention,0.8461538461538461
15,Juice & Smoothie,2023-10-25,34,2020-05-04,2023-01-01,True,15_Juice-Smoothie,tourist,2,13.0,food_festival,2.6153846153846154
15,Juice & Smoothie,2023-12-13,24,2020-05-04,2023-01-01,True,15_Juice-Smoothie,tourist,2,13.0,sports,1.8461538461538463
15,Juice & Smoothie,2023-12-20,19,2020-05-04,2023-01-01,True,15_Juice-Smoothie,tourist,2,13.0,sports,1.4615384615384615
15,Juice & Smoothie,2024-05-08,38,2020-05-04,2023-01-01,True,15_Juice-Smoothie,tourist,2,16.0,food_festival,2.375
15,Juice & Smoothie,2024-06-19,17,2020-05-04,2023-01-01,True,15_Juice-Smoothie,tourist,2,16.0,market,1.0625
15,Juice & Smoothie,2024-07-10,11,2020-05-04,2023-01-01,True,15_Juice-Smoothie,tourist,2,16.0,market,0.6875
15,Juice & Smoothie,2024-10-16,16,2020-05-04,2023-01-01,True,15_Juice-Smoothie,tourist,2,15.0,market,1.0666666666666667
15,Juice & Smoothie,2023-04-20,26,2020-05-04,2023-01-01,True,15_Juice-Smoothie,tourist,3,19.0,convention,1.368421052631579
15,Juice & Smoothie,2023-07-27,27,2020-05-04,2023-01-01,True,15_Juice-Smoothie,tourist,3,17.0,food_festival,1.588235294117647
15,Juice & Smoothie,2023-09-21,44,2020-05-04,2023-01-01,True,15_Juice-Smoothie,tourist,3,17.0,food_festival,2.588235294117647
15,Juice & Smoothie,2023-09-28,16,2020-05-04,2023-01-01,True,15_Juice-Smoothie,tourist,3,17.0,convention,0.9411764705882353
15,Juice & Smoothie,2023-11-23,26,2020-05-04,2023-01-01,True,15_Juice-Smoothie,tourist,3,16.0,market,1.625
15,Juice & Smoothie,2023-12-07,5,2020-05-04,2023-01-01,True,15_Juice-Smoothie,tourist,3,16.5,book_fair,0.30303030303030304
15,Juice & Smoothie,2024-01-04,30,2020-05-04,2023-01-01,True,15_Juice-Smoothie,tourist,3,16.0,concert,1.875
15,Juice & Smoothie,2024-02-01,28,2020-05-04,2023-01-01,True,15_Juice-Smoothie,tourist,3,17.0,convention,1.6470588235294117
15,Juice & Smoothie,2024-03-07,15,2020-05-04,2023-01-01,True,15_Juice-Smoothie,tourist,3,17.0,book_fair,0.8823529411764706
15,Juice & Smoothie,2024-05-02,9,2020-05-04,2023-01-01,True,15_Juice-Smoothie,tourist,3,16.0,book_fair,0.5625
15,Juice & Smoothie,2024-05-23,37,2020-05-04,2023-01-01,True,15_Juice-Smoothie,tourist,3,16.0,music_festival,2.3125
15,Juice & Smoothie,2024-05-30,17,2020-05-04,2023-01-01,True,15_Juice-Smoothie,tourist,3,16.0,market,1.0625
15,Juice & Smoothie,2024-07-25,21,2020-05-04,2023-01-01,True,15_Juice-Smoothie,tourist,3,16.0,sports,1.3125
15,Juice & Smoothie,2024-08-01,22,2020-05-04,2023-01-01,True,15_Juice-Smoothie,tourist,3,16.0,market,1.375
15,Juice & Smoothie,2024-08-22,17,2020-05-04,2023-01-01,True,15_Juice-Smoothie,tourist,3,16.0,book_fair,1.0625
15,Juice & Smoothie,2024-08-22,17,2020-05-04,2023-01-01,True,15_Juice-Smoothie,tourist,3,16.0,music_festival,1.0625
15,Juice & Smoothie,2024-08-29,19,2020-05-04,2023-01-01,True,15_Juice-Smoothie,tourist,3,16.0,cultural,1.1875
15,Juice & Smoothie,2023-01-13,31,2020-05-04,2023-01-01,True,15_Juice-Smoothie,tourist,4,15.0,cultural,2.066666666666667
15,Juice & Smoothie,2023-03-24,24,2020-05-04,2023-01-01,True,15_Juice-Smoothie,tourist,4,16.0,cultural,1.5
15,Juice & Smoothie,2023-06-09,17,2020-05-04,2023-01-01,True,15_Juice-Smoothie,tourist,4,16.5,music_festival,1.0303030303030303
15,Juice & Smoothie,2023-08-18,37,2020-05-04,2023-01-01,True,15_Juice-Smoothie,tourist,4,15.0,food_festival,2.466666666666667
15,Juice & Smoothie,2023-11-17,7,2020-05-04,2023-01-01,True,15_Juice-Smoothie,tourist,4,15.0,book_fair,0.4666666666666667
15,Juice & Smoothie,2024-02-02,26,2020-05-04,2023-01-01,True,15_Juice-Smoothie,tourist,4,15.0,food_festival,1.7333333333333334
15,Juice & Smoothie,2024-04-05,25,2020-05-04,2023-01-01,True,15_Juice-Smoothie,tourist,4,15.0,market,1.6666666666666667
15,Juice & Smoothie,2024-04-26,39,2020-05-04,2023-01-01,True,15_Juice-Smoothie,tourist,4,15.5,concert,2.5161290322580645
15,Juice & Smoothie,2024-05-03,16,2020-05-04,2023-01-01,True,15_Juice-Smoothie,tourist,4,16.0,concert,1.0
15,Juice & Smoothie,2024-05-10,18,2020-05-04,2023-01-01,True,15_Juice-Smoothie,tourist,4,16.0,sports,1.125
15,Juice & Smoothie,2024-09-13,18,2020-05-04,2023-01-01,True,15_Juice-Smoothie,tourist,4,15.0,cultural,1.2
15,Juice & Smoothie,2023-03-25,31,2020-05-04,2023-01-01,True,15_Juice-Smoothie,tourist,5,20.0,convention,1.55
15,Juice & Smoothie,2023-05-20,21,2020-05-04,2023-01-01,True,15_Juice-Smoothie,tourist,5,21.0,sports,1.0
15,Juice & Smoothie,2023-08-19,50,2020-05-04,2023-01-01,True,15_Juice-Smoothie,tourist,5,20.0,food_festival,2.5
15,Juice & Smoothie,2024-01-06,52,2020-05-04,2023-01-01,True,15_Juice-Smoothie,tourist,5,20.0,sports,2.6
15,Juice & Smoothie,2024-01-06,52,2020-05-04,2023-01-01,True,15_Juice-Smoothie,tourist,5,20.0,convention,2.6
15,Juice & Smoothie,2024-02-03,26,2020-05-04,2023-01-01,True,15_Juice-Smoothie,tourist,5,20.0,cultural,1.3
15,Juice & Smoothie,2024-06-29,22,2020-05-04,2023-01-01,True,15_Juice-Smoothie,tourist,5,20.0,market,1.1
15,Juice & Smoothie,2024-09-14,53,2020-05-04,2023-01-01,True,15_Juice-Smoothie,tourist,5,19.5,food_festival,2.717948717948718
15,Juice & Smoothie,2024-10-05,76,2020-05-04,2023-01-01,True,15_Juice-Smoothie,tourist,5,20.0,cultural,3.0
15,Juice & Smoothie,2023-05-07,60,2020-05-04,2023-01-01,True,15_Juice-Smoothie,tourist,6,21.0,cultural,2.857142857142857
15,Juice & Smoothie,2023-06-18,32,2020-05-04,2023-01-01,True,15_Juice-Smoothie,tourist,6,20.5,convention,1.5609756097560976
15,Juice & Smoothie,2023-06-25,23,2020-05-04,2023-01-01,True,15_Juice-Smoothie,tourist,6,21.0,book_fair,1.0952380952380953
15,Juice & Smoothie,2023-08-13,37,2020-05-04,2023-01-01,True,15_Juice-Smoothie,tourist,6,19.0,cultural,1.9473684210526316
15,Juice & Smoothie,2023-10-22,40,2020-05-04,2023-01-01,True,15_Juice-Smoothie,tourist,6,19.0,cultural,2.1052631578947367
15,Juice & Smoothie,2023-12-10,132,2020-05-04,2023-01-01,True,15_Juice-Smoothie,tourist,6,19.0,food_festival,3.0
15,Juice & Smoothie,2024-09-08,32,2020-05-04,2023-01-01,True,15_Juice-Smoothie,tourist,6,20.0,market,1.6
15,Merchandise,2023-03-20,11,2020-05-04,2023-01-01,True,15_Merchandise,tourist,0,7.0,cultural,1.5714285714285714
15,Merchandise,2023-05-29,16,2020-05-04,2023-01-01,True,15_Merchandise,tourist,0,8.0,music_festival,2.0
15,Merchandise,2023-07-03,16,2020-05-04,2023-01-01,True,15_Merchandise,tourist,0,9.0,market,1.7777777777777777
15,Merchandise,2023-11-27,4,2020-05-04,2023-01-01,True,15_Merchandise,tourist,0,8.0,book_fair,0.5
15,Merchandise,2024-01-01,12,2020-05-04,2023-01-01,True,15_Merchandise,tourist,0,7.5,book_fair,1.6
15,Merchandise,2024-03-11,24,2020-05-04,2023-01-01,True,15_Merchandise,tourist,0,8.0,food_festival,3.0
15,Merchandise,2024-04-15,11,2020-05-04,2023-01-01,True,15_Merchandise,tourist,0,8.0,book_fair,1.375
15,Merchandise,2024-06-03,7,2020-05-04,2023-01-01,True,15_Merchandise,tourist,0,8.5,food_festival,0.8235294117647058
15,Merchandise,2024-08-05,9,2020-05-04,2023-01-01,True,15_Merchandise,tourist,0,8.0,sports,1.125
15,Merchandise,2024-09-30,16,2020-05-04,2023-01-01,True,15_Merchandise,tourist,0,8.0,convention,2.0
15,Merchandise,2023-09-12,17,2020-05-04,2023-01-01,True,15_Merchandise,tourist,1,8.5,music_festival,2.0
15,Merchandise,2023-09-19,9,2020-05-04,2023-01-01,True,15_Merchandise,tourist,1,9.0,convention,1.0
15,Merchandise,2024-02-20,2,2020-05-04,2023-01-01,True,15_Merchandise,tourist,1,8.0,convention,0.25
15,Merchandise,2024-04-16,23,2020-05-04,2023-01-01,True,15_Merchandise,tourist,1,8.0,food_festival,2.875
15,Merchandise,2024-06-18,6,2020-05-04,2023-01-01,True,15_Merchandise,tourist,1,8.0,market,0.75
15,Merchandise,2023-02-22,15,2020-05-04,2023-01-01,True,15_Merchandise,tourist,2,8.0,concert,1.875
15,Merchandise,2023-04-26,19,2020-05-04,2023-01-01,True,15_Merchandise,tourist,2,10.5,cultural,1.8095238095238095
15,Merchandise,2023-07-19,0,2020-05-04,2023-01-01,True,15_Merchandise,tourist,2,8.5,book_fair,0.25
15,Merchandise,2023-09-13,6,2020-05-04,2023-01-01,True,15_Merchandise,tourist,2,8.0,convention,0.75
15,Merchandise,2023-09-20,19,2020-05-04,2023-01-01,True,15_Merchandise,tourist,2,8.0,market,2.375
15,Merchandise,2023-10-04,14,2020-05-04,2023-01-01,True,15_Merchandise,tourist,2,8.0,market,1.75
15,Merchandise,2023-10-11,8,2020-05-04,2023-01-01,True,15_Merchandise,tourist,2,8.0,convention,1.0
15,Merchandise,2023-10-25,12,2020-05-04,2023-01-01,True,15_Merchandise,tourist,2,8.0,food_festival,1.5
15,Merchandise,2023-12-13,20,2020-05-04,2023-01-01,True,15_Merchandise,tourist,2,8.0,sports,2.5
15,Merchandise,2023-12-20,7,2020-05-04,2023-01-01,True,15_Merchandise,tourist,2,8.0,sports,0.875
15,Merchandise,2024-05-08,14,2020-05-04,2023-01-01,True,15_Merchandise,tourist,2,8.5,food_festival,1.6470588235294117
15,Merchandise,2024-06-19,5,2020-05-04,2023-01-01,True,15_Merchandise,tourist,2,8.5,market,0.5882352941176471
15,Merchandise,2024-07-10,6,2020-05-04,2023-01-01,True,15_Merchandise,tourist,2,8.0,market,0.75
15,Merchandise,2024-10-16,12,2020-05-04,2023-01-01,True,15_Merchandise,tourist,2,8.0,market,1.5
15,Merchandise,2023-04-20,15,2020-05-04,2023-01-01,True,15_Merchandise,tourist,3,8.0,convention,1.875
15,Merchandise,2023-07-27,13,2020-05-04,2023-01-01,True,15_Merchandise,tourist,3,9.0,food_festival,1.4444444444444444
15,Merchandise,2023-09-21,15,2020-05-04,2023-01-01,True,15_Merchandise,tourist,3,8.0,food_festival,1.875
15,Merchandise,2023-09-28,6,2020-05-04,2023-01-01,True,15_Merchandise,tourist,3,8.5,convention,0.7058823529411765
15,Merchandise,2023-11-23,7,2020-05-04,2023-01-01,True,15_Merchandise,tourist,3,8.0,market,0.875
15,Merchandise,2023-12-07,7,2020-05-04,2023-01-01,True,15_Merchandise,tourist,3,8.0,book_fair,0.875
15,Merchandise,2024-01-04,11,2020-05-04,2023-01-01,True,15_Merchandise,tourist,3,8.0,concert,1.375
15,Merchandise,2024-02-01,8,2020-05-04,2023-01-01,True,15_Merchandise,tourist,3,8.0,convention,1.0
15,Merchandise,2024-03-07,9,2020-05-04,2023-01-01,True,15_Merchandise,tourist,3,8.0,book_fair,1.125
15,Merchandise,2024-05-02,1,2020-05-04,2023-01-01,True,15_Merchandise,tourist,3,8.0,book_fair,0.25
15,Merchandise,2024-05-23,13,2020-05-04,2023-01-01,True,15_Merchandise,tourist,3,8.0,music_festival,1.625
15,Merchandise,2024-05-30,8,2020-05-04,2023-01-01,True,15_Merchandise,tourist,3,8.0,market,1.0
15,Merchandise,2024-07-25,10,2020-05-04,2023-01-01,True,15_Merchandise,tourist,3,8.0,sports,1.25
15,Merchandise,2024-08-01,11,2020-05-04,2023-01-01,True,15_Merchandise,tourist,3,8.0,market,1.375
15,Merchandise,2024-08-22,6,2020-05-04,2023-01-01,True,15_Merchandise,tourist,3,8.0,book_fair,0.75
15,Merchandise,2024-08-22,6,2020-05-04,2023-01-01,True,15_Merchandise,tourist,3,8.0,music_festival,0.75
15,Merchandise,2024-08-29,8,2020-05-04,2023-01-01,True,15_Merchandise,tourist,3,8.0,cultural,1.0
15,Merchandise,2023-01-13,17,2020-05-04,2023-01-01,True,15_Merchandise,tourist,4,8.5,cultural,2.0
15,Merchandise,2023-03-24,9,2020-05-04,2023-01-01,True,15_Merchandise,tourist,4,10.0,cultural,0.9
15,Merchandise,2023-06-09,8,2020-05-04,2023-01-01,True,15_Merchandise,tourist,4,9.5,music_festival,0.8421052631578947
15,Merchandise,2023-08-18,26,2020-05-04,2023-01-01,True,15_Merchandise,tourist,4,8.0,food_festival,3.0
15,Merchandise,2023-11-17,1,2020-05-04,2023-01-01,True,15_Merchandise,tourist,4,8.0,book_fair,0.25
15,Merchandise,2024-02-02,18,2020-05-04,2023-01-01,True,15_Merchandise,tourist,4,8.0,food_festival,2.25
15,Merchandise,2024-04-05,19,2020-05-04,2023-01-01,True,15_Merchandise,tourist,4,8.0,market,2.375
15,Merchandise,2024-04-26,13,2020-05-04,2023-01-01,True,15_Merchandise,tourist,4,8.5,concert,1.5294117647058822
15,Merchandise,2024-05-03,6,2020-05-04,2023-01-01,True,15_Merchandise,tourist,4,9.0,concert,0.6666666666666666
15,Merchandise,2024-05-10,9,2020-05-04,2023-01-01,True,15_Merchandise,tourist,4,8.5,sports,1.0588235294117647
15,Merchandise,2024-09-13,11,2020-05-04,2023-01-01,True,15_Merchandise,tourist,4,8.0,cultural,1.375
15,Merchandise,2023-03-25,15,2020-05-04,2023-01-01,True,15_Merchandise,tourist,5,12.0,convention,1.25
15,Merchandise,2023-05-20,17,2020-05-04,2023-01-01,True,15_Merchandise,tourist,5,12.0,sports,1.4166666666666667
15,Merchandise,2023-08-19,30,2020-05-04,2023-01-01,True,15_Merchandise,tourist,5,11.0,food_festival,2.727272727272727
15,Merchandise,2024-01-06,25,2020-05-04,2023-01-01,True,15_Merchandise,tourist,5,12.0,sports,2.0833333333333335
15,Merchandise,2024-01-06,25,2020-05-04,2023-01-01,True,15_Merchandise,tourist,5,12.0,convention,2.0833333333333335
15,Merchandise,2024-02-03,11,2020-05-04,2023-01-01,True,15_Merchandise,tourist,5,12.0,cultural,0.9166666666666666
15,Merchandise,2024-06-29,18,2020-05-04,2023-01-01,True,15_Merchandise,tourist,5,12.0,market,1.5
15,Merchandise,2024-09-14,33,2020-05-04,2023-01-01,True,15_Merchandise,tourist,5,11.0,food_festival,3.0
15,Merchandise,2024-10-05,25,2020-05-04,2023-01-01,True,15_Merchandise,tourist,5,11.0,cultural,2.272727272727273
15,Merchandise,2023-05-07,32,2020-05-04,2023-01-01,True,15_Merchandise,tourist,6,13.0,cultural,2.4615384615384617
15,Merchandise,2023-06-18,14,2020-05-04,2023-01-01,True,15_Merchandise,tourist,6,13.0,convention,1.0769230769230769
15,Merchandise,2023-06-25,5,2020-05-04,2023-01-01,True,15_Merchandise,tourist,6,13.0,book_fair,0.38461538461538464
15,Merchandise,2023-08-13,19,2020-05-04,2023-01-01,True,15_Merchandise,tourist,6,12.5,cultural,1.52
15,Merchandise,2023-10-22,21,2020-05-04,2023-01-01,True,15_Merchandise,tourist,6,12.5,cultural,1.68
15,Merchandise,2023-12-10,80,2020-05-04,2023-01-01,True,15_Merchandise,tourist,6,12.0,food_festival,3.0
15,Merchandise,2024-09-08,7,2020-05-04,2023-01-01,True,15_Merchandise,tourist,6,11.5,market,0.6086956521739131
15,Savory Bakery,2023-03-20,40,2020-05-04,2023-01-01,True,15_Savory-Bakery,tourist,0,36.0,cultural,1.1111111111111112
15,Savory Bakery,2023-05-29,37,2020-05-04,2023-01-01,True,15_Savory-Bakery,tourist,0,36.0,music_festival,1.0277777777777777
15,Savory Bakery,2023-07-03,31,2020-05-04,2023-01-01,True,15_Savory-Bakery,tourist,0,36.0,market,0.8611111111111112
15,Savory Bakery,2023-11-27,28,2020-05-04,2023-01-01,True,15_Savory-Bakery,tourist,0,31.0,book_fair,0.9032258064516129
15,Savory Bakery,2024-01-01,49,2020-05-04,2023-01-01,True,15_Savory-Bakery,tourist,0,30.0,book_fair,1.6333333333333333
15,Savory Bakery,2024-03-11,108,2020-05-04,2023-01-01,True,15_Savory-Bakery,tourist,0,31.0,food_festival,3.0
15,Savory Bakery,2024-04-15,55,2020-05-04,2023-01-01,True,15_Savory-Bakery,tourist,0,31.0,book_fair,1.7741935483870968
15,Savory Bakery,2024-06-03,38,2020-05-04,2023-01-01,True,15_Savory-Bakery,tourist,0,31.0,food_festival,1.2258064516129032
15,Savory Bakery,2024-08-05,18,2020-05-04,2023-01-01,True,15_Savory-Bakery,tourist,0,30.0,sports,0.6
15,Savory Bakery,2024-09-30,54,2020-05-04,2023-01-01,True,15_Savory-Bakery,tourist,0,29.0,convention,1.8620689655172413
15,Savory Bakery,2023-09-12,66,2020-05-04,2023-01-01,True,15_Savory-Bakery,tourist,1,29.5,music_festival,2.23728813559322
15,Savory Bakery,2023-09-19,23,2020-05-04,2023-01-01,True,15_Savory-Bakery,tourist,1,30.0,convention,0.7666666666666667
15,Savory Bakery,2024-02-20,28,2020-05-04,2023-01-01,True,15_Savory-Bakery,tourist,1,31.0,convention,0.9032258064516129
15,Savory Bakery,2024-04-16,96,2020-05-04,2023-01-01,True,15_Savory-Bakery,tourist,1,31.0,food_festival,3.0
15,Savory Bakery,2024-06-18,25,2020-05-04,2023-01-01,True,15_Savory-Bakery,tourist,1,31.5,market,0.7936507936507936
15,Savory Bakery,2023-02-22,43,2020-05-04,2023-01-01,True,15_Savory-Bakery,tourist,2,31.0,concert,1.3870967741935485
15,Savory Bakery,2023-04-26,98,2020-05-04,2023-01-01,True,15_Savory-Bakery,tourist,2,34.5,cultural,2.8405797101449277
15,Savory Bakery,2023-07-19,26,2020-05-04,2023-01-01,True,15_Savory-Bakery,tourist,2,31.0,book_fair,0.8387096774193549
15,Savory Bakery,2023-09-13,36,2020-05-04,2023-01-01,True,15_Savory-Bakery,tourist,2,29.0,convention,1.2413793103448276
15,Savory Bakery,2023-09-20,63,2020-05-04,2023-01-01,True,15_Savory-Bakery,tourist,2,29.0,market,2.1724137931034484
15,Savory Bakery,2023-10-04,58,2020-05-04,2023-01-01,True,15_Savory-Bakery,tourist,2,29.0,market,2.0
15,Savory Bakery,2023-10-11,44,2020-05-04,2023-01-01,True,15_Savory-Bakery,tourist,2,30.0,convention,1.4666666666666666
15,Savory Bakery,2023-10-25,79,2020-05-04,2023-01-01,True,15_Savory-Bakery,tourist,2,31.0,food_festival,2.5483870967741935
15,Savory Bakery,2023-12-13,89,2020-05-04,2023-01-01,True,15_Savory-Bakery,tourist,2,31.0,sports,2.870967741935484
15,Savory Bakery,2023-12-20,37,2020-05-04,2023-01-01,True,15_Savory-Bakery,tourist,2,31.5,sports,1.1746031746031746
15,Savory Bakery,2024-05-08,77,2020-05-04,2023-01-01,True,15_Savory-Bakery,tourist,2,33.5,food_festival,2.298507462686567
15,Savory Bakery,2024-06-19,26,2020-05-04,2023-01-01,True,15_Savory-Bakery,tourist,2,33.5,market,0.7761194029850746
15,Savory Bakery,2024-07-10,22,2020-05-04,2023-01-01,True,15_Savory-Bakery,tourist,2,33.0,market,0.6666666666666666
15,Savory Bakery,2024-10-16,55,2020-05-04,2023-01-01,True,15_Savory-Bakery,tourist,2,32.0,market,1.71875
15,Savory Bakery,2023-04-20,50,2020-05-04,2023-01-01,True,15_Savory-Bakery,tourist,3,32.0,convention,1.5625
15,Savory Bakery,2023-07-27,39,2020-05-04,2023-01-01,True,15_Savory-Bakery,tourist,3,28.0,food_festival,1.3928571428571428
15,Savory Bakery,2023-09-21,75,2020-05-04,2023-01-01,True,15_Savory-Bakery,tourist,3,28.0,food_festival,2.6785714285714284
15,Savory Bakery,2023-09-28,33,2020-05-04,2023-01-01,True,15_Savory-Bakery,tourist,3,29.5,convention,1.11864406779661
15,Savory Bakery,2023-11-23,56,2020-05-04,2023-01-01,True,15_Savory-Bakery,tourist,3,31.0,market,1.8064516129032258
15,Savory Bakery,2023-12-07,47,2020-05-04,2023-01-01,True,15_Savory-Bakery,tourist,3,31.0,book_fair,1.5161290322580645
15,Savory Bakery,2024-01-04,50,2020-05-04,2023-01-01,True,15_Savory-Bakery,tourist,3,32.0,concert,1.5625
15,Savory Bakery,2024-02-01,55,2020-05-04,2023-01-01,True,15_Savory-Bakery,tourist,3,32.5,convention,1.6923076923076923
15,Savory Bakery,2024-03-07,30,2020-05-04,2023-01-01,True,15_Savory-Bakery,tourist,3,33.0,book_fair,0.9090909090909091
15,Savory Bakery,2024-05-02,22,2020-05-04,2023-01-01,True,15_Savory-Bakery,tourist,3,33.0,book_fair,0.6666666666666666
15,Savory Bakery,2024-05-23,96,2020-05-04,2023-01-01,True,15_Savory-Bakery,tourist,3,33.5,music_festival,2.8656716417910446
15,Savory Bakery,2024-05-30,47,2020-05-04,2023-01-01,True,15_Savory-Bakery,tourist,3,34.0,market,1.3823529411764706
15,Savory Bakery,2024-07-25,31,2020-05-04,2023-01-01,True,15_Savory-Bakery,tourist,3,33.0,sports,0.9393939393939394
15,Savory Bakery,2024-08-01,41,2020-05-04,2023-01-01,True,15_Savory-Bakery,tourist,3,32.5,market,1.2615384615384615
15,Savory Bakery,2024-08-22,46,2020-05-04,2023-01-01,True,15_Savory-Bakery,tourist,3,32.0,book_fair,1.4375
15,Savory Bakery,2024-08-22,46,2020-05-04,2023-01-01,True,15_Savory-Bakery,tourist,3,32.0,music_festival,1.4375
15,Savory Bakery,2024-08-29,19,2020-05-04,2023-01-01,True,15_Savory-Bakery,tourist,3,32.5,cultural,0.5846153846153846
15,Savory Bakery,2023-01-13,72,2020-05-04,2023-01-01,True,15_Savory-Bakery,tourist,4,37.5,cultural,1.92
15,Savory Bakery,2023-03-24,53,2020-05-04,2023-01-01,True,15_Savory-Bakery,tourist,4,39.0,cultural,1.358974358974359
15,Savory Bakery,2023-06-09,39,2020-05-04,2023-01-01,True,15_Savory-Bakery,tourist,4,36.5,music_festival,1.0684931506849316
15,Savory Bakery,2023-08-18,67,2020-05-04,2023-01-01,True,15_Savory-Bakery,tourist,4,32.0,food_festival,2.09375
15,Savory Bakery,2023-11-17,17,2020-05-04,2023-01-01,True,15_Savory-Bakery,tourist,4,29.0,book_fair,0.5862068965517241
15,Savory Bakery,2024-02-02,63,2020-05-04,2023-01-01,True,15_Savory-Bakery,tourist,4,31.5,food_festival,2.0
15,Savory Bakery,2024-04-05,52,2020-05-04,2023-01-01,True,15_Savory-Bakery,tourist,4,31.0,market,1.6774193548387097
15,Savory Bakery,2024-04-26,68,2020-05-04,2023-01-01,True,15_Savory-Bakery,tourist,4,32.0,concert,2.125
15,Savory Bakery,2024-05-03,45,2020-05-04,2023-01-01,True,15_Savory-Bakery,tourist,4,32.0,concert,1.40625
15,Savory Bakery,2024-05-10,43,2020-05-04,2023-01-01,True,15_Savory-Bakery,tourist,4,32.0,sports,1.34375
15,Savory Bakery,2024-09-13,52,2020-05-04,2023-01-01,True,15_Savory-Bakery,tourist,4,29.0,cultural,1.793103448275862
15,Savory Bakery,2023-03-25,50,2020-05-04,2023-01-01,True,15_Savory-Bakery,tourist,5,47.0,convention,1.0638297872340425
15,Savory Bakery,2023-05-20,55,2020-05-04,2023-01-01,True,15_Savory-Bakery,tourist,5,48.0,sports,1.1458333333333333
15,Savory Bakery,2023-08-19,93,2020-05-04,2023-01-01,True,15_Savory-Bakery,tourist,5,45.5,food_festival,2.043956043956044
15,Savory Bakery,2024-01-06,81,2020-05-04,2023-01-01,True,15_Savory-Bakery,tourist,5,41.5,sports,1.9518072289156627
15,Savory Bakery,2024-01-06,81,2020-05-04,2023-01-01,True,15_Savory-Bakery,tourist,5,41.5,convention,1.9518072289156627
15,Savory Bakery,2024-02-03,64,2020-05-04,2023-01-01,True,15_Savory-Bakery,tourist,5,42.0,cultural,1.5238095238095237
15,Savory Bakery,2024-06-29,60,2020-05-04,2023-01-01,True,15_Savory-Bakery,tourist,5,46.0,market,1.3043478260869565
15,Savory Bakery,2024-09-14,99,2020-05-04,2023-01-01,True,15_Savory-Bakery,tourist,5,42.0,food_festival,2.357142857142857
15,Savory Bakery,2024-10-05,91,2020-05-04,2023-01-01,True,15_Savory-Bakery,tourist,5,42.0,cultural,2.1666666666666665
15,Savory Bakery,2023-05-07,106,2020-05-04,2023-01-01,True,15_Savory-Bakery,tourist,6,51.5,cultural,2.058252427184466
15,Savory Bakery,2023-06-18,46,2020-05-04,2023-01-01,True,15_Savory-Bakery,tourist,6,47.5,convention,0.968421052631579
15,Savory Bakery,2023-06-25,15,2020-05-04,2023-01-01,True,15_Savory-Bakery,tourist,6,46.0,book_fair,0.32608695652173914
15,Savory Bakery,2023-08-13,78,2020-05-04,2023-01-01,True,15_Savory-Bakery,tourist,6,42.5,cultural,1.8352941176470587
15,Savory Bakery,2023-10-22,62,2020-05-04,2023-01-01,True,15_Savory-Bakery,tourist,6,41.5,cultural,1.4939759036144578
15,Savory Bakery,2023-12-10,277,2020-05-04,2023-01-01,True,15_Savory-Bakery,tourist,6,41.0,food_festival,3.0
15,Savory Bakery,2024-09-08,50,2020-05-04,2023-01-01,True,15_Savory-Bakery,tourist,6,41.0,market,1.2195121951219512
15,Tea,2023-03-20,83,2020-05-04,2023-01-01,True,15_Tea,tourist,0,57.0,cultural,1.456140350877193
15,Tea,2023-05-29,91,2020-05-04,2023-01-01,True,15_Tea,tourist,0,65.0,music_festival,1.4
15,Tea,2023-07-03,57,2020-05-04,2023-01-01,True,15_Tea,tourist,0,59.5,market,0.957983193277311
15,Tea,2023-11-27,60,2020-05-04,2023-01-01,True,15_Tea,tourist,0,55.0,book_fair,1.0909090909090908
15,Tea,2024-01-01,84,2020-05-04,2023-01-01,True,15_Tea,tourist,0,55.0,book_fair,1.5272727272727273
15,Tea,2024-03-11,204,2020-05-04,2023-01-01,True,15_Tea,tourist,0,55.0,food_festival,3.0
15,Tea,2024-04-15,74,2020-05-04,2023-01-01,True,15_Tea,tourist,0,55.0,book_fair,1.3454545454545455
15,Tea,2024-06-03,66,2020-05-04,2023-01-01,True,15_Tea,tourist,0,55.0,food_festival,1.2
15,Tea,2024-08-05,34,2020-05-04,2023-01-01,True,15_Tea,tourist,0,52.0,sports,0.6538461538461539
15,Tea,2024-09-30,85,2020-05-04,2023-01-01,True,15_Tea,tourist,0,52.0,convention,1.6346153846153846
15,Tea,2023-09-12,105,2020-05-04,2023-01-01,True,15_Tea,tourist,1,51.5,music_festival,2.0388349514563107
15,Tea,2023-09-19,63,2020-05-04,2023-01-01,True,15_Tea,tourist,1,53.0,convention,1.1886792452830188
15,Tea,2024-02-20,53,2020-05-04,2023-01-01,True,15_Tea,tourist,1,55.0,convention,0.9636363636363636
15,Tea,2024-04-16,172,2020-05-04,2023-01-01,True,15_Tea,tourist,1,54.0,food_festival,3.0
15,Tea,2024-06-18,59,2020-05-04,2023-01-01,True,15_Tea,tourist,1,54.5,market,1.0825688073394495
15,Tea,2023-02-22,122,2020-05-04,2023-01-01,True,15_Tea,tourist,2,58.0,concert,2.103448275862069
15,Tea,2023-04-26,153,2020-05-04,2023-01-01,True,15_Tea,tourist,2,58.0,cultural,2.6379310344827585
15,Tea,2023-07-19,36,2020-05-04,2023-01-01,True,15_Tea,tourist,2,56.0,book_fair,0.6428571428571429
15,Tea,2023-09-13,80,2020-05-04,2023-01-01,True,15_Tea,tourist,2,51.0,convention,1.5686274509803921
15,Tea,2023-09-20,76,2020-05-04,2023-01-01,True,15_Tea,tourist,2,52.0,market,1.4615384615384615
15,Tea,2023-10-04,135,2020-05-04,2023-01-01,True,15_Tea,tourist,2,52.0,market,2.5961538461538463
15,Tea,2023-10-11,60,2020-05-04,2023-01-01,True,15_Tea,tourist,2,52.5,convention,1.1428571428571428
15,Tea,2023-10-25,93,2020-05-04,2023-01-01,True,15_Tea,tourist,2,52.5,food_festival,1.7714285714285714
15,Tea,2023-12-13,128,2020-05-04,2023-01-01,True,15_Tea,tourist,2,53.0,sports,2.4150943396226414
15,Tea,2023-12-20,57,2020-05-04,2023-01-01,True,15_Tea,tourist,2,54.5,sports,1.0458715596330275
15,Tea,2024-05-08,123,2020-05-04,2023-01-01,True,15_Tea,tourist,2,56.0,food_festival,2.1964285714285716
15,Tea,2024-06-19,55,2020-05-04,2023-01-01,True,15_Tea,tourist,2,56.0,market,0.9821428571428571
15,Tea,2024-07-10,50,2020-05-04,2023-01-01,True,15_Tea,tourist,2,56.0,market,0.8928571428571429
15,Tea,2024-10-16,82,2020-05-04,2023-01-01,True,15_Tea,tourist,2,53.0,market,1.5471698113207548
15,Tea,2023-04-20,82,2020-05-04,2023-01-01,True,15_Tea,tourist,3,61.0,convention,1.3442622950819672
15,Tea,2023-07-27,96,2020-05-04,2023-01-01,True,15_Tea,tourist,3,49.0,food_festival,1.9591836734693877
15,Tea,2023-09-21,104,2020-05-04,2023-01-01,True,15_Tea,tourist,3,51.0,food_festival,2.0392156862745097
15,Tea,2023-09-28,47,2020-05-04,2023-01-01,True,15_Tea,tourist,3,51.0,convention,0.9215686274509803
15,Tea,2023-11-23,103,2020-05-04,2023-01-01,True,15_Tea,tourist,3,50.0,market,2.06
15,Tea,2023-12-07,77,2020-05-04,2023-01-01,True,15_Tea,tourist,3,51.0,book_fair,1.5098039215686274
15,Tea,2024-01-04,98,2020-05-04,2023-01-01,True,15_Tea,tourist,3,52.5,concert,1.8666666666666667
15,Tea,2024-02-01,70,2020-05-04,2023-01-01,True,15_Tea,tourist,3,53.0,convention,1.320754716981132
15,Tea,2024-03-07,35,2020-05-04,2023-01-01,True,15_Tea,tourist,3,53.0,book_fair,0.660377358490566
15,Tea,2024-05-02,20,2020-05-04,2023-01-01,True,15_Tea,tourist,3,54.0,book_fair,0.37037037037037035
15,Tea,2024-05-23,144,2020-05-04,2023-01-01,True,15_Tea,tourist,3,53.5,music_festival,2.691588785046729
15,Tea,2024-05-30,81,2020-05-04,2023-01-01,True,15_Tea,tourist,3,54.0,market,1.5
15,Tea,2024-07-25,54,2020-05-04,2023-01-01,True,15_Tea,tourist,3,52.0,sports,1.0384615384615385
15,Tea,2024-08-01,49,2020-05-04,2023-01-01,True,15_Tea,tourist,3,52.5,market,0.9333333333333333
15,Tea,2024-08-22,83,2020-05-04,2023-01-01,True,15_Tea,tourist,3,52.0,book_fair,1.5961538461538463
15,Tea,2024-08-22,83,2020-05-04,2023-01-01,True,15_Tea,tourist,3,52.0,music_festival,1.5961538461538463
15,Tea,2024-08-29,57,2020-05-04,2023-01-01,True,15_Tea,tourist,3,52.0,cultural,1.0961538461538463
15,Tea,2023-01-13,117,2020-05-04,2023-01-01,True,15_Tea,tourist,4,63.5,cultural,1.8425196850393701
15,Tea,2023-03-24,91,2020-05-04,2023-01-01,True,15_Tea,tourist,4,68.0,cultural,1.338235294117647
15,Tea,2023-06-09,64,2020-05-04,2023-01-01,True,15_Tea,tourist,4,64.0,music_festival,1.0
15,Tea,2023-08-18,137,2020-05-04,2023-01-01,True,15_Tea,tourist,4,56.0,food_festival,2.4464285714285716
15,Tea,2023-11-17,30,2020-05-04,2023-01-01,True,15_Tea,tourist,4,53.0,book_fair,0.5660377358490566
15,Tea,2024-02-02,114,2020-05-04,2023-01-01,True,15_Tea,tourist,4,55.5,food_festival,2.054054054054054
15,Tea,2024-04-05,94,2020-05-04,2023-01-01,True,15_Tea,tourist,4,56.0,market,1.6785714285714286
15,Tea,2024-04-26,141,2020-05-04,2023-01-01,True,15_Tea,tourist,4,56.0,concert,2.517857142857143
15,Tea,2024-05-03,51,2020-05-04,2023-01-01,True,15_Tea,tourist,4,56.0,concert,0.9107142857142857
15,Tea,2024-05-10,48,2020-05-04,2023-01-01,True,15_Tea,tourist,4,56.0,sports,0.8571428571428571
15,Tea,2024-09-13,61,2020-05-04,2023-01-01,True,15_Tea,tourist,4,51.0,cultural,1.196078431372549
15,Tea,2023-03-25,97,2020-05-04,2023-01-01,True,15_Tea,tourist,5,83.0,convention,1.1686746987951808
15,Tea,2023-05-20,83,2020-05-04,2023-01-01,True,15_Tea,tourist,5,83.0,sports,1.0
15,Tea,2023-08-19,167,2020-05-04,2023-01-01,True,15_Tea,tourist,5,75.0,food_festival,2.2266666666666666
15,Tea,2024-01-06,139,2020-05-04,2023-01-01,True,15_Tea,tourist,5,75.0,sports,1.8533333333333333
15,Tea,2024-01-06,139,2020-05-04,2023-01-01,True,15_Tea,tourist,5,75.0,convention,1.8533333333333333
15,Tea,2024-02-03,140,2020-05-04,2023-01-01,True,15_Tea,tourist,5,76.5,cultural,1.8300653594771241
15,Tea,2024-06-29,85,2020-05-04,2023-01-01,True,15_Tea,tourist,5,77.0,market,1.103896103896104
15,Tea,2024-09-14,154,2020-05-04,2023-01-01,True,15_Tea,tourist,5,74.5,food_festival,2.0671140939597317
15,Tea,2024-10-05,192,2020-05-04,2023-01-01,True,15_Tea,tourist,5,75.0,cultural,2.56
15,Tea,2023-05-07,185,2020-05-04,2023-01-01,True,15_Tea,tourist,6,90.0,cultural,2.0555555555555554
15,Tea,2023-06-18,123,2020-05-04,2023-01-01,True,15_Tea,tourist,6,82.5,convention,1.490909090909091
15,Tea,2023-06-25,28,2020-05-04,2023-01-01,True,15_Tea,tourist,6,87.0,book_fair,0.3218390804597701
15,Tea,2023-08-13,146,2020-05-04,2023-01-01,True,15_Tea,tourist,6,71.0,cultural,2.056338028169014
15,Tea,2023-10-22,95,2020-05-04,2023-01-01,True,15_Tea,tourist,6,71.0,cultural,1.3380281690140845
15,Tea,2023-12-10,522,2020-05-04,2023-01-01,True,15_Tea,tourist,6,70.0,food_festival,3.0
15,Tea,2024-09-08,76,2020-05-04,2023-01-01,True,15_Tea,tourist,6,71.0,market,1.0704225352112675
16,Bakery,2023-08-28,41,2023-06-08,2023-06-08,True,16_Bakery,transit,0,15.0,sports,2.7333333333333334
16,Bakery,2023-09-18,43,2023-06-08,2023-06-08,True,16_Bakery,transit,0,23.5,food_festival,1.8297872340425532
16,Bakery,2024-01-01,145,2023-06-08,2023-06-08,True,16_Bakery,transit,0,39.0,convention,3.0
16,Bakery,2024-05-20,47,2023-06-08,2023-06-08,True,16_Bakery,transit,0,41.0,book_fair,1.146341463414634
16,Bakery,2024-05-20,47,2023-06-08,2023-06-08,True,16_Bakery,transit,0,41.0,concert,1.146341463414634
16,Bakery,2024-07-01,29,2023-06-08,2023-06-08,True,16_Bakery,transit,0,41.0,convention,0.7073170731707317
16,Bakery,2024-08-05,36,2023-06-08,2023-06-08,True,16_Bakery,transit,0,39.5,cultural,0.9113924050632911
16,Bakery,2024-04-02,61,2023-06-08,2023-06-08,True,16_Bakery,transit,1,35.0,music_festival,1.7428571428571429
16,Bakery,2024-07-09,35,2023-06-08,2023-06-08,True,16_Bakery,transit,1,35.5,cultural,0.9859154929577465
16,Bakery,2024-07-16,55,2023-06-08,2023-06-08,True,16_Bakery,transit,1,35.0,music_festival,1.5714285714285714
16,Bakery,2024-08-13,28,2023-06-08,2023-06-08,True,16_Bakery,transit,1,36.0,book_fair,0.7777777777777778
16,Bakery,2024-09-24,31,2023-06-08,2023-06-08,True,16_Bakery,transit,1,35.0,sports,0.8857142857142857
16,Bakery,2024-10-15,98,2023-06-08,2023-06-08,True,16_Bakery,transit,1,35.0,music_festival,2.8
16,Bakery,2023-06-28,12,2023-06-08,2023-06-08,True,16_Bakery,transit,2,10.0,cultural,1.2
16,Bakery,2023-08-02,25,2023-06-08,2023-06-08,True,16_Bakery,transit,2,14.0,cultural,1.7857142857142858
16,Bakery,2023-09-27,23,2023-06-08,2023-06-08,True,16_Bakery,transit,2,16.0,market,1.4375
16,Bakery,2023-10-25,41,2023-06-08,2023-06-08,True,16_Bakery,transit,2,25.0,cultural,1.64
16,Bakery,2024-05-08,75,2023-06-08,2023-06-08,True,16_Bakery,transit,2,36.0,market,2.0833333333333335
16,Bakery,2024-05-15,82,2023-06-08,2023-06-08,True,16_Bakery,transit,2,36.5,concert,2.2465753424657535
16,Bakery,2023-08-10,38,2023-06-08,2023-06-08,True,16_Bakery,transit,3,20.0,market,1.9
16,Bakery,2023-08-24,14,2023-06-08,2023-06-08,True,16_Bakery,transit,3,22.0,sports,0.6363636363636364
16,Bakery,2023-09-07,46,2023-06-08,2023-06-08,True,16_Bakery,transit,3,22.0,concert,2.090909090909091
16,Bakery,2023-11-30,67,2023-06-08,2023-06-08,True,16_Bakery,transit,3,32.0,book_fair,2.09375
16,Bakery,2024-01-04,82,2023-06-08,2023-06-08,True,16_Bakery,transit,3,36.0,market,2.2777777777777777
16,Bakery,2024-03-21,42,2023-06-08,2023-06-08,True,16_Bakery,transit,3,40.0,book_fair,1.05
16,Bakery,2024-08-08,63,2023-06-08,2023-06-08,True,16_Bakery,transit,3,39.0,cultural,1.6153846153846154
16,Bakery,2024-09-12,24,2023-06-08,2023-06-08,True,16_Bakery,transit,3,38.5,market,0.6233766233766234
16,Bakery,2023-07-14,21,2023-06-08,2023-06-08,True,16_Bakery,transit,4,10.0,concert,2.1
16,Bakery,2023-11-03,62,2023-06-08,2023-06-08,True,16_Bakery,transit,4,27.0,concert,2.2962962962962963
16,Bakery,2024-03-15,34,2023-06-08,2023-06-08,True,16_Bakery,transit,4,38.0,sports,0.8947368421052632
16,Bakery,2024-04-19,86,2023-06-08,2023-06-08,True,16_Bakery,transit,4,38.0,market,2.263157894736842
16,Bakery,2024-05-24,59,2023-06-08,2023-06-08,True,16_Bakery,transit,4,40.0,convention,1.475
16,Bakery,2024-10-11,29,2023-06-08,2023-06-08,True,16_Bakery,transit,4,37.0,book_fair,0.7837837837837838
16,Bakery,2023-07-29,22,2023-06-08,2023-06-08,True,16_Bakery,transit,5,9.0,music_festival,2.4444444444444446
16,Bakery,2023-08-12,22,2023-06-08,2023-06-08,True,16_Bakery,transit,5,12.0,sports,1.8333333333333333
16,Bakery,2024-01-13,45,2023-06-08,2023-06-08,True,16_Bakery,transit,5,22.0,market,2.0454545454545454
16,Bakery,2024-05-11,33,2023-06-08,2023-06-08,True,16_Bakery,transit,5,27.0,market,1.2222222222222223
16,Bakery,2024-06-22,34,2023-06-08,2023-06-08,True,16_Bakery,transit,5,26.5,music_festival,1.2830188679245282
16,Bakery,2024-08-03,38,2023-06-08,2023-06-08,True,16_Bakery,transit,5,26.5,market,1.4339622641509433
16,Bakery,2024-08-10,28,2023-06-08,2023-06-08,True,16_Bakery,transit,5,27.0,music_festival,1.037037037037037
16,Bakery,2024-10-12,25,2023-06-08,2023-06-08,True,16_Bakery,transit,5,26.5,sports,0.9433962264150944
16,Bakery,2023-07-09,9,2023-06-08,2023-06-08,True,16_Bakery,transit,6,10.5,concert,0.8571428571428571
16,Bakery,2024-03-03,40,2023-06-08,2023-06-08,True,16_Bakery,transit,6,24.5,market,1.6326530612244898
16,Bakery,2024-06-23,13,2023-06-08,2023-06-08,True,16_Bakery,transit,6,26.0,sports,0.5
16,Chocolate & Milk,2023-08-28,20,2023-06-08,2023-06-08,True,16_Chocolate-Milk,transit,0,10.0,sports,2.0
16,Chocolate & Milk,2023-09-18,44,2023-06-08,2023-06-08,True,16_Chocolate-Milk,transit,0,10.0,food_festival,3.0
16,Chocolate & Milk,2024-01-01,56,2023-06-08,2023-06-08,True,16_Chocolate-Milk,transit,0,16.0,convention,3.0
16,Chocolate & Milk,2024-05-20,34,2023-06-08,2023-06-08,True,16_Chocolate-Milk,transit,0,22.0,book_fair,1.5454545454545454
16,Chocolate & Milk,2024-05-20,34,2023-06-08,2023-06-08,True,16_Chocolate-Milk,transit,0,22.0,concert,1.5454545454545454
16,Chocolate & Milk,2024-07-01,22,2023-06-08,2023-06-08,True,16_Chocolate-Milk,transit,0,21.0,convention,1.0476190476190477
16,Chocolate & Milk,2024-08-05,25,2023-06-08,2023-06-08,True,16_Chocolate-Milk,transit,0,20.0,cultural,1.25
16,Chocolate & Milk,2024-04-02,56,2023-06-08,2023-06-08,True,16_Chocolate-Milk,transit,1,19.5,music_festival,2.871794871794872
16,Chocolate & Milk,2024-07-09,21,2023-06-08,2023-06-08,True,16_Chocolate-Milk,transit,1,21.5,cultural,0.9767441860465116
16,Chocolate & Milk,2024-07-16,27,2023-06-08,2023-06-08,True,16_Chocolate-Milk,transit,1,21.0,music_festival,1.2857142857142858
16,Chocolate & Milk,2024-08-13,27,2023-06-08,2023-06-08,True,16_Chocolate-Milk,transit,1,21.0,book_fair,1.2857142857142858
16,Chocolate & Milk,2024-09-24,10,2023-06-08,2023-06-08,True,16_Chocolate-Milk,transit,1,21.0,sports,0.47619047619047616
16,Chocolate & Milk,2024-10-15,58,2023-06-08,2023-06-08,True,16_Chocolate-Milk,transit,1,21.0,music_festival,2.761904761904762
16,Chocolate & Milk,2023-06-28,1,2023-06-08,2023-06-08,True,16_Chocolate-Milk,transit,2,5.5,cultural,0.25
16,Chocolate & Milk,2023-08-02,15,2023-06-08,2023-06-08,True,16_Chocolate-Milk,transit,2,6.0,cultural,2.5
16,Chocolate & Milk,2023-09-27,20,2023-06-08,2023-06-08,True,16_Chocolate-Milk,transit,2,13.0,market,1.5384615384615385
16,Chocolate & Milk,2023-10-25,24,2023-06-08,2023-06-08,True,16_Chocolate-Milk,transit,2,16.0,cultural,1.5
16,Chocolate & Milk,2024-05-08,36,2023-06-08,2023-06-08,True,16_Chocolate-Milk,transit,2,21.0,market,1.7142857142857142
16,Chocolate & Milk,2024-05-15,45,2023-06-08,2023-06-08,True,16_Chocolate-Milk,transit,2,21.0,concert,2.142857142857143
16,Chocolate & Milk,2023-08-10,19,2023-06-08,2023-06-08,True,16_Chocolate-Milk,transit,3,9.0,market,2.111111111111111
16,Chocolate & Milk,2023-08-24,7,2023-06-08,2023-06-08,True,16_Chocolate-Milk,transit,3,10.0,sports,0.7
16,Chocolate & Milk,2023-09-07,35,2023-06-08,2023-06-08,True,16_Chocolate-Milk,transit,3,10.0,concert,3.0
16,Chocolate & Milk,2023-11-30,28,2023-06-08,2023-06-08,True,16_Chocolate-Milk,transit,3,16.0,book_fair,1.75
16,Chocolate & Milk,2024-01-04,48,2023-06-08,2023-06-08,True,16_Chocolate-Milk,transit,3,17.5,market,2.742857142857143
16,Chocolate & Milk,2024-03-21,17,2023-06-08,2023-06-08,True,16_Chocolate-Milk,transit,3,22.0,book_fair,0.7727272727272727
16,Chocolate & Milk,2024-08-08,23,2023-06-08,2023-06-08,True,16_Chocolate-Milk,transit,3,19.0,cultural,1.2105263157894737
16,Chocolate & Milk,2024-09-12,25,2023-06-08,2023-06-08,True,16_Chocolate-Milk,transit,3,18.5,market,1.3513513513513513
16,Chocolate & Milk,2023-07-14,11,2023-06-08,2023-06-08,True,16_Chocolate-Milk,transit,4,7.0,concert,1.5714285714285714
16,Chocolate & Milk,2023-11-03,40,2023-06-08,2023-06-08,True,16_Chocolate-Milk,transit,4,19.0,concert,2.1052631578947367
16,Chocolate & Milk,2024-03-15,35,2023-06-08,2023-06-08,True,16_Chocolate-Milk,transit,4,22.0,sports,1.5909090909090908
16,Chocolate & Milk,2024-04-19,48,2023-06-08,2023-06-08,True,16_Chocolate-Milk,transit,4,23.0,market,2.0869565217391304
16,Chocolate & Milk,2024-05-24,34,2023-06-08,2023-06-08,True,16_Chocolate-Milk,transit,4,23.5,convention,1.446808510638298
16,Chocolate & Milk,2024-10-11,18,2023-06-08,2023-06-08,True,16_Chocolate-Milk,transit,4,21.0,book_fair,0.8571428571428571
16,Chocolate & Milk,2023-07-29,26,2023-06-08,2023-06-08,True,16_Chocolate-Milk,transit,5,6.0,music_festival,3.0
16,Chocolate & Milk,2023-08-12,19,2023-06-08,2023-06-08,True,16_Chocolate-Milk,transit,5,12.0,sports,1.5833333333333333
16,Chocolate & Milk,2024-01-13,22,2023-06-08,2023-06-08,True,16_Chocolate-Milk,transit,5,13.0,market,1.6923076923076923
16,Chocolate & Milk,2024-05-11,27,2023-06-08,2023-06-08,True,16_Chocolate-Milk,transit,5,15.0,market,1.8
16,Chocolate & Milk,2024-06-22,11,2023-06-08,2023-06-08,True,16_Chocolate-Milk,transit,5,15.0,music_festival,0.7333333333333333
16,Chocolate & Milk,2024-08-03,34,2023-06-08,2023-06-08,True,16_Chocolate-Milk,transit,5,15.0,market,2.2666666666666666
16,Chocolate & Milk,2024-08-10,20,2023-06-08,2023-06-08,True,16_Chocolate-Milk,transit,5,15.0,music_festival,1.3333333333333333
16,Chocolate & Milk,2024-10-12,14,2023-06-08,2023-06-08,True,16_Chocolate-Milk,transit,5,15.0,sports,0.9333333333333333
16,Chocolate & Milk,2023-07-09,4,2023-06-08,2023-06-08,True,16_Chocolate-Milk,transit,6,4.0,concert,1.0
16,Chocolate & Milk,2024-03-03,17,2023-06-08,2023-06-08,True,16_Chocolate-Milk,transit,6,13.5,market,1.2592592592592593
16,Chocolate & Milk,2024-06-23,16,2023-06-08,2023-06-08,True,16_Chocolate-Milk,transit,6,15.0,sports,1.0666666666666667
16,Coffee,2023-08-28,114,2023-06-08,2023-06-08,True,16_Coffee,transit,0,87.0,sports,1.3103448275862069
16,Coffee,2023-09-18,231,2023-06-08,2023-06-08,True,16_Coffee,transit,0,94.0,food_festival,2.4574468085106385
16,Coffee,2024-01-01,542,2023-06-08,2023-06-08,True,16_Coffee,transit,0,133.0,convention,3.0
16,Coffee,2024-05-20,216,2023-06-08,2023-06-08,True,16_Coffee,transit,0,152.0,book_fair,1.4210526315789473
16,Coffee,2024-05-20,216,2023-06-08,2023-06-08,True,16_Coffee,transit,0,152.0,concert,1.4210526315789473
16,Coffee,2024-07-01,139,2023-06-08,2023-06-08,True,16_Coffee,transit,0,149.0,convention,0.9328859060402684
16,Coffee,2024-08-05,192,2023-06-08,2023-06-08,True,16_Coffee,transit,0,140.0,cultural,1.3714285714285714
16,Coffee,2024-04-02,266,2023-06-08,2023-06-08,True,16_Coffee,transit,1,140.5,music_festival,1.893238434163701
16,Coffee,2024-07-09,126,2023-06-08,2023-06-08,True,16_Coffee,transit,1,141.0,cultural,0.8936170212765957
16,Coffee,2024-07-16,196,2023-06-08,2023-06-08,True,16_Coffee,transit,1,141.0,music_festival,1.3900709219858156
16,Coffee,2024-08-13,125,2023-06-08,2023-06-08,True,16_Coffee,transit,1,141.0,book_fair,0.8865248226950354
16,Coffee,2024-09-24,148,2023-06-08,2023-06-08,True,16_Coffee,transit,1,141.0,sports,1.049645390070922
16,Coffee,2024-10-15,373,2023-06-08,2023-06-08,True,16_Coffee,transit,1,141.0,music_festival,2.645390070921986
16,Coffee,2023-06-28,54,2023-06-08,2023-06-08,True,16_Coffee,transit,2,40.0,cultural,1.35
16,Coffee,2023-08-02,80,2023-06-08,2023-06-08,True,16_Coffee,transit,2,61.0,cultural,1.3114754098360655
16,Coffee,2023-09-27,103,2023-06-08,2023-06-08,True,16_Coffee,transit,2,80.0,market,1.2875
16,Coffee,2023-10-25,174,2023-06-08,2023-06-08,True,16_Coffee,transit,2,93.0,cultural,1.8709677419354838
16,Coffee,2024-05-08,193,2023-06-08,2023-06-08,True,16_Coffee,transit,2,154.0,market,1.2532467532467533
16,Coffee,2024-05-15,327,2023-06-08,2023-06-08,True,16_Coffee,transit,2,156.0,concert,2.0961538461538463
16,Coffee,2023-08-10,123,2023-06-08,2023-06-08,True,16_Coffee,transit,3,69.0,market,1.7826086956521738
16,Coffee,2023-08-24,99,2023-06-08,2023-06-08,True,16_Coffee,transit,3,73.0,sports,1.356164383561644
16,Coffee,2023-09-07,247,2023-06-08,2023-06-08,True,16_Coffee,transit,3,79.0,concert,3.0
16,Coffee,2023-11-30,239,2023-06-08,2023-06-08,True,16_Coffee,transit,3,117.0,book_fair,2.0427350427350426
16,Coffee,2024-01-04,265,2023-06-08,2023-06-08,True,16_Coffee,transit,3,128.5,market,2.062256809338521
16,Coffee,2024-03-21,184,2023-06-08,2023-06-08,True,16_Coffee,transit,3,142.0,book_fair,1.295774647887324
16,Coffee,2024-08-08,232,2023-06-08,2023-06-08,True,16_Coffee,transit,3,142.0,cultural,1.6338028169014085
16,Coffee,2024-09-12,149,2023-06-08,2023-06-08,True,16_Coffee,transit,3,141.0,market,1.0567375886524824
16,Coffee,2023-07-14,138,2023-06-08,2023-06-08,True,16_Coffee,transit,4,47.0,concert,2.9361702127659575
16,Coffee,2023-11-03,241,2023-06-08,2023-06-08,True,16_Coffee,transit,4,132.0,concert,1.8257575757575757
16,Coffee,2024-03-15,185,2023-06-08,2023-06-08,True,16_Coffee,transit,4,146.5,sports,1.2627986348122866
16,Coffee,2024-04-19,331,2023-06-08,2023-06-08,True,16_Coffee,transit,4,151.0,market,2.19205298013245
16,Coffee,2024-05-24,266,2023-06-08,2023-06-08,True,16_Coffee,transit,4,157.0,convention,1.694267515923567
16,Coffee,2024-10-11,154,2023-06-08,2023-06-08,True,16_Coffee,transit,4,145.5,book_fair,1.0584192439862543
16,Coffee,2023-07-29,92,2023-06-08,2023-06-08,True,16_Coffee,transit,5,38.0,music_festival,2.4210526315789473
16,Coffee,2023-08-12,93,2023-06-08,2023-06-08,True,16_Coffee,transit,5,55.0,sports,1.690909090909091
16,Coffee,2024-01-13,188,2023-06-08,2023-06-08,True,16_Coffee,transit,5,101.0,market,1.8613861386138615
16,Coffee,2024-05-11,171,2023-06-08,2023-06-08,True,16_Coffee,transit,5,107.0,market,1.5981308411214954
16,Coffee,2024-06-22,102,2023-06-08,2023-06-08,True,16_Coffee,transit,5,108.0,music_festival,0.9444444444444444
16,Coffee,2024-08-03,167,2023-06-08,2023-06-08,True,16_Coffee,transit,5,105.5,market,1.5829383886255923
16,Coffee,2024-08-10,91,2023-06-08,2023-06-08,True,16_Coffee,transit,5,106.0,music_festival,0.8584905660377359
16,Coffee,2024-10-12,97,2023-06-08,2023-06-08,True,16_Coffee,transit,5,102.0,sports,0.9509803921568627
16,Coffee,2023-07-09,54,2023-06-08,2023-06-08,True,16_Coffee,transit,6,36.5,concert,1.4794520547945205
16,Coffee,2024-03-03,167,2023-06-08,2023-06-08,True,16_Coffee,transit,6,109.0,market,1.5321100917431192
16,Coffee,2024-06-23,56,2023-06-08,2023-06-08,True,16_Coffee,transit,6,116.0,sports,0.4827586206896552
16,Juice & Smoothie,2023-08-28,20,2023-06-08,2023-06-08,True,16_Juice-Smoothie,transit,0,6.0,sports,3.0
16,Juice & Smoothie,2023-09-18,24,2023-06-08,2023-06-08,True,16_Juice-Smoothie,transit,0,6.0,food_festival,3.0
16,Juice & Smoothie,2024-01-01,29,2023-06-08,2023-06-08,True,16_Juice-Smoothie,transit,0,11.0,convention,2.6363636363636362
16,Juice & Smoothie,2024-05-20,19,2023-06-08,2023-06-08,True,16_Juice-Smoothie,transit,0,12.0,book_fair,1.5833333333333333
16,Juice & Smoothie,2024-05-20,19,2023-06-08,2023-06-08,True,16_Juice-Smoothie,transit,0,12.0,concert,1.5833333333333333
16,Juice & Smoothie,2024-07-01,6,2023-06-08,2023-06-08,True,16_Juice-Smoothie,transit,0,12.0,convention,0.5
16,Juice & Smoothie,2024-08-05,11,2023-06-08,2023-06-08,True,16_Juice-Smoothie,transit,0,12.0,cultural,0.9166666666666666
16,Juice & Smoothie,2024-04-02,19,2023-06-08,2023-06-08,True,16_Juice-Smoothie,transit,1,12.0,music_festival,1.5833333333333333
16,Juice & Smoothie,2024-07-09,5,2023-06-08,2023-06-08,True,16_Juice-Smoothie,transit,1,12.0,cultural,0.4166666666666667
16,Juice & Smoothie,2024-07-16,10,2023-06-08,2023-06-08,True,16_Juice-Smoothie,transit,1,12.0,music_festival,0.8333333333333334
16,Juice & Smoothie,2024-08-13,8,2023-06-08,2023-06-08,True,16_Juice-Smoothie,transit,1,12.0,book_fair,0.6666666666666666
16,Juice & Smoothie,2024-09-24,8,2023-06-08,2023-06-08,True,16_Juice-Smoothie,transit,1,11.0,sports,0.7272727272727273
16,Juice & Smoothie,2024-10-15,26,2023-06-08,2023-06-08,True,16_Juice-Smoothie,transit,1,10.5,music_festival,2.4761904761904763
16,Juice & Smoothie,2023-06-28,8,2023-06-08,2023-06-08,True,16_Juice-Smoothie,transit,2,2.5,cultural,3.0
16,Juice & Smoothie,2023-08-02,10,2023-06-08,2023-06-08,True,16_Juice-Smoothie,transit,2,3.0,cultural,3.0
16,Juice & Smoothie,2023-09-27,10,2023-06-08,2023-06-08,True,16_Juice-Smoothie,transit,2,8.0,market,1.25
16,Juice & Smoothie,2023-10-25,13,2023-06-08,2023-06-08,True,16_Juice-Smoothie,transit,2,9.0,cultural,1.4444444444444444
16,Juice & Smoothie,2024-05-08,20,2023-06-08,2023-06-08,True,16_Juice-Smoothie,transit,2,12.0,market,1.6666666666666667
16,Juice & Smoothie,2024-05-15,21,2023-06-08,2023-06-08,True,16_Juice-Smoothie,transit,2,12.5,concert,1.68
16,Juice & Smoothie,2023-08-10,12,2023-06-08,2023-06-08,True,16_Juice-Smoothie,transit,3,5.0,market,2.4
16,Juice & Smoothie,2023-08-24,10,2023-06-08,2023-06-08,True,16_Juice-Smoothie,transit,3,6.0,sports,1.6666666666666667
16,Juice & Smoothie,2023-09-07,10,2023-06-08,2023-06-08,True,16_Juice-Smoothie,transit,3,6.0,concert,1.6666666666666667
16,Juice & Smoothie,2023-11-30,21,2023-06-08,2023-06-08,True,16_Juice-Smoothie,transit,3,10.0,book_fair,2.1
16,Juice & Smoothie,2024-01-04,28,2023-06-08,2023-06-08,True,16_Juice-Smoothie,transit,3,10.5,market,2.6666666666666665
16,Juice & Smoothie,2024-03-21,17,2023-06-08,2023-06-08,True,16_Juice-Smoothie,transit,3,12.0,book_fair,1.4166666666666667
16,Juice & Smoothie,2024-08-08,22,2023-06-08,2023-06-08,True,16_Juice-Smoothie,transit,3,11.0,cultural,2.0
16,Juice & Smoothie,2024-09-12,3,2023-06-08,2023-06-08,True,16_Juice-Smoothie,transit,3,11.0,market,0.2727272727272727
16,Juice & Smoothie,2023-07-14,11,2023-06-08,2023-06-08,True,16_Juice-Smoothie,transit,4,1.0,concert,3.0
16,Juice & Smoothie,2023-11-03,29,2023-06-08,2023-06-08,True,16_Juice-Smoothie,transit,4,10.0,concert,2.9
16,Juice & Smoothie,2024-03-15,12,2023-06-08,2023-06-08,True,16_Juice-Smoothie,transit,4,11.0,sports,1.0909090909090908
16,Juice & Smoothie,2024-04-19,20,2023-06-08,2023-06-08,True,16_Juice-Smoothie,transit,4,11.0,market,1.8181818181818181
16,Juice & Smoothie,2024-05-24,12,2023-06-08,2023-06-08,True,16_Juice-Smoothie,transit,4,11.0,convention,1.0909090909090908
16,Juice & Smoothie,2024-10-11,11,2023-06-08,2023-06-08,True,16_Juice-Smoothie,transit,4,10.5,book_fair,1.0476190476190477
16,Juice & Smoothie,2023-07-29,13,2023-06-08,2023-06-08,True,16_Juice-Smoothie,transit,5,5.0,music_festival,2.6
16,Juice & Smoothie,2023-08-12,15,2023-06-08,2023-06-08,True,16_Juice-Smoothie,transit,5,6.0,sports,2.5
16,Juice & Smoothie,2024-01-13,17,2023-06-08,2023-06-08,True,16_Juice-Smoothie,transit,5,7.0,market,2.4285714285714284
16,Juice & Smoothie,2024-05-11,9,2023-06-08,2023-06-08,True,16_Juice-Smoothie,transit,5,8.0,market,1.125
16,Juice & Smoothie,2024-06-22,11,2023-06-08,2023-06-08,True,16_Juice-Smoothie,transit,5,8.0,music_festival,1.375
16,Juice & Smoothie,2024-08-03,11,2023-06-08,2023-06-08,True,16_Juice-Smoothie,transit,5,7.0,market,1.5714285714285714
16,Juice & Smoothie,2024-08-10,17,2023-06-08,2023-06-08,True,16_Juice-Smoothie,transit,5,7.0,music_festival,2.4285714285714284
16,Juice & Smoothie,2024-10-12,7,2023-06-08,2023-06-08,True,16_Juice-Smoothie,transit,5,7.0,sports,1.0
16,Juice & Smoothie,2023-07-09,12,2023-06-08,2023-06-08,True,16_Juice-Smoothie,transit,6,3.5,concert,3.0
16,Juice & Smoothie,2024-03-03,20,2023-06-08,2023-06-08,True,16_Juice-Smoothie,transit,6,8.5,market,2.3529411764705883
16,Juice & Smoothie,2024-06-23,4,2023-06-08,2023-06-08,True,16_Juice-Smoothie,transit,6,8.0,sports,0.5
16,Merchandise,2023-08-28,2,2023-06-08,2023-06-08,True,16_Merchandise,transit,0,3.0,sports,0.6666666666666666
16,Merchandise,2023-09-18,9,2023-06-08,2023-06-08,True,16_Merchandise,transit,0,3.5,food_festival,2.5714285714285716
16,Merchandise,2024-01-01,17,2023-06-08,2023-06-08,True,16_Merchandise,transit,0,7.0,convention,2.4285714285714284
16,Merchandise,2024-05-20,13,2023-06-08,2023-06-08,True,16_Merchandise,transit,0,8.0,book_fair,1.625
16,Merchandise,2024-05-20,13,2023-06-08,2023-06-08,True,16_Merchandise,transit,0,8.0,concert,1.625
16,Merchandise,2024-07-01,8,2023-06-08,2023-06-08,True,16_Merchandise,transit,0,8.0,convention,1.0
16,Merchandise,2024-08-05,8,2023-06-08,2023-06-08,True,16_Merchandise,transit,0,8.0,cultural,1.0
16,Merchandise,2024-04-02,17,2023-06-08,2023-06-08,True,16_Merchandise,transit,1,6.0,music_festival,2.8333333333333335
16,Merchandise,2024-07-09,13,2023-06-08,2023-06-08,True,16_Merchandise,transit,1,6.5,cultural,2.0
16,Merchandise,2024-07-16,6,2023-06-08,2023-06-08,True,16_Merchandise,transit,1,7.0,music_festival,0.8571428571428571
16,Merchandise,2024-08-13,8,2023-06-08,2023-06-08,True,16_Merchandise,transit,1,7.0,book_fair,1.1428571428571428
16,Merchandise,2024-09-24,7,2023-06-08,2023-06-08,True,16_Merchandise,transit,1,7.0,sports,1.0
16,Merchandise,2024-10-15,18,2023-06-08,2023-06-08,True,16_Merchandise,transit,1,6.5,music_festival,2.769230769230769
16,Merchandise,2023-06-28,2,2023-06-08,2023-06-08,True,16_Merchandise,transit,2,3.0,cultural,0.6666666666666666
16,Merchandise,2023-08-02,2,2023-06-08,2023-06-08,True,16_Merchandise,transit,2,2.0,cultural,1.0
16,Merchandise,2023-09-27,4,2023-06-08,2023-06-08,True,16_Merchandise,transit,2,3.0,market,1.3333333333333333
16,Merchandise,2023-10-25,10,2023-06-08,2023-06-08,True,16_Merchandise,transit,2,4.0,cultural,2.5
16,Merchandise,2024-05-08,13,2023-06-08,2023-06-08,True,16_Merchandise,transit,2,8.0,market,1.625
16,Merchandise,2024-05-15,17,2023-06-08,2023-06-08,True,16_Merchandise,transit,2,8.5,concert,2.0
16,Merchandise,2023-08-10,6,2023-06-08,2023-06-08,True,16_Merchandise,transit,3,3.0,market,2.0
16,Merchandise,2023-08-24,6,2023-06-08,2023-06-08,True,16_Merchandise,transit,3,3.0,sports,2.0
16,Merchandise,2023-09-07,7,2023-06-08,2023-06-08,True,16_Merchandise,transit,3,3.0,concert,2.3333333333333335
16,Merchandise,2023-11-30,11,2023-06-08,2023-06-08,True,16_Merchandise,transit,3,5.0,book_fair,2.2
16,Merchandise,2024-01-04,10,2023-06-08,2023-06-08,True,16_Merchandise,transit,3,5.0,market,2.0
16,Merchandise,2024-03-21,10,2023-06-08,2023-06-08,True,16_Merchandise,transit,3,6.0,book_fair,1.6666666666666667
16,Merchandise,2024-08-08,18,2023-06-08,2023-06-08,True,16_Merchandise,transit,3,7.0,cultural,2.5714285714285716
16,Merchandise,2024-09-12,9,2023-06-08,2023-06-08,True,16_Merchandise,transit,3,6.5,market,1.3846153846153846
16,Merchandise,2023-07-14,10,2023-06-08,2023-06-08,True,16_Merchandise,transit,4,2.0,concert,3.0
16,Merchandise,2023-11-03,11,2023-06-08,2023-06-08,True,16_Merchandise,transit,4,7.0,concert,1.5714285714285714
16,Merchandise,2024-03-15,9,2023-06-08,2023-06-08,True,16_Merchandise,transit,4,7.0,sports,1.2857142857142858
16,Merchandise,2024-04-19,14,2023-06-08,2023-06-08,True,16_Merchandise,transit,4,7.0,market,2.0
16,Merchandise,2024-05-24,9,2023-06-08,2023-06-08,True,16_Merchandise,transit,4,7.5,convention,1.2
16,Merchandise,2024-10-11,7,2023-06-08,2023-06-08,True,16_Merchandise,transit,4,7.0,book_fair,1.0
16,Merchandise,2023-07-29,5,2023-06-08,2023-06-08,True,16_Merchandise,transit,5,3.0,music_festival,1.6666666666666667
16,Merchandise,2023-08-12,4,2023-06-08,2023-06-08,True,16_Merchandise,transit,5,3.0,sports,1.3333333333333333
16,Merchandise,2024-01-13,8,2023-06-08,2023-06-08,True,16_Merchandise,transit,5,5.0,market,1.6
16,Merchandise,2024-05-11,12,2023-06-08,2023-06-08,True,16_Merchandise,transit,5,6.0,market,2.0
16,Merchandise,2024-06-22,6,2023-06-08,2023-06-08,True,16_Merchandise,transit,5,6.0,music_festival,1.0
16,Merchandise,2024-08-03,9,2023-06-08,2023-06-08,True,16_Merchandise,transit,5,6.0,market,1.5
16,Merchandise,2024-08-10,5,2023-06-08,2023-06-08,True,16_Merchandise,transit,5,6.0,music_festival,0.8333333333333334
16,Merchandise,2024-10-12,5,2023-06-08,2023-06-08,True,16_Merchandise,transit,5,6.0,sports,0.8333333333333334
16,Merchandise,2023-07-09,0,2023-06-08,2023-06-08,True,16_Merchandise,transit,6,3.0,concert,0.25
16,Merchandise,2024-03-03,3,2023-06-08,2023-06-08,True,16_Merchandise,transit,6,5.0,market,0.6
16,Merchandise,2024-06-23,1,2023-06-08,2023-06-08,True,16_Merchandise,transit,6,5.0,sports,0.25
16,Savory Bakery,2023-08-28,35,2023-06-08,2023-06-08,True,16_Savory-Bakery,transit,0,15.0,sports,2.3333333333333335
16,Savory Bakery,2023-09-18,40,2023-06-08,2023-06-08,True,16_Savory-Bakery,transit,0,16.0,food_festival,2.5
16,Savory Bakery,2024-01-01,110,2023-06-08,2023-06-08,True,16_Savory-Bakery,transit,0,26.0,convention,3.0
16,Savory Bakery,2024-05-20,55,2023-06-08,2023-06-08,True,16_Savory-Bakery,transit,0,30.0,book_fair,1.8333333333333333
16,Savory Bakery,2024-05-20,55,2023-06-08,2023-06-08,True,16_Savory-Bakery,transit,0,30.0,concert,1.8333333333333333
16,Savory Bakery,2024-07-01,35,2023-06-08,2023-06-08,True,16_Savory-Bakery,transit,0,30.0,convention,1.1666666666666667
16,Savory Bakery,2024-08-05,40,2023-06-08,2023-06-08,True,16_Savory-Bakery,transit,0,29.5,cultural,1.3559322033898304
16,Savory Bakery,2024-04-02,54,2023-06-08,2023-06-08,True,16_Savory-Bakery,transit,1,25.5,music_festival,2.1176470588235294
16,Savory Bakery,2024-07-09,24,2023-06-08,2023-06-08,True,16_Savory-Bakery,transit,1,29.0,cultural,0.8275862068965517
16,Savory Bakery,2024-07-16,40,2023-06-08,2023-06-08,True,16_Savory-Bakery,transit,1,29.0,music_festival,1.3793103448275863
16,Savory Bakery,2024-08-13,28,2023-06-08,2023-06-08,True,16_Savory-Bakery,transit,1,29.0,book_fair,0.9655172413793104
16,Savory Bakery,2024-09-24,26,2023-06-08,2023-06-08,True,16_Savory-Bakery,transit,1,29.0,sports,0.896551724137931
16,Savory Bakery,2024-10-15,83,2023-06-08,2023-06-08,True,16_Savory-Bakery,transit,1,29.0,music_festival,2.8620689655172415
16,Savory Bakery,2023-06-28,16,2023-06-08,2023-06-08,True,16_Savory-Bakery,transit,2,8.0,cultural,2.0
16,Savory Bakery,2023-08-02,12,2023-06-08,2023-06-08,True,16_Savory-Bakery,transit,2,10.0,cultural,1.2
16,Savory Bakery,2023-09-27,24,2023-06-08,2023-06-08,True,16_Savory-Bakery,transit,2,16.0,market,1.5
16,Savory Bakery,2023-10-25,27,2023-06-08,2023-06-08,True,16_Savory-Bakery,transit,2,23.0,cultural,1.173913043478261
16,Savory Bakery,2024-05-08,43,2023-06-08,2023-06-08,True,16_Savory-Bakery,transit,2,28.0,market,1.5357142857142858
16,Savory Bakery,2024-05-15,65,2023-06-08,2023-06-08,True,16_Savory-Bakery,transit,2,28.5,concert,2.280701754385965
16,Savory Bakery,2023-08-10,20,2023-06-08,2023-06-08,True,16_Savory-Bakery,transit,3,13.0,market,1.5384615384615385
16,Savory Bakery,2023-08-24,16,2023-06-08,2023-06-08,True,16_Savory-Bakery,transit,3,15.0,sports,1.0666666666666667
16,Savory Bakery,2023-09-07,48,2023-06-08,2023-06-08,True,16_Savory-Bakery,transit,3,15.0,concert,3.0
16,Savory Bakery,2023-11-30,46,2023-06-08,2023-06-08,True,16_Savory-Bakery,transit,3,23.0,book_fair,2.0
16,Savory Bakery,2024-01-04,60,2023-06-08,2023-06-08,True,16_Savory-Bakery,transit,3,25.5,market,2.3529411764705883
16,Savory Bakery,2024-03-21,35,2023-06-08,2023-06-08,True,16_Savory-Bakery,transit,3,26.0,book_fair,1.3461538461538463
16,Savory Bakery,2024-08-08,59,2023-06-08,2023-06-08,True,16_Savory-Bakery,transit,3,27.0,cultural,2.185185185185185
16,Savory Bakery,2024-09-12,32,2023-06-08,2023-06-08,True,16_Savory-Bakery,transit,3,26.5,market,1.2075471698113207
16,Savory Bakery,2023-07-14,15,2023-06-08,2023-06-08,True,16_Savory-Bakery,transit,4,11.0,concert,1.3636363636363635
16,Savory Bakery,2023-11-03,59,2023-06-08,2023-06-08,True,16_Savory-Bakery,transit,4,19.0,concert,3.0
16,Savory Bakery,2024-03-15,46,2023-06-08,2023-06-08,True,16_Savory-Bakery,transit,4,28.5,sports,1.6140350877192982
16,Savory Bakery,2024-04-19,55,2023-06-08,2023-06-08,True,16_Savory-Bakery,transit,4,30.0,market,1.8333333333333333
16,Savory Bakery,2024-05-24,57,2023-06-08,2023-06-08,True,16_Savory-Bakery,transit,4,31.0,convention,1.8387096774193548
16,Savory Bakery,2024-10-11,26,2023-06-08,2023-06-08,True,16_Savory-Bakery,transit,4,28.0,book_fair,0.9285714285714286
16,Savory Bakery,2023-07-29,19,2023-06-08,2023-06-08,True,16_Savory-Bakery,transit,5,9.0,music_festival,2.111111111111111
16,Savory Bakery,2023-08-12,13,2023-06-08,2023-06-08,True,16_Savory-Bakery,transit,5,9.0,sports,1.4444444444444444
16,Savory Bakery,2024-01-13,25,2023-06-08,2023-06-08,True,16_Savory-Bakery,transit,5,18.0,market,1.3888888888888888
16,Savory Bakery,2024-05-11,36,2023-06-08,2023-06-08,True,16_Savory-Bakery,transit,5,19.0,market,1.894736842105263
16,Savory Bakery,2024-06-22,22,2023-06-08,2023-06-08,True,16_Savory-Bakery,transit,5,19.0,music_festival,1.1578947368421053
16,Savory Bakery,2024-08-03,30,2023-06-08,2023-06-08,True,16_Savory-Bakery,transit,5,19.5,market,1.5384615384615385
16,Savory Bakery,2024-08-10,16,2023-06-08,2023-06-08,True,16_Savory-Bakery,transit,5,20.0,music_festival,0.8
16,Savory Bakery,2024-10-12,10,2023-06-08,2023-06-08,True,16_Savory-Bakery,transit,5,19.0,sports,0.5263157894736842
16,Savory Bakery,2023-07-09,5,2023-06-08,2023-06-08,True,16_Savory-Bakery,transit,6,7.0,concert,0.7142857142857143
16,Savory Bakery,2024-03-03,29,2023-06-08,2023-06-08,True,16_Savory-Bakery,transit,6,22.0,market,1.3181818181818181
16,Savory Bakery,2024-06-23,3,2023-06-08,2023-06-08,True,16_Savory-Bakery,transit,6,22.0,sports,0.25
16,Tea,2023-08-28,27,2023-06-08,2023-06-08,True,16_Tea,transit,0,24.0,sports,1.125
16,Tea,2023-09-18,78,2023-06-08,2023-06-08,True,16_Tea,transit,0,26.0,food_festival,3.0
16,Tea,2024-01-01,109,2023-06-08,2023-06-08,True,16_Tea,transit,0,37.0,convention,2.945945945945946
16,Tea,2024-05-20,56,2023-06-08,2023-06-08,True,16_Tea,transit,0,48.0,book_fair,1.1666666666666667
16,Tea,2024-05-20,56,2023-06-08,2023-06-08,True,16_Tea,transit,0,48.0,concert,1.1666666666666667
16,Tea,2024-07-01,32,2023-06-08,2023-06-08,True,16_Tea,transit,0,48.0,convention,0.6666666666666666
16,Tea,2024-08-05,51,2023-06-08,2023-06-08,True,16_Tea,transit,0,43.5,cultural,1.1724137931034482
16,Tea,2024-04-02,60,2023-06-08,2023-06-08,True,16_Tea,transit,1,40.0,music_festival,1.5
16,Tea,2024-07-09,43,2023-06-08,2023-06-08,True,16_Tea,transit,1,41.0,cultural,1.048780487804878
16,Tea,2024-07-16,65,2023-06-08,2023-06-08,True,16_Tea,transit,1,41.0,music_festival,1.5853658536585367
16,Tea,2024-08-13,33,2023-06-08,2023-06-08,True,16_Tea,transit,1,42.0,book_fair,0.7857142857142857
16,Tea,2024-09-24,52,2023-06-08,2023-06-08,True,16_Tea,transit,1,42.0,sports,1.2380952380952381
16,Tea,2024-10-15,134,2023-06-08,2023-06-08,True,16_Tea,transit,1,42.5,music_festival,3.0
16,Tea,2023-06-28,16,2023-06-08,2023-06-08,True,16_Tea,transit,2,12.5,cultural,1.28
16,Tea,2023-08-02,19,2023-06-08,2023-06-08,True,16_Tea,transit,2,22.0,cultural,0.8636363636363636
16,Tea,2023-09-27,53,2023-06-08,2023-06-08,True,16_Tea,transit,2,31.0,market,1.7096774193548387
16,Tea,2023-10-25,56,2023-06-08,2023-06-08,True,16_Tea,transit,2,33.0,cultural,1.696969696969697
16,Tea,2024-05-08,71,2023-06-08,2023-06-08,True,16_Tea,transit,2,48.0,market,1.4791666666666667
16,Tea,2024-05-15,106,2023-06-08,2023-06-08,True,16_Tea,transit,2,48.5,concert,2.185567010309278
16,Tea,2023-08-10,35,2023-06-08,2023-06-08,True,16_Tea,transit,3,20.0,market,1.75
16,Tea,2023-08-24,41,2023-06-08,2023-06-08,True,16_Tea,transit,3,22.0,sports,1.8636363636363635
16,Tea,2023-09-07,51,2023-06-08,2023-06-08,True,16_Tea,transit,3,22.0,concert,2.3181818181818183
16,Tea,2023-11-30,81,2023-06-08,2023-06-08,True,16_Tea,transit,3,41.0,book_fair,1.975609756097561
16,Tea,2024-01-04,100,2023-06-08,2023-06-08,True,16_Tea,transit,3,43.5,market,2.2988505747126435
16,Tea,2024-03-21,57,2023-06-08,2023-06-08,True,16_Tea,transit,3,50.0,book_fair,1.14
16,Tea,2024-08-08,79,2023-06-08,2023-06-08,True,16_Tea,transit,3,49.0,cultural,1.6122448979591837
16,Tea,2024-09-12,31,2023-06-08,2023-06-08,True,16_Tea,transit,3,49.0,market,0.6326530612244898
16,Tea,2023-07-14,48,2023-06-08,2023-06-08,True,16_Tea,transit,4,14.0,concert,3.0
16,Tea,2023-11-03,75,2023-06-08,2023-06-08,True,16_Tea,transit,4,37.0,concert,2.027027027027027
16,Tea,2024-03-15,61,2023-06-08,2023-06-08,True,16_Tea,transit,4,48.5,sports,1.2577319587628866
16,Tea,2024-04-19,108,2023-06-08,2023-06-08,True,16_Tea,transit,4,50.0,market,2.16
16,Tea,2024-05-24,94,2023-06-08,2023-06-08,True,16_Tea,transit,4,50.0,convention,1.88
16,Tea,2024-10-11,40,2023-06-08,2023-06-08,True,16_Tea,transit,4,48.5,book_fair,0.8247422680412371
16,Tea,2023-07-29,27,2023-06-08,2023-06-08,True,16_Tea,transit,5,8.0,music_festival,3.0
16,Tea,2023-08-12,47,2023-06-08,2023-06-08,True,16_Tea,transit,5,10.0,sports,3.0
16,Tea,2024-01-13,51,2023-06-08,2023-06-08,True,16_Tea,transit,5,31.0,market,1.6451612903225807
16,Tea,2024-05-11,56,2023-06-08,2023-06-08,True,16_Tea,transit,5,34.0,market,1.6470588235294117
16,Tea,2024-06-22,27,2023-06-08,2023-06-08,True,16_Tea,transit,5,34.0,music_festival,0.7941176470588235
16,Tea,2024-08-03,49,2023-06-08,2023-06-08,True,16_Tea,transit,5,33.0,market,1.4848484848484849
16,Tea,2024-08-10,29,2023-06-08,2023-06-08,True,16_Tea,transit,5,34.0,music_festival,0.8529411764705882
16,Tea,2024-10-12,36,2023-06-08,2023-06-08,True,16_Tea,transit,5,32.0,sports,1.125
16,Tea,2023-07-09,17,2023-06-08,2023-06-08,True,16_Tea,transit,6,11.0,concert,1.5454545454545454
16,Tea,2024-03-03,53,2023-06-08,2023-06-08,True,16_Tea,transit,6,28.0,market,1.8928571428571428
16,Tea,2024-06-23,26,2023-06-08,2023-06-08,True,16_Tea,transit,6,31.5,sports,0.8253968253968254
17,Bakery,2023-01-09,113,2022-01-03,2023-01-01,True,17_Bakery,office,0,43.5,food_festival,2.5977011494252875
17,Bakery,2023-02-20,33,2022-01-03,2023-01-01,True,17_Bakery,office,0,59.0,book_fair,0.559322033898305
17,Bakery,2023-04-10,90,2022-01-03,2023-01-01,True,17_Bakery,office,0,54.0,food_festival,1.6666666666666667
17,Bakery,2023-10-02,23,2022-01-03,2023-01-01,True,17_Bakery,office,0,40.0,sports,0.575
17,Bakery,2023-12-25,83,2022-01-03,2023-01-01,True,17_Bakery,office,0,40.0,market,2.075
17,Bakery,2024-01-01,76,2022-01-03,2023-01-01,True,17_Bakery,office,0,41.0,cultural,1.853658536585366
17,Bakery,2024-05-06,58,2022-01-03,2023-01-01,True,17_Bakery,office,0,43.5,cultural,1.3333333333333333
17,Bakery,2024-07-29,31,2022-01-03,2023-01-01,True,17_Bakery,office,0,42.5,sports,0.7294117647058823
17,Bakery,2024-08-12,36,2022-01-03,2023-01-01,True,17_Bakery,office,0,41.5,sports,0.8674698795180723
17,Bakery,2023-03-07,38,2022-01-03,2023-01-01,True,17_Bakery,office,1,48.0,book_fair,0.7916666666666666
17,Bakery,2023-05-16,34,2022-01-03,2023-01-01,True,17_Bakery,office,1,48.0,market,0.7083333333333334
17,Bakery,2023-08-08,69,2022-01-03,2023-01-01,True,17_Bakery,office,1,40.0,convention,1.725
17,Bakery,2023-08-29,46,2022-01-03,2023-01-01,True,17_Bakery,office,1,40.5,concert,1.1358024691358024
17,Bakery,2023-12-05,265,2022-01-03,2023-01-01,True,17_Bakery,office,1,41.0,convention,3.0
17,Bakery,2024-01-16,54,2022-01-03,2023-01-01,True,17_Bakery,office,1,42.0,music_festival,1.2857142857142858
17,Bakery,2024-04-16,103,2022-01-03,2023-01-01,True,17_Bakery,office,1,45.0,food_festival,2.2888888888888888
17,Bakery,2024-05-28,58,2022-01-03,2023-01-01,True,17_Bakery,office,1,45.0,market,1.288888888888889
17,Bakery,2024-06-04,34,2022-01-03,2023-01-01,True,17_Bakery,office,1,45.0,book_fair,0.7555555555555555
17,Bakery,2024-06-25,56,2022-01-03,2023-01-01,True,17_Bakery,office,1,45.0,music_festival,1.2444444444444445
17,Bakery,2023-04-19,58,2022-01-03,2023-01-01,True,17_Bakery,office,2,51.0,cultural,1.1372549019607843
17,Bakery,2023-11-15,39,2022-01-03,2023-01-01,True,17_Bakery,office,2,42.0,book_fair,0.9285714285714286
17,Bakery,2023-11-29,68,2022-01-03,2023-01-01,True,17_Bakery,office,2,40.0,market,1.7
17,Bakery,2023-11-29,68,2022-01-03,2023-01-01,True,17_Bakery,office,2,40.0,concert,1.7
17,Bakery,2024-02-21,93,2022-01-03,2023-01-01,True,17_Bakery,office,2,44.0,book_fair,2.1136363636363638
17,Bakery,2024-02-28,38,2022-01-03,2023-01-01,True,17_Bakery,office,2,44.0,market,0.8636363636363636
17,Bakery,2024-02-28,38,2022-01-03,2023-01-01,True,17_Bakery,office,2,44.0,concert,0.8636363636363636
17,Bakery,2024-03-13,25,2022-01-03,2023-01-01,True,17_Bakery,office,2,43.0,cultural,0.5813953488372093
17,Bakery,2024-03-20,33,2022-01-03,2023-01-01,True,17_Bakery,office,2,42.0,market,0.7857142857142857
17,Bakery,2024-03-20,33,2022-01-03,2023-01-01,True,17_Bakery,office,2,42.0,music_festival,0.7857142857142857
17,Bakery,2024-05-08,65,2022-01-03,2023-01-01,True,17_Bakery,office,2,43.0,sports,1.5116279069767442
17,Bakery,2024-07-31,51,2022-01-03,2023-01-01,True,17_Bakery,office,2,43.0,market,1.186046511627907
17,Bakery,2024-07-31,51,2022-01-03,2023-01-01,True,17_Bakery,office,2,43.0,music_festival,1.186046511627907
17,Bakery,2024-09-25,67,2022-01-03,2023-01-01,True,17_Bakery,office,2,42.5,food_festival,1.576470588235294
17,Bakery,2024-10-23,81,2022-01-03,2023-01-01,True,17_Bakery,office,2,44.0,market,1.8409090909090908
17,Bakery,2023-03-23,51,2022-01-03,2023-01-01,True,17_Bakery,office,3,49.0,market,1.0408163265306123
17,Bakery,2023-03-23,51,2022-01-03,2023-01-01,True,17_Bakery,office,3,49.0,market,1.0408163265306123
17,Bakery,2023-04-20,51,2022-01-03,2023-01-01,True,17_Bakery,office,3,57.0,cultural,0.8947368421052632
17,Bakery,2023-04-20,51,2022-01-03,2023-01-01,True,17_Bakery,office,3,57.0,book_fair,0.8947368421052632
17,Bakery,2023-06-15,33,2022-01-03,2023-01-01,True,17_Bakery,office,3,51.0,concert,0.6470588235294118
17,Bakery,2023-06-22,43,2022-01-03,2023-01-01,True,17_Bakery,office,3,50.5,concert,0.8514851485148515
17,Bakery,2023-07-20,59,2022-01-03,2023-01-01,True,17_Bakery,office,3,46.0,music_festival,1.2826086956521738
17,Bakery,2023-07-20,59,2022-01-03,2023-01-01,True,17_Bakery,office,3,46.0,book_fair,1.2826086956521738
17,Bakery,2023-10-05,60,2022-01-03,2023-01-01,True,17_Bakery,office,3,43.0,market,1.3953488372093024
17,Bakery,2024-02-08,55,2022-01-03,2023-01-01,True,17_Bakery,office,3,43.0,market,1.2790697674418605
17,Bakery,2024-05-30,56,2022-01-03,2023-01-01,True,17_Bakery,office,3,44.0,music_festival,1.2727272727272727
17,Bakery,2023-02-10,35,2022-01-03,2023-01-01,True,17_Bakery,office,4,59.0,cultural,0.5932203389830508
17,Bakery,2023-03-03,27,2022-01-03,2023-01-01,True,17_Bakery,office,4,42.5,market,0.6352941176470588
17,Bakery,2023-03-17,41,2022-01-03,2023-01-01,True,17_Bakery,office,4,42.5,music_festival,0.9647058823529412
17,Bakery,2023-07-07,81,2022-01-03,2023-01-01,True,17_Bakery,office,4,43.0,music_festival,1.8837209302325582
17,Bakery,2023-10-27,71,2022-01-03,2023-01-01,True,17_Bakery,office,4,44.0,market,1.6136363636363635
17,Bakery,2024-03-01,79,2022-01-03,2023-01-01,True,17_Bakery,office,4,45.5,convention,1.7362637362637363
17,Bakery,2024-05-31,78,2022-01-03,2023-01-01,True,17_Bakery,office,4,46.0,concert,1.6956521739130435
17,Bakery,2024-06-28,14,2022-01-03,2023-01-01,True,17_Bakery,office,4,47.0,concert,0.2978723404255319
17,Bakery,2024-07-05,31,2022-01-03,2023-01-01,True,17_Bakery,office,4,46.5,cultural,0.6666666666666666
17,Bakery,2024-09-13,36,2022-01-03,2023-01-01,True,17_Bakery,office,4,44.5,music_festival,0.8089887640449438
17,Bakery,2024-09-27,45,2022-01-03,2023-01-01,True,17_Bakery,office,4,44.0,market,1.0227272727272727
17,Bakery,2023-01-14,26,2022-01-03,2023-01-01,True,17_Bakery,office,5,48.0,book_fair,0.5416666666666666
17,Bakery,2023-06-03,7,2022-01-03,2023-01-01,True,17_Bakery,office,5,26.0,sports,0.2692307692307692
17,Bakery,2023-12-09,72,2022-01-03,2023-01-01,True,17_Bakery,office,5,20.5,convention,3.0
17,Bakery,2024-02-03,12,2022-01-03,2023-01-01,True,17_Bakery,office,5,23.0,market,0.5217391304347826
17,Bakery,2024-10-26,30,2022-01-03,2023-01-01,True,17_Bakery,office,5,21.5,music_festival,1.3953488372093024
17,Bakery,2023-01-08,20,2022-01-03,2023-01-01,True,17_Bakery,office,6,45.0,cultural,0.4444444444444444
17,Bakery,2023-02-26,34,2022-01-03,2023-01-01,True,17_Bakery,office,6,18.5,sports,1.837837837837838
17,Bakery,2023-03-19,44,2022-01-03,2023-01-01,True,17_Bakery,office,6,20.0,cultural,2.2
17,Bakery,2023-05-28,27,2022-01-03,2023-01-01,True,17_Bakery,office,6,23.0,book_fair,1.173913043478261
17,Bakery,2023-06-25,22,2022-01-03,2023-01-01,True,17_Bakery,office,6,21.0,food_festival,1.0476190476190477
17,Bakery,2023-11-26,16,2022-01-03,2023-01-01,True,17_Bakery,office,6,22.0,music_festival,0.7272727272727273
17,Bakery,2023-12-31,68,2022-01-03,2023-01-01,True,17_Bakery,office,6,22.5,market,3.0
17,Bakery,2024-01-14,28,2022-01-03,2023-01-01,True,17_Bakery,office,6,23.5,cultural,1.1914893617021276
17,Bakery,2024-04-14,79,2022-01-03,2023-01-01,True,17_Bakery,office,6,22.0,food_festival,3.0
17,Bakery,2024-04-14,79,2022-01-03,2023-01-01,True,17_Bakery,office,6,22.0,music_festival,3.0
17,Bakery,2024-04-14,79,2022-01-03,2023-01-01,True,17_Bakery,office,6,22.0,cultural,3.0
17,Chocolate & Milk,2023-01-09,50,2022-01-03,2023-01-01,True,17_Chocolate-Milk,office,0,21.0,food_festival,2.380952380952381
17,Chocolate & Milk,2023-02-20,22,2022-01-03,2023-01-01,True,17_Chocolate-Milk,office,0,33.0,book_fair,0.6666666666666666
17,Chocolate & Milk,2023-04-10,46,2022-01-03,2023-01-01,True,17_Chocolate-Milk,office,0,27.0,food_festival,1.7037037037037037
17,Chocolate & Milk,2023-10-02,14,2022-01-03,2023-01-01,True,17_Chocolate-Milk,office,0,23.0,sports,0.6086956521739131
17,Chocolate & Milk,2023-12-25,32,2022-01-03,2023-01-01,True,17_Chocolate-Milk,office,0,23.0,market,1.391304347826087
17,Chocolate & Milk,2024-01-01,48,2022-01-03,2023-01-01,True,17_Chocolate-Milk,office,0,23.5,cultural,2.0425531914893615
17,Chocolate & Milk,2024-05-06,24,2022-01-03,2023-01-01,True,17_Chocolate-Milk,office,0,26.0,cultural,0.9230769230769231
17,Chocolate & Milk,2024-07-29,12,2022-01-03,2023-01-01,True,17_Chocolate-Milk,office,0,24.5,sports,0.4897959183673469
17,Chocolate & Milk,2024-08-12,17,2022-01-03,2023-01-01,True,17_Chocolate-Milk,office,0,24.0,sports,0.7083333333333334
17,Chocolate & Milk,2023-03-07,14,2022-01-03,2023-01-01,True,17_Chocolate-Milk,office,1,19.0,book_fair,0.7368421052631579
17,Chocolate & Milk,2023-05-16,25,2022-01-03,2023-01-01,True,17_Chocolate-Milk,office,1,20.0,market,1.25
17,Chocolate & Milk,2023-08-08,34,2022-01-03,2023-01-01,True,17_Chocolate-Milk,office,1,18.0,convention,1.8888888888888888
17,Chocolate & Milk,2023-08-29,14,2022-01-03,2023-01-01,True,17_Chocolate-Milk,office,1,19.0,concert,0.7368421052631579
17,Chocolate & Milk,2023-12-05,127,2022-01-03,2023-01-01,True,17_Chocolate-Milk,office,1,19.0,convention,3.0
17,Chocolate & Milk,2024-01-16,22,2022-01-03,2023-01-01,True,17_Chocolate-Milk,office,1,19.5,music_festival,1.1282051282051282
17,Chocolate & Milk,2024-04-16,48,2022-01-03,2023-01-01,True,17_Chocolate-Milk,office,1,20.0,food_festival,2.4
17,Chocolate & Milk,2024-05-28,22,2022-01-03,2023-01-01,True,17_Chocolate-Milk,office,1,20.0,market,1.1
17,Chocolate & Milk,2024-06-04,17,2022-01-03,2023-01-01,True,17_Chocolate-Milk,office,1,21.0,book_fair,0.8095238095238095
17,Chocolate & Milk,2024-06-25,27,2022-01-03,2023-01-01,True,17_Chocolate-Milk,office,1,22.0,music_festival,1.2272727272727273
17,Chocolate & Milk,2023-04-19,31,2022-01-03,2023-01-01,True,17_Chocolate-Milk,office,2,32.0,cultural,0.96875
17,Chocolate & Milk,2023-11-15,12,2022-01-03,2023-01-01,True,17_Chocolate-Milk,office,2,22.0,book_fair,0.5454545454545454
17,Chocolate & Milk,2023-11-29,48,2022-01-03,2023-01-01,True,17_Chocolate-Milk,office,2,22.0,market,2.1818181818181817
17,Chocolate & Milk,2023-11-29,48,2022-01-03,2023-01-01,True,17_Chocolate-Milk,office,2,22.0,concert,2.1818181818181817
17,Chocolate & Milk,2024-02-21,38,2022-01-03,2023-01-01,True,17_Chocolate-Milk,office,2,22.0,book_fair,1.7272727272727273
17,Chocolate & Milk,2024-02-28,20,2022-01-03,2023-01-01,True,17_Chocolate-Milk,office,2,22.0,market,0.9090909090909091
17,Chocolate & Milk,2024-02-28,20,2022-01-03,2023-01-01,True,17_Chocolate-Milk,office,2,22.0,concert,0.9090909090909091
17,Chocolate & Milk,2024-03-13,9,2022-01-03,2023-01-01,True,17_Chocolate-Milk,office,2,22.0,cultural,0.4090909090909091
17,Chocolate & Milk,2024-03-20,21,2022-01-03,2023-01-01,True,17_Chocolate-Milk,office,2,22.0,market,0.9545454545454546
17,Chocolate & Milk,2024-03-20,21,2022-01-03,2023-01-01,True,17_Chocolate-Milk,office,2,22.0,music_festival,0.9545454545454546
17,Chocolate & Milk,2024-05-08,30,2022-01-03,2023-01-01,True,17_Chocolate-Milk,office,2,22.0,sports,1.3636363636363635
17,Chocolate & Milk,2024-07-31,34,2022-01-03,2023-01-01,True,17_Chocolate-Milk,office,2,22.0,market,1.5454545454545454
17,Chocolate & Milk,2024-07-31,34,2022-01-03,2023-01-01,True,17_Chocolate-Milk,office,2,22.0,music_festival,1.5454545454545454
17,Chocolate & Milk,2024-09-25,29,2022-01-03,2023-01-01,True,17_Chocolate-Milk,office,2,22.0,food_festival,1.3181818181818181
17,Chocolate & Milk,2024-10-23,51,2022-01-03,2023-01-01,True,17_Chocolate-Milk,office,2,22.0,market,2.3181818181818183
17,Chocolate & Milk,2023-03-23,17,2022-01-03,2023-01-01,True,17_Chocolate-Milk,office,3,24.0,market,0.7083333333333334
17,Chocolate & Milk,2023-03-23,17,2022-01-03,2023-01-01,True,17_Chocolate-Milk,office,3,24.0,market,0.7083333333333334
17,Chocolate & Milk,2023-04-20,27,2022-01-03,2023-01-01,True,17_Chocolate-Milk,office,3,24.0,cultural,1.125
17,Chocolate & Milk,2023-04-20,27,2022-01-03,2023-01-01,True,17_Chocolate-Milk,office,3,24.0,book_fair,1.125
17,Chocolate & Milk,2023-06-15,12,2022-01-03,2023-01-01,True,17_Chocolate-Milk,office,3,24.0,concert,0.5
17,Chocolate & Milk,2023-06-22,10,2022-01-03,2023-01-01,True,17_Chocolate-Milk,office,3,24.0,concert,0.4166666666666667
17,Chocolate & Milk,2023-07-20,38,2022-01-03,2023-01-01,True,17_Chocolate-Milk,office,3,23.5,music_festival,1.6170212765957446
17,Chocolate & Milk,2023-07-20,38,2022-01-03,2023-01-01,True,17_Chocolate-Milk,office,3,23.5,book_fair,1.6170212765957446
17,Chocolate & Milk,2023-10-05,17,2022-01-03,2023-01-01,True,17_Chocolate-Milk,office,3,22.0,market,0.7727272727272727
17,Chocolate & Milk,2024-02-08,28,2022-01-03,2023-01-01,True,17_Chocolate-Milk,office,3,24.0,market,1.1666666666666667
17,Chocolate & Milk,2024-05-30,27,2022-01-03,2023-01-01,True,17_Chocolate-Milk,office,3,24.0,music_festival,1.125
17,Chocolate & Milk,2023-02-10,14,2022-01-03,2023-01-01,True,17_Chocolate-Milk,office,4,20.0,cultural,0.7
17,Chocolate & Milk,2023-03-03,28,2022-01-03,2023-01-01,True,17_Chocolate-Milk,office,4,19.0,market,1.4736842105263157
17,Chocolate & Milk,2023-03-17,28,2022-01-03,2023-01-01,True,17_Chocolate-Milk,office,4,21.5,music_festival,1.302325581395349
17,Chocolate & Milk,2023-07-07,54,2022-01-03,2023-01-01,True,17_Chocolate-Milk,office,4,21.5,music_festival,2.511627906976744
17,Chocolate & Milk,2023-10-27,34,2022-01-03,2023-01-01,True,17_Chocolate-Milk,office,4,24.0,market,1.4166666666666667
17,Chocolate & Milk,2024-03-01,45,2022-01-03,2023-01-01,True,17_Chocolate-Milk,office,4,24.0,convention,1.875
17,Chocolate & Milk,2024-05-31,56,2022-01-03,2023-01-01,True,17_Chocolate-Milk,office,4,25.0,concert,2.24
17,Chocolate & Milk,2024-06-28,9,2022-01-03,2023-01-01,True,17_Chocolate-Milk,office,4,25.0,concert,0.36
17,Chocolate & Milk,2024-07-05,23,2022-01-03,2023-01-01,True,17_Chocolate-Milk,office,4,25.0,cultural,0.92
17,Chocolate & Milk,2024-09-13,20,2022-01-03,2023-01-01,True,17_Chocolate-Milk,office,4,24.0,music_festival,0.8333333333333334
17,Chocolate & Milk,2024-09-27,17,2022-01-03,2023-01-01,True,17_Chocolate-Milk,office,4,23.5,market,0.723404255319149
17,Chocolate & Milk,2023-01-14,17,2022-01-03,2023-01-01,True,17_Chocolate-Milk,office,5,22.0,book_fair,0.7727272727272727
17,Chocolate & Milk,2023-06-03,2,2022-01-03,2023-01-01,True,17_Chocolate-Milk,office,5,13.0,sports,0.25
17,Chocolate & Milk,2023-12-09,37,2022-01-03,2023-01-01,True,17_Chocolate-Milk,office,5,11.0,convention,3.0
17,Chocolate & Milk,2024-02-03,7,2022-01-03,2023-01-01,True,17_Chocolate-Milk,office,5,11.0,market,0.6363636363636364
17,Chocolate & Milk,2024-10-26,17,2022-01-03,2023-01-01,True,17_Chocolate-Milk,office,5,11.0,music_festival,1.5454545454545454
17,Chocolate & Milk,2023-01-08,11,2022-01-03,2023-01-01,True,17_Chocolate-Milk,office,6,22.0,cultural,0.5
17,Chocolate & Milk,2023-02-26,9,2022-01-03,2023-01-01,True,17_Chocolate-Milk,office,6,10.5,sports,0.8571428571428571
17,Chocolate & Milk,2023-03-19,27,2022-01-03,2023-01-01,True,17_Chocolate-Milk,office,6,10.0,cultural,2.7
17,Chocolate & Milk,2023-05-28,5,2022-01-03,2023-01-01,True,17_Chocolate-Milk,office,6,10.0,book_fair,0.5
17,Chocolate & Milk,2023-06-25,17,2022-01-03,2023-01-01,True,17_Chocolate-Milk,office,6,9.0,food_festival,1.8888888888888888
17,Chocolate & Milk,2023-11-26,9,2022-01-03,2023-01-01,True,17_Chocolate-Milk,office,6,11.0,music_festival,0.8181818181818182
17,Chocolate & Milk,2023-12-31,30,2022-01-03,2023-01-01,True,17_Chocolate-Milk,office,6,11.0,market,2.727272727272727
17,Chocolate & Milk,2024-01-14,8,2022-01-03,2023-01-01,True,17_Chocolate-Milk,office,6,11.0,cultural,0.7272727272727273
17,Chocolate & Milk,2024-04-14,42,2022-01-03,2023-01-01,True,17_Chocolate-Milk,office,6,11.0,food_festival,3.0
17,Chocolate & Milk,2024-04-14,42,2022-01-03,2023-01-01,True,17_Chocolate-Milk,office,6,11.0,music_festival,3.0
17,Chocolate & Milk,2024-04-14,42,2022-01-03,2023-01-01,True,17_Chocolate-Milk,office,6,11.0,cultural,3.0
17,Coffee,2023-01-09,370,2022-01-03,2023-01-01,True,17_Coffee,office,0,166.5,food_festival,2.2222222222222223
17,Coffee,2023-02-20,174,2022-01-03,2023-01-01,True,17_Coffee,office,0,213.0,book_fair,0.8169014084507042
17,Coffee,2023-04-10,392,2022-01-03,2023-01-01,True,17_Coffee,office,0,181.0,food_festival,2.165745856353591
17,Coffee,2023-10-02,112,2022-01-03,2023-01-01,True,17_Coffee,office,0,160.0,sports,0.7
17,Coffee,2023-12-25,236,2022-01-03,2023-01-01,True,17_Coffee,office,0,160.0,market,1.475
17,Coffee,2024-01-01,258,2022-01-03,2023-01-01,True,17_Coffee,office,0,160.5,cultural,1.6074766355140186
17,Coffee,2024-05-06,221,2022-01-03,2023-01-01,True,17_Coffee,office,0,173.5,cultural,1.2737752161383284
17,Coffee,2024-07-29,108,2022-01-03,2023-01-01,True,17_Coffee,office,0,169.5,sports,0.6371681415929203
17,Coffee,2024-08-12,134,2022-01-03,2023-01-01,True,17_Coffee,office,0,167.5,sports,0.8
17,Coffee,2023-03-07,200,2022-01-03,2023-01-01,True,17_Coffee,office,1,214.0,book_fair,0.9345794392523364
17,Coffee,2023-05-16,160,2022-01-03,2023-01-01,True,17_Coffee,office,1,200.0,market,0.8
17,Coffee,2023-08-08,225,2022-01-03,2023-01-01,True,17_Coffee,office,1,157.0,convention,1.4331210191082802
17,Coffee,2023-08-29,141,2022-01-03,2023-01-01,True,17_Coffee,office,1,160.0,concert,0.88125
17,Coffee,2023-12-05,1057,2022-01-03,2023-01-01,True,17_Coffee,office,1,160.0,convention,3.0
17,Coffee,2024-01-16,217,2022-01-03,2023-01-01,True,17_Coffee,office,1,164.5,music_festival,1.3191489361702127
17,Coffee,2024-04-16,375,2022-01-03,2023-01-01,True,17_Coffee,office,1,169.0,food_festival,2.2189349112426036
17,Coffee,2024-05-28,195,2022-01-03,2023-01-01,True,17_Coffee,office,1,169.0,market,1.1538461538461537
17,Coffee,2024-06-04,135,2022-01-03,2023-01-01,True,17_Coffee,office,1,170.5,book_fair,0.7917888563049853
17,Coffee,2024-06-25,199,2022-01-03,2023-01-01,True,17_Coffee,office,1,172.0,music_festival,1.1569767441860466
17,Coffee,2023-04-19,281,2022-01-03,2023-01-01,True,17_Coffee,office,2,192.0,cultural,1.4635416666666667
17,Coffee,2023-11-15,148,2022-01-03,2023-01-01,True,17_Coffee,office,2,161.0,book_fair,0.9192546583850931
17,Coffee,2023-11-29,290,2022-01-03,2023-01-01,True,17_Coffee,office,2,160.0,market,1.8125
17,Coffee,2023-11-29,290,2022-01-03,2023-01-01,True,17_Coffee,office,2,160.0,concert,1.8125
17,Coffee,2024-02-21,249,2022-01-03,2023-01-01,True,17_Coffee,office,2,161.0,book_fair,1.546583850931677
17,Coffee,2024-02-28,136,2022-01-03,2023-01-01,True,17_Coffee,office,2,163.0,market,0.8343558282208589
17,Coffee,2024-02-28,136,2022-01-03,2023-01-01,True,17_Coffee,office,2,163.0,concert,0.8343558282208589
17,Coffee,2024-03-13,131,2022-01-03,2023-01-01,True,17_Coffee,office,2,163.0,cultural,0.803680981595092
17,Coffee,2024-03-20,153,2022-01-03,2023-01-01,True,17_Coffee,office,2,161.0,market,0.9503105590062112
17,Coffee,2024-03-20,153,2022-01-03,2023-01-01,True,17_Coffee,office,2,161.0,music_festival,0.9503105590062112
17,Coffee,2024-05-08,244,2022-01-03,2023-01-01,True,17_Coffee,office,2,167.0,sports,1.4610778443113772
17,Coffee,2024-07-31,196,2022-01-03,2023-01-01,True,17_Coffee,office,2,165.0,market,1.187878787878788
17,Coffee,2024-07-31,196,2022-01-03,2023-01-01,True,17_Coffee,office,2,165.0,music_festival,1.187878787878788
17,Coffee,2024-09-25,205,2022-01-03,2023-01-01,True,17_Coffee,office,2,160.5,food_festival,1.277258566978193
17,Coffee,2024-10-23,278,2022-01-03,2023-01-01,True,17_Coffee,office,2,160.5,market,1.7320872274143302
17,Coffee,2023-03-23,163,2022-01-03,2023-01-01,True,17_Coffee,office,3,155.0,market,1.0516129032258064
17,Coffee,2023-03-23,163,2022-01-03,2023-01-01,True,17_Coffee,office,3,155.0,market,1.0516129032258064
17,Coffee,2023-04-20,184,2022-01-03,2023-01-01,True,17_Coffee,office,3,163.0,cultural,1.1288343558282208
17,Coffee,2023-04-20,184,2022-01-03,2023-01-01,True,17_Coffee,office,3,163.0,book_fair,1.1288343558282208
17,Coffee,2023-06-15,125,2022-01-03,2023-01-01,True,17_Coffee,office,3,158.0,concert,0.7911392405063291
17,Coffee,2023-06-22,135,2022-01-03,2023-01-01,True,17_Coffee,office,3,156.5,concert,0.8626198083067093
17,Coffee,2023-07-20,233,2022-01-03,2023-01-01,True,17_Coffee,office,3,147.5,music_festival,1.5796610169491525
17,Coffee,2023-07-20,233,2022-01-03,2023-01-01,True,17_Coffee,office,3,147.5,book_fair,1.5796610169491525
17,Coffee,2023-10-05,154,2022-01-03,2023-01-01,True,17_Coffee,office,3,140.0,market,1.1
17,Coffee,2024-02-08,151,2022-01-03,2023-01-01,True,17_Coffee,office,3,162.0,market,0.9320987654320988
17,Coffee,2024-05-30,216,2022-01-03,2023-01-01,True,17_Coffee,office,3,163.0,music_festival,1.3251533742331287
17,Coffee,2023-02-10,128,2022-01-03,2023-01-01,True,17_Coffee,office,4,167.0,cultural,0.7664670658682635
17,Coffee,2023-03-03,181,2022-01-03,2023-01-01,True,17_Coffee,office,4,165.5,market,1.093655589123867
17,Coffee,2023-03-17,239,2022-01-03,2023-01-01,True,17_Coffee,office,4,168.5,music_festival,1.4183976261127595
17,Coffee,2023-07-07,278,2022-01-03,2023-01-01,True,17_Coffee,office,4,173.5,music_festival,1.6023054755043227
17,Coffee,2023-10-27,256,2022-01-03,2023-01-01,True,17_Coffee,office,4,171.5,market,1.4927113702623906
17,Coffee,2024-03-01,331,2022-01-03,2023-01-01,True,17_Coffee,office,4,176.0,convention,1.8806818181818181
17,Coffee,2024-05-31,255,2022-01-03,2023-01-01,True,17_Coffee,office,4,178.0,concert,1.4325842696629214
17,Coffee,2024-06-28,96,2022-01-03,2023-01-01,True,17_Coffee,office,4,180.0,concert,0.5333333333333333
17,Coffee,2024-07-05,117,2022-01-03,2023-01-01,True,17_Coffee,office,4,179.0,cultural,0.6536312849162011
17,Coffee,2024-09-13,143,2022-01-03,2023-01-01,True,17_Coffee,office,4,169.0,music_festival,0.8461538461538461
17,Coffee,2024-09-27,179,2022-01-03,2023-01-01,True,17_Coffee,office,4,167.5,market,1.0686567164179104
17,Coffee,2023-01-14,118,2022-01-03,2023-01-01,True,17_Coffee,office,5,162.0,book_fair,0.7283950617283951
17,Coffee,2023-06-03,50,2022-01-03,2023-01-01,True,17_Coffee,office,5,95.0,sports,0.5263157894736842
17,Coffee,2023-12-09,210,2022-01-03,2023-01-01,True,17_Coffee,office,5,82.0,convention,2.5609756097560976
17,Coffee,2024-02-03,71,2022-01-03,2023-01-01,True,17_Coffee,office,5,83.5,market,0.8502994011976048
17,Coffee,2024-10-26,123,2022-01-03,2023-01-01,True,17_Coffee,office,5,83.0,music_festival,1.4819277108433735
17,Coffee,2023-01-08,70,2022-01-03,2023-01-01,True,17_Coffee,office,6,178.0,cultural,0.39325842696629215
17,Coffee,2023-02-26,86,2022-01-03,2023-01-01,True,17_Coffee,office,6,93.5,sports,0.9197860962566845
17,Coffee,2023-03-19,153,2022-01-03,2023-01-01,True,17_Coffee,office,6,89.0,cultural,1.7191011235955056
17,Coffee,2023-05-28,79,2022-01-03,2023-01-01,True,17_Coffee,office,6,86.0,book_fair,0.9186046511627907
17,Coffee,2023-06-25,103,2022-01-03,2023-01-01,True,17_Coffee,office,6,83.0,food_festival,1.2409638554216869
17,Coffee,2023-11-26,97,2022-01-03,2023-01-01,True,17_Coffee,office,6,80.0,music_festival,1.2125
17,Coffee,2023-12-31,194,2022-01-03,2023-01-01,True,17_Coffee,office,6,84.5,market,2.2958579881656807
17,Coffee,2024-01-14,104,2022-01-03,2023-01-01,True,17_Coffee,office,6,86.0,cultural,1.2093023255813953
17,Coffee,2024-04-14,356,2022-01-03,2023-01-01,True,17_Coffee,office,6,86.0,food_festival,3.0
17,Coffee,2024-04-14,356,2022-01-03,2023-01-01,True,17_Coffee,office,6,86.0,music_festival,3.0
17,Coffee,2024-04-14,356,2022-01-03,2023-01-01,True,17_Coffee,office,6,86.0,cultural,3.0
17,Juice & Smoothie,2023-01-09,43,2022-01-03,2023-01-01,True,17_Juice-Smoothie,office,0,13.0,food_festival,3.0
17,Juice & Smoothie,2023-02-20,12,2022-01-03,2023-01-01,True,17_Juice-Smoothie,office,0,18.0,book_fair,0.6666666666666666
17,Juice & Smoothie,2023-04-10,37,2022-01-03,2023-01-01,True,17_Juice-Smoothie,office,0,16.5,food_festival,2.242424242424242
17,Juice & Smoothie,2023-10-02,9,2022-01-03,2023-01-01,True,17_Juice-Smoothie,office,0,14.0,sports,0.6428571428571429
17,Juice & Smoothie,2023-12-25,22,2022-01-03,2023-01-01,True,17_Juice-Smoothie,office,0,14.0,market,1.5714285714285714
17,Juice & Smoothie,2024-01-01,24,2022-01-03,2023-01-01,True,17_Juice-Smoothie,office,0,14.0,cultural,1.7142857142857142
17,Juice & Smoothie,2024-05-06,14,2022-01-03,2023-01-01,True,17_Juice-Smoothie,office,0,15.0,cultural,0.9333333333333333
17,Juice & Smoothie,2024-07-29,9,2022-01-03,2023-01-01,True,17_Juice-Smoothie,office,0,14.5,sports,0.6206896551724138
17,Juice & Smoothie,2024-08-12,8,2022-01-03,2023-01-01,True,17_Juice-Smoothie,office,0,14.0,sports,0.5714285714285714
17,Juice & Smoothie,2023-03-07,8,2022-01-03,2023-01-01,True,17_Juice-Smoothie,office,1,12.0,book_fair,0.6666666666666666
17,Juice & Smoothie,2023-05-16,12,2022-01-03,2023-01-01,True,17_Juice-Smoothie,office,1,13.0,market,0.9230769230769231
17,Juice & Smoothie,2023-08-08,24,2022-01-03,2023-01-01,True,17_Juice-Smoothie,office,1,12.0,convention,2.0
17,Juice & Smoothie,2023-08-29,11,2022-01-03,2023-01-01,True,17_Juice-Smoothie,office,1,12.0,concert,0.9166666666666666
17,Juice & Smoothie,2023-12-05,97,2022-01-03,2023-01-01,True,17_Juice-Smoothie,office,1,12.5,convention,3.0
17,Juice & Smoothie,2024-01-16,19,2022-01-03,2023-01-01,True,17_Juice-Smoothie,office,1,13.0,music_festival,1.4615384615384615
17,Juice & Smoothie,2024-04-16,42,2022-01-03,2023-01-01,True,17_Juice-Smoothie,office,1,15.0,food_festival,2.8
17,Juice & Smoothie,2024-05-28,18,2022-01-03,2023-01-01,True,17_Juice-Smoothie,office,1,15.0,market,1.2
17,Juice & Smoothie,2024-06-04,10,2022-01-03,2023-01-01,True,17_Juice-Smoothie,office,1,15.0,book_fair,0.6666666666666666
17,Juice & Smoothie,2024-06-25,15,2022-01-03,2023-01-01,True,17_Juice-Smoothie,office,1,14.0,music_festival,1.0714285714285714
17,Juice & Smoothie,2023-04-19,20,2022-01-03,2023-01-01,True,17_Juice-Smoothie,office,2,15.0,cultural,1.3333333333333333
17,Juice & Smoothie,2023-11-15,13,2022-01-03,2023-01-01,True,17_Juice-Smoothie,office,2,11.0,book_fair,1.1818181818181819
17,Juice & Smoothie,2023-11-29,28,2022-01-03,2023-01-01,True,17_Juice-Smoothie,office,2,12.0,market,2.3333333333333335
17,Juice & Smoothie,2023-11-29,28,2022-01-03,2023-01-01,True,17_Juice-Smoothie,office,2,12.0,concert,2.3333333333333335
17,Juice & Smoothie,2024-02-21,19,2022-01-03,2023-01-01,True,17_Juice-Smoothie,office,2,14.0,book_fair,1.3571428571428572
17,Juice & Smoothie,2024-02-28,10,2022-01-03,2023-01-01,True,17_Juice-Smoothie,office,2,14.0,market,0.7142857142857143
17,Juice & Smoothie,2024-02-28,10,2022-01-03,2023-01-01,True,17_Juice-Smoothie,office,2,14.0,concert,0.7142857142857143
17,Juice & Smoothie,2024-03-13,8,2022-01-03,2023-01-01,True,17_Juice-Smoothie,office,2,13.5,cultural,0.5925925925925926
17,Juice & Smoothie,2024-03-20,14,2022-01-03,2023-01-01,True,17_Juice-Smoothie,office,2,13.0,market,1.0769230769230769
17,Juice & Smoothie,2024-03-20,14,2022-01-03,2023-01-01,True,17_Juice-Smoothie,office,2,13.0,music_festival,1.0769230769230769
17,Juice & Smoothie,2024-05-08,23,2022-01-03,2023-01-01,True,17_Juice-Smoothie,office,2,14.0,sports,1.6428571428571428
17,Juice & Smoothie,2024-07-31,20,2022-01-03,2023-01-01,True,17_Juice-Smoothie,office,2,14.0,market,1.4285714285714286
17,Juice & Smoothie,2024-07-31,20,2022-01-03,2023-01-01,True,17_Juice-Smoothie,office,2,14.0,music_festival,1.4285714285714286
17,Juice & Smoothie,2024-09-25,16,2022-01-03,2023-01-01,True,17_Juice-Smoothie,office,2,13.5,food_festival,1.1851851851851851
17,Juice & Smoothie,2024-10-23,21,2022-01-03,2023-01-01,True,17_Juice-Smoothie,office,2,14.0,market,1.5
17,Juice & Smoothie,2023-03-23,18,2022-01-03,2023-01-01,True,17_Juice-Smoothie,office,3,14.0,market,1.2857142857142858
17,Juice & Smoothie,2023-03-23,18,2022-01-03,2023-01-01,True,17_Juice-Smoothie,office,3,14.0,market,1.2857142857142858
17,Juice & Smoothie,2023-04-20,11,2022-01-03,2023-01-01,True,17_Juice-Smoothie,office,3,16.0,cultural,0.6875
17,Juice & Smoothie,2023-04-20,11,2022-01-03,2023-01-01,True,17_Juice-Smoothie,office,3,16.0,book_fair,0.6875
17,Juice & Smoothie,2023-06-15,11,2022-01-03,2023-01-01,True,17_Juice-Smoothie,office,3,14.0,concert,0.7857142857142857
17,Juice & Smoothie,2023-06-22,16,2022-01-03,2023-01-01,True,17_Juice-Smoothie,office,3,13.5,concert,1.1851851851851851
17,Juice & Smoothie,2023-07-20,23,2022-01-03,2023-01-01,True,17_Juice-Smoothie,office,3,12.5,music_festival,1.84
17,Juice & Smoothie,2023-07-20,23,2022-01-03,2023-01-01,True,17_Juice-Smoothie,office,3,12.5,book_fair,1.84
17,Juice & Smoothie,2023-10-05,12,2022-01-03,2023-01-01,True,17_Juice-Smoothie,office,3,12.0,market,1.0
17,Juice & Smoothie,2024-02-08,6,2022-01-03,2023-01-01,True,17_Juice-Smoothie,office,3,12.0,market,0.5
17,Juice & Smoothie,2024-05-30,19,2022-01-03,2023-01-01,True,17_Juice-Smoothie,office,3,13.0,music_festival,1.4615384615384615
17,Juice & Smoothie,2023-02-10,8,2022-01-03,2023-01-01,True,17_Juice-Smoothie,office,4,11.0,cultural,0.7272727272727273
17,Juice & Smoothie,2023-03-03,12,2022-01-03,2023-01-01,True,17_Juice-Smoothie,office,4,10.0,market,1.2
17,Juice & Smoothie,2023-03-17,19,2022-01-03,2023-01-01,True,17_Juice-Smoothie,office,4,10.5,music_festival,1.8095238095238095
17,Juice & Smoothie,2023-07-07,13,2022-01-03,2023-01-01,True,17_Juice-Smoothie,office,4,12.0,music_festival,1.0833333333333333
17,Juice & Smoothie,2023-10-27,27,2022-01-03,2023-01-01,True,17_Juice-Smoothie,office,4,13.0,market,2.076923076923077
17,Juice & Smoothie,2024-03-01,22,2022-01-03,2023-01-01,True,17_Juice-Smoothie,office,4,13.0,convention,1.6923076923076923
17,Juice & Smoothie,2024-05-31,31,2022-01-03,2023-01-01,True,17_Juice-Smoothie,office,4,13.0,concert,2.3846153846153846
17,Juice & Smoothie,2024-06-28,7,2022-01-03,2023-01-01,True,17_Juice-Smoothie,office,4,14.0,concert,0.5
17,Juice & Smoothie,2024-07-05,8,2022-01-03,2023-01-01,True,17_Juice-Smoothie,office,4,13.5,cultural,0.5925925925925926
17,Juice & Smoothie,2024-09-13,20,2022-01-03,2023-01-01,True,17_Juice-Smoothie,office,4,13.0,music_festival,1.5384615384615385
17,Juice & Smoothie,2024-09-27,9,2022-01-03,2023-01-01,True,17_Juice-Smoothie,office,4,13.0,market,0.6923076923076923
17,Juice & Smoothie,2023-01-14,4,2022-01-03,2023-01-01,True,17_Juice-Smoothie,office,5,15.0,book_fair,0.26666666666666666
17,Juice & Smoothie,2023-06-03,3,2022-01-03,2023-01-01,True,17_Juice-Smoothie,office,5,7.0,sports,0.42857142857142855
17,Juice & Smoothie,2023-12-09,23,2022-01-03,2023-01-01,True,17_Juice-Smoothie,office,5,7.0,convention,3.0
17,Juice & Smoothie,2024-02-03,13,2022-01-03,2023-01-01,True,17_Juice-Smoothie,office,5,7.0,market,1.8571428571428572
17,Juice & Smoothie,2024-10-26,6,2022-01-03,2023-01-01,True,17_Juice-Smoothie,office,5,6.0,music_festival,1.0
17,Juice & Smoothie,2023-01-08,9,2022-01-03,2023-01-01,True,17_Juice-Smoothie,office,6,15.0,cultural,0.6
17,Juice & Smoothie,2023-02-26,7,2022-01-03,2023-01-01,True,17_Juice-Smoothie,office,6,6.0,sports,1.1666666666666667
17,Juice & Smoothie,2023-03-19,3,2022-01-03,2023-01-01,True,17_Juice-Smoothie,office,6,6.0,cultural,0.5
17,Juice & Smoothie,2023-05-28,6,2022-01-03,2023-01-01,True,17_Juice-Smoothie,office,6,6.0,book_fair,1.0
17,Juice & Smoothie,2023-06-25,7,2022-01-03,2023-01-01,True,17_Juice-Smoothie,office,6,6.0,food_festival,1.1666666666666667
17,Juice & Smoothie,2023-11-26,9,2022-01-03,2023-01-01,True,17_Juice-Smoothie,office,6,6.0,music_festival,1.5
17,Juice & Smoothie,2023-12-31,13,2022-01-03,2023-01-01,True,17_Juice-Smoothie,office,6,6.0,market,2.1666666666666665
17,Juice & Smoothie,2024-01-14,7,2022-01-03,2023-01-01,True,17_Juice-Smoothie,office,6,6.0,cultural,1.1666666666666667
17,Juice & Smoothie,2024-04-14,47,2022-01-03,2023-01-01,True,17_Juice-Smoothie,office,6,6.0,food_festival,3.0
17,Juice & Smoothie,2024-04-14,47,2022-01-03,2023-01-01,True,17_Juice-Smoothie,office,6,6.0,music_festival,3.0
17,Juice & Smoothie,2024-04-14,47,2022-01-03,2023-01-01,True,17_Juice-Smoothie,office,6,6.0,cultural,3.0
17,Merchandise,2023-01-09,22,2022-01-03,2023-01-01,True,17_Merchandise,office,0,7.5,food_festival,2.933333333333333
17,Merchandise,2023-02-20,14,2022-01-03,2023-01-01,True,17_Merchandise,office,0,13.0,book_fair,1.0769230769230769
17,Merchandise,2023-04-10,13,2022-01-03,2023-01-01,True,17_Merchandise,office,0,12.0,food_festival,1.0833333333333333
17,Merchandise,2023-10-02,4,2022-01-03,2023-01-01,True,17_Merchandise,office,0,8.0,sports,0.5
17,Merchandise,2023-12-25,13,2022-01-03,2023-01-01,True,17_Merchandise,office,0,8.0,market,1.625
17,Merchandise,2024-01-01,20,2022-01-03,2023-01-01,True,17_Merchandise,office,0,8.5,cultural,2.3529411764705883
17,Merchandise,2024-05-06,4,2022-01-03,2023-01-01,True,17_Merchandise,office,0,9.5,cultural,0.42105263157894735
17,Merchandise,2024-07-29,4,2022-01-03,2023-01-01,True,17_Merchandise,office,0,8.0,sports,0.5
17,Merchandise,2024-08-12,5,2022-01-03,2023-01-01,True,17_Merchandise,office,0,8.0,sports,0.625
17,Merchandise,2023-03-07,9,2022-01-03,2023-01-01,True,17_Merchandise,office,1,12.0,book_fair,0.75
17,Merchandise,2023-05-16,12,2022-01-03,2023-01-01,True,17_Merchandise,office,1,10.0,market,1.2
17,Merchandise,2023-08-08,6,2022-01-03,2023-01-01,True,17_Merchandise,office,1,9.0,convention,0.6666666666666666
17,Merchandise,2023-08-29,7,2022-01-03,2023-01-01,True,17_Merchandise,office,1,8.5,concert,0.8235294117647058
17,Merchandise,2023-12-05,51,2022-01-03,2023-01-01,True,17_Merchandise,office,1,8.5,convention,3.0
17,Merchandise,2024-01-16,5,2022-01-03,2023-01-01,True,17_Merchandise,office,1,9.0,music_festival,0.5555555555555556
17,Merchandise,2024-04-16,28,2022-01-03,2023-01-01,True,17_Merchandise,office,1,9.0,food_festival,3.0
17,Merchandise,2024-05-28,7,2022-01-03,2023-01-01,True,17_Merchandise,office,1,9.0,market,0.7777777777777778
17,Merchandise,2024-06-04,9,2022-01-03,2023-01-01,True,17_Merchandise,office,1,9.0,book_fair,1.0
17,Merchandise,2024-06-25,12,2022-01-03,2023-01-01,True,17_Merchandise,office,1,9.0,music_festival,1.3333333333333333
17,Merchandise,2023-04-19,18,2022-01-03,2023-01-01,True,17_Merchandise,office,2,11.0,cultural,1.6363636363636365
17,Merchandise,2023-11-15,5,2022-01-03,2023-01-01,True,17_Merchandise,office,2,9.0,book_fair,0.5555555555555556
17,Merchandise,2023-11-29,21,2022-01-03,2023-01-01,True,17_Merchandise,office,2,8.0,market,2.625
17,Merchandise,2023-11-29,21,2022-01-03,2023-01-01,True,17_Merchandise,office,2,8.0,concert,2.625
17,Merchandise,2024-02-21,12,2022-01-03,2023-01-01,True,17_Merchandise,office,2,9.0,book_fair,1.3333333333333333
17,Merchandise,2024-02-28,3,2022-01-03,2023-01-01,True,17_Merchandise,office,2,9.0,market,0.3333333333333333
17,Merchandise,2024-02-28,3,2022-01-03,2023-01-01,True,17_Merchandise,office,2,9.0,concert,0.3333333333333333
17,Merchandise,2024-03-13,6,2022-01-03,2023-01-01,True,17_Merchandise,office,2,9.0,cultural,0.6666666666666666
17,Merchandise,2024-03-20,6,2022-01-03,2023-01-01,True,17_Merchandise,office,2,9.0,market,0.6666666666666666
17,Merchandise,2024-03-20,6,2022-01-03,2023-01-01,True,17_Merchandise,office,2,9.0,music_festival,0.6666666666666666
17,Merchandise,2024-05-08,15,2022-01-03,2023-01-01,True,17_Merchandise,office,2,8.5,sports,1.7647058823529411
17,Merchandise,2024-07-31,9,2022-01-03,2023-01-01,True,17_Merchandise,office,2,8.0,market,1.125
17,Merchandise,2024-07-31,9,2022-01-03,2023-01-01,True,17_Merchandise,office,2,8.0,music_festival,1.125
17,Merchandise,2024-09-25,14,2022-01-03,2023-01-01,True,17_Merchandise,office,2,7.5,food_festival,1.8666666666666667
17,Merchandise,2024-10-23,17,2022-01-03,2023-01-01,True,17_Merchandise,office,2,8.0,market,2.125
17,Merchandise,2023-03-23,8,2022-01-03,2023-01-01,True,17_Merchandise,office,3,6.0,market,1.3333333333333333
17,Merchandise,2023-03-23,8,2022-01-03,2023-01-01,True,17_Merchandise,office,3,6.0,market,1.3333333333333333
17,Merchandise,2023-04-20,13,2022-01-03,2023-01-01,True,17_Merchandise,office,3,8.0,cultural,1.625
17,Merchandise,2023-04-20,13,2022-01-03,2023-01-01,True,17_Merchandise,office,3,8.0,book_fair,1.625
17,Merchandise,2023-06-15,7,2022-01-03,2023-01-01,True,17_Merchandise,office,3,8.0,concert,0.875
17,Merchandise,2023-06-22,11,2022-01-03,2023-01-01,True,17_Merchandise,office,3,7.5,concert,1.4666666666666666
17,Merchandise,2023-07-20,17,2022-01-03,2023-01-01,True,17_Merchandise,office,3,8.5,music_festival,2.0
17,Merchandise,2023-07-20,17,2022-01-03,2023-01-01,True,17_Merchandise,office,3,8.5,book_fair,2.0
17,Merchandise,2023-10-05,4,2022-01-03,2023-01-01,True,17_Merchandise,office,3,8.0,market,0.5
17,Merchandise,2024-02-08,10,2022-01-03,2023-01-01,True,17_Merchandise,office,3,9.0,market,1.1111111111111112
17,Merchandise,2024-05-30,10,2022-01-03,2023-01-01,True,17_Merchandise,office,3,9.0,music_festival,1.1111111111111112
17,Merchandise,2023-02-10,13,2022-01-03,2023-01-01,True,17_Merchandise,office,4,12.0,cultural,1.0833333333333333
17,Merchandise,2023-03-03,6,2022-01-03,2023-01-01,True,17_Merchandise,office,4,10.5,market,0.5714285714285714
17,Merchandise,2023-03-17,6,2022-01-03,2023-01-01,True,17_Merchandise,office,4,8.5,music_festival,0.7058823529411765
17,Merchandise,2023-07-07,12,2022-01-03,2023-01-01,True,17_Merchandise,office,4,8.0,music_festival,1.5
17,Merchandise,2023-10-27,12,2022-01-03,2023-01-01,True,17_Merchandise,office,4,8.0,market,1.5
17,Merchandise,2024-03-01,24,2022-01-03,2023-01-01,True,17_Merchandise,office,4,9.0,convention,2.6666666666666665
17,Merchandise,2024-05-31,22,2022-01-03,2023-01-01,True,17_Merchandise,office,4,9.0,concert,2.4444444444444446
17,Merchandise,2024-06-28,5,2022-01-03,2023-01-01,True,17_Merchandise,office,4,9.0,concert,0.5555555555555556
17,Merchandise,2024-07-05,5,2022-01-03,2023-01-01,True,17_Merchandise,office,4,9.0,cultural,0.5555555555555556
17,Merchandise,2024-09-13,5,2022-01-03,2023-01-01,True,17_Merchandise,office,4,9.0,music_festival,0.5555555555555556
17,Merchandise,2024-09-27,15,2022-01-03,2023-01-01,True,17_Merchandise,office,4,9.0,market,1.6666666666666667
17,Merchandise,2023-01-14,4,2022-01-03,2023-01-01,True,17_Merchandise,office,5,9.0,book_fair,0.4444444444444444
17,Merchandise,2023-06-03,6,2022-01-03,2023-01-01,True,17_Merchandise,office,5,6.0,sports,1.0
17,Merchandise,2023-12-09,7,2022-01-03,2023-01-01,True,17_Merchandise,office,5,5.0,convention,1.4
17,Merchandise,2024-02-03,2,2022-01-03,2023-01-01,True,17_Merchandise,office,5,5.0,market,0.4
17,Merchandise,2024-10-26,8,2022-01-03,2023-01-01,True,17_Merchandise,office,5,5.0,music_festival,1.6
17,Merchandise,2023-01-08,6,2022-01-03,2023-01-01,True,17_Merchandise,office,6,9.0,cultural,0.6666666666666666
17,Merchandise,2023-02-26,5,2022-01-03,2023-01-01,True,17_Merchandise,office,6,3.5,sports,1.4285714285714286
17,Merchandise,2023-03-19,9,2022-01-03,2023-01-01,True,17_Merchandise,office,6,3.0,cultural,3.0
17,Merchandise,2023-05-28,0,2022-01-03,2023-01-01,True,17_Merchandise,office,6,4.0,book_fair,0.25
17,Merchandise,2023-06-25,1,2022-01-03,2023-01-01,True,17_Merchandise,office,6,3.0,food_festival,0.3333333333333333
17,Merchandise,2023-11-26,6,2022-01-03,2023-01-01,True,17_Merchandise,office,6,4.0,music_festival,1.5
17,Merchandise,2023-12-31,10,2022-01-03,2023-01-01,True,17_Merchandise,office,6,4.0,market,2.5
17,Merchandise,2024-01-14,4,2022-01-03,2023-01-01,True,17_Merchandise,office,6,4.0,cultural,1.0
17,Merchandise,2024-04-14,14,2022-01-03,2023-01-01,True,17_Merchandise,office,6,4.0,food_festival,3.0
17,Merchandise,2024-04-14,14,2022-01-03,2023-01-01,True,17_Merchandise,office,6,4.0,music_festival,3.0
17,Merchandise,2024-04-14,14,2022-01-03,2023-01-01,True,17_Merchandise,office,6,4.0,cultural,3.0
17,Savory Bakery,2023-01-09,78,2022-01-03,2023-01-01,True,17_Savory-Bakery,office,0,30.5,food_festival,2.557377049180328
17,Savory Bakery,2023-02-20,27,2022-01-03,2023-01-01,True,17_Savory-Bakery,office,0,47.0,book_fair,0.574468085106383
17,Savory Bakery,2023-04-10,65,2022-01-03,2023-01-01,True,17_Savory-Bakery,office,0,40.5,food_festival,1.6049382716049383
17,Savory Bakery,2023-10-02,24,2022-01-03,2023-01-01,True,17_Savory-Bakery,office,0,32.0,sports,0.75
17,Savory Bakery,2023-12-25,42,2022-01-03,2023-01-01,True,17_Savory-Bakery,office,0,33.0,market,1.2727272727272727
17,Savory Bakery,2024-01-01,61,2022-01-03,2023-01-01,True,17_Savory-Bakery,office,0,33.5,cultural,1.8208955223880596
17,Savory Bakery,2024-05-06,79,2022-01-03,2023-01-01,True,17_Savory-Bakery,office,0,36.0,cultural,2.1944444444444446
17,Savory Bakery,2024-07-29,12,2022-01-03,2023-01-01,True,17_Savory-Bakery,office,0,35.0,sports,0.34285714285714286
17,Savory Bakery,2024-08-12,24,2022-01-03,2023-01-01,True,17_Savory-Bakery,office,0,35.0,sports,0.6857142857142857
17,Savory Bakery,2023-03-07,32,2022-01-03,2023-01-01,True,17_Savory-Bakery,office,1,31.0,book_fair,1.032258064516129
17,Savory Bakery,2023-05-16,41,2022-01-03,2023-01-01,True,17_Savory-Bakery,office,1,35.0,market,1.1714285714285715
17,Savory Bakery,2023-08-08,41,2022-01-03,2023-01-01,True,17_Savory-Bakery,office,1,29.0,convention,1.4137931034482758
17,Savory Bakery,2023-08-29,28,2022-01-03,2023-01-01,True,17_Savory-Bakery,office,1,30.0,concert,0.9333333333333333
17,Savory Bakery,2023-12-05,183,2022-01-03,2023-01-01,True,17_Savory-Bakery,office,1,31.5,convention,3.0
17,Savory Bakery,2024-01-16,39,2022-01-03,2023-01-01,True,17_Savory-Bakery,office,1,34.0,music_festival,1.1470588235294117
17,Savory Bakery,2024-04-16,86,2022-01-03,2023-01-01,True,17_Savory-Bakery,office,1,34.0,food_festival,2.5294117647058822
17,Savory Bakery,2024-05-28,37,2022-01-03,2023-01-01,True,17_Savory-Bakery,office,1,34.0,market,1.088235294117647
17,Savory Bakery,2024-06-04,30,2022-01-03,2023-01-01,True,17_Savory-Bakery,office,1,34.0,book_fair,0.8823529411764706
17,Savory Bakery,2024-06-25,43,2022-01-03,2023-01-01,True,17_Savory-Bakery,office,1,34.0,music_festival,1.2647058823529411
17,Savory Bakery,2023-04-19,52,2022-01-03,2023-01-01,True,17_Savory-Bakery,office,2,46.0,cultural,1.1304347826086956
17,Savory Bakery,2023-11-15,16,2022-01-03,2023-01-01,True,17_Savory-Bakery,office,2,31.0,book_fair,0.5161290322580645
17,Savory Bakery,2023-11-29,69,2022-01-03,2023-01-01,True,17_Savory-Bakery,office,2,29.0,market,2.3793103448275863
17,Savory Bakery,2023-11-29,69,2022-01-03,2023-01-01,True,17_Savory-Bakery,office,2,29.0,concert,2.3793103448275863
17,Savory Bakery,2024-02-21,60,2022-01-03,2023-01-01,True,17_Savory-Bakery,office,2,34.0,book_fair,1.7647058823529411
17,Savory Bakery,2024-02-28,22,2022-01-03,2023-01-01,True,17_Savory-Bakery,office,2,34.5,market,0.6376811594202898
17,Savory Bakery,2024-02-28,22,2022-01-03,2023-01-01,True,17_Savory-Bakery,office,2,34.5,concert,0.6376811594202898
17,Savory Bakery,2024-03-13,28,2022-01-03,2023-01-01,True,17_Savory-Bakery,office,2,34.5,cultural,0.8115942028985508
17,Savory Bakery,2024-03-20,16,2022-01-03,2023-01-01,True,17_Savory-Bakery,office,2,34.0,market,0.47058823529411764
17,Savory Bakery,2024-03-20,16,2022-01-03,2023-01-01,True,17_Savory-Bakery,office,2,34.0,music_festival,0.47058823529411764
17,Savory Bakery,2024-05-08,55,2022-01-03,2023-01-01,True,17_Savory-Bakery,office,2,34.5,sports,1.5942028985507246
17,Savory Bakery,2024-07-31,32,2022-01-03,2023-01-01,True,17_Savory-Bakery,office,2,33.0,market,0.9696969696969697
17,Savory Bakery,2024-07-31,32,2022-01-03,2023-01-01,True,17_Savory-Bakery,office,2,33.0,music_festival,0.9696969696969697
17,Savory Bakery,2024-09-25,52,2022-01-03,2023-01-01,True,17_Savory-Bakery,office,2,32.0,food_festival,1.625
17,Savory Bakery,2024-10-23,76,2022-01-03,2023-01-01,True,17_Savory-Bakery,office,2,33.0,market,2.303030303030303
17,Savory Bakery,2023-03-23,29,2022-01-03,2023-01-01,True,17_Savory-Bakery,office,3,42.0,market,0.6904761904761905
17,Savory Bakery,2023-03-23,29,2022-01-03,2023-01-01,True,17_Savory-Bakery,office,3,42.0,market,0.6904761904761905
17,Savory Bakery,2023-04-20,25,2022-01-03,2023-01-01,True,17_Savory-Bakery,office,3,43.0,cultural,0.5813953488372093
17,Savory Bakery,2023-04-20,25,2022-01-03,2023-01-01,True,17_Savory-Bakery,office,3,43.0,book_fair,0.5813953488372093
17,Savory Bakery,2023-06-15,34,2022-01-03,2023-01-01,True,17_Savory-Bakery,office,3,36.0,concert,0.9444444444444444
17,Savory Bakery,2023-06-22,29,2022-01-03,2023-01-01,True,17_Savory-Bakery,office,3,35.0,concert,0.8285714285714286
17,Savory Bakery,2023-07-20,53,2022-01-03,2023-01-01,True,17_Savory-Bakery,office,3,34.0,music_festival,1.5588235294117647
17,Savory Bakery,2023-07-20,53,2022-01-03,2023-01-01,True,17_Savory-Bakery,office,3,34.0,book_fair,1.5588235294117647
17,Savory Bakery,2023-10-05,47,2022-01-03,2023-01-01,True,17_Savory-Bakery,office,3,34.0,market,1.3823529411764706
17,Savory Bakery,2024-02-08,32,2022-01-03,2023-01-01,True,17_Savory-Bakery,office,3,34.0,market,0.9411764705882353
17,Savory Bakery,2024-05-30,48,2022-01-03,2023-01-01,True,17_Savory-Bakery,office,3,34.0,music_festival,1.411764705882353
17,Savory Bakery,2023-02-10,39,2022-01-03,2023-01-01,True,17_Savory-Bakery,office,4,32.0,cultural,1.21875
17,Savory Bakery,2023-03-03,31,2022-01-03,2023-01-01,True,17_Savory-Bakery,office,4,35.5,market,0.8732394366197183
17,Savory Bakery,2023-03-17,42,2022-01-03,2023-01-01,True,17_Savory-Bakery,office,4,35.5,music_festival,1.1830985915492958
17,Savory Bakery,2023-07-07,52,2022-01-03,2023-01-01,True,17_Savory-Bakery,office,4,34.0,music_festival,1.5294117647058822
17,Savory Bakery,2023-10-27,54,2022-01-03,2023-01-01,True,17_Savory-Bakery,office,4,34.0,market,1.588235294117647
17,Savory Bakery,2024-03-01,54,2022-01-03,2023-01-01,True,17_Savory-Bakery,office,4,35.5,convention,1.5211267605633803
17,Savory Bakery,2024-05-31,60,2022-01-03,2023-01-01,True,17_Savory-Bakery,office,4,36.0,concert,1.6666666666666667
17,Savory Bakery,2024-06-28,24,2022-01-03,2023-01-01,True,17_Savory-Bakery,office,4,36.0,concert,0.6666666666666666
17,Savory Bakery,2024-07-05,8,2022-01-03,2023-01-01,True,17_Savory-Bakery,office,4,36.0,cultural,0.25
17,Savory Bakery,2024-09-13,32,2022-01-03,2023-01-01,True,17_Savory-Bakery,office,4,35.0,music_festival,0.9142857142857143
17,Savory Bakery,2024-09-27,46,2022-01-03,2023-01-01,True,17_Savory-Bakery,office,4,35.0,market,1.3142857142857143
17,Savory Bakery,2023-01-14,20,2022-01-03,2023-01-01,True,17_Savory-Bakery,office,5,32.0,book_fair,0.625
17,Savory Bakery,2023-06-03,6,2022-01-03,2023-01-01,True,17_Savory-Bakery,office,5,20.0,sports,0.3
17,Savory Bakery,2023-12-09,50,2022-01-03,2023-01-01,True,17_Savory-Bakery,office,5,18.0,convention,2.7777777777777777
17,Savory Bakery,2024-02-03,17,2022-01-03,2023-01-01,True,17_Savory-Bakery,office,5,18.0,market,0.9444444444444444
17,Savory Bakery,2024-10-26,18,2022-01-03,2023-01-01,True,17_Savory-Bakery,office,5,17.0,music_festival,1.0588235294117647
17,Savory Bakery,2023-01-08,24,2022-01-03,2023-01-01,True,17_Savory-Bakery,office,6,32.0,cultural,0.75
17,Savory Bakery,2023-02-26,27,2022-01-03,2023-01-01,True,17_Savory-Bakery,office,6,20.0,sports,1.35
17,Savory Bakery,2023-03-19,30,2022-01-03,2023-01-01,True,17_Savory-Bakery,office,6,21.0,cultural,1.4285714285714286
17,Savory Bakery,2023-05-28,18,2022-01-03,2023-01-01,True,17_Savory-Bakery,office,6,23.0,book_fair,0.782608695652174
17,Savory Bakery,2023-06-25,20,2022-01-03,2023-01-01,True,17_Savory-Bakery,office,6,21.0,food_festival,0.9523809523809523
17,Savory Bakery,2023-11-26,19,2022-01-03,2023-01-01,True,17_Savory-Bakery,office,6,19.0,music_festival,1.0
17,Savory Bakery,2023-12-31,44,2022-01-03,2023-01-01,True,17_Savory-Bakery,office,6,19.5,market,2.2564102564102564
17,Savory Bakery,2024-01-14,25,2022-01-03,2023-01-01,True,17_Savory-Bakery,office,6,19.5,cultural,1.2820512820512822
17,Savory Bakery,2024-04-14,84,2022-01-03,2023-01-01,True,17_Savory-Bakery,office,6,19.0,food_festival,3.0
17,Savory Bakery,2024-04-14,84,2022-01-03,2023-01-01,True,17_Savory-Bakery,office,6,19.0,music_festival,3.0
17,Savory Bakery,2024-04-14,84,2022-01-03,2023-01-01,True,17_Savory-Bakery,office,6,19.0,cultural,3.0
17,Tea,2023-01-09,81,2022-01-03,2023-01-01,True,17_Tea,office,0,39.5,food_festival,2.050632911392405
17,Tea,2023-02-20,36,2022-01-03,2023-01-01,True,17_Tea,office,0,61.0,book_fair,0.5901639344262295
17,Tea,2023-04-10,99,2022-01-03,2023-01-01,True,17_Tea,office,0,59.5,food_festival,1.6638655462184875
17,Tea,2023-10-02,32,2022-01-03,2023-01-01,True,17_Tea,office,0,45.0,sports,0.7111111111111111
17,Tea,2023-12-25,53,2022-01-03,2023-01-01,True,17_Tea,office,0,48.0,market,1.1041666666666667
17,Tea,2024-01-01,86,2022-01-03,2023-01-01,True,17_Tea,office,0,48.0,cultural,1.7916666666666667
17,Tea,2024-05-06,61,2022-01-03,2023-01-01,True,17_Tea,office,0,50.0,cultural,1.22
17,Tea,2024-07-29,31,2022-01-03,2023-01-01,True,17_Tea,office,0,50.0,sports,0.62
17,Tea,2024-08-12,45,2022-01-03,2023-01-01,True,17_Tea,office,0,49.5,sports,0.9090909090909091
17,Tea,2023-03-07,61,2022-01-03,2023-01-01,True,17_Tea,office,1,43.0,book_fair,1.4186046511627908
17,Tea,2023-05-16,37,2022-01-03,2023-01-01,True,17_Tea,office,1,55.0,market,0.6727272727272727
17,Tea,2023-08-08,57,2022-01-03,2023-01-01,True,17_Tea,office,1,41.0,convention,1.3902439024390243
17,Tea,2023-08-29,46,2022-01-03,2023-01-01,True,17_Tea,office,1,46.0,concert,1.0
17,Tea,2023-12-05,302,2022-01-03,2023-01-01,True,17_Tea,office,1,45.5,convention,3.0
17,Tea,2024-01-16,55,2022-01-03,2023-01-01,True,17_Tea,office,1,46.5,music_festival,1.1827956989247312
17,Tea,2024-04-16,134,2022-01-03,2023-01-01,True,17_Tea,office,1,49.0,food_festival,2.7346938775510203
17,Tea,2024-05-28,41,2022-01-03,2023-01-01,True,17_Tea,office,1,49.0,market,0.8367346938775511
17,Tea,2024-06-04,29,2022-01-03,2023-01-01,True,17_Tea,office,1,48.0,book_fair,0.6041666666666666
17,Tea,2024-06-25,66,2022-01-03,2023-01-01,True,17_Tea,office,1,49.0,music_festival,1.346938775510204
17,Tea,2023-04-19,64,2022-01-03,2023-01-01,True,17_Tea,office,2,57.0,cultural,1.1228070175438596
17,Tea,2023-11-15,40,2022-01-03,2023-01-01,True,17_Tea,office,2,49.0,book_fair,0.8163265306122449
17,Tea,2023-11-29,97,2022-01-03,2023-01-01,True,17_Tea,office,2,49.0,market,1.9795918367346939
17,Tea,2023-11-29,97,2022-01-03,2023-01-01,True,17_Tea,office,2,49.0,concert,1.9795918367346939
17,Tea,2024-02-21,90,2022-01-03,2023-01-01,True,17_Tea,office,2,52.0,book_fair,1.7307692307692308
17,Tea,2024-02-28,40,2022-01-03,2023-01-01,True,17_Tea,office,2,52.0,market,0.7692307692307693
17,Tea,2024-02-28,40,2022-01-03,2023-01-01,True,17_Tea,office,2,52.0,concert,0.7692307692307693
17,Tea,2024-03-13,40,2022-01-03,2023-01-01,True,17_Tea,office,2,52.0,cultural,0.7692307692307693
17,Tea,2024-03-20,43,2022-01-03,2023-01-01,True,17_Tea,office,2,52.0,market,0.8269230769230769
17,Tea,2024-03-20,43,2022-01-03,2023-01-01,True,17_Tea,office,2,52.0,music_festival,0.8269230769230769
17,Tea,2024-05-08,66,2022-01-03,2023-01-01,True,17_Tea,office,2,52.0,sports,1.2692307692307692
17,Tea,2024-07-31,60,2022-01-03,2023-01-01,True,17_Tea,office,2,51.5,market,1.1650485436893203
17,Tea,2024-07-31,60,2022-01-03,2023-01-01,True,17_Tea,office,2,51.5,music_festival,1.1650485436893203
17,Tea,2024-09-25,72,2022-01-03,2023-01-01,True,17_Tea,office,2,50.5,food_festival,1.4257425742574257
17,Tea,2024-10-23,112,2022-01-03,2023-01-01,True,17_Tea,office,2,51.5,market,2.174757281553398
17,Tea,2023-03-23,55,2022-01-03,2023-01-01,True,17_Tea,office,3,46.0,market,1.1956521739130435
17,Tea,2023-03-23,55,2022-01-03,2023-01-01,True,17_Tea,office,3,46.0,market,1.1956521739130435
17,Tea,2023-04-20,45,2022-01-03,2023-01-01,True,17_Tea,office,3,55.0,cultural,0.8181818181818182
17,Tea,2023-04-20,45,2022-01-03,2023-01-01,True,17_Tea,office,3,55.0,book_fair,0.8181818181818182
17,Tea,2023-06-15,34,2022-01-03,2023-01-01,True,17_Tea,office,3,46.0,concert,0.7391304347826086
17,Tea,2023-06-22,40,2022-01-03,2023-01-01,True,17_Tea,office,3,45.5,concert,0.8791208791208791
17,Tea,2023-07-20,70,2022-01-03,2023-01-01,True,17_Tea,office,3,42.0,music_festival,1.6666666666666667
17,Tea,2023-07-20,70,2022-01-03,2023-01-01,True,17_Tea,office,3,42.0,book_fair,1.6666666666666667
17,Tea,2023-10-05,39,2022-01-03,2023-01-01,True,17_Tea,office,3,41.0,market,0.9512195121951219
17,Tea,2024-02-08,57,2022-01-03,2023-01-01,True,17_Tea,office,3,45.0,market,1.2666666666666666
17,Tea,2024-05-30,62,2022-01-03,2023-01-01,True,17_Tea,office,3,45.0,music_festival,1.3777777777777778
17,Tea,2023-02-10,31,2022-01-03,2023-01-01,True,17_Tea,office,4,48.0,cultural,0.6458333333333334
17,Tea,2023-03-03,46,2022-01-03,2023-01-01,True,17_Tea,office,4,45.0,market,1.0222222222222221
17,Tea,2023-03-17,60,2022-01-03,2023-01-01,True,17_Tea,office,4,46.0,music_festival,1.3043478260869565
17,Tea,2023-07-07,73,2022-01-03,2023-01-01,True,17_Tea,office,4,48.5,music_festival,1.5051546391752577
17,Tea,2023-10-27,58,2022-01-03,2023-01-01,True,17_Tea,office,4,48.5,market,1.1958762886597938
17,Tea,2024-03-01,86,2022-01-03,2023-01-01,True,17_Tea,office,4,51.0,convention,1.6862745098039216
17,Tea,2024-05-31,81,2022-01-03,2023-01-01,True,17_Tea,office,4,52.0,concert,1.5576923076923077
17,Tea,2024-06-28,27,2022-01-03,2023-01-01,True,17_Tea,office,4,52.0,concert,0.5192307692307693
17,Tea,2024-07-05,24,2022-01-03,2023-01-01,True,17_Tea,office,4,51.0,cultural,0.47058823529411764
17,Tea,2024-09-13,58,2022-01-03,2023-01-01,True,17_Tea,office,4,48.0,music_festival,1.2083333333333333
17,Tea,2024-09-27,42,2022-01-03,2023-01-01,True,17_Tea,office,4,48.0,market,0.875
17,Tea,2023-01-14,29,2022-01-03,2023-01-01,True,17_Tea,office,5,46.0,book_fair,0.6304347826086957
17,Tea,2023-06-03,8,2022-01-03,2023-01-01,True,17_Tea,office,5,25.0,sports,0.32
17,Tea,2023-12-09,69,2022-01-03,2023-01-01,True,17_Tea,office,5,24.0,convention,2.875
17,Tea,2024-02-03,26,2022-01-03,2023-01-01,True,17_Tea,office,5,24.0,market,1.0833333333333333
17,Tea,2024-10-26,31,2022-01-03,2023-01-01,True,17_Tea,office,5,23.5,music_festival,1.3191489361702127
17,Tea,2023-01-08,27,2022-01-03,2023-01-01,True,17_Tea,office,6,43.0,cultural,0.627906976744186
17,Tea,2023-02-26,18,2022-01-03,2023-01-01,True,17_Tea,office,6,26.0,sports,0.6923076923076923
17,Tea,2023-03-19,28,2022-01-03,2023-01-01,True,17_Tea,office,6,25.0,cultural,1.12
17,Tea,2023-05-28,22,2022-01-03,2023-01-01,True,17_Tea,office,6,27.0,book_fair,0.8148148148148148
17,Tea,2023-06-25,27,2022-01-03,2023-01-01,True,17_Tea,office,6,24.0,food_festival,1.125
17,Tea,2023-11-26,37,2022-01-03,2023-01-01,True,17_Tea,office,6,24.0,music_festival,1.5416666666666667
17,Tea,2023-12-31,58,2022-01-03,2023-01-01,True,17_Tea,office,6,24.5,market,2.36734693877551
17,Tea,2024-01-14,21,2022-01-03,2023-01-01,True,17_Tea,office,6,25.5,cultural,0.8235294117647058
17,Tea,2024-04-14,120,2022-01-03,2023-01-01,True,17_Tea,office,6,24.0,food_festival,3.0
17,Tea,2024-04-14,120,2022-01-03,2023-01-01,True,17_Tea,office,6,24.0,music_festival,3.0
17,Tea,2024-04-14,120,2022-01-03,2023-01-01,True,17_Tea,office,6,24.0,cultural,3.0
18,Bakery,2023-01-16,24,2019-09-09,2023-01-01,True,18_Bakery,hospital,0,28.0,market,0.8571428571428571
18,Bakery,2023-01-23,32,2019-09-09,2023-01-01,True,18_Bakery,hospital,0,21.0,market,1.5238095238095237
18,Bakery,2023-02-27,16,2019-09-09,2023-01-01,True,18_Bakery,hospital,0,22.0,market,0.7272727272727273
18,Bakery,2023-05-22,35,2019-09-09,2023-01-01,True,18_Bakery,hospital,0,23.5,food_festival,1.4893617021276595
18,Bakery,2023-06-26,12,2019-09-09,2023-01-01,True,18_Bakery,hospital,0,23.0,food_festival,0.5217391304347826
18,Bakery,2023-08-14,20,2019-09-09,2023-01-01,True,18_Bakery,hospital,0,21.5,convention,0.9302325581395349
18,Bakery,2023-08-28,22,2019-09-09,2023-01-01,True,18_Bakery,hospital,0,20.5,food_festival,1.0731707317073171
18,Bakery,2024-01-08,8,2019-09-09,2023-01-01,True,18_Bakery,hospital,0,22.0,sports,0.36363636363636365
18,Bakery,2024-03-25,18,2019-09-09,2023-01-01,True,18_Bakery,hospital,0,21.5,book_fair,0.8372093023255814
18,Bakery,2024-04-08,23,2019-09-09,2023-01-01,True,18_Bakery,hospital,0,21.5,sports,1.069767441860465
18,Bakery,2024-06-03,14,2019-09-09,2023-01-01,True,18_Bakery,hospital,0,22.0,market,0.6363636363636364
18,Bakery,2024-08-19,6,2019-09-09,2023-01-01,True,18_Bakery,hospital,0,22.0,market,0.2727272727272727
18,Bakery,2024-08-26,19,2019-09-09,2023-01-01,True,18_Bakery,hospital,0,21.5,music_festival,0.8837209302325582
18,Bakery,2023-02-28,29,2019-09-09,2023-01-01,True,18_Bakery,hospital,1,26.0,market,1.1153846153846154
18,Bakery,2023-11-28,24,2019-09-09,2023-01-01,True,18_Bakery,hospital,1,16.0,convention,1.5
18,Bakery,2024-01-30,13,2019-09-09,2023-01-01,True,18_Bakery,hospital,1,17.0,concert,0.7647058823529411
18,Bakery,2024-02-13,27,2019-09-09,2023-01-01,True,18_Bakery,hospital,1,17.0,market,1.588235294117647
18,Bakery,2024-02-20,23,2019-09-09,2023-01-01,True,18_Bakery,hospital,1,17.0,sports,1.3529411764705883
18,Bakery,2024-05-21,21,2019-09-09,2023-01-01,True,18_Bakery,hospital,1,19.0,sports,1.105263157894737
18,Bakery,2024-07-02,29,2019-09-09,2023-01-01,True,18_Bakery,hospital,1,18.5,market,1.5675675675675675
18,Bakery,2024-09-24,31,2019-09-09,2023-01-01,True,18_Bakery,hospital,1,18.5,food_festival,1.6756756756756757
18,Bakery,2023-01-18,53,2019-09-09,2023-01-01,True,18_Bakery,hospital,2,27.0,food_festival,1.962962962962963
18,Bakery,2023-03-01,25,2019-09-09,2023-01-01,True,18_Bakery,hospital,2,21.5,market,1.1627906976744187
18,Bakery,2023-11-29,28,2019-09-09,2023-01-01,True,18_Bakery,hospital,2,17.0,food_festival,1.6470588235294117
18,Bakery,2024-03-06,25,2019-09-09,2023-01-01,True,18_Bakery,hospital,2,18.0,book_fair,1.3888888888888888
18,Bakery,2024-05-15,38,2019-09-09,2023-01-01,True,18_Bakery,hospital,2,19.0,food_festival,2.0
18,Bakery,2023-03-23,23,2019-09-09,2023-01-01,True,18_Bakery,hospital,3,22.0,cultural,1.0454545454545454
18,Bakery,2023-06-29,24,2019-09-09,2023-01-01,True,18_Bakery,hospital,3,22.0,cultural,1.0909090909090908
18,Bakery,2023-12-28,13,2019-09-09,2023-01-01,True,18_Bakery,hospital,3,21.0,sports,0.6190476190476191
18,Bakery,2023-12-28,13,2019-09-09,2023-01-01,True,18_Bakery,hospital,3,21.0,book_fair,0.6190476190476191
18,Bakery,2024-04-11,36,2019-09-09,2023-01-01,True,18_Bakery,hospital,3,20.0,concert,1.8
18,Bakery,2024-04-11,36,2019-09-09,2023-01-01,True,18_Bakery,hospital,3,20.0,sports,1.8
18,Bakery,2024-04-18,26,2019-09-09,2023-01-01,True,18_Bakery,hospital,3,20.0,cultural,1.3
18,Bakery,2024-06-06,31,2019-09-09,2023-01-01,True,18_Bakery,hospital,3,20.5,food_festival,1.5121951219512195
18,Bakery,2024-07-11,13,2019-09-09,2023-01-01,True,18_Bakery,hospital,3,20.0,market,0.65
18,Bakery,2023-03-10,9,2019-09-09,2023-01-01,True,18_Bakery,hospital,4,19.0,concert,0.47368421052631576
18,Bakery,2023-05-26,32,2019-09-09,2023-01-01,True,18_Bakery,hospital,4,20.0,market,1.6
18,Bakery,2023-06-02,32,2019-09-09,2023-01-01,True,18_Bakery,hospital,4,21.0,food_festival,1.5238095238095237
18,Bakery,2023-07-07,21,2019-09-09,2023-01-01,True,18_Bakery,hospital,4,20.0,market,1.05
18,Bakery,2023-08-11,10,2019-09-09,2023-01-01,True,18_Bakery,hospital,4,19.0,convention,0.5263157894736842
18,Bakery,2023-09-29,29,2019-09-09,2023-01-01,True,18_Bakery,hospital,4,18.0,cultural,1.6111111111111112
18,Bakery,2024-01-19,32,2019-09-09,2023-01-01,True,18_Bakery,hospital,4,19.0,sports,1.6842105263157894
18,Bakery,2024-01-19,32,2019-09-09,2023-01-01,True,18_Bakery,hospital,4,19.0,food_festival,1.6842105263157894
18,Bakery,2024-03-01,43,2019-09-09,2023-01-01,True,18_Bakery,hospital,4,19.0,market,2.263157894736842
18,Bakery,2024-04-19,33,2019-09-09,2023-01-01,True,18_Bakery,hospital,4,20.0,market,1.65
18,Bakery,2024-08-23,8,2019-09-09,2023-01-01,True,18_Bakery,hospital,4,19.0,music_festival,0.42105263157894735
18,Bakery,2023-01-28,34,2019-09-09,2023-01-01,True,18_Bakery,hospital,5,37.0,music_festival,0.918918918918919
18,Bakery,2023-03-04,40,2019-09-09,2023-01-01,True,18_Bakery,hospital,5,28.5,food_festival,1.4035087719298245
18,Bakery,2023-10-28,65,2019-09-09,2023-01-01,True,18_Bakery,hospital,5,26.0,food_festival,2.5
18,Bakery,2023-11-11,38,2019-09-09,2023-01-01,True,18_Bakery,hospital,5,26.0,market,1.4615384615384615
18,Bakery,2024-04-13,78,2019-09-09,2023-01-01,True,18_Bakery,hospital,5,26.0,music_festival,3.0
18,Bakery,2024-07-06,36,2019-09-09,2023-01-01,True,18_Bakery,hospital,5,27.0,concert,1.3333333333333333
18,Bakery,2023-01-15,50,2019-09-09,2023-01-01,True,18_Bakery,hospital,6,27.5,market,1.8181818181818181
18,Bakery,2023-03-12,27,2019-09-09,2023-01-01,True,18_Bakery,hospital,6,28.0,convention,0.9642857142857143
18,Bakery,2023-05-21,35,2019-09-09,2023-01-01,True,18_Bakery,hospital,6,28.0,food_festival,1.25
18,Bakery,2023-06-11,26,2019-09-09,2023-01-01,True,18_Bakery,hospital,6,28.0,convention,0.9285714285714286
18,Bakery,2024-01-07,61,2019-09-09,2023-01-01,True,18_Bakery,hospital,6,26.0,cultural,2.3461538461538463
18,Bakery,2024-04-14,114,2019-09-09,2023-01-01,True,18_Bakery,hospital,6,26.0,market,3.0
18,Chocolate & Milk,2023-01-16,19,2019-09-09,2023-01-01,True,18_Chocolate-Milk,hospital,0,17.0,market,1.1176470588235294
18,Chocolate & Milk,2023-01-23,18,2019-09-09,2023-01-01,True,18_Chocolate-Milk,hospital,0,13.0,market,1.3846153846153846
18,Chocolate & Milk,2023-02-27,16,2019-09-09,2023-01-01,True,18_Chocolate-Milk,hospital,0,7.5,market,2.1333333333333333
18,Chocolate & Milk,2023-05-22,17,2019-09-09,2023-01-01,True,18_Chocolate-Milk,hospital,0,12.5,food_festival,1.36
18,Chocolate & Milk,2023-06-26,10,2019-09-09,2023-01-01,True,18_Chocolate-Milk,hospital,0,12.0,food_festival,0.8333333333333334
18,Chocolate & Milk,2023-08-14,8,2019-09-09,2023-01-01,True,18_Chocolate-Milk,hospital,0,10.0,convention,0.8
18,Chocolate & Milk,2023-08-28,13,2019-09-09,2023-01-01,True,18_Chocolate-Milk,hospital,0,10.0,food_festival,1.3
18,Chocolate & Milk,2024-01-08,4,2019-09-09,2023-01-01,True,18_Chocolate-Milk,hospital,0,11.0,sports,0.36363636363636365
18,Chocolate & Milk,2024-03-25,10,2019-09-09,2023-01-01,True,18_Chocolate-Milk,hospital,0,11.0,book_fair,0.9090909090909091
18,Chocolate & Milk,2024-04-08,11,2019-09-09,2023-01-01,True,18_Chocolate-Milk,hospital,0,11.0,sports,1.0
18,Chocolate & Milk,2024-06-03,13,2019-09-09,2023-01-01,True,18_Chocolate-Milk,hospital,0,11.0,market,1.1818181818181819
18,Chocolate & Milk,2024-08-19,8,2019-09-09,2023-01-01,True,18_Chocolate-Milk,hospital,0,11.0,market,0.7272727272727273
18,Chocolate & Milk,2024-08-26,10,2019-09-09,2023-01-01,True,18_Chocolate-Milk,hospital,0,11.0,music_festival,0.9090909090909091
18,Chocolate & Milk,2023-02-28,14,2019-09-09,2023-01-01,True,18_Chocolate-Milk,hospital,1,16.0,market,0.875
18,Chocolate & Milk,2023-11-28,15,2019-09-09,2023-01-01,True,18_Chocolate-Milk,hospital,1,8.0,convention,1.875
18,Chocolate & Milk,2024-01-30,7,2019-09-09,2023-01-01,True,18_Chocolate-Milk,hospital,1,9.5,concert,0.7368421052631579
18,Chocolate & Milk,2024-02-13,9,2019-09-09,2023-01-01,True,18_Chocolate-Milk,hospital,1,9.0,market,1.0
18,Chocolate & Milk,2024-02-20,12,2019-09-09,2023-01-01,True,18_Chocolate-Milk,hospital,1,9.0,sports,1.3333333333333333
18,Chocolate & Milk,2024-05-21,12,2019-09-09,2023-01-01,True,18_Chocolate-Milk,hospital,1,9.0,sports,1.3333333333333333
18,Chocolate & Milk,2024-07-02,7,2019-09-09,2023-01-01,True,18_Chocolate-Milk,hospital,1,9.0,market,0.7777777777777778
18,Chocolate & Milk,2024-09-24,23,2019-09-09,2023-01-01,True,18_Chocolate-Milk,hospital,1,8.5,food_festival,2.7058823529411766
18,Chocolate & Milk,2023-01-18,33,2019-09-09,2023-01-01,True,18_Chocolate-Milk,hospital,2,17.0,food_festival,1.9411764705882353
18,Chocolate & Milk,2023-03-01,6,2019-09-09,2023-01-01,True,18_Chocolate-Milk,hospital,2,11.0,market,0.5454545454545454
18,Chocolate & Milk,2023-11-29,15,2019-09-09,2023-01-01,True,18_Chocolate-Milk,hospital,2,8.0,food_festival,1.875
18,Chocolate & Milk,2024-03-06,13,2019-09-09,2023-01-01,True,18_Chocolate-Milk,hospital,2,9.0,book_fair,1.4444444444444444
18,Chocolate & Milk,2024-05-15,20,2019-09-09,2023-01-01,True,18_Chocolate-Milk,hospital,2,9.0,food_festival,2.2222222222222223
18,Chocolate & Milk,2023-03-23,15,2019-09-09,2023-01-01,True,18_Chocolate-Milk,hospital,3,12.0,cultural,1.25
18,Chocolate & Milk,2023-06-29,8,2019-09-09,2023-01-01,True,18_Chocolate-Milk,hospital,3,13.0,cultural,0.6153846153846154
18,Chocolate & Milk,2023-12-28,14,2019-09-09,2023-01-01,True,18_Chocolate-Milk,hospital,3,11.0,sports,1.2727272727272727
18,Chocolate & Milk,2023-12-28,14,2019-09-09,2023-01-01,True,18_Chocolate-Milk,hospital,3,11.0,book_fair,1.2727272727272727
18,Chocolate & Milk,2024-04-11,10,2019-09-09,2023-01-01,True,18_Chocolate-Milk,hospital,3,11.0,concert,0.9090909090909091
18,Chocolate & Milk,2024-04-11,10,2019-09-09,2023-01-01,True,18_Chocolate-Milk,hospital,3,11.0,sports,0.9090909090909091
18,Chocolate & Milk,2024-04-18,20,2019-09-09,2023-01-01,True,18_Chocolate-Milk,hospital,3,11.0,cultural,1.8181818181818181
18,Chocolate & Milk,2024-06-06,13,2019-09-09,2023-01-01,True,18_Chocolate-Milk,hospital,3,11.0,food_festival,1.1818181818181819
18,Chocolate & Milk,2024-07-11,7,2019-09-09,2023-01-01,True,18_Chocolate-Milk,hospital,3,11.0,market,0.6363636363636364
18,Chocolate & Milk,2023-03-10,17,2019-09-09,2023-01-01,True,18_Chocolate-Milk,hospital,4,10.0,concert,1.7
18,Chocolate & Milk,2023-05-26,23,2019-09-09,2023-01-01,True,18_Chocolate-Milk,hospital,4,10.5,market,2.1904761904761907
18,Chocolate & Milk,2023-06-02,14,2019-09-09,2023-01-01,True,18_Chocolate-Milk,hospital,4,11.0,food_festival,1.2727272727272727
18,Chocolate & Milk,2023-07-07,5,2019-09-09,2023-01-01,True,18_Chocolate-Milk,hospital,4,10.5,market,0.47619047619047616
18,Chocolate & Milk,2023-08-11,6,2019-09-09,2023-01-01,True,18_Chocolate-Milk,hospital,4,10.0,convention,0.6
18,Chocolate & Milk,2023-09-29,17,2019-09-09,2023-01-01,True,18_Chocolate-Milk,hospital,4,9.5,cultural,1.7894736842105263
18,Chocolate & Milk,2024-01-19,16,2019-09-09,2023-01-01,True,18_Chocolate-Milk,hospital,4,9.5,sports,1.6842105263157894
18,Chocolate & Milk,2024-01-19,16,2019-09-09,2023-01-01,True,18_Chocolate-Milk,hospital,4,9.5,food_festival,1.6842105263157894
18,Chocolate & Milk,2024-03-01,18,2019-09-09,2023-01-01,True,18_Chocolate-Milk,hospital,4,10.0,market,1.8
18,Chocolate & Milk,2024-04-19,12,2019-09-09,2023-01-01,True,18_Chocolate-Milk,hospital,4,10.0,market,1.2
18,Chocolate & Milk,2024-08-23,5,2019-09-09,2023-01-01,True,18_Chocolate-Milk,hospital,4,10.0,music_festival,0.5
18,Chocolate & Milk,2023-01-28,18,2019-09-09,2023-01-01,True,18_Chocolate-Milk,hospital,5,23.0,music_festival,0.782608695652174
18,Chocolate & Milk,2023-03-04,16,2019-09-09,2023-01-01,True,18_Chocolate-Milk,hospital,5,19.5,food_festival,0.8205128205128205
18,Chocolate & Milk,2023-10-28,59,2019-09-09,2023-01-01,True,18_Chocolate-Milk,hospital,5,13.0,food_festival,3.0
18,Chocolate & Milk,2023-11-11,11,2019-09-09,2023-01-01,True,18_Chocolate-Milk,hospital,5,13.0,market,0.8461538461538461
18,Chocolate & Milk,2024-04-13,34,2019-09-09,2023-01-01,True,18_Chocolate-Milk,hospital,5,13.0,music_festival,2.6153846153846154
18,Chocolate & Milk,2024-07-06,9,2019-09-09,2023-01-01,True,18_Chocolate-Milk,hospital,5,13.0,concert,0.6923076923076923
18,Chocolate & Milk,2023-01-15,28,2019-09-09,2023-01-01,True,18_Chocolate-Milk,hospital,6,16.5,market,1.696969696969697
18,Chocolate & Milk,2023-03-12,6,2019-09-09,2023-01-01,True,18_Chocolate-Milk,hospital,6,15.5,convention,0.3870967741935484
18,Chocolate & Milk,2023-05-21,14,2019-09-09,2023-01-01,True,18_Chocolate-Milk,hospital,6,18.5,food_festival,0.7567567567567568
18,Chocolate & Milk,2023-06-11,13,2019-09-09,2023-01-01,True,18_Chocolate-Milk,hospital,6,18.0,convention,0.7222222222222222
18,Chocolate & Milk,2024-01-07,28,2019-09-09,2023-01-01,True,18_Chocolate-Milk,hospital,6,15.0,cultural,1.8666666666666667
18,Chocolate & Milk,2024-04-14,54,2019-09-09,2023-01-01,True,18_Chocolate-Milk,hospital,6,14.0,market,3.0
18,Coffee,2023-01-16,115,2019-09-09,2023-01-01,True,18_Coffee,hospital,0,132.0,market,0.8712121212121212
18,Coffee,2023-01-23,146,2019-09-09,2023-01-01,True,18_Coffee,hospital,0,96.0,market,1.5208333333333333
18,Coffee,2023-02-27,90,2019-09-09,2023-01-01,True,18_Coffee,hospital,0,93.0,market,0.967741935483871
18,Coffee,2023-05-22,173,2019-09-09,2023-01-01,True,18_Coffee,hospital,0,90.5,food_festival,1.9116022099447514
18,Coffee,2023-06-26,80,2019-09-09,2023-01-01,True,18_Coffee,hospital,0,90.0,food_festival,0.8888888888888888
18,Coffee,2023-08-14,73,2019-09-09,2023-01-01,True,18_Coffee,hospital,0,85.0,convention,0.8588235294117647
18,Coffee,2023-08-28,103,2019-09-09,2023-01-01,True,18_Coffee,hospital,0,82.5,food_festival,1.2484848484848485
18,Coffee,2024-01-08,73,2019-09-09,2023-01-01,True,18_Coffee,hospital,0,87.0,sports,0.8390804597701149
18,Coffee,2024-03-25,76,2019-09-09,2023-01-01,True,18_Coffee,hospital,0,87.0,book_fair,0.8735632183908046
18,Coffee,2024-04-08,115,2019-09-09,2023-01-01,True,18_Coffee,hospital,0,87.0,sports,1.3218390804597702
18,Coffee,2024-06-03,61,2019-09-09,2023-01-01,True,18_Coffee,hospital,0,87.0,market,0.7011494252873564
18,Coffee,2024-08-19,75,2019-09-09,2023-01-01,True,18_Coffee,hospital,0,83.0,market,0.9036144578313253
18,Coffee,2024-08-26,54,2019-09-09,2023-01-01,True,18_Coffee,hospital,0,82.5,music_festival,0.6545454545454545
18,Coffee,2023-02-28,114,2019-09-09,2023-01-01,True,18_Coffee,hospital,1,100.5,market,1.1343283582089552
18,Coffee,2023-11-28,92,2019-09-09,2023-01-01,True,18_Coffee,hospital,1,79.0,convention,1.1645569620253164
18,Coffee,2024-01-30,47,2019-09-09,2023-01-01,True,18_Coffee,hospital,1,83.5,concert,0.562874251497006
18,Coffee,2024-02-13,101,2019-09-09,2023-01-01,True,18_Coffee,hospital,1,80.5,market,1.2546583850931676
18,Coffee,2024-02-20,79,2019-09-09,2023-01-01,True,18_Coffee,hospital,1,82.0,sports,0.9634146341463414
18,Coffee,2024-05-21,60,2019-09-09,2023-01-01,True,18_Coffee,hospital,1,85.5,sports,0.7017543859649122
18,Coffee,2024-07-02,117,2019-09-09,2023-01-01,True,18_Coffee,hospital,1,83.5,market,1.401197604790419
18,Coffee,2024-09-24,108,2019-09-09,2023-01-01,True,18_Coffee,hospital,1,83.5,food_festival,1.2934131736526946
18,Coffee,2023-01-18,219,2019-09-09,2023-01-01,True,18_Coffee,hospital,2,125.0,food_festival,1.752
18,Coffee,2023-03-01,104,2019-09-09,2023-01-01,True,18_Coffee,hospital,2,77.5,market,1.3419354838709678
18,Coffee,2023-11-29,125,2019-09-09,2023-01-01,True,18_Coffee,hospital,2,75.0,food_festival,1.6666666666666667
18,Coffee,2024-03-06,59,2019-09-09,2023-01-01,True,18_Coffee,hospital,2,81.0,book_fair,0.7283950617283951
18,Coffee,2024-05-15,179,2019-09-09,2023-01-01,True,18_Coffee,hospital,2,81.0,food_festival,2.2098765432098766
18,Coffee,2023-03-23,125,2019-09-09,2023-01-01,True,18_Coffee,hospital,3,78.0,cultural,1.6025641025641026
18,Coffee,2023-06-29,69,2019-09-09,2023-01-01,True,18_Coffee,hospital,3,79.0,cultural,0.8734177215189873
18,Coffee,2023-12-28,130,2019-09-09,2023-01-01,True,18_Coffee,hospital,3,78.0,sports,1.6666666666666667
18,Coffee,2023-12-28,130,2019-09-09,2023-01-01,True,18_Coffee,hospital,3,78.0,book_fair,1.6666666666666667
18,Coffee,2024-04-11,152,2019-09-09,2023-01-01,True,18_Coffee,hospital,3,81.0,concert,1.876543209876543
18,Coffee,2024-04-11,152,2019-09-09,2023-01-01,True,18_Coffee,hospital,3,81.0,sports,1.876543209876543
18,Coffee,2024-04-18,129,2019-09-09,2023-01-01,True,18_Coffee,hospital,3,82.0,cultural,1.5731707317073171
18,Coffee,2024-06-06,111,2019-09-09,2023-01-01,True,18_Coffee,hospital,3,81.5,food_festival,1.361963190184049
18,Coffee,2024-07-11,59,2019-09-09,2023-01-01,True,18_Coffee,hospital,3,80.0,market,0.7375
18,Coffee,2023-03-10,58,2019-09-09,2023-01-01,True,18_Coffee,hospital,4,76.0,concert,0.7631578947368421
18,Coffee,2023-05-26,121,2019-09-09,2023-01-01,True,18_Coffee,hospital,4,81.0,market,1.4938271604938271
18,Coffee,2023-06-02,115,2019-09-09,2023-01-01,True,18_Coffee,hospital,4,84.0,food_festival,1.369047619047619
18,Coffee,2023-07-07,85,2019-09-09,2023-01-01,True,18_Coffee,hospital,4,77.0,market,1.103896103896104
18,Coffee,2023-08-11,63,2019-09-09,2023-01-01,True,18_Coffee,hospital,4,76.0,convention,0.8289473684210527
18,Coffee,2023-09-29,137,2019-09-09,2023-01-01,True,18_Coffee,hospital,4,65.0,cultural,2.1076923076923078
18,Coffee,2024-01-19,140,2019-09-09,2023-01-01,True,18_Coffee,hospital,4,77.0,sports,1.8181818181818181
18,Coffee,2024-01-19,140,2019-09-09,2023-01-01,True,18_Coffee,hospital,4,77.0,food_festival,1.8181818181818181
18,Coffee,2024-03-01,77,2019-09-09,2023-01-01,True,18_Coffee,hospital,4,78.0,market,0.9871794871794872
18,Coffee,2024-04-19,129,2019-09-09,2023-01-01,True,18_Coffee,hospital,4,78.0,market,1.6538461538461537
18,Coffee,2024-08-23,45,2019-09-09,2023-01-01,True,18_Coffee,hospital,4,75.0,music_festival,0.6
18,Coffee,2023-01-28,171,2019-09-09,2023-01-01,True,18_Coffee,hospital,5,136.0,music_festival,1.2573529411764706
18,Coffee,2023-03-04,171,2019-09-09,2023-01-01,True,18_Coffee,hospital,5,120.5,food_festival,1.4190871369294606
18,Coffee,2023-10-28,341,2019-09-09,2023-01-01,True,18_Coffee,hospital,5,98.0,food_festival,3.0
18,Coffee,2023-11-11,91,2019-09-09,2023-01-01,True,18_Coffee,hospital,5,98.0,market,0.9285714285714286
18,Coffee,2024-04-13,302,2019-09-09,2023-01-01,True,18_Coffee,hospital,5,98.0,music_festival,3.0
18,Coffee,2024-07-06,111,2019-09-09,2023-01-01,True,18_Coffee,hospital,5,100.0,concert,1.11
18,Coffee,2023-01-15,229,2019-09-09,2023-01-01,True,18_Coffee,hospital,6,128.5,market,1.7821011673151752
18,Coffee,2023-03-12,83,2019-09-09,2023-01-01,True,18_Coffee,hospital,6,138.5,convention,0.5992779783393501
18,Coffee,2023-05-21,182,2019-09-09,2023-01-01,True,18_Coffee,hospital,6,115.5,food_festival,1.5757575757575757
18,Coffee,2023-06-11,135,2019-09-09,2023-01-01,True,18_Coffee,hospital,6,118.0,convention,1.1440677966101696
18,Coffee,2024-01-07,182,2019-09-09,2023-01-01,True,18_Coffee,hospital,6,103.0,cultural,1.766990291262136
18,Coffee,2024-04-14,414,2019-09-09,2023-01-01,True,18_Coffee,hospital,6,103.0,market,3.0
18,Juice & Smoothie,2023-01-16,15,2019-09-09,2023-01-01,True,18_Juice-Smoothie,hospital,0,14.0,market,1.0714285714285714
18,Juice & Smoothie,2023-01-23,3,2019-09-09,2023-01-01,True,18_Juice-Smoothie,hospital,0,15.0,market,0.25
18,Juice & Smoothie,2023-02-27,10,2019-09-09,2023-01-01,True,18_Juice-Smoothie,hospital,0,4.5,market,2.2222222222222223
18,Juice & Smoothie,2023-05-22,15,2019-09-09,2023-01-01,True,18_Juice-Smoothie,hospital,0,7.5,food_festival,2.0
18,Juice & Smoothie,2023-06-26,15,2019-09-09,2023-01-01,True,18_Juice-Smoothie,hospital,0,7.0,food_festival,2.142857142857143
18,Juice & Smoothie,2023-08-14,8,2019-09-09,2023-01-01,True,18_Juice-Smoothie,hospital,0,7.0,convention,1.1428571428571428
18,Juice & Smoothie,2023-08-28,4,2019-09-09,2023-01-01,True,18_Juice-Smoothie,hospital,0,7.0,food_festival,0.5714285714285714
18,Juice & Smoothie,2024-01-08,3,2019-09-09,2023-01-01,True,18_Juice-Smoothie,hospital,0,7.0,sports,0.42857142857142855
18,Juice & Smoothie,2024-03-25,0,2019-09-09,2023-01-01,True,18_Juice-Smoothie,hospital,0,7.0,book_fair,0.25
18,Juice & Smoothie,2024-04-08,9,2019-09-09,2023-01-01,True,18_Juice-Smoothie,hospital,0,7.0,sports,1.2857142857142858
18,Juice & Smoothie,2024-06-03,8,2019-09-09,2023-01-01,True,18_Juice-Smoothie,hospital,0,7.0,market,1.1428571428571428
18,Juice & Smoothie,2024-08-19,3,2019-09-09,2023-01-01,True,18_Juice-Smoothie,hospital,0,7.0,market,0.42857142857142855
18,Juice & Smoothie,2024-08-26,5,2019-09-09,2023-01-01,True,18_Juice-Smoothie,hospital,0,7.0,music_festival,0.7142857142857143
18,Juice & Smoothie,2023-02-28,5,2019-09-09,2023-01-01,True,18_Juice-Smoothie,hospital,1,7.0,market,0.7142857142857143
18,Juice & Smoothie,2023-11-28,6,2019-09-09,2023-01-01,True,18_Juice-Smoothie,hospital,1,5.0,convention,1.2
18,Juice & Smoothie,2024-01-30,1,2019-09-09,2023-01-01,True,18_Juice-Smoothie,hospital,1,5.5,concert,0.25
18,Juice & Smoothie,2024-02-13,8,2019-09-09,2023-01-01,True,18_Juice-Smoothie,hospital,1,5.5,market,1.4545454545454546
18,Juice & Smoothie,2024-02-20,21,2019-09-09,2023-01-01,True,18_Juice-Smoothie,hospital,1,6.0,sports,3.0
18,Juice & Smoothie,2024-05-21,0,2019-09-09,2023-01-01,True,18_Juice-Smoothie,hospital,1,6.0,sports,0.25
18,Juice & Smoothie,2024-07-02,3,2019-09-09,2023-01-01,True,18_Juice-Smoothie,hospital,1,6.0,market,0.5
18,Juice & Smoothie,2024-09-24,3,2019-09-09,2023-01-01,True,18_Juice-Smoothie,hospital,1,6.0,food_festival,0.5
18,Juice & Smoothie,2023-01-18,15,2019-09-09,2023-01-01,True,18_Juice-Smoothie,hospital,2,14.0,food_festival,1.0714285714285714
18,Juice & Smoothie,2023-03-01,11,2019-09-09,2023-01-01,True,18_Juice-Smoothie,hospital,2,7.0,market,1.5714285714285714
18,Juice & Smoothie,2023-11-29,8,2019-09-09,2023-01-01,True,18_Juice-Smoothie,hospital,2,5.0,food_festival,1.6
18,Juice & Smoothie,2024-03-06,1,2019-09-09,2023-01-01,True,18_Juice-Smoothie,hospital,2,5.0,book_fair,0.25
18,Juice & Smoothie,2024-05-15,19,2019-09-09,2023-01-01,True,18_Juice-Smoothie,hospital,2,6.0,food_festival,3.0
18,Juice & Smoothie,2023-03-23,9,2019-09-09,2023-01-01,True,18_Juice-Smoothie,hospital,3,6.0,cultural,1.5
18,Juice & Smoothie,2023-06-29,8,2019-09-09,2023-01-01,True,18_Juice-Smoothie,hospital,3,6.0,cultural,1.3333333333333333
18,Juice & Smoothie,2023-12-28,8,2019-09-09,2023-01-01,True,18_Juice-Smoothie,hospital,3,6.0,sports,1.3333333333333333
18,Juice & Smoothie,2023-12-28,8,2019-09-09,2023-01-01,True,18_Juice-Smoothie,hospital,3,6.0,book_fair,1.3333333333333333
18,Juice & Smoothie,2024-04-11,12,2019-09-09,2023-01-01,True,18_Juice-Smoothie,hospital,3,6.5,concert,1.8461538461538463
18,Juice & Smoothie,2024-04-11,12,2019-09-09,2023-01-01,True,18_Juice-Smoothie,hospital,3,6.5,sports,1.8461538461538463
18,Juice & Smoothie,2024-04-18,19,2019-09-09,2023-01-01,True,18_Juice-Smoothie,hospital,3,7.0,cultural,2.7142857142857144
18,Juice & Smoothie,2024-06-06,4,2019-09-09,2023-01-01,True,18_Juice-Smoothie,hospital,3,6.0,food_festival,0.6666666666666666
18,Juice & Smoothie,2024-07-11,3,2019-09-09,2023-01-01,True,18_Juice-Smoothie,hospital,3,6.0,market,0.5
18,Juice & Smoothie,2023-03-10,4,2019-09-09,2023-01-01,True,18_Juice-Smoothie,hospital,4,8.0,concert,0.5
18,Juice & Smoothie,2023-05-26,20,2019-09-09,2023-01-01,True,18_Juice-Smoothie,hospital,4,6.0,market,3.0
18,Juice & Smoothie,2023-06-02,8,2019-09-09,2023-01-01,True,18_Juice-Smoothie,hospital,4,7.0,food_festival,1.1428571428571428
18,Juice & Smoothie,2023-07-07,11,2019-09-09,2023-01-01,True,18_Juice-Smoothie,hospital,4,7.0,market,1.5714285714285714
18,Juice & Smoothie,2023-08-11,5,2019-09-09,2023-01-01,True,18_Juice-Smoothie,hospital,4,7.0,convention,0.7142857142857143
18,Juice & Smoothie,2023-09-29,16,2019-09-09,2023-01-01,True,18_Juice-Smoothie,hospital,4,7.0,cultural,2.2857142857142856
18,Juice & Smoothie,2024-01-19,8,2019-09-09,2023-01-01,True,18_Juice-Smoothie,hospital,4,7.5,sports,1.0666666666666667
18,Juice & Smoothie,2024-01-19,8,2019-09-09,2023-01-01,True,18_Juice-Smoothie,hospital,4,7.5,food_festival,1.0666666666666667
18,Juice & Smoothie,2024-03-01,12,2019-09-09,2023-01-01,True,18_Juice-Smoothie,hospital,4,7.0,market,1.7142857142857142
18,Juice & Smoothie,2024-04-19,5,2019-09-09,2023-01-01,True,18_Juice-Smoothie,hospital,4,8.0,market,0.625
18,Juice & Smoothie,2024-08-23,1,2019-09-09,2023-01-01,True,18_Juice-Smoothie,hospital,4,7.0,music_festival,0.25
18,Juice & Smoothie,2023-01-28,18,2019-09-09,2023-01-01,True,18_Juice-Smoothie,hospital,5,14.0,music_festival,1.2857142857142858
18,Juice & Smoothie,2023-03-04,14,2019-09-09,2023-01-01,True,18_Juice-Smoothie,hospital,5,10.5,food_festival,1.3333333333333333
18,Juice & Smoothie,2023-10-28,27,2019-09-09,2023-01-01,True,18_Juice-Smoothie,hospital,5,9.5,food_festival,2.8421052631578947
18,Juice & Smoothie,2023-11-11,15,2019-09-09,2023-01-01,True,18_Juice-Smoothie,hospital,5,9.5,market,1.5789473684210527
18,Juice & Smoothie,2024-04-13,20,2019-09-09,2023-01-01,True,18_Juice-Smoothie,hospital,5,9.0,music_festival,2.2222222222222223
18,Juice & Smoothie,2024-07-06,1,2019-09-09,2023-01-01,True,18_Juice-Smoothie,hospital,5,9.5,concert,0.25
18,Juice & Smoothie,2023-01-15,22,2019-09-09,2023-01-01,True,18_Juice-Smoothie,hospital,6,14.0,market,1.5714285714285714
18,Juice & Smoothie,2023-03-12,9,2019-09-09,2023-01-01,True,18_Juice-Smoothie,hospital,6,9.5,convention,0.9473684210526315
18,Juice & Smoothie,2023-05-21,15,2019-09-09,2023-01-01,True,18_Juice-Smoothie,hospital,6,8.5,food_festival,1.7647058823529411
18,Juice & Smoothie,2023-06-11,12,2019-09-09,2023-01-01,True,18_Juice-Smoothie,hospital,6,9.0,convention,1.3333333333333333
18,Juice & Smoothie,2024-01-07,18,2019-09-09,2023-01-01,True,18_Juice-Smoothie,hospital,6,7.0,cultural,2.5714285714285716
18,Juice & Smoothie,2024-04-14,38,2019-09-09,2023-01-01,True,18_Juice-Smoothie,hospital,6,8.0,market,3.0
18,Merchandise,2023-01-16,7,2019-09-09,2023-01-01,True,18_Merchandise,hospital,0,6.0,market,1.1666666666666667
18,Merchandise,2023-01-23,5,2019-09-09,2023-01-01,True,18_Merchandise,hospital,0,6.0,market,0.8333333333333334
18,Merchandise,2023-02-27,7,2019-09-09,2023-01-01,True,18_Merchandise,hospital,0,6.5,market,1.0769230769230769
18,Merchandise,2023-05-22,5,2019-09-09,2023-01-01,True,18_Merchandise,hospital,0,6.0,food_festival,0.8333333333333334
18,Merchandise,2023-06-26,6,2019-09-09,2023-01-01,True,18_Merchandise,hospital,0,6.0,food_festival,1.0
18,Merchandise,2023-08-14,0,2019-09-09,2023-01-01,True,18_Merchandise,hospital,0,5.0,convention,0.25
18,Merchandise,2023-08-28,4,2019-09-09,2023-01-01,True,18_Merchandise,hospital,0,5.0,food_festival,0.8
18,Merchandise,2024-01-08,3,2019-09-09,2023-01-01,True,18_Merchandise,hospital,0,5.0,sports,0.6
18,Merchandise,2024-03-25,3,2019-09-09,2023-01-01,True,18_Merchandise,hospital,0,5.0,book_fair,0.6
18,Merchandise,2024-04-08,9,2019-09-09,2023-01-01,True,18_Merchandise,hospital,0,5.0,sports,1.8
18,Merchandise,2024-06-03,4,2019-09-09,2023-01-01,True,18_Merchandise,hospital,0,5.0,market,0.8
18,Merchandise,2024-08-19,2,2019-09-09,2023-01-01,True,18_Merchandise,hospital,0,4.0,market,0.5
18,Merchandise,2024-08-26,2,2019-09-09,2023-01-01,True,18_Merchandise,hospital,0,4.0,music_festival,0.5
18,Merchandise,2023-02-28,6,2019-09-09,2023-01-01,True,18_Merchandise,hospital,1,2.5,market,2.4
18,Merchandise,2023-11-28,2,2019-09-09,2023-01-01,True,18_Merchandise,hospital,1,3.0,convention,0.6666666666666666
18,Merchandise,2024-01-30,2,2019-09-09,2023-01-01,True,18_Merchandise,hospital,1,3.0,concert,0.6666666666666666
18,Merchandise,2024-02-13,4,2019-09-09,2023-01-01,True,18_Merchandise,hospital,1,3.0,market,1.3333333333333333
18,Merchandise,2024-02-20,6,2019-09-09,2023-01-01,True,18_Merchandise,hospital,1,3.0,sports,2.0
18,Merchandise,2024-05-21,3,2019-09-09,2023-01-01,True,18_Merchandise,hospital,1,3.0,sports,1.0
18,Merchandise,2024-07-02,2,2019-09-09,2023-01-01,True,18_Merchandise,hospital,1,3.0,market,0.6666666666666666
18,Merchandise,2024-09-24,6,2019-09-09,2023-01-01,True,18_Merchandise,hospital,1,3.0,food_festival,2.0
18,Merchandise,2023-01-18,9,2019-09-09,2023-01-01,True,18_Merchandise,hospital,2,6.0,food_festival,1.5
18,Merchandise,2023-03-01,3,2019-09-09,2023-01-01,True,18_Merchandise,hospital,2,3.5,market,0.8571428571428571
18,Merchandise,2023-11-29,5,2019-09-09,2023-01-01,True,18_Merchandise,hospital,2,4.0,food_festival,1.25
18,Merchandise,2024-03-06,3,2019-09-09,2023-01-01,True,18_Merchandise,hospital,2,4.0,book_fair,0.75
18,Merchandise,2024-05-15,7,2019-09-09,2023-01-01,True,18_Merchandise,hospital,2,4.0,food_festival,1.75
18,Merchandise,2023-03-23,3,2019-09-09,2023-01-01,True,18_Merchandise,hospital,3,3.0,cultural,1.0
18,Merchandise,2023-06-29,2,2019-09-09,2023-01-01,True,18_Merchandise,hospital,3,5.0,cultural,0.4
18,Merchandise,2023-12-28,3,2019-09-09,2023-01-01,True,18_Merchandise,hospital,3,4.0,sports,0.75
18,Merchandise,2023-12-28,3,2019-09-09,2023-01-01,True,18_Merchandise,hospital,3,4.0,book_fair,0.75
18,Merchandise,2024-04-11,3,2019-09-09,2023-01-01,True,18_Merchandise,hospital,3,4.0,concert,0.75
18,Merchandise,2024-04-11,3,2019-09-09,2023-01-01,True,18_Merchandise,hospital,3,4.0,sports,0.75
18,Merchandise,2024-04-18,10,2019-09-09,2023-01-01,True,18_Merchandise,hospital,3,4.0,cultural,2.5
18,Merchandise,2024-06-06,4,2019-09-09,2023-01-01,True,18_Merchandise,hospital,3,4.0,food_festival,1.0
18,Merchandise,2024-07-11,3,2019-09-09,2023-01-01,True,18_Merchandise,hospital,3,4.0,market,0.75
18,Merchandise,2023-03-10,5,2019-09-09,2023-01-01,True,18_Merchandise,hospital,4,4.0,concert,1.25
18,Merchandise,2023-05-26,9,2019-09-09,2023-01-01,True,18_Merchandise,hospital,4,3.5,market,2.5714285714285716
18,Merchandise,2023-06-02,4,2019-09-09,2023-01-01,True,18_Merchandise,hospital,4,4.0,food_festival,1.0
18,Merchandise,2023-07-07,6,2019-09-09,2023-01-01,True,18_Merchandise,hospital,4,4.0,market,1.5
18,Merchandise,2023-08-11,1,2019-09-09,2023-01-01,True,18_Merchandise,hospital,4,4.0,convention,0.25
18,Merchandise,2023-09-29,4,2019-09-09,2023-01-01,True,18_Merchandise,hospital,4,4.0,cultural,1.0
18,Merchandise,2024-01-19,9,2019-09-09,2023-01-01,True,18_Merchandise,hospital,4,4.0,sports,2.25
18,Merchandise,2024-01-19,9,2019-09-09,2023-01-01,True,18_Merchandise,hospital,4,4.0,food_festival,2.25
18,Merchandise,2024-03-01,3,2019-09-09,2023-01-01,True,18_Merchandise,hospital,4,4.0,market,0.75
18,Merchandise,2024-04-19,6,2019-09-09,2023-01-01,True,18_Merchandise,hospital,4,4.0,market,1.5
18,Merchandise,2024-08-23,5,2019-09-09,2023-01-01,True,18_Merchandise,hospital,4,4.0,music_festival,1.25
18,Merchandise,2023-01-28,7,2019-09-09,2023-01-01,True,18_Merchandise,hospital,5,10.0,music_festival,0.7
18,Merchandise,2023-03-04,5,2019-09-09,2023-01-01,True,18_Merchandise,hospital,5,5.5,food_festival,0.9090909090909091
18,Merchandise,2023-10-28,15,2019-09-09,2023-01-01,True,18_Merchandise,hospital,5,4.5,food_festival,3.0
18,Merchandise,2023-11-11,8,2019-09-09,2023-01-01,True,18_Merchandise,hospital,5,4.5,market,1.7777777777777777
18,Merchandise,2024-04-13,16,2019-09-09,2023-01-01,True,18_Merchandise,hospital,5,5.0,music_festival,3.0
18,Merchandise,2024-07-06,0,2019-09-09,2023-01-01,True,18_Merchandise,hospital,5,5.0,concert,0.25
18,Merchandise,2023-01-15,9,2019-09-09,2023-01-01,True,18_Merchandise,hospital,6,6.0,market,1.5
18,Merchandise,2023-03-12,1,2019-09-09,2023-01-01,True,18_Merchandise,hospital,6,8.0,convention,0.25
18,Merchandise,2023-05-21,9,2019-09-09,2023-01-01,True,18_Merchandise,hospital,6,5.5,food_festival,1.6363636363636365
18,Merchandise,2023-06-11,3,2019-09-09,2023-01-01,True,18_Merchandise,hospital,6,6.0,convention,0.5
18,Merchandise,2024-01-07,13,2019-09-09,2023-01-01,True,18_Merchandise,hospital,6,5.0,cultural,2.6
18,Merchandise,2024-04-14,13,2019-09-09,2023-01-01,True,18_Merchandise,hospital,6,5.0,market,2.6
18,Savory Bakery,2023-01-16,26,2019-09-09,2023-01-01,True,18_Savory-Bakery,hospital,0,22.0,market,1.1818181818181819
18,Savory Bakery,2023-01-23,28,2019-09-09,2023-01-01,True,18_Savory-Bakery,hospital,0,17.0,market,1.6470588235294117
18,Savory Bakery,2023-02-27,16,2019-09-09,2023-01-01,True,18_Savory-Bakery,hospital,0,17.5,market,0.9142857142857143
18,Savory Bakery,2023-05-22,33,2019-09-09,2023-01-01,True,18_Savory-Bakery,hospital,0,16.5,food_festival,2.0
18,Savory Bakery,2023-06-26,24,2019-09-09,2023-01-01,True,18_Savory-Bakery,hospital,0,16.0,food_festival,1.5
18,Savory Bakery,2023-08-14,13,2019-09-09,2023-01-01,True,18_Savory-Bakery,hospital,0,16.0,convention,0.8125
18,Savory Bakery,2023-08-28,17,2019-09-09,2023-01-01,True,18_Savory-Bakery,hospital,0,16.0,food_festival,1.0625
18,Savory Bakery,2024-01-08,12,2019-09-09,2023-01-01,True,18_Savory-Bakery,hospital,0,17.0,sports,0.7058823529411765
18,Savory Bakery,2024-03-25,9,2019-09-09,2023-01-01,True,18_Savory-Bakery,hospital,0,16.0,book_fair,0.5625
18,Savory Bakery,2024-04-08,23,2019-09-09,2023-01-01,True,18_Savory-Bakery,hospital,0,16.0,sports,1.4375
18,Savory Bakery,2024-06-03,11,2019-09-09,2023-01-01,True,18_Savory-Bakery,hospital,0,16.0,market,0.6875
18,Savory Bakery,2024-08-19,12,2019-09-09,2023-01-01,True,18_Savory-Bakery,hospital,0,16.0,market,0.75
18,Savory Bakery,2024-08-26,5,2019-09-09,2023-01-01,True,18_Savory-Bakery,hospital,0,16.0,music_festival,0.3125
18,Savory Bakery,2023-02-28,18,2019-09-09,2023-01-01,True,18_Savory-Bakery,hospital,1,16.5,market,1.0909090909090908
18,Savory Bakery,2023-11-28,8,2019-09-09,2023-01-01,True,18_Savory-Bakery,hospital,1,14.0,convention,0.5714285714285714
18,Savory Bakery,2024-01-30,7,2019-09-09,2023-01-01,True,18_Savory-Bakery,hospital,1,15.5,concert,0.45161290322580644
18,Savory Bakery,2024-02-13,15,2019-09-09,2023-01-01,True,18_Savory-Bakery,hospital,1,15.5,market,0.967741935483871
18,Savory Bakery,2024-02-20,20,2019-09-09,2023-01-01,True,18_Savory-Bakery,hospital,1,15.0,sports,1.3333333333333333
18,Savory Bakery,2024-05-21,7,2019-09-09,2023-01-01,True,18_Savory-Bakery,hospital,1,15.0,sports,0.4666666666666667
18,Savory Bakery,2024-07-02,13,2019-09-09,2023-01-01,True,18_Savory-Bakery,hospital,1,14.5,market,0.896551724137931
18,Savory Bakery,2024-09-24,20,2019-09-09,2023-01-01,True,18_Savory-Bakery,hospital,1,13.0,food_festival,1.5384615384615385
18,Savory Bakery,2023-01-18,29,2019-09-09,2023-01-01,True,18_Savory-Bakery,hospital,2,22.0,food_festival,1.3181818181818181
18,Savory Bakery,2023-03-01,26,2019-09-09,2023-01-01,True,18_Savory-Bakery,hospital,2,22.5,market,1.1555555555555554
18,Savory Bakery,2023-11-29,28,2019-09-09,2023-01-01,True,18_Savory-Bakery,hospital,2,15.0,food_festival,1.8666666666666667
18,Savory Bakery,2024-03-06,11,2019-09-09,2023-01-01,True,18_Savory-Bakery,hospital,2,15.0,book_fair,0.7333333333333333
18,Savory Bakery,2024-05-15,35,2019-09-09,2023-01-01,True,18_Savory-Bakery,hospital,2,16.0,food_festival,2.1875
18,Savory Bakery,2023-03-23,13,2019-09-09,2023-01-01,True,18_Savory-Bakery,hospital,3,14.0,cultural,0.9285714285714286
18,Savory Bakery,2023-06-29,27,2019-09-09,2023-01-01,True,18_Savory-Bakery,hospital,3,14.0,cultural,1.9285714285714286
18,Savory Bakery,2023-12-28,42,2019-09-09,2023-01-01,True,18_Savory-Bakery,hospital,3,16.0,sports,2.625
18,Savory Bakery,2023-12-28,42,2019-09-09,2023-01-01,True,18_Savory-Bakery,hospital,3,16.0,book_fair,2.625
18,Savory Bakery,2024-04-11,13,2019-09-09,2023-01-01,True,18_Savory-Bakery,hospital,3,16.0,concert,0.8125
18,Savory Bakery,2024-04-11,13,2019-09-09,2023-01-01,True,18_Savory-Bakery,hospital,3,16.0,sports,0.8125
18,Savory Bakery,2024-04-18,20,2019-09-09,2023-01-01,True,18_Savory-Bakery,hospital,3,16.0,cultural,1.25
18,Savory Bakery,2024-06-06,27,2019-09-09,2023-01-01,True,18_Savory-Bakery,hospital,3,15.5,food_festival,1.7419354838709677
18,Savory Bakery,2024-07-11,11,2019-09-09,2023-01-01,True,18_Savory-Bakery,hospital,3,15.0,market,0.7333333333333333
18,Savory Bakery,2023-03-10,11,2019-09-09,2023-01-01,True,18_Savory-Bakery,hospital,4,15.0,concert,0.7333333333333333
18,Savory Bakery,2023-05-26,13,2019-09-09,2023-01-01,True,18_Savory-Bakery,hospital,4,19.0,market,0.6842105263157895
18,Savory Bakery,2023-06-02,25,2019-09-09,2023-01-01,True,18_Savory-Bakery,hospital,4,18.0,food_festival,1.3888888888888888
18,Savory Bakery,2023-07-07,18,2019-09-09,2023-01-01,True,18_Savory-Bakery,hospital,4,17.5,market,1.0285714285714285
18,Savory Bakery,2023-08-11,9,2019-09-09,2023-01-01,True,18_Savory-Bakery,hospital,4,18.0,convention,0.5
18,Savory Bakery,2023-09-29,27,2019-09-09,2023-01-01,True,18_Savory-Bakery,hospital,4,17.0,cultural,1.588235294117647
18,Savory Bakery,2024-01-19,45,2019-09-09,2023-01-01,True,18_Savory-Bakery,hospital,4,17.0,sports,2.6470588235294117
18,Savory Bakery,2024-01-19,45,2019-09-09,2023-01-01,True,18_Savory-Bakery,hospital,4,17.0,food_festival,2.6470588235294117
18,Savory Bakery,2024-03-01,19,2019-09-09,2023-01-01,True,18_Savory-Bakery,hospital,4,16.0,market,1.1875
18,Savory Bakery,2024-04-19,34,2019-09-09,2023-01-01,True,18_Savory-Bakery,hospital,4,17.0,market,2.0
18,Savory Bakery,2024-08-23,11,2019-09-09,2023-01-01,True,18_Savory-Bakery,hospital,4,16.0,music_festival,0.6875
18,Savory Bakery,2023-01-28,26,2019-09-09,2023-01-01,True,18_Savory-Bakery,hospital,5,28.0,music_festival,0.9285714285714286
18,Savory Bakery,2023-03-04,35,2019-09-09,2023-01-01,True,18_Savory-Bakery,hospital,5,20.0,food_festival,1.75
18,Savory Bakery,2023-10-28,65,2019-09-09,2023-01-01,True,18_Savory-Bakery,hospital,5,20.5,food_festival,3.0
18,Savory Bakery,2023-11-11,15,2019-09-09,2023-01-01,True,18_Savory-Bakery,hospital,5,20.5,market,0.7317073170731707
18,Savory Bakery,2024-04-13,44,2019-09-09,2023-01-01,True,18_Savory-Bakery,hospital,5,20.0,music_festival,2.2
18,Savory Bakery,2024-07-06,21,2019-09-09,2023-01-01,True,18_Savory-Bakery,hospital,5,20.5,concert,1.024390243902439
18,Savory Bakery,2023-01-15,34,2019-09-09,2023-01-01,True,18_Savory-Bakery,hospital,6,22.0,market,1.5454545454545454
18,Savory Bakery,2023-03-12,17,2019-09-09,2023-01-01,True,18_Savory-Bakery,hospital,6,22.5,convention,0.7555555555555555
18,Savory Bakery,2023-05-21,18,2019-09-09,2023-01-01,True,18_Savory-Bakery,hospital,6,20.5,food_festival,0.8780487804878049
18,Savory Bakery,2023-06-11,32,2019-09-09,2023-01-01,True,18_Savory-Bakery,hospital,6,19.0,convention,1.6842105263157894
18,Savory Bakery,2024-01-07,35,2019-09-09,2023-01-01,True,18_Savory-Bakery,hospital,6,18.0,cultural,1.9444444444444444
18,Savory Bakery,2024-04-14,92,2019-09-09,2023-01-01,True,18_Savory-Bakery,hospital,6,19.0,market,3.0
18,Tea,2023-01-16,34,2019-09-09,2023-01-01,True,18_Tea,hospital,0,30.0,market,1.1333333333333333
18,Tea,2023-01-23,28,2019-09-09,2023-01-01,True,18_Tea,hospital,0,25.0,market,1.12
18,Tea,2023-02-27,18,2019-09-09,2023-01-01,True,18_Tea,hospital,0,24.5,market,0.7346938775510204
18,Tea,2023-05-22,43,2019-09-09,2023-01-01,True,18_Tea,hospital,0,28.0,food_festival,1.5357142857142858
18,Tea,2023-06-26,35,2019-09-09,2023-01-01,True,18_Tea,hospital,0,28.0,food_festival,1.25
18,Tea,2023-08-14,23,2019-09-09,2023-01-01,True,18_Tea,hospital,0,25.5,convention,0.9019607843137255
18,Tea,2023-08-28,25,2019-09-09,2023-01-01,True,18_Tea,hospital,0,24.5,food_festival,1.0204081632653061
18,Tea,2024-01-08,20,2019-09-09,2023-01-01,True,18_Tea,hospital,0,25.0,sports,0.8
18,Tea,2024-03-25,13,2019-09-09,2023-01-01,True,18_Tea,hospital,0,24.0,book_fair,0.5416666666666666
18,Tea,2024-04-08,42,2019-09-09,2023-01-01,True,18_Tea,hospital,0,24.0,sports,1.75
18,Tea,2024-06-03,16,2019-09-09,2023-01-01,True,18_Tea,hospital,0,24.0,market,0.6666666666666666
18,Tea,2024-08-19,23,2019-09-09,2023-01-01,True,18_Tea,hospital,0,24.0,market,0.9583333333333334
18,Tea,2024-08-26,12,2019-09-09,2023-01-01,True,18_Tea,hospital,0,23.5,music_festival,0.5106382978723404
18,Tea,2023-02-28,38,2019-09-09,2023-01-01,True,18_Tea,hospital,1,26.0,market,1.4615384615384615
18,Tea,2023-11-28,21,2019-09-09,2023-01-01,True,18_Tea,hospital,1,24.0,convention,0.875
18,Tea,2024-01-30,17,2019-09-09,2023-01-01,True,18_Tea,hospital,1,23.5,concert,0.723404255319149
18,Tea,2024-02-13,27,2019-09-09,2023-01-01,True,18_Tea,hospital,1,23.5,market,1.148936170212766
18,Tea,2024-02-20,18,2019-09-09,2023-01-01,True,18_Tea,hospital,1,24.0,sports,0.75
18,Tea,2024-05-21,8,2019-09-09,2023-01-01,True,18_Tea,hospital,1,23.5,sports,0.3404255319148936
18,Tea,2024-07-02,25,2019-09-09,2023-01-01,True,18_Tea,hospital,1,21.0,market,1.1904761904761905
18,Tea,2024-09-24,26,2019-09-09,2023-01-01,True,18_Tea,hospital,1,21.0,food_festival,1.2380952380952381
18,Tea,2023-01-18,64,2019-09-09,2023-01-01,True,18_Tea,hospital,2,30.0,food_festival,2.1333333333333333
18,Tea,2023-03-01,35,2019-09-09,2023-01-01,True,18_Tea,hospital,2,27.5,market,1.2727272727272727
18,Tea,2023-11-29,31,2019-09-09,2023-01-01,True,18_Tea,hospital,2,23.0,food_festival,1.3478260869565217
18,Tea,2024-03-06,15,2019-09-09,2023-01-01,True,18_Tea,hospital,2,25.0,book_fair,0.6
18,Tea,2024-05-15,29,2019-09-09,2023-01-01,True,18_Tea,hospital,2,25.0,food_festival,1.16
18,Tea,2023-03-23,36,2019-09-09,2023-01-01,True,18_Tea,hospital,3,29.0,cultural,1.2413793103448276
18,Tea,2023-06-29,26,2019-09-09,2023-01-01,True,18_Tea,hospital,3,26.0,cultural,1.0
18,Tea,2023-12-28,34,2019-09-09,2023-01-01,True,18_Tea,hospital,3,25.0,sports,1.36
18,Tea,2023-12-28,34,2019-09-09,2023-01-01,True,18_Tea,hospital,3,25.0,book_fair,1.36
18,Tea,2024-04-11,40,2019-09-09,2023-01-01,True,18_Tea,hospital,3,24.5,concert,1.6326530612244898
18,Tea,2024-04-11,40,2019-09-09,2023-01-01,True,18_Tea,hospital,3,24.5,sports,1.6326530612244898
18,Tea,2024-04-18,37,2019-09-09,2023-01-01,True,18_Tea,hospital,3,25.0,cultural,1.48
18,Tea,2024-06-06,22,2019-09-09,2023-01-01,True,18_Tea,hospital,3,25.0,food_festival,0.88
18,Tea,2024-07-11,14,2019-09-09,2023-01-01,True,18_Tea,hospital,3,24.0,market,0.5833333333333334
18,Tea,2023-03-10,22,2019-09-09,2023-01-01,True,18_Tea,hospital,4,28.0,concert,0.7857142857142857
18,Tea,2023-05-26,37,2019-09-09,2023-01-01,True,18_Tea,hospital,4,22.0,market,1.6818181818181819
18,Tea,2023-06-02,23,2019-09-09,2023-01-01,True,18_Tea,hospital,4,22.0,food_festival,1.0454545454545454
18,Tea,2023-07-07,37,2019-09-09,2023-01-01,True,18_Tea,hospital,4,22.5,market,1.6444444444444444
18,Tea,2023-08-11,33,2019-09-09,2023-01-01,True,18_Tea,hospital,4,22.0,convention,1.5
18,Tea,2023-09-29,48,2019-09-09,2023-01-01,True,18_Tea,hospital,4,22.0,cultural,2.1818181818181817
18,Tea,2024-01-19,42,2019-09-09,2023-01-01,True,18_Tea,hospital,4,22.0,sports,1.9090909090909092
18,Tea,2024-01-19,42,2019-09-09,2023-01-01,True,18_Tea,hospital,4,22.0,food_festival,1.9090909090909092
18,Tea,2024-03-01,36,2019-09-09,2023-01-01,True,18_Tea,hospital,4,22.5,market,1.6
18,Tea,2024-04-19,52,2019-09-09,2023-01-01,True,18_Tea,hospital,4,23.0,market,2.260869565217391
18,Tea,2024-08-23,11,2019-09-09,2023-01-01,True,18_Tea,hospital,4,23.0,music_festival,0.4782608695652174
18,Tea,2023-01-28,59,2019-09-09,2023-01-01,True,18_Tea,hospital,5,34.0,music_festival,1.7352941176470589
18,Tea,2023-03-04,53,2019-09-09,2023-01-01,True,18_Tea,hospital,5,30.0,food_festival,1.7666666666666666
18,Tea,2023-10-28,85,2019-09-09,2023-01-01,True,18_Tea,hospital,5,28.0,food_festival,3.0
18,Tea,2023-11-11,36,2019-09-09,2023-01-01,True,18_Tea,hospital,5,28.5,market,1.263157894736842
18,Tea,2024-04-13,90,2019-09-09,2023-01-01,True,18_Tea,hospital,5,29.0,music_festival,3.0
18,Tea,2024-07-06,30,2019-09-09,2023-01-01,True,18_Tea,hospital,5,29.5,concert,1.0169491525423728
18,Tea,2023-01-15,61,2019-09-09,2023-01-01,True,18_Tea,hospital,6,29.5,market,2.0677966101694913
18,Tea,2023-03-12,30,2019-09-09,2023-01-01,True,18_Tea,hospital,6,30.5,convention,0.9836065573770492
18,Tea,2023-05-21,53,2019-09-09,2023-01-01,True,18_Tea,hospital,6,30.5,food_festival,1.7377049180327868
18,Tea,2023-06-11,15,2019-09-09,2023-01-01,True,18_Tea,hospital,6,31.0,convention,0.4838709677419355
18,Tea,2024-01-07,46,2019-09-09,2023-01-01,True,18_Tea,hospital,6,30.0,cultural,1.5333333333333334
18,Tea,2024-04-14,132,2019-09-09,2023-01-01,True,18_Tea,hospital,6,30.0,market,3.0
19,Bakery,2023-02-20,54,2016-08-13,2023-01-01,True,19_Bakery,university,0,39.0,market,1.3846153846153846
19,Bakery,2023-05-01,91,2016-08-13,2023-01-01,True,19_Bakery,university,0,42.0,food_festival,2.1666666666666665
19,Bakery,2023-07-31,66,2016-08-13,2023-01-01,True,19_Bakery,university,0,33.5,convention,1.9701492537313432
19,Bakery,2023-12-11,69,2016-08-13,2023-01-01,True,19_Bakery,university,0,33.0,convention,2.090909090909091
19,Bakery,2024-01-29,28,2016-08-13,2023-01-01,True,19_Bakery,university,0,35.0,sports,0.8
19,Bakery,2024-02-26,30,2016-08-13,2023-01-01,True,19_Bakery,university,0,34.5,book_fair,0.8695652173913043
19,Bakery,2024-04-15,220,2016-08-13,2023-01-01,True,19_Bakery,university,0,34.0,concert,3.0
19,Bakery,2024-04-22,63,2016-08-13,2023-01-01,True,19_Bakery,university,0,34.5,food_festival,1.826086956521739
19,Bakery,2023-03-14,48,2016-08-13,2023-01-01,True,19_Bakery,university,1,45.0,convention,1.0666666666666667
19,Bakery,2023-03-28,75,2016-08-13,2023-01-01,True,19_Bakery,university,1,45.0,cultural,1.6666666666666667
19,Bakery,2023-07-04,53,2016-08-13,2023-01-01,True,19_Bakery,university,1,40.5,cultural,1.308641975308642
19,Bakery,2023-07-18,21,2016-08-13,2023-01-01,True,19_Bakery,university,1,40.5,cultural,0.5185185185185185
19,Bakery,2023-09-05,70,2016-08-13,2023-01-01,True,19_Bakery,university,1,36.0,concert,1.9444444444444444
19,Bakery,2023-10-10,66,2016-08-13,2023-01-01,True,19_Bakery,university,1,34.5,book_fair,1.9130434782608696
19,Bakery,2023-10-17,67,2016-08-13,2023-01-01,True,19_Bakery,university,1,36.0,concert,1.8611111111111112
19,Bakery,2023-11-14,55,2016-08-13,2023-01-01,True,19_Bakery,university,1,37.0,cultural,1.4864864864864864
19,Bakery,2023-12-12,68,2016-08-13,2023-01-01,True,19_Bakery,university,1,39.0,sports,1.7435897435897436
19,Bakery,2023-12-26,59,2016-08-13,2023-01-01,True,19_Bakery,university,1,40.0,concert,1.475
19,Bakery,2024-04-30,71,2016-08-13,2023-01-01,True,19_Bakery,university,1,39.0,food_festival,1.8205128205128205
19,Bakery,2023-05-10,60,2016-08-13,2023-01-01,True,19_Bakery,university,2,34.5,book_fair,1.7391304347826086
19,Bakery,2023-05-24,57,2016-08-13,2023-01-01,True,19_Bakery,university,2,35.5,music_festival,1.6056338028169015
19,Bakery,2023-09-20,60,2016-08-13,2023-01-01,True,19_Bakery,university,2,34.0,food_festival,1.7647058823529411
19,Bakery,2023-10-11,45,2016-08-13,2023-01-01,True,19_Bakery,university,2,33.5,cultural,1.3432835820895523
19,Bakery,2023-10-18,71,2016-08-13,2023-01-01,True,19_Bakery,university,2,34.0,food_festival,2.088235294117647
19,Bakery,2024-03-06,45,2016-08-13,2023-01-01,True,19_Bakery,university,2,35.0,market,1.2857142857142858
19,Bakery,2024-03-20,74,2016-08-13,2023-01-01,True,19_Bakery,university,2,36.0,concert,2.0555555555555554
19,Bakery,2024-04-03,89,2016-08-13,2023-01-01,True,19_Bakery,university,2,36.0,food_festival,2.4722222222222223
19,Bakery,2024-06-12,74,2016-08-13,2023-01-01,True,19_Bakery,university,2,37.0,music_festival,2.0
19,Bakery,2024-09-04,43,2016-08-13,2023-01-01,True,19_Bakery,university,2,36.0,book_fair,1.1944444444444444
19,Bakery,2024-10-02,60,2016-08-13,2023-01-01,True,19_Bakery,university,2,36.0,food_festival,1.6666666666666667
19,Bakery,2023-02-16,80,2016-08-13,2023-01-01,True,19_Bakery,university,3,45.0,food_festival,1.7777777777777777
19,Bakery,2023-03-02,25,2016-08-13,2023-01-01,True,19_Bakery,university,3,45.0,market,0.5555555555555556
19,Bakery,2023-05-18,42,2016-08-13,2023-01-01,True,19_Bakery,university,3,41.0,cultural,1.024390243902439
19,Bakery,2023-06-01,41,2016-08-13,2023-01-01,True,19_Bakery,university,3,41.0,concert,1.0
19,Bakery,2023-10-05,55,2016-08-13,2023-01-01,True,19_Bakery,university,3,32.0,sports,1.71875
19,Bakery,2023-11-09,70,2016-08-13,2023-01-01,True,19_Bakery,university,3,32.5,sports,2.1538461538461537
19,Bakery,2023-12-28,34,2016-08-13,2023-01-01,True,19_Bakery,university,3,33.0,cultural,1.0303030303030303
19,Bakery,2024-02-01,35,2016-08-13,2023-01-01,True,19_Bakery,university,3,34.0,sports,1.0294117647058822
19,Bakery,2024-03-21,61,2016-08-13,2023-01-01,True,19_Bakery,university,3,35.0,convention,1.7428571428571429
19,Bakery,2024-08-15,55,2016-08-13,2023-01-01,True,19_Bakery,university,3,34.0,sports,1.6176470588235294
19,Bakery,2024-10-17,74,2016-08-13,2023-01-01,True,19_Bakery,university,3,33.0,food_festival,2.242424242424242
19,Bakery,2023-01-20,63,2016-08-13,2023-01-01,True,19_Bakery,university,4,42.0,sports,1.5
19,Bakery,2023-03-17,44,2016-08-13,2023-01-01,True,19_Bakery,university,4,42.0,convention,1.0476190476190477
19,Bakery,2023-04-21,111,2016-08-13,2023-01-01,True,19_Bakery,university,4,46.0,food_festival,2.4130434782608696
19,Bakery,2023-06-02,35,2016-08-13,2023-01-01,True,19_Bakery,university,4,39.0,food_festival,0.8974358974358975
19,Bakery,2023-06-23,46,2016-08-13,2023-01-01,True,19_Bakery,university,4,37.5,concert,1.2266666666666666
19,Bakery,2023-07-28,63,2016-08-13,2023-01-01,True,19_Bakery,university,4,37.0,concert,1.7027027027027026
19,Bakery,2023-12-15,141,2016-08-13,2023-01-01,True,19_Bakery,university,4,34.0,music_festival,3.0
19,Bakery,2024-01-12,57,2016-08-13,2023-01-01,True,19_Bakery,university,4,35.0,convention,1.6285714285714286
19,Bakery,2024-01-26,57,2016-08-13,2023-01-01,True,19_Bakery,university,4,35.0,food_festival,1.6285714285714286
19,Bakery,2024-06-21,31,2016-08-13,2023-01-01,True,19_Bakery,university,4,35.0,sports,0.8857142857142857
19,Bakery,2023-02-04,59,2016-08-13,2023-01-01,True,19_Bakery,university,5,27.5,cultural,2.1454545454545455
19,Bakery,2023-02-11,54,2016-08-13,2023-01-01,True,19_Bakery,university,5,29.0,sports,1.8620689655172413
19,Bakery,2023-03-04,63,2016-08-13,2023-01-01,True,19_Bakery,university,5,29.5,market,2.135593220338983
19,Bakery,2023-10-07,49,2016-08-13,2023-01-01,True,19_Bakery,university,5,29.0,food_festival,1.6896551724137931
19,Bakery,2023-10-21,16,2016-08-13,2023-01-01,True,19_Bakery,university,5,29.0,book_fair,0.5517241379310345
19,Bakery,2023-11-04,33,2016-08-13,2023-01-01,True,19_Bakery,university,5,29.0,convention,1.1379310344827587
19,Bakery,2023-11-11,57,2016-08-13,2023-01-01,True,19_Bakery,university,5,29.0,market,1.9655172413793103
19,Bakery,2023-12-02,62,2016-08-13,2023-01-01,True,19_Bakery,university,5,29.0,cultural,2.1379310344827585
19,Bakery,2023-12-16,67,2016-08-13,2023-01-01,True,19_Bakery,university,5,30.0,cultural,2.2333333333333334
19,Bakery,2023-12-30,48,2016-08-13,2023-01-01,True,19_Bakery,university,5,30.0,market,1.6
19,Bakery,2024-07-13,52,2016-08-13,2023-01-01,True,19_Bakery,university,5,32.0,market,1.625
19,Bakery,2024-09-21,46,2016-08-13,2023-01-01,True,19_Bakery,university,5,31.0,market,1.4838709677419355
19,Bakery,2024-10-05,22,2016-08-13,2023-01-01,True,19_Bakery,university,5,31.0,cultural,0.7096774193548387
19,Bakery,2023-05-07,58,2016-08-13,2023-01-01,True,19_Bakery,university,6,41.5,concert,1.3975903614457832
19,Bakery,2023-05-07,58,2016-08-13,2023-01-01,True,19_Bakery,university,6,41.5,market,1.3975903614457832
19,Bakery,2023-07-23,37,2016-08-13,2023-01-01,True,19_Bakery,university,6,34.0,food_festival,1.088235294117647
19,Bakery,2023-10-01,55,2016-08-13,2023-01-01,True,19_Bakery,university,6,33.0,sports,1.6666666666666667
19,Bakery,2024-02-04,31,2016-08-13,2023-01-01,True,19_Bakery,university,6,36.0,market,0.8611111111111112
19,Bakery,2024-03-03,92,2016-08-13,2023-01-01,True,19_Bakery,university,6,36.0,concert,2.5555555555555554
19,Bakery,2024-05-26,37,2016-08-13,2023-01-01,True,19_Bakery,university,6,36.0,book_fair,1.0277777777777777
19,Bakery,2024-07-07,47,2016-08-13,2023-01-01,True,19_Bakery,university,6,35.0,concert,1.3428571428571427
19,Bakery,2024-08-18,45,2016-08-13,2023-01-01,True,19_Bakery,university,6,34.0,sports,1.3235294117647058
19,Chocolate & Milk,2023-02-20,27,2016-08-13,2023-01-01,True,19_Chocolate-Milk,university,0,20.0,market,1.35
19,Chocolate & Milk,2023-05-01,31,2016-08-13,2023-01-01,True,19_Chocolate-Milk,university,0,20.0,food_festival,1.55
19,Chocolate & Milk,2023-07-31,33,2016-08-13,2023-01-01,True,19_Chocolate-Milk,university,0,16.5,convention,2.0
19,Chocolate & Milk,2023-12-11,61,2016-08-13,2023-01-01,True,19_Chocolate-Milk,university,0,17.0,convention,3.0
19,Chocolate & Milk,2024-01-29,26,2016-08-13,2023-01-01,True,19_Chocolate-Milk,university,0,19.0,sports,1.368421052631579
19,Chocolate & Milk,2024-02-26,27,2016-08-13,2023-01-01,True,19_Chocolate-Milk,university,0,19.5,book_fair,1.3846153846153846
19,Chocolate & Milk,2024-04-15,94,2016-08-13,2023-01-01,True,19_Chocolate-Milk,university,0,20.0,concert,3.0
19,Chocolate & Milk,2024-04-22,27,2016-08-13,2023-01-01,True,19_Chocolate-Milk,university,0,20.0,food_festival,1.35
19,Chocolate & Milk,2023-03-14,44,2016-08-13,2023-01-01,True,19_Chocolate-Milk,university,1,25.0,convention,1.76
19,Chocolate & Milk,2023-03-28,40,2016-08-13,2023-01-01,True,19_Chocolate-Milk,university,1,25.0,cultural,1.6
19,Chocolate & Milk,2023-07-04,25,2016-08-13,2023-01-01,True,19_Chocolate-Milk,university,1,22.0,cultural,1.1363636363636365
19,Chocolate & Milk,2023-07-18,20,2016-08-13,2023-01-01,True,19_Chocolate-Milk,university,1,22.0,cultural,0.9090909090909091
19,Chocolate & Milk,2023-09-05,39,2016-08-13,2023-01-01,True,19_Chocolate-Milk,university,1,20.0,concert,1.95
19,Chocolate & Milk,2023-10-10,36,2016-08-13,2023-01-01,True,19_Chocolate-Milk,university,1,20.0,book_fair,1.8
19,Chocolate & Milk,2023-10-17,37,2016-08-13,2023-01-01,True,19_Chocolate-Milk,university,1,20.0,concert,1.85
19,Chocolate & Milk,2023-11-14,41,2016-08-13,2023-01-01,True,19_Chocolate-Milk,university,1,21.0,cultural,1.9523809523809523
19,Chocolate & Milk,2023-12-12,38,2016-08-13,2023-01-01,True,19_Chocolate-Milk,university,1,21.0,sports,1.8095238095238095
19,Chocolate & Milk,2023-12-26,45,2016-08-13,2023-01-01,True,19_Chocolate-Milk,university,1,21.0,concert,2.142857142857143
19,Chocolate & Milk,2024-04-30,58,2016-08-13,2023-01-01,True,19_Chocolate-Milk,university,1,22.0,food_festival,2.6363636363636362
19,Chocolate & Milk,2023-05-10,23,2016-08-13,2023-01-01,True,19_Chocolate-Milk,university,2,20.5,book_fair,1.1219512195121952
19,Chocolate & Milk,2023-05-24,46,2016-08-13,2023-01-01,True,19_Chocolate-Milk,university,2,20.5,music_festival,2.2439024390243905
19,Chocolate & Milk,2023-09-20,22,2016-08-13,2023-01-01,True,19_Chocolate-Milk,university,2,19.0,food_festival,1.1578947368421053
19,Chocolate & Milk,2023-10-11,26,2016-08-13,2023-01-01,True,19_Chocolate-Milk,university,2,19.0,cultural,1.368421052631579
19,Chocolate & Milk,2023-10-18,38,2016-08-13,2023-01-01,True,19_Chocolate-Milk,university,2,19.0,food_festival,2.0
19,Chocolate & Milk,2024-03-06,37,2016-08-13,2023-01-01,True,19_Chocolate-Milk,university,2,19.0,market,1.9473684210526316
19,Chocolate & Milk,2024-03-20,29,2016-08-13,2023-01-01,True,19_Chocolate-Milk,university,2,19.0,concert,1.5263157894736843
19,Chocolate & Milk,2024-04-03,55,2016-08-13,2023-01-01,True,19_Chocolate-Milk,university,2,19.0,food_festival,2.8947368421052633
19,Chocolate & Milk,2024-06-12,36,2016-08-13,2023-01-01,True,19_Chocolate-Milk,university,2,19.0,music_festival,1.894736842105263
19,Chocolate & Milk,2024-09-04,24,2016-08-13,2023-01-01,True,19_Chocolate-Milk,university,2,19.0,book_fair,1.263157894736842
19,Chocolate & Milk,2024-10-02,27,2016-08-13,2023-01-01,True,19_Chocolate-Milk,university,2,19.0,food_festival,1.4210526315789473
19,Chocolate & Milk,2023-02-16,64,2016-08-13,2023-01-01,True,19_Chocolate-Milk,university,3,19.0,food_festival,3.0
19,Chocolate & Milk,2023-03-02,28,2016-08-13,2023-01-01,True,19_Chocolate-Milk,university,3,19.0,market,1.4736842105263157
19,Chocolate & Milk,2023-05-18,34,2016-08-13,2023-01-01,True,19_Chocolate-Milk,university,3,20.0,cultural,1.7
19,Chocolate & Milk,2023-06-01,30,2016-08-13,2023-01-01,True,19_Chocolate-Milk,university,3,20.0,concert,1.5
19,Chocolate & Milk,2023-10-05,41,2016-08-13,2023-01-01,True,19_Chocolate-Milk,university,3,18.0,sports,2.2777777777777777
19,Chocolate & Milk,2023-11-09,37,2016-08-13,2023-01-01,True,19_Chocolate-Milk,university,3,18.5,sports,2.0
19,Chocolate & Milk,2023-12-28,27,2016-08-13,2023-01-01,True,19_Chocolate-Milk,university,3,20.0,cultural,1.35
19,Chocolate & Milk,2024-02-01,22,2016-08-13,2023-01-01,True,19_Chocolate-Milk,university,3,20.5,sports,1.0731707317073171
19,Chocolate & Milk,2024-03-21,29,2016-08-13,2023-01-01,True,19_Chocolate-Milk,university,3,21.0,convention,1.380952380952381
19,Chocolate & Milk,2024-08-15,36,2016-08-13,2023-01-01,True,19_Chocolate-Milk,university,3,20.0,sports,1.8
19,Chocolate & Milk,2024-10-17,38,2016-08-13,2023-01-01,True,19_Chocolate-Milk,university,3,20.0,food_festival,1.9
19,Chocolate & Milk,2023-01-20,42,2016-08-13,2023-01-01,True,19_Chocolate-Milk,university,4,20.0,sports,2.1
19,Chocolate & Milk,2023-03-17,39,2016-08-13,2023-01-01,True,19_Chocolate-Milk,university,4,23.5,convention,1.6595744680851063
19,Chocolate & Milk,2023-04-21,43,2016-08-13,2023-01-01,True,19_Chocolate-Milk,university,4,24.0,food_festival,1.7916666666666667
19,Chocolate & Milk,2023-06-02,29,2016-08-13,2023-01-01,True,19_Chocolate-Milk,university,4,24.0,food_festival,1.2083333333333333
19,Chocolate & Milk,2023-06-23,29,2016-08-13,2023-01-01,True,19_Chocolate-Milk,university,4,24.0,concert,1.2083333333333333
19,Chocolate & Milk,2023-07-28,37,2016-08-13,2023-01-01,True,19_Chocolate-Milk,university,4,23.0,concert,1.608695652173913
19,Chocolate & Milk,2023-12-15,92,2016-08-13,2023-01-01,True,19_Chocolate-Milk,university,4,20.0,music_festival,3.0
19,Chocolate & Milk,2024-01-12,19,2016-08-13,2023-01-01,True,19_Chocolate-Milk,university,4,19.0,convention,1.0
19,Chocolate & Milk,2024-01-26,41,2016-08-13,2023-01-01,True,19_Chocolate-Milk,university,4,19.0,food_festival,2.1578947368421053
19,Chocolate & Milk,2024-06-21,24,2016-08-13,2023-01-01,True,19_Chocolate-Milk,university,4,20.0,sports,1.2
19,Chocolate & Milk,2023-02-04,43,2016-08-13,2023-01-01,True,19_Chocolate-Milk,university,5,21.0,cultural,2.0476190476190474
19,Chocolate & Milk,2023-02-11,27,2016-08-13,2023-01-01,True,19_Chocolate-Milk,university,5,22.0,sports,1.2272727272727273
19,Chocolate & Milk,2023-03-04,31,2016-08-13,2023-01-01,True,19_Chocolate-Milk,university,5,21.0,market,1.4761904761904763
19,Chocolate & Milk,2023-10-07,19,2016-08-13,2023-01-01,True,19_Chocolate-Milk,university,5,19.0,food_festival,1.0
19,Chocolate & Milk,2023-10-21,21,2016-08-13,2023-01-01,True,19_Chocolate-Milk,university,5,19.0,book_fair,1.105263157894737
19,Chocolate & Milk,2023-11-04,21,2016-08-13,2023-01-01,True,19_Chocolate-Milk,university,5,19.0,convention,1.105263157894737
19,Chocolate & Milk,2023-11-11,29,2016-08-13,2023-01-01,True,19_Chocolate-Milk,university,5,19.0,market,1.5263157894736843
19,Chocolate & Milk,2023-12-02,24,2016-08-13,2023-01-01,True,19_Chocolate-Milk,university,5,19.0,cultural,1.263157894736842
19,Chocolate & Milk,2023-12-16,52,2016-08-13,2023-01-01,True,19_Chocolate-Milk,university,5,19.0,cultural,2.736842105263158
19,Chocolate & Milk,2023-12-30,39,2016-08-13,2023-01-01,True,19_Chocolate-Milk,university,5,19.0,market,2.0526315789473686
19,Chocolate & Milk,2024-07-13,16,2016-08-13,2023-01-01,True,19_Chocolate-Milk,university,5,19.0,market,0.8421052631578947
19,Chocolate & Milk,2024-09-21,15,2016-08-13,2023-01-01,True,19_Chocolate-Milk,university,5,19.0,market,0.7894736842105263
19,Chocolate & Milk,2024-10-05,17,2016-08-13,2023-01-01,True,19_Chocolate-Milk,university,5,19.0,cultural,0.8947368421052632
19,Chocolate & Milk,2023-05-07,29,2016-08-13,2023-01-01,True,19_Chocolate-Milk,university,6,21.0,concert,1.380952380952381
19,Chocolate & Milk,2023-05-07,29,2016-08-13,2023-01-01,True,19_Chocolate-Milk,university,6,21.0,market,1.380952380952381
19,Chocolate & Milk,2023-07-23,31,2016-08-13,2023-01-01,True,19_Chocolate-Milk,university,6,19.0,food_festival,1.631578947368421
19,Chocolate & Milk,2023-10-01,28,2016-08-13,2023-01-01,True,19_Chocolate-Milk,university,6,19.0,sports,1.4736842105263157
19,Chocolate & Milk,2024-02-04,17,2016-08-13,2023-01-01,True,19_Chocolate-Milk,university,6,19.0,market,0.8947368421052632
19,Chocolate & Milk,2024-03-03,37,2016-08-13,2023-01-01,True,19_Chocolate-Milk,university,6,19.0,concert,1.9473684210526316
19,Chocolate & Milk,2024-05-26,14,2016-08-13,2023-01-01,True,19_Chocolate-Milk,university,6,20.0,book_fair,0.7
19,Chocolate & Milk,2024-07-07,19,2016-08-13,2023-01-01,True,19_Chocolate-Milk,university,6,19.0,concert,1.0
19,Chocolate & Milk,2024-08-18,28,2016-08-13,2023-01-01,True,19_Chocolate-Milk,university,6,19.0,sports,1.4736842105263157
19,Coffee,2023-02-20,218,2016-08-13,2023-01-01,True,19_Coffee,university,0,161.0,market,1.3540372670807452
19,Coffee,2023-05-01,337,2016-08-13,2023-01-01,True,19_Coffee,university,0,163.0,food_festival,2.067484662576687
19,Coffee,2023-07-31,164,2016-08-13,2023-01-01,True,19_Coffee,university,0,148.5,convention,1.1043771043771045
19,Coffee,2023-12-11,372,2016-08-13,2023-01-01,True,19_Coffee,university,0,130.0,convention,2.8615384615384616
19,Coffee,2024-01-29,190,2016-08-13,2023-01-01,True,19_Coffee,university,0,144.0,sports,1.3194444444444444
19,Coffee,2024-02-26,110,2016-08-13,2023-01-01,True,19_Coffee,university,0,144.0,book_fair,0.7638888888888888
19,Coffee,2024-04-15,793,2016-08-13,2023-01-01,True,19_Coffee,university,0,145.0,concert,3.0
19,Coffee,2024-04-22,277,2016-08-13,2023-01-01,True,19_Coffee,university,0,145.0,food_festival,1.910344827586207
19,Coffee,2023-03-14,174,2016-08-13,2023-01-01,True,19_Coffee,university,1,195.5,convention,0.8900255754475703
19,Coffee,2023-03-28,234,2016-08-13,2023-01-01,True,19_Coffee,university,1,181.0,cultural,1.292817679558011
19,Coffee,2023-07-04,212,2016-08-13,2023-01-01,True,19_Coffee,university,1,154.5,cultural,1.372168284789644
19,Coffee,2023-07-18,132,2016-08-13,2023-01-01,True,19_Coffee,university,1,154.5,cultural,0.8543689320388349
19,Coffee,2023-09-05,271,2016-08-13,2023-01-01,True,19_Coffee,university,1,137.0,concert,1.9781021897810218
19,Coffee,2023-10-10,221,2016-08-13,2023-01-01,True,19_Coffee,university,1,133.0,book_fair,1.6616541353383458
19,Coffee,2023-10-17,277,2016-08-13,2023-01-01,True,19_Coffee,university,1,134.0,concert,2.0671641791044775
19,Coffee,2023-11-14,228,2016-08-13,2023-01-01,True,19_Coffee,university,1,137.0,cultural,1.6642335766423357
19,Coffee,2023-12-12,268,2016-08-13,2023-01-01,True,19_Coffee,university,1,137.0,sports,1.9562043795620438
19,Coffee,2023-12-26,366,2016-08-13,2023-01-01,True,19_Coffee,university,1,142.0,concert,2.5774647887323945
19,Coffee,2024-04-30,416,2016-08-13,2023-01-01,True,19_Coffee,university,1,145.0,food_festival,2.8689655172413793
19,Coffee,2023-05-10,178,2016-08-13,2023-01-01,True,19_Coffee,university,2,139.5,book_fair,1.2759856630824373
19,Coffee,2023-05-24,244,2016-08-13,2023-01-01,True,19_Coffee,university,2,143.0,music_festival,1.7062937062937062
19,Coffee,2023-09-20,231,2016-08-13,2023-01-01,True,19_Coffee,university,2,135.0,food_festival,1.711111111111111
19,Coffee,2023-10-11,166,2016-08-13,2023-01-01,True,19_Coffee,university,2,130.5,cultural,1.2720306513409962
19,Coffee,2023-10-18,322,2016-08-13,2023-01-01,True,19_Coffee,university,2,135.0,food_festival,2.3851851851851853
19,Coffee,2024-03-06,159,2016-08-13,2023-01-01,True,19_Coffee,university,2,137.0,market,1.1605839416058394
19,Coffee,2024-03-20,352,2016-08-13,2023-01-01,True,19_Coffee,university,2,137.0,concert,2.5693430656934306
19,Coffee,2024-04-03,376,2016-08-13,2023-01-01,True,19_Coffee,university,2,137.0,food_festival,2.7445255474452557
19,Coffee,2024-06-12,266,2016-08-13,2023-01-01,True,19_Coffee,university,2,142.0,music_festival,1.8732394366197183
19,Coffee,2024-09-04,197,2016-08-13,2023-01-01,True,19_Coffee,university,2,139.0,book_fair,1.4172661870503598
19,Coffee,2024-10-02,178,2016-08-13,2023-01-01,True,19_Coffee,university,2,137.0,food_festival,1.2992700729927007
19,Coffee,2023-02-16,334,2016-08-13,2023-01-01,True,19_Coffee,university,3,148.0,food_festival,2.2567567567567566
19,Coffee,2023-03-02,158,2016-08-13,2023-01-01,True,19_Coffee,university,3,148.0,market,1.0675675675675675
19,Coffee,2023-05-18,190,2016-08-13,2023-01-01,True,19_Coffee,university,3,156.0,cultural,1.2179487179487178
19,Coffee,2023-06-01,186,2016-08-13,2023-01-01,True,19_Coffee,university,3,156.0,concert,1.1923076923076923
19,Coffee,2023-10-05,234,2016-08-13,2023-01-01,True,19_Coffee,university,3,120.0,sports,1.95
19,Coffee,2023-11-09,241,2016-08-13,2023-01-01,True,19_Coffee,university,3,119.5,sports,2.01673640167364
19,Coffee,2023-12-28,168,2016-08-13,2023-01-01,True,19_Coffee,university,3,137.0,cultural,1.2262773722627738
19,Coffee,2024-02-01,178,2016-08-13,2023-01-01,True,19_Coffee,university,3,142.5,sports,1.249122807017544
19,Coffee,2024-03-21,252,2016-08-13,2023-01-01,True,19_Coffee,university,3,143.0,convention,1.7622377622377623
19,Coffee,2024-08-15,271,2016-08-13,2023-01-01,True,19_Coffee,university,3,136.0,sports,1.9926470588235294
19,Coffee,2024-10-17,337,2016-08-13,2023-01-01,True,19_Coffee,university,3,129.0,food_festival,2.612403100775194
19,Coffee,2023-01-20,299,2016-08-13,2023-01-01,True,19_Coffee,university,4,156.0,sports,1.9166666666666667
19,Coffee,2023-03-17,198,2016-08-13,2023-01-01,True,19_Coffee,university,4,176.5,convention,1.1218130311614731
19,Coffee,2023-04-21,386,2016-08-13,2023-01-01,True,19_Coffee,university,4,187.0,food_festival,2.064171122994652
19,Coffee,2023-06-02,145,2016-08-13,2023-01-01,True,19_Coffee,university,4,173.0,food_festival,0.838150289017341
19,Coffee,2023-06-23,172,2016-08-13,2023-01-01,True,19_Coffee,university,4,160.0,concert,1.075
19,Coffee,2023-07-28,226,2016-08-13,2023-01-01,True,19_Coffee,university,4,157.0,concert,1.4394904458598725
19,Coffee,2023-12-15,540,2016-08-13,2023-01-01,True,19_Coffee,university,4,130.0,music_festival,3.0
19,Coffee,2024-01-12,192,2016-08-13,2023-01-01,True,19_Coffee,university,4,130.0,convention,1.476923076923077
19,Coffee,2024-01-26,308,2016-08-13,2023-01-01,True,19_Coffee,university,4,131.0,food_festival,2.351145038167939
19,Coffee,2024-06-21,150,2016-08-13,2023-01-01,True,19_Coffee,university,4,137.5,sports,1.0909090909090908
19,Coffee,2023-02-04,191,2016-08-13,2023-01-01,True,19_Coffee,university,5,122.5,cultural,1.5591836734693878
19,Coffee,2023-02-11,177,2016-08-13,2023-01-01,True,19_Coffee,university,5,132.0,sports,1.3409090909090908
19,Coffee,2023-03-04,263,2016-08-13,2023-01-01,True,19_Coffee,university,5,122.5,market,2.146938775510204
19,Coffee,2023-10-07,231,2016-08-13,2023-01-01,True,19_Coffee,university,5,118.0,food_festival,1.9576271186440677
19,Coffee,2023-10-21,164,2016-08-13,2023-01-01,True,19_Coffee,university,5,118.0,book_fair,1.3898305084745763
19,Coffee,2023-11-04,179,2016-08-13,2023-01-01,True,19_Coffee,university,5,122.0,convention,1.4672131147540983
19,Coffee,2023-11-11,227,2016-08-13,2023-01-01,True,19_Coffee,university,5,123.0,market,1.8455284552845528
19,Coffee,2023-12-02,225,2016-08-13,2023-01-01,True,19_Coffee,university,5,124.0,cultural,1.814516129032258
19,Coffee,2023-12-16,261,2016-08-13,2023-01-01,True,19_Coffee,university,5,124.0,cultural,2.1048387096774195
19,Coffee,2023-12-30,248,2016-08-13,2023-01-01,True,19_Coffee,university,5,132.0,market,1.878787878787879
19,Coffee,2024-07-13,184,2016-08-13,2023-01-01,True,19_Coffee,university,5,133.0,market,1.3834586466165413
19,Coffee,2024-09-21,128,2016-08-13,2023-01-01,True,19_Coffee,university,5,132.0,market,0.9696969696969697
19,Coffee,2024-10-05,130,2016-08-13,2023-01-01,True,19_Coffee,university,5,128.0,cultural,1.015625
19,Coffee,2023-05-07,225,2016-08-13,2023-01-01,True,19_Coffee,university,6,147.0,concert,1.530612244897959
19,Coffee,2023-05-07,225,2016-08-13,2023-01-01,True,19_Coffee,university,6,147.0,market,1.530612244897959
19,Coffee,2023-07-23,169,2016-08-13,2023-01-01,True,19_Coffee,university,6,132.0,food_festival,1.2803030303030303
19,Coffee,2023-10-01,266,2016-08-13,2023-01-01,True,19_Coffee,university,6,125.0,sports,2.128
19,Coffee,2024-02-04,108,2016-08-13,2023-01-01,True,19_Coffee,university,6,133.0,market,0.8120300751879699
19,Coffee,2024-03-03,303,2016-08-13,2023-01-01,True,19_Coffee,university,6,133.0,concert,2.2781954887218046
19,Coffee,2024-05-26,189,2016-08-13,2023-01-01,True,19_Coffee,university,6,134.0,book_fair,1.4104477611940298
19,Coffee,2024-07-07,189,2016-08-13,2023-01-01,True,19_Coffee,university,6,134.0,concert,1.4104477611940298
19,Coffee,2024-08-18,185,2016-08-13,2023-01-01,True,19_Coffee,university,6,133.0,sports,1.3909774436090225
19,Juice & Smoothie,2023-02-20,16,2016-08-13,2023-01-01,True,19_Juice-Smoothie,university,0,11.0,market,1.4545454545454546
19,Juice & Smoothie,2023-05-01,34,2016-08-13,2023-01-01,True,19_Juice-Smoothie,university,0,14.0,food_festival,2.4285714285714284
19,Juice & Smoothie,2023-07-31,25,2016-08-13,2023-01-01,True,19_Juice-Smoothie,university,0,11.0,convention,2.272727272727273
19,Juice & Smoothie,2023-12-11,36,2016-08-13,2023-01-01,True,19_Juice-Smoothie,university,0,11.0,convention,3.0
19,Juice & Smoothie,2024-01-29,24,2016-08-13,2023-01-01,True,19_Juice-Smoothie,university,0,11.0,sports,2.1818181818181817
19,Juice & Smoothie,2024-02-26,24,2016-08-13,2023-01-01,True,19_Juice-Smoothie,university,0,11.0,book_fair,2.1818181818181817
19,Juice & Smoothie,2024-04-15,83,2016-08-13,2023-01-01,True,19_Juice-Smoothie,university,0,12.0,concert,3.0
19,Juice & Smoothie,2024-04-22,27,2016-08-13,2023-01-01,True,19_Juice-Smoothie,university,0,12.0,food_festival,2.25
19,Juice & Smoothie,2023-03-14,15,2016-08-13,2023-01-01,True,19_Juice-Smoothie,university,1,14.0,convention,1.0714285714285714
19,Juice & Smoothie,2023-03-28,22,2016-08-13,2023-01-01,True,19_Juice-Smoothie,university,1,14.0,cultural,1.5714285714285714
19,Juice & Smoothie,2023-07-04,13,2016-08-13,2023-01-01,True,19_Juice-Smoothie,university,1,12.5,cultural,1.04
19,Juice & Smoothie,2023-07-18,8,2016-08-13,2023-01-01,True,19_Juice-Smoothie,university,1,12.5,cultural,0.64
19,Juice & Smoothie,2023-09-05,36,2016-08-13,2023-01-01,True,19_Juice-Smoothie,university,1,11.0,concert,3.0
19,Juice & Smoothie,2023-10-10,25,2016-08-13,2023-01-01,True,19_Juice-Smoothie,university,1,10.0,book_fair,2.5
19,Juice & Smoothie,2023-10-17,11,2016-08-13,2023-01-01,True,19_Juice-Smoothie,university,1,10.0,concert,1.1
19,Juice & Smoothie,2023-11-14,13,2016-08-13,2023-01-01,True,19_Juice-Smoothie,university,1,11.0,cultural,1.1818181818181819
19,Juice & Smoothie,2023-12-12,15,2016-08-13,2023-01-01,True,19_Juice-Smoothie,university,1,13.0,sports,1.1538461538461537
19,Juice & Smoothie,2023-12-26,37,2016-08-13,2023-01-01,True,19_Juice-Smoothie,university,1,13.0,concert,2.8461538461538463
19,Juice & Smoothie,2024-04-30,34,2016-08-13,2023-01-01,True,19_Juice-Smoothie,university,1,12.0,food_festival,2.8333333333333335
19,Juice & Smoothie,2023-05-10,13,2016-08-13,2023-01-01,True,19_Juice-Smoothie,university,2,12.0,book_fair,1.0833333333333333
19,Juice & Smoothie,2023-05-24,15,2016-08-13,2023-01-01,True,19_Juice-Smoothie,university,2,12.0,music_festival,1.25
19,Juice & Smoothie,2023-09-20,21,2016-08-13,2023-01-01,True,19_Juice-Smoothie,university,2,11.0,food_festival,1.9090909090909092
19,Juice & Smoothie,2023-10-11,20,2016-08-13,2023-01-01,True,19_Juice-Smoothie,university,2,11.0,cultural,1.8181818181818181
19,Juice & Smoothie,2023-10-18,19,2016-08-13,2023-01-01,True,19_Juice-Smoothie,university,2,11.0,food_festival,1.7272727272727273
19,Juice & Smoothie,2024-03-06,24,2016-08-13,2023-01-01,True,19_Juice-Smoothie,university,2,12.0,market,2.0
19,Juice & Smoothie,2024-03-20,24,2016-08-13,2023-01-01,True,19_Juice-Smoothie,university,2,13.0,concert,1.8461538461538463
19,Juice & Smoothie,2024-04-03,32,2016-08-13,2023-01-01,True,19_Juice-Smoothie,university,2,13.0,food_festival,2.4615384615384617
19,Juice & Smoothie,2024-06-12,18,2016-08-13,2023-01-01,True,19_Juice-Smoothie,university,2,14.0,music_festival,1.2857142857142858
19,Juice & Smoothie,2024-09-04,3,2016-08-13,2023-01-01,True,19_Juice-Smoothie,university,2,14.0,book_fair,0.25
19,Juice & Smoothie,2024-10-02,21,2016-08-13,2023-01-01,True,19_Juice-Smoothie,university,2,13.0,food_festival,1.6153846153846154
19,Juice & Smoothie,2023-02-16,33,2016-08-13,2023-01-01,True,19_Juice-Smoothie,university,3,16.5,food_festival,2.0
19,Juice & Smoothie,2023-03-02,6,2016-08-13,2023-01-01,True,19_Juice-Smoothie,university,3,17.5,market,0.34285714285714286
19,Juice & Smoothie,2023-05-18,16,2016-08-13,2023-01-01,True,19_Juice-Smoothie,university,3,16.0,cultural,1.0
19,Juice & Smoothie,2023-06-01,16,2016-08-13,2023-01-01,True,19_Juice-Smoothie,university,3,16.0,concert,1.0
19,Juice & Smoothie,2023-10-05,28,2016-08-13,2023-01-01,True,19_Juice-Smoothie,university,3,14.0,sports,2.0
19,Juice & Smoothie,2023-11-09,24,2016-08-13,2023-01-01,True,19_Juice-Smoothie,university,3,13.0,sports,1.8461538461538463
19,Juice & Smoothie,2023-12-28,11,2016-08-13,2023-01-01,True,19_Juice-Smoothie,university,3,13.0,cultural,0.8461538461538461
19,Juice & Smoothie,2024-02-01,7,2016-08-13,2023-01-01,True,19_Juice-Smoothie,university,3,12.0,sports,0.5833333333333334
19,Juice & Smoothie,2024-03-21,12,2016-08-13,2023-01-01,True,19_Juice-Smoothie,university,3,12.0,convention,1.0
19,Juice & Smoothie,2024-08-15,26,2016-08-13,2023-01-01,True,19_Juice-Smoothie,university,3,11.5,sports,2.260869565217391
19,Juice & Smoothie,2024-10-17,48,2016-08-13,2023-01-01,True,19_Juice-Smoothie,university,3,12.0,food_festival,3.0
19,Juice & Smoothie,2023-01-20,22,2016-08-13,2023-01-01,True,19_Juice-Smoothie,university,4,12.0,sports,1.8333333333333333
19,Juice & Smoothie,2023-03-17,15,2016-08-13,2023-01-01,True,19_Juice-Smoothie,university,4,13.0,convention,1.1538461538461537
19,Juice & Smoothie,2023-04-21,47,2016-08-13,2023-01-01,True,19_Juice-Smoothie,university,4,16.0,food_festival,2.9375
19,Juice & Smoothie,2023-06-02,16,2016-08-13,2023-01-01,True,19_Juice-Smoothie,university,4,15.0,food_festival,1.0666666666666667
19,Juice & Smoothie,2023-06-23,12,2016-08-13,2023-01-01,True,19_Juice-Smoothie,university,4,14.0,concert,0.8571428571428571
19,Juice & Smoothie,2023-07-28,18,2016-08-13,2023-01-01,True,19_Juice-Smoothie,university,4,13.0,concert,1.3846153846153846
19,Juice & Smoothie,2023-12-15,41,2016-08-13,2023-01-01,True,19_Juice-Smoothie,university,4,13.0,music_festival,3.0
19,Juice & Smoothie,2024-01-12,20,2016-08-13,2023-01-01,True,19_Juice-Smoothie,university,4,13.0,convention,1.5384615384615385
19,Juice & Smoothie,2024-01-26,26,2016-08-13,2023-01-01,True,19_Juice-Smoothie,university,4,13.0,food_festival,2.0
19,Juice & Smoothie,2024-06-21,10,2016-08-13,2023-01-01,True,19_Juice-Smoothie,university,4,13.0,sports,0.7692307692307693
19,Juice & Smoothie,2023-02-04,13,2016-08-13,2023-01-01,True,19_Juice-Smoothie,university,5,7.5,cultural,1.7333333333333334
19,Juice & Smoothie,2023-02-11,32,2016-08-13,2023-01-01,True,19_Juice-Smoothie,university,5,8.0,sports,3.0
19,Juice & Smoothie,2023-03-04,21,2016-08-13,2023-01-01,True,19_Juice-Smoothie,university,5,8.5,market,2.4705882352941178
19,Juice & Smoothie,2023-10-07,17,2016-08-13,2023-01-01,True,19_Juice-Smoothie,university,5,11.0,food_festival,1.5454545454545454
19,Juice & Smoothie,2023-10-21,21,2016-08-13,2023-01-01,True,19_Juice-Smoothie,university,5,11.0,book_fair,1.9090909090909092
19,Juice & Smoothie,2023-11-04,10,2016-08-13,2023-01-01,True,19_Juice-Smoothie,university,5,12.0,convention,0.8333333333333334
19,Juice & Smoothie,2023-11-11,18,2016-08-13,2023-01-01,True,19_Juice-Smoothie,university,5,11.5,market,1.565217391304348
19,Juice & Smoothie,2023-12-02,17,2016-08-13,2023-01-01,True,19_Juice-Smoothie,university,5,11.0,cultural,1.5454545454545454
19,Juice & Smoothie,2023-12-16,30,2016-08-13,2023-01-01,True,19_Juice-Smoothie,university,5,12.0,cultural,2.5
19,Juice & Smoothie,2023-12-30,17,2016-08-13,2023-01-01,True,19_Juice-Smoothie,university,5,12.0,market,1.4166666666666667
19,Juice & Smoothie,2024-07-13,17,2016-08-13,2023-01-01,True,19_Juice-Smoothie,university,5,12.0,market,1.4166666666666667
19,Juice & Smoothie,2024-09-21,13,2016-08-13,2023-01-01,True,19_Juice-Smoothie,university,5,12.0,market,1.0833333333333333
19,Juice & Smoothie,2024-10-05,15,2016-08-13,2023-01-01,True,19_Juice-Smoothie,university,5,12.0,cultural,1.25
19,Juice & Smoothie,2023-05-07,29,2016-08-13,2023-01-01,True,19_Juice-Smoothie,university,6,12.5,concert,2.32
19,Juice & Smoothie,2023-05-07,29,2016-08-13,2023-01-01,True,19_Juice-Smoothie,university,6,12.5,market,2.32
19,Juice & Smoothie,2023-07-23,25,2016-08-13,2023-01-01,True,19_Juice-Smoothie,university,6,10.0,food_festival,2.5
19,Juice & Smoothie,2023-10-01,28,2016-08-13,2023-01-01,True,19_Juice-Smoothie,university,6,8.0,sports,3.0
19,Juice & Smoothie,2024-02-04,7,2016-08-13,2023-01-01,True,19_Juice-Smoothie,university,6,11.0,market,0.6363636363636364
19,Juice & Smoothie,2024-03-03,25,2016-08-13,2023-01-01,True,19_Juice-Smoothie,university,6,11.0,concert,2.272727272727273
19,Juice & Smoothie,2024-05-26,15,2016-08-13,2023-01-01,True,19_Juice-Smoothie,university,6,11.0,book_fair,1.3636363636363635
19,Juice & Smoothie,2024-07-07,23,2016-08-13,2023-01-01,True,19_Juice-Smoothie,university,6,11.0,concert,2.090909090909091
19,Juice & Smoothie,2024-08-18,26,2016-08-13,2023-01-01,True,19_Juice-Smoothie,university,6,11.0,sports,2.3636363636363638
19,Merchandise,2023-02-20,7,2016-08-13,2023-01-01,True,19_Merchandise,university,0,9.0,market,0.7777777777777778
19,Merchandise,2023-05-01,13,2016-08-13,2023-01-01,True,19_Merchandise,university,0,8.0,food_festival,1.625
19,Merchandise,2023-07-31,8,2016-08-13,2023-01-01,True,19_Merchandise,university,0,7.0,convention,1.1428571428571428
19,Merchandise,2023-12-11,19,2016-08-13,2023-01-01,True,19_Merchandise,university,0,7.0,convention,2.7142857142857144
19,Merchandise,2024-01-29,12,2016-08-13,2023-01-01,True,19_Merchandise,university,0,7.0,sports,1.7142857142857142
19,Merchandise,2024-02-26,5,2016-08-13,2023-01-01,True,19_Merchandise,university,0,7.5,book_fair,0.6666666666666666
19,Merchandise,2024-04-15,43,2016-08-13,2023-01-01,True,19_Merchandise,university,0,7.0,concert,3.0
19,Merchandise,2024-04-22,21,2016-08-13,2023-01-01,True,19_Merchandise,university,0,7.5,food_festival,2.8
19,Merchandise,2023-03-14,5,2016-08-13,2023-01-01,True,19_Merchandise,university,1,7.5,convention,0.6666666666666666
19,Merchandise,2023-03-28,12,2016-08-13,2023-01-01,True,19_Merchandise,university,1,6.5,cultural,1.8461538461538463
19,Merchandise,2023-07-04,13,2016-08-13,2023-01-01,True,19_Merchandise,university,1,6.5,cultural,2.0
19,Merchandise,2023-07-18,5,2016-08-13,2023-01-01,True,19_Merchandise,university,1,6.5,cultural,0.7692307692307693
19,Merchandise,2023-09-05,12,2016-08-13,2023-01-01,True,19_Merchandise,university,1,6.0,concert,2.0
19,Merchandise,2023-10-10,7,2016-08-13,2023-01-01,True,19_Merchandise,university,1,6.0,book_fair,1.1666666666666667
19,Merchandise,2023-10-17,16,2016-08-13,2023-01-01,True,19_Merchandise,university,1,6.0,concert,2.6666666666666665
19,Merchandise,2023-11-14,9,2016-08-13,2023-01-01,True,19_Merchandise,university,1,7.0,cultural,1.2857142857142858
19,Merchandise,2023-12-12,14,2016-08-13,2023-01-01,True,19_Merchandise,university,1,7.0,sports,2.0
19,Merchandise,2023-12-26,10,2016-08-13,2023-01-01,True,19_Merchandise,university,1,7.0,concert,1.4285714285714286
19,Merchandise,2024-04-30,21,2016-08-13,2023-01-01,True,19_Merchandise,university,1,7.0,food_festival,3.0
19,Merchandise,2023-05-10,8,2016-08-13,2023-01-01,True,19_Merchandise,university,2,7.0,book_fair,1.1428571428571428
19,Merchandise,2023-05-24,14,2016-08-13,2023-01-01,True,19_Merchandise,university,2,7.0,music_festival,2.0
19,Merchandise,2023-09-20,13,2016-08-13,2023-01-01,True,19_Merchandise,university,2,7.0,food_festival,1.8571428571428572
19,Merchandise,2023-10-11,10,2016-08-13,2023-01-01,True,19_Merchandise,university,2,7.0,cultural,1.4285714285714286
19,Merchandise,2023-10-18,15,2016-08-13,2023-01-01,True,19_Merchandise,university,2,7.0,food_festival,2.142857142857143
19,Merchandise,2024-03-06,11,2016-08-13,2023-01-01,True,19_Merchandise,university,2,7.0,market,1.5714285714285714
19,Merchandise,2024-03-20,20,2016-08-13,2023-01-01,True,19_Merchandise,university,2,7.0,concert,2.857142857142857
19,Merchandise,2024-04-03,27,2016-08-13,2023-01-01,True,19_Merchandise,university,2,7.0,food_festival,3.0
19,Merchandise,2024-06-12,14,2016-08-13,2023-01-01,True,19_Merchandise,university,2,8.0,music_festival,1.75
19,Merchandise,2024-09-04,10,2016-08-13,2023-01-01,True,19_Merchandise,university,2,8.0,book_fair,1.25
19,Merchandise,2024-10-02,9,2016-08-13,2023-01-01,True,19_Merchandise,university,2,8.0,food_festival,1.125
19,Merchandise,2023-02-16,18,2016-08-13,2023-01-01,True,19_Merchandise,university,3,8.5,food_festival,2.1176470588235294
19,Merchandise,2023-03-02,7,2016-08-13,2023-01-01,True,19_Merchandise,university,3,8.5,market,0.8235294117647058
19,Merchandise,2023-05-18,9,2016-08-13,2023-01-01,True,19_Merchandise,university,3,7.0,cultural,1.2857142857142858
19,Merchandise,2023-06-01,11,2016-08-13,2023-01-01,True,19_Merchandise,university,3,7.0,concert,1.5714285714285714
19,Merchandise,2023-10-05,16,2016-08-13,2023-01-01,True,19_Merchandise,university,3,6.0,sports,2.6666666666666665
19,Merchandise,2023-11-09,15,2016-08-13,2023-01-01,True,19_Merchandise,university,3,7.0,sports,2.142857142857143
19,Merchandise,2023-12-28,4,2016-08-13,2023-01-01,True,19_Merchandise,university,3,7.0,cultural,0.5714285714285714
19,Merchandise,2024-02-01,10,2016-08-13,2023-01-01,True,19_Merchandise,university,3,7.0,sports,1.4285714285714286
19,Merchandise,2024-03-21,13,2016-08-13,2023-01-01,True,19_Merchandise,university,3,7.0,convention,1.8571428571428572
19,Merchandise,2024-08-15,8,2016-08-13,2023-01-01,True,19_Merchandise,university,3,7.0,sports,1.1428571428571428
19,Merchandise,2024-10-17,17,2016-08-13,2023-01-01,True,19_Merchandise,university,3,7.0,food_festival,2.4285714285714284
19,Merchandise,2023-01-20,12,2016-08-13,2023-01-01,True,19_Merchandise,university,4,9.0,sports,1.3333333333333333
19,Merchandise,2023-03-17,15,2016-08-13,2023-01-01,True,19_Merchandise,university,4,7.5,convention,2.0
19,Merchandise,2023-04-21,28,2016-08-13,2023-01-01,True,19_Merchandise,university,4,10.0,food_festival,2.8
19,Merchandise,2023-06-02,14,2016-08-13,2023-01-01,True,19_Merchandise,university,4,9.0,food_festival,1.5555555555555556
19,Merchandise,2023-06-23,6,2016-08-13,2023-01-01,True,19_Merchandise,university,4,9.0,concert,0.6666666666666666
19,Merchandise,2023-07-28,15,2016-08-13,2023-01-01,True,19_Merchandise,university,4,9.0,concert,1.6666666666666667
19,Merchandise,2023-12-15,29,2016-08-13,2023-01-01,True,19_Merchandise,university,4,8.0,music_festival,3.0
19,Merchandise,2024-01-12,7,2016-08-13,2023-01-01,True,19_Merchandise,university,4,8.0,convention,0.875
19,Merchandise,2024-01-26,19,2016-08-13,2023-01-01,True,19_Merchandise,university,4,8.0,food_festival,2.375
19,Merchandise,2024-06-21,9,2016-08-13,2023-01-01,True,19_Merchandise,university,4,8.0,sports,1.125
19,Merchandise,2023-02-04,12,2016-08-13,2023-01-01,True,19_Merchandise,university,5,6.5,cultural,1.8461538461538463
19,Merchandise,2023-02-11,12,2016-08-13,2023-01-01,True,19_Merchandise,university,5,7.0,sports,1.7142857142857142
19,Merchandise,2023-03-04,9,2016-08-13,2023-01-01,True,19_Merchandise,university,5,8.0,market,1.125
19,Merchandise,2023-10-07,9,2016-08-13,2023-01-01,True,19_Merchandise,university,5,7.0,food_festival,1.2857142857142858
19,Merchandise,2023-10-21,13,2016-08-13,2023-01-01,True,19_Merchandise,university,5,7.0,book_fair,1.8571428571428572
19,Merchandise,2023-11-04,8,2016-08-13,2023-01-01,True,19_Merchandise,university,5,7.0,convention,1.1428571428571428
19,Merchandise,2023-11-11,9,2016-08-13,2023-01-01,True,19_Merchandise,university,5,7.0,market,1.2857142857142858
19,Merchandise,2023-12-02,11,2016-08-13,2023-01-01,True,19_Merchandise,university,5,7.0,cultural,1.5714285714285714
19,Merchandise,2023-12-16,26,2016-08-13,2023-01-01,True,19_Merchandise,university,5,7.0,cultural,3.0
19,Merchandise,2023-12-30,10,2016-08-13,2023-01-01,True,19_Merchandise,university,5,7.0,market,1.4285714285714286
19,Merchandise,2024-07-13,10,2016-08-13,2023-01-01,True,19_Merchandise,university,5,7.0,market,1.4285714285714286
19,Merchandise,2024-09-21,5,2016-08-13,2023-01-01,True,19_Merchandise,university,5,7.0,market,0.7142857142857143
19,Merchandise,2024-10-05,7,2016-08-13,2023-01-01,True,19_Merchandise,university,5,7.0,cultural,1.0
19,Merchandise,2023-05-07,12,2016-08-13,2023-01-01,True,19_Merchandise,university,6,9.0,concert,1.3333333333333333
19,Merchandise,2023-05-07,12,2016-08-13,2023-01-01,True,19_Merchandise,university,6,9.0,market,1.3333333333333333
19,Merchandise,2023-07-23,12,2016-08-13,2023-01-01,True,19_Merchandise,university,6,8.0,food_festival,1.5
19,Merchandise,2023-10-01,13,2016-08-13,2023-01-01,True,19_Merchandise,university,6,6.0,sports,2.1666666666666665
19,Merchandise,2024-02-04,3,2016-08-13,2023-01-01,True,19_Merchandise,university,6,7.0,market,0.42857142857142855
19,Merchandise,2024-03-03,22,2016-08-13,2023-01-01,True,19_Merchandise,university,6,7.0,concert,3.0
19,Merchandise,2024-05-26,7,2016-08-13,2023-01-01,True,19_Merchandise,university,6,7.0,book_fair,1.0
19,Merchandise,2024-07-07,5,2016-08-13,2023-01-01,True,19_Merchandise,university,6,7.0,concert,0.7142857142857143
19,Merchandise,2024-08-18,9,2016-08-13,2023-01-01,True,19_Merchandise,university,6,7.0,sports,1.2857142857142858
19,Savory Bakery,2023-02-20,58,2016-08-13,2023-01-01,True,19_Savory-Bakery,university,0,25.0,market,2.32
19,Savory Bakery,2023-05-01,65,2016-08-13,2023-01-01,True,19_Savory-Bakery,university,0,29.0,food_festival,2.2413793103448274
19,Savory Bakery,2023-07-31,41,2016-08-13,2023-01-01,True,19_Savory-Bakery,university,0,24.5,convention,1.6734693877551021
19,Savory Bakery,2023-12-11,70,2016-08-13,2023-01-01,True,19_Savory-Bakery,university,0,24.0,convention,2.9166666666666665
19,Savory Bakery,2024-01-29,38,2016-08-13,2023-01-01,True,19_Savory-Bakery,university,0,25.0,sports,1.52
19,Savory Bakery,2024-02-26,25,2016-08-13,2023-01-01,True,19_Savory-Bakery,university,0,25.5,book_fair,0.9803921568627451
19,Savory Bakery,2024-04-15,185,2016-08-13,2023-01-01,True,19_Savory-Bakery,university,0,26.0,concert,3.0
19,Savory Bakery,2024-04-22,37,2016-08-13,2023-01-01,True,19_Savory-Bakery,university,0,27.5,food_festival,1.3454545454545455
19,Savory Bakery,2023-03-14,47,2016-08-13,2023-01-01,True,19_Savory-Bakery,university,1,38.0,convention,1.236842105263158
19,Savory Bakery,2023-03-28,42,2016-08-13,2023-01-01,True,19_Savory-Bakery,university,1,38.0,cultural,1.105263157894737
19,Savory Bakery,2023-07-04,61,2016-08-13,2023-01-01,True,19_Savory-Bakery,university,1,31.0,cultural,1.967741935483871
19,Savory Bakery,2023-07-18,23,2016-08-13,2023-01-01,True,19_Savory-Bakery,university,1,31.0,cultural,0.7419354838709677
19,Savory Bakery,2023-09-05,55,2016-08-13,2023-01-01,True,19_Savory-Bakery,university,1,29.0,concert,1.896551724137931
19,Savory Bakery,2023-10-10,47,2016-08-13,2023-01-01,True,19_Savory-Bakery,university,1,26.5,book_fair,1.7735849056603774
19,Savory Bakery,2023-10-17,59,2016-08-13,2023-01-01,True,19_Savory-Bakery,university,1,27.0,concert,2.185185185185185
19,Savory Bakery,2023-11-14,46,2016-08-13,2023-01-01,True,19_Savory-Bakery,university,1,29.0,cultural,1.5862068965517242
19,Savory Bakery,2023-12-12,42,2016-08-13,2023-01-01,True,19_Savory-Bakery,university,1,29.0,sports,1.4482758620689655
19,Savory Bakery,2023-12-26,58,2016-08-13,2023-01-01,True,19_Savory-Bakery,university,1,29.0,concert,2.0
19,Savory Bakery,2024-04-30,81,2016-08-13,2023-01-01,True,19_Savory-Bakery,university,1,29.0,food_festival,2.793103448275862
19,Savory Bakery,2023-05-10,42,2016-08-13,2023-01-01,True,19_Savory-Bakery,university,2,32.0,book_fair,1.3125
19,Savory Bakery,2023-05-24,58,2016-08-13,2023-01-01,True,19_Savory-Bakery,university,2,33.5,music_festival,1.7313432835820894
19,Savory Bakery,2023-09-20,46,2016-08-13,2023-01-01,True,19_Savory-Bakery,university,2,27.0,food_festival,1.7037037037037037
19,Savory Bakery,2023-10-11,47,2016-08-13,2023-01-01,True,19_Savory-Bakery,university,2,27.0,cultural,1.7407407407407407
19,Savory Bakery,2023-10-18,46,2016-08-13,2023-01-01,True,19_Savory-Bakery,university,2,27.0,food_festival,1.7037037037037037
19,Savory Bakery,2024-03-06,48,2016-08-13,2023-01-01,True,19_Savory-Bakery,university,2,28.0,market,1.7142857142857142
19,Savory Bakery,2024-03-20,83,2016-08-13,2023-01-01,True,19_Savory-Bakery,university,2,28.0,concert,2.9642857142857144
19,Savory Bakery,2024-04-03,75,2016-08-13,2023-01-01,True,19_Savory-Bakery,university,2,29.0,food_festival,2.586206896551724
19,Savory Bakery,2024-06-12,78,2016-08-13,2023-01-01,True,19_Savory-Bakery,university,2,29.0,music_festival,2.689655172413793
19,Savory Bakery,2024-09-04,27,2016-08-13,2023-01-01,True,19_Savory-Bakery,university,2,28.0,book_fair,0.9642857142857143
19,Savory Bakery,2024-10-02,33,2016-08-13,2023-01-01,True,19_Savory-Bakery,university,2,28.0,food_festival,1.1785714285714286
19,Savory Bakery,2023-02-16,59,2016-08-13,2023-01-01,True,19_Savory-Bakery,university,3,34.0,food_festival,1.7352941176470589
19,Savory Bakery,2023-03-02,38,2016-08-13,2023-01-01,True,19_Savory-Bakery,university,3,34.0,market,1.1176470588235294
19,Savory Bakery,2023-05-18,26,2016-08-13,2023-01-01,True,19_Savory-Bakery,university,3,35.0,cultural,0.7428571428571429
19,Savory Bakery,2023-06-01,38,2016-08-13,2023-01-01,True,19_Savory-Bakery,university,3,33.0,concert,1.1515151515151516
19,Savory Bakery,2023-10-05,55,2016-08-13,2023-01-01,True,19_Savory-Bakery,university,3,26.0,sports,2.1153846153846154
19,Savory Bakery,2023-11-09,46,2016-08-13,2023-01-01,True,19_Savory-Bakery,university,3,25.5,sports,1.803921568627451
19,Savory Bakery,2023-12-28,26,2016-08-13,2023-01-01,True,19_Savory-Bakery,university,3,26.0,cultural,1.0
19,Savory Bakery,2024-02-01,29,2016-08-13,2023-01-01,True,19_Savory-Bakery,university,3,26.0,sports,1.1153846153846154
19,Savory Bakery,2024-03-21,53,2016-08-13,2023-01-01,True,19_Savory-Bakery,university,3,28.0,convention,1.8928571428571428
19,Savory Bakery,2024-08-15,60,2016-08-13,2023-01-01,True,19_Savory-Bakery,university,3,26.0,sports,2.3076923076923075
19,Savory Bakery,2024-10-17,70,2016-08-13,2023-01-01,True,19_Savory-Bakery,university,3,26.0,food_festival,2.6923076923076925
19,Savory Bakery,2023-01-20,54,2016-08-13,2023-01-01,True,19_Savory-Bakery,university,4,32.0,sports,1.6875
19,Savory Bakery,2023-03-17,44,2016-08-13,2023-01-01,True,19_Savory-Bakery,university,4,38.0,convention,1.1578947368421053
19,Savory Bakery,2023-04-21,78,2016-08-13,2023-01-01,True,19_Savory-Bakery,university,4,40.0,food_festival,1.95
19,Savory Bakery,2023-06-02,29,2016-08-13,2023-01-01,True,19_Savory-Bakery,university,4,37.0,food_festival,0.7837837837837838
19,Savory Bakery,2023-06-23,33,2016-08-13,2023-01-01,True,19_Savory-Bakery,university,4,34.5,concert,0.9565217391304348
19,Savory Bakery,2023-07-28,49,2016-08-13,2023-01-01,True,19_Savory-Bakery,university,4,33.0,concert,1.4848484848484849
19,Savory Bakery,2023-12-15,110,2016-08-13,2023-01-01,True,19_Savory-Bakery,university,4,29.0,music_festival,3.0
19,Savory Bakery,2024-01-12,55,2016-08-13,2023-01-01,True,19_Savory-Bakery,university,4,29.0,convention,1.896551724137931
19,Savory Bakery,2024-01-26,66,2016-08-13,2023-01-01,True,19_Savory-Bakery,university,4,30.0,food_festival,2.2
19,Savory Bakery,2024-06-21,28,2016-08-13,2023-01-01,True,19_Savory-Bakery,university,4,29.0,sports,0.9655172413793104
19,Savory Bakery,2023-02-04,38,2016-08-13,2023-01-01,True,19_Savory-Bakery,university,5,23.0,cultural,1.6521739130434783
19,Savory Bakery,2023-02-11,30,2016-08-13,2023-01-01,True,19_Savory-Bakery,university,5,26.0,sports,1.1538461538461537
19,Savory Bakery,2023-03-04,46,2016-08-13,2023-01-01,True,19_Savory-Bakery,university,5,26.5,market,1.7358490566037736
19,Savory Bakery,2023-10-07,41,2016-08-13,2023-01-01,True,19_Savory-Bakery,university,5,24.0,food_festival,1.7083333333333333
19,Savory Bakery,2023-10-21,23,2016-08-13,2023-01-01,True,19_Savory-Bakery,university,5,25.0,book_fair,0.92
19,Savory Bakery,2023-11-04,34,2016-08-13,2023-01-01,True,19_Savory-Bakery,university,5,24.0,convention,1.4166666666666667
19,Savory Bakery,2023-11-11,36,2016-08-13,2023-01-01,True,19_Savory-Bakery,university,5,24.5,market,1.469387755102041
19,Savory Bakery,2023-12-02,53,2016-08-13,2023-01-01,True,19_Savory-Bakery,university,5,25.0,cultural,2.12
19,Savory Bakery,2023-12-16,54,2016-08-13,2023-01-01,True,19_Savory-Bakery,university,5,25.0,cultural,2.16
19,Savory Bakery,2023-12-30,54,2016-08-13,2023-01-01,True,19_Savory-Bakery,university,5,25.0,market,2.16
19,Savory Bakery,2024-07-13,42,2016-08-13,2023-01-01,True,19_Savory-Bakery,university,5,26.0,market,1.6153846153846154
19,Savory Bakery,2024-09-21,40,2016-08-13,2023-01-01,True,19_Savory-Bakery,university,5,25.0,market,1.6
19,Savory Bakery,2024-10-05,27,2016-08-13,2023-01-01,True,19_Savory-Bakery,university,5,25.0,cultural,1.08
19,Savory Bakery,2023-05-07,49,2016-08-13,2023-01-01,True,19_Savory-Bakery,university,6,31.5,concert,1.5555555555555556
19,Savory Bakery,2023-05-07,49,2016-08-13,2023-01-01,True,19_Savory-Bakery,university,6,31.5,market,1.5555555555555556
19,Savory Bakery,2023-07-23,44,2016-08-13,2023-01-01,True,19_Savory-Bakery,university,6,30.0,food_festival,1.4666666666666666
19,Savory Bakery,2023-10-01,54,2016-08-13,2023-01-01,True,19_Savory-Bakery,university,6,28.0,sports,1.9285714285714286
19,Savory Bakery,2024-02-04,23,2016-08-13,2023-01-01,True,19_Savory-Bakery,university,6,30.0,market,0.7666666666666667
19,Savory Bakery,2024-03-03,63,2016-08-13,2023-01-01,True,19_Savory-Bakery,university,6,30.0,concert,2.1
19,Savory Bakery,2024-05-26,24,2016-08-13,2023-01-01,True,19_Savory-Bakery,university,6,30.0,book_fair,0.8
19,Savory Bakery,2024-07-07,46,2016-08-13,2023-01-01,True,19_Savory-Bakery,university,6,28.0,concert,1.6428571428571428
19,Savory Bakery,2024-08-18,36,2016-08-13,2023-01-01,True,19_Savory-Bakery,university,6,29.0,sports,1.2413793103448276
19,Tea,2023-02-20,73,2016-08-13,2023-01-01,True,19_Tea,university,0,50.0,market,1.46
19,Tea,2023-05-01,111,2016-08-13,2023-01-01,True,19_Tea,university,0,49.0,food_festival,2.2653061224489797
19,Tea,2023-07-31,76,2016-08-13,2023-01-01,True,19_Tea,university,0,45.0,convention,1.6888888888888889
19,Tea,2023-12-11,104,2016-08-13,2023-01-01,True,19_Tea,university,0,44.0,convention,2.3636363636363638
19,Tea,2024-01-29,54,2016-08-13,2023-01-01,True,19_Tea,university,0,45.0,sports,1.2
19,Tea,2024-02-26,51,2016-08-13,2023-01-01,True,19_Tea,university,0,45.0,book_fair,1.1333333333333333
19,Tea,2024-04-15,228,2016-08-13,2023-01-01,True,19_Tea,university,0,45.0,concert,3.0
19,Tea,2024-04-22,89,2016-08-13,2023-01-01,True,19_Tea,university,0,45.5,food_festival,1.956043956043956
19,Tea,2023-03-14,65,2016-08-13,2023-01-01,True,19_Tea,university,1,55.0,convention,1.1818181818181819
19,Tea,2023-03-28,76,2016-08-13,2023-01-01,True,19_Tea,university,1,55.0,cultural,1.3818181818181818
19,Tea,2023-07-04,45,2016-08-13,2023-01-01,True,19_Tea,university,1,47.0,cultural,0.9574468085106383
19,Tea,2023-07-18,48,2016-08-13,2023-01-01,True,19_Tea,university,1,46.0,cultural,1.0434782608695652
19,Tea,2023-09-05,72,2016-08-13,2023-01-01,True,19_Tea,university,1,43.0,concert,1.6744186046511629
19,Tea,2023-10-10,60,2016-08-13,2023-01-01,True,19_Tea,university,1,43.0,book_fair,1.3953488372093024
19,Tea,2023-10-17,104,2016-08-13,2023-01-01,True,19_Tea,university,1,43.0,concert,2.4186046511627906
19,Tea,2023-11-14,70,2016-08-13,2023-01-01,True,19_Tea,university,1,43.0,cultural,1.627906976744186
19,Tea,2023-12-12,83,2016-08-13,2023-01-01,True,19_Tea,university,1,45.0,sports,1.8444444444444446
19,Tea,2023-12-26,106,2016-08-13,2023-01-01,True,19_Tea,university,1,45.0,concert,2.3555555555555556
19,Tea,2024-04-30,131,2016-08-13,2023-01-01,True,19_Tea,university,1,46.0,food_festival,2.847826086956522
19,Tea,2023-05-10,67,2016-08-13,2023-01-01,True,19_Tea,university,2,47.0,book_fair,1.425531914893617
19,Tea,2023-05-24,93,2016-08-13,2023-01-01,True,19_Tea,university,2,47.0,music_festival,1.9787234042553192
19,Tea,2023-09-20,62,2016-08-13,2023-01-01,True,19_Tea,university,2,42.0,food_festival,1.4761904761904763
19,Tea,2023-10-11,54,2016-08-13,2023-01-01,True,19_Tea,university,2,42.0,cultural,1.2857142857142858
19,Tea,2023-10-18,94,2016-08-13,2023-01-01,True,19_Tea,university,2,42.0,food_festival,2.238095238095238
19,Tea,2024-03-06,64,2016-08-13,2023-01-01,True,19_Tea,university,2,43.0,market,1.4883720930232558
19,Tea,2024-03-20,77,2016-08-13,2023-01-01,True,19_Tea,university,2,43.0,concert,1.7906976744186047
19,Tea,2024-04-03,103,2016-08-13,2023-01-01,True,19_Tea,university,2,43.0,food_festival,2.395348837209302
19,Tea,2024-06-12,63,2016-08-13,2023-01-01,True,19_Tea,university,2,44.0,music_festival,1.4318181818181819
19,Tea,2024-09-04,69,2016-08-13,2023-01-01,True,19_Tea,university,2,43.0,book_fair,1.6046511627906976
19,Tea,2024-10-02,46,2016-08-13,2023-01-01,True,19_Tea,university,2,43.0,food_festival,1.069767441860465
19,Tea,2023-02-16,127,2016-08-13,2023-01-01,True,19_Tea,university,3,55.5,food_festival,2.2882882882882885
19,Tea,2023-03-02,55,2016-08-13,2023-01-01,True,19_Tea,university,3,55.5,market,0.990990990990991
19,Tea,2023-05-18,44,2016-08-13,2023-01-01,True,19_Tea,university,3,55.0,cultural,0.8
19,Tea,2023-06-01,61,2016-08-13,2023-01-01,True,19_Tea,university,3,54.0,concert,1.1296296296296295
19,Tea,2023-10-05,76,2016-08-13,2023-01-01,True,19_Tea,university,3,42.0,sports,1.8095238095238095
19,Tea,2023-11-09,69,2016-08-13,2023-01-01,True,19_Tea,university,3,42.0,sports,1.6428571428571428
19,Tea,2023-12-28,54,2016-08-13,2023-01-01,True,19_Tea,university,3,43.0,cultural,1.255813953488372
19,Tea,2024-02-01,52,2016-08-13,2023-01-01,True,19_Tea,university,3,44.5,sports,1.1685393258426966
19,Tea,2024-03-21,92,2016-08-13,2023-01-01,True,19_Tea,university,3,45.0,convention,2.0444444444444443
19,Tea,2024-08-15,69,2016-08-13,2023-01-01,True,19_Tea,university,3,42.0,sports,1.6428571428571428
19,Tea,2024-10-17,79,2016-08-13,2023-01-01,True,19_Tea,university,3,42.0,food_festival,1.880952380952381
19,Tea,2023-01-20,114,2016-08-13,2023-01-01,True,19_Tea,university,4,50.0,sports,2.28
19,Tea,2023-03-17,70,2016-08-13,2023-01-01,True,19_Tea,university,4,50.5,convention,1.386138613861386
19,Tea,2023-04-21,126,2016-08-13,2023-01-01,True,19_Tea,university,4,54.0,food_festival,2.3333333333333335
19,Tea,2023-06-02,44,2016-08-13,2023-01-01,True,19_Tea,university,4,54.0,food_festival,0.8148148148148148
19,Tea,2023-06-23,52,2016-08-13,2023-01-01,True,19_Tea,university,4,53.0,concert,0.9811320754716981
19,Tea,2023-07-28,68,2016-08-13,2023-01-01,True,19_Tea,university,4,49.0,concert,1.3877551020408163
19,Tea,2023-12-15,152,2016-08-13,2023-01-01,True,19_Tea,university,4,46.0,music_festival,3.0
19,Tea,2024-01-12,60,2016-08-13,2023-01-01,True,19_Tea,university,4,47.0,convention,1.2765957446808511
19,Tea,2024-01-26,84,2016-08-13,2023-01-01,True,19_Tea,university,4,48.0,food_festival,1.75
19,Tea,2024-06-21,37,2016-08-13,2023-01-01,True,19_Tea,university,4,45.5,sports,0.8131868131868132
19,Tea,2023-02-04,79,2016-08-13,2023-01-01,True,19_Tea,university,5,37.0,cultural,2.135135135135135
19,Tea,2023-02-11,70,2016-08-13,2023-01-01,True,19_Tea,university,5,39.0,sports,1.794871794871795
19,Tea,2023-03-04,78,2016-08-13,2023-01-01,True,19_Tea,university,5,41.5,market,1.8795180722891567
19,Tea,2023-10-07,68,2016-08-13,2023-01-01,True,19_Tea,university,5,38.0,food_festival,1.7894736842105263
19,Tea,2023-10-21,51,2016-08-13,2023-01-01,True,19_Tea,university,5,39.0,book_fair,1.3076923076923077
19,Tea,2023-11-04,43,2016-08-13,2023-01-01,True,19_Tea,university,5,39.0,convention,1.1025641025641026
19,Tea,2023-11-11,64,2016-08-13,2023-01-01,True,19_Tea,university,5,39.5,market,1.620253164556962
19,Tea,2023-12-02,73,2016-08-13,2023-01-01,True,19_Tea,university,5,40.0,cultural,1.825
19,Tea,2023-12-16,83,2016-08-13,2023-01-01,True,19_Tea,university,5,40.0,cultural,2.075
19,Tea,2023-12-30,59,2016-08-13,2023-01-01,True,19_Tea,university,5,41.0,market,1.4390243902439024
19,Tea,2024-07-13,73,2016-08-13,2023-01-01,True,19_Tea,university,5,43.0,market,1.697674418604651
19,Tea,2024-09-21,36,2016-08-13,2023-01-01,True,19_Tea,university,5,43.0,market,0.8372093023255814
19,Tea,2024-10-05,24,2016-08-13,2023-01-01,True,19_Tea,university,5,42.0,cultural,0.5714285714285714
19,Tea,2023-05-07,82,2016-08-13,2023-01-01,True,19_Tea,university,6,50.0,concert,1.64
19,Tea,2023-05-07,82,2016-08-13,2023-01-01,True,19_Tea,university,6,50.0,market,1.64
19,Tea,2023-07-23,55,2016-08-13,2023-01-01,True,19_Tea,university,6,39.0,food_festival,1.4102564102564104
19,Tea,2023-10-01,90,2016-08-13,2023-01-01,True,19_Tea,university,6,37.0,sports,2.4324324324324325
19,Tea,2024-02-04,29,2016-08-13,2023-01-01,True,19_Tea,university,6,40.0,market,0.725
19,Tea,2024-03-03,87,2016-08-13,2023-01-01,True,19_Tea,university,6,40.0,concert,2.175
19,Tea,2024-05-26,44,2016-08-13,2023-01-01,True,19_Tea,university,6,42.0,book_fair,1.0476190476190477
19,Tea,2024-07-07,56,2016-08-13,2023-01-01,True,19_Tea,university,6,42.0,concert,1.3333333333333333
19,Tea,2024-08-18,98,2016-08-13,2023-01-01,True,19_Tea,university,6,40.0,sports,2.45
20,Bakery,2023-01-16,34,2020-08-03,2023-01-01,True,20_Bakery,transit,0,42.0,sports,0.8095238095238095
20,Bakery,2023-02-06,49,2020-08-03,2023-01-01,True,20_Bakery,transit,0,40.0,book_fair,1.225
20,Bakery,2023-04-10,57,2020-08-03,2023-01-01,True,20_Bakery,transit,0,34.5,sports,1.6521739130434783
20,Bakery,2023-04-17,58,2020-08-03,2023-01-01,True,20_Bakery,transit,0,35.0,music_festival,1.6571428571428573
20,Bakery,2023-06-12,63,2020-08-03,2023-01-01,True,20_Bakery,transit,0,37.0,food_festival,1.7027027027027026
20,Bakery,2023-08-28,51,2020-08-03,2023-01-01,True,20_Bakery,transit,0,34.0,market,1.5
20,Bakery,2023-09-04,19,2020-08-03,2023-01-01,True,20_Bakery,transit,0,34.0,cultural,0.5588235294117647
20,Bakery,2023-09-11,41,2020-08-03,2023-01-01,True,20_Bakery,transit,0,34.0,market,1.2058823529411764
20,Bakery,2024-03-18,44,2020-08-03,2023-01-01,True,20_Bakery,transit,0,34.0,market,1.2941176470588236
20,Bakery,2024-06-10,35,2020-08-03,2023-01-01,True,20_Bakery,transit,0,35.0,convention,1.0
20,Bakery,2024-08-19,30,2020-08-03,2023-01-01,True,20_Bakery,transit,0,34.0,cultural,0.8823529411764706
20,Bakery,2024-09-16,18,2020-08-03,2023-01-01,True,20_Bakery,transit,0,34.0,cultural,0.5294117647058824
20,Bakery,2023-01-17,24,2020-08-03,2023-01-01,True,20_Bakery,transit,1,39.5,sports,0.6075949367088608
20,Bakery,2023-02-07,29,2020-08-03,2023-01-01,True,20_Bakery,transit,1,46.0,cultural,0.6304347826086957
20,Bakery,2023-03-21,49,2020-08-03,2023-01-01,True,20_Bakery,transit,1,35.0,cultural,1.4
20,Bakery,2023-11-07,33,2020-08-03,2023-01-01,True,20_Bakery,transit,1,29.0,sports,1.1379310344827587
20,Bakery,2023-12-12,56,2020-08-03,2023-01-01,True,20_Bakery,transit,1,29.0,concert,1.9310344827586208
20,Bakery,2023-12-19,48,2020-08-03,2023-01-01,True,20_Bakery,transit,1,29.5,market,1.6271186440677967
20,Bakery,2024-02-06,48,2020-08-03,2023-01-01,True,20_Bakery,transit,1,33.0,concert,1.4545454545454546
20,Bakery,2024-03-26,66,2020-08-03,2023-01-01,True,20_Bakery,transit,1,32.5,food_festival,2.0307692307692307
20,Bakery,2024-10-22,36,2020-08-03,2023-01-01,True,20_Bakery,transit,1,32.0,market,1.125
20,Bakery,2024-10-29,19,2020-08-03,2023-01-01,True,20_Bakery,transit,1,32.0,market,0.59375
20,Bakery,2023-02-15,66,2020-08-03,2023-01-01,True,20_Bakery,transit,2,44.0,food_festival,1.5
20,Bakery,2023-03-22,50,2020-08-03,2023-01-01,True,20_Bakery,transit,2,40.0,cultural,1.25
20,Bakery,2023-08-23,49,2020-08-03,2023-01-01,True,20_Bakery,transit,2,35.0,food_festival,1.4
20,Bakery,2023-11-01,50,2020-08-03,2023-01-01,True,20_Bakery,transit,2,35.0,food_festival,1.4285714285714286
20,Bakery,2023-11-08,55,2020-08-03,2023-01-01,True,20_Bakery,transit,2,35.5,market,1.5492957746478873
20,Bakery,2023-11-22,49,2020-08-03,2023-01-01,True,20_Bakery,transit,2,35.5,concert,1.380281690140845
20,Bakery,2023-12-27,60,2020-08-03,2023-01-01,True,20_Bakery,transit,2,35.0,music_festival,1.7142857142857142
20,Bakery,2024-01-10,81,2020-08-03,2023-01-01,True,20_Bakery,transit,2,36.0,food_festival,2.25
20,Bakery,2024-03-20,63,2020-08-03,2023-01-01,True,20_Bakery,transit,2,36.0,convention,1.75
20,Bakery,2024-04-10,125,2020-08-03,2023-01-01,True,20_Bakery,transit,2,37.0,concert,3.0
20,Bakery,2024-08-28,32,2020-08-03,2023-01-01,True,20_Bakery,transit,2,36.0,music_festival,0.8888888888888888
20,Bakery,2023-01-26,91,2020-08-03,2023-01-01,True,20_Bakery,transit,3,54.0,music_festival,1.6851851851851851
20,Bakery,2023-03-09,55,2020-08-03,2023-01-01,True,20_Bakery,transit,3,46.0,concert,1.1956521739130435
20,Bakery,2023-03-16,32,2020-08-03,2023-01-01,True,20_Bakery,transit,3,50.0,cultural,0.64
20,Bakery,2024-01-25,111,2020-08-03,2023-01-01,True,20_Bakery,transit,3,35.0,food_festival,3.0
20,Bakery,2024-02-08,28,2020-08-03,2023-01-01,True,20_Bakery,transit,3,36.0,cultural,0.7777777777777778
20,Bakery,2024-06-27,25,2020-08-03,2023-01-01,True,20_Bakery,transit,3,36.0,market,0.6944444444444444
20,Bakery,2024-10-31,60,2020-08-03,2023-01-01,True,20_Bakery,transit,3,35.0,book_fair,1.7142857142857142
20,Bakery,2023-01-27,51,2020-08-03,2023-01-01,True,20_Bakery,transit,4,61.0,market,0.8360655737704918
20,Bakery,2023-02-17,51,2020-08-03,2023-01-01,True,20_Bakery,transit,4,49.0,cultural,1.0408163265306123
20,Bakery,2023-04-28,79,2020-08-03,2023-01-01,True,20_Bakery,transit,4,47.0,music_festival,1.6808510638297873
20,Bakery,2023-05-12,16,2020-08-03,2023-01-01,True,20_Bakery,transit,4,47.5,cultural,0.3368421052631579
20,Bakery,2023-06-30,44,2020-08-03,2023-01-01,True,20_Bakery,transit,4,47.0,music_festival,0.9361702127659575
20,Bakery,2023-07-14,46,2020-08-03,2023-01-01,True,20_Bakery,transit,4,44.0,convention,1.0454545454545454
20,Bakery,2023-07-21,43,2020-08-03,2023-01-01,True,20_Bakery,transit,4,45.0,food_festival,0.9555555555555556
20,Bakery,2023-11-10,38,2020-08-03,2023-01-01,True,20_Bakery,transit,4,31.0,cultural,1.2258064516129032
20,Bakery,2024-04-05,34,2020-08-03,2023-01-01,True,20_Bakery,transit,4,32.0,market,1.0625
20,Bakery,2024-06-28,33,2020-08-03,2023-01-01,True,20_Bakery,transit,4,33.0,sports,1.0
20,Bakery,2024-08-23,49,2020-08-03,2023-01-01,True,20_Bakery,transit,4,32.0,concert,1.53125
20,Bakery,2024-10-25,68,2020-08-03,2023-01-01,True,20_Bakery,transit,4,32.0,food_festival,2.125
20,Bakery,2023-05-06,59,2020-08-03,2023-01-01,True,20_Bakery,transit,5,29.0,market,2.0344827586206895
20,Bakery,2023-09-09,42,2020-08-03,2023-01-01,True,20_Bakery,transit,5,26.0,music_festival,1.6153846153846154
20,Bakery,2023-11-11,29,2020-08-03,2023-01-01,True,20_Bakery,transit,5,25.0,cultural,1.16
20,Bakery,2023-12-02,67,2020-08-03,2023-01-01,True,20_Bakery,transit,5,25.0,music_festival,2.68
20,Bakery,2024-07-13,41,2020-08-03,2023-01-01,True,20_Bakery,transit,5,26.0,concert,1.5769230769230769
20,Bakery,2024-10-19,21,2020-08-03,2023-01-01,True,20_Bakery,transit,5,25.0,market,0.84
20,Bakery,2023-02-05,35,2020-08-03,2023-01-01,True,20_Bakery,transit,6,37.0,convention,0.9459459459459459
20,Bakery,2023-06-11,49,2020-08-03,2023-01-01,True,20_Bakery,transit,6,31.0,market,1.5806451612903225
20,Bakery,2023-06-18,24,2020-08-03,2023-01-01,True,20_Bakery,transit,6,31.5,book_fair,0.7619047619047619
20,Bakery,2023-11-12,32,2020-08-03,2023-01-01,True,20_Bakery,transit,6,25.0,market,1.28
20,Bakery,2023-12-03,28,2020-08-03,2023-01-01,True,20_Bakery,transit,6,25.0,sports,1.12
20,Bakery,2023-12-10,48,2020-08-03,2023-01-01,True,20_Bakery,transit,6,25.0,cultural,1.92
20,Bakery,2024-02-25,19,2020-08-03,2023-01-01,True,20_Bakery,transit,6,25.5,cultural,0.7450980392156863
20,Bakery,2024-07-28,40,2020-08-03,2023-01-01,True,20_Bakery,transit,6,25.5,market,1.5686274509803921
20,Bakery,2024-09-29,37,2020-08-03,2023-01-01,True,20_Bakery,transit,6,25.0,food_festival,1.48
20,Chocolate & Milk,2023-01-16,29,2020-08-03,2023-01-01,True,20_Chocolate-Milk,transit,0,19.0,sports,1.5263157894736843
20,Chocolate & Milk,2023-02-06,37,2020-08-03,2023-01-01,True,20_Chocolate-Milk,transit,0,29.0,book_fair,1.2758620689655173
20,Chocolate & Milk,2023-04-10,31,2020-08-03,2023-01-01,True,20_Chocolate-Milk,transit,0,25.0,sports,1.24
20,Chocolate & Milk,2023-04-17,38,2020-08-03,2023-01-01,True,20_Chocolate-Milk,transit,0,25.0,music_festival,1.52
20,Chocolate & Milk,2023-06-12,26,2020-08-03,2023-01-01,True,20_Chocolate-Milk,transit,0,25.0,food_festival,1.04
20,Chocolate & Milk,2023-08-28,27,2020-08-03,2023-01-01,True,20_Chocolate-Milk,transit,0,20.5,market,1.3170731707317074
20,Chocolate & Milk,2023-09-04,24,2020-08-03,2023-01-01,True,20_Chocolate-Milk,transit,0,21.0,cultural,1.1428571428571428
20,Chocolate & Milk,2023-09-11,10,2020-08-03,2023-01-01,True,20_Chocolate-Milk,transit,0,21.0,market,0.47619047619047616
20,Chocolate & Milk,2024-03-18,25,2020-08-03,2023-01-01,True,20_Chocolate-Milk,transit,0,19.0,market,1.3157894736842106
20,Chocolate & Milk,2024-06-10,7,2020-08-03,2023-01-01,True,20_Chocolate-Milk,transit,0,19.0,convention,0.3684210526315789
20,Chocolate & Milk,2024-08-19,17,2020-08-03,2023-01-01,True,20_Chocolate-Milk,transit,0,19.0,cultural,0.8947368421052632
20,Chocolate & Milk,2024-09-16,19,2020-08-03,2023-01-01,True,20_Chocolate-Milk,transit,0,18.0,cultural,1.0555555555555556
20,Chocolate & Milk,2023-01-17,16,2020-08-03,2023-01-01,True,20_Chocolate-Milk,transit,1,21.5,sports,0.7441860465116279
20,Chocolate & Milk,2023-02-07,18,2020-08-03,2023-01-01,True,20_Chocolate-Milk,transit,1,26.0,cultural,0.6923076923076923
20,Chocolate & Milk,2023-03-21,26,2020-08-03,2023-01-01,True,20_Chocolate-Milk,transit,1,17.0,cultural,1.5294117647058822
20,Chocolate & Milk,2023-11-07,11,2020-08-03,2023-01-01,True,20_Chocolate-Milk,transit,1,17.0,sports,0.6470588235294118
20,Chocolate & Milk,2023-12-12,34,2020-08-03,2023-01-01,True,20_Chocolate-Milk,transit,1,17.0,concert,2.0
20,Chocolate & Milk,2023-12-19,25,2020-08-03,2023-01-01,True,20_Chocolate-Milk,transit,1,17.0,market,1.4705882352941178
20,Chocolate & Milk,2024-02-06,33,2020-08-03,2023-01-01,True,20_Chocolate-Milk,transit,1,19.0,concert,1.736842105263158
20,Chocolate & Milk,2024-03-26,38,2020-08-03,2023-01-01,True,20_Chocolate-Milk,transit,1,19.5,food_festival,1.9487179487179487
20,Chocolate & Milk,2024-10-22,18,2020-08-03,2023-01-01,True,20_Chocolate-Milk,transit,1,19.0,market,0.9473684210526315
20,Chocolate & Milk,2024-10-29,38,2020-08-03,2023-01-01,True,20_Chocolate-Milk,transit,1,19.0,market,2.0
20,Chocolate & Milk,2023-02-15,24,2020-08-03,2023-01-01,True,20_Chocolate-Milk,transit,2,21.5,food_festival,1.1162790697674418
20,Chocolate & Milk,2023-03-22,16,2020-08-03,2023-01-01,True,20_Chocolate-Milk,transit,2,23.0,cultural,0.6956521739130435
20,Chocolate & Milk,2023-08-23,38,2020-08-03,2023-01-01,True,20_Chocolate-Milk,transit,2,20.0,food_festival,1.9
20,Chocolate & Milk,2023-11-01,25,2020-08-03,2023-01-01,True,20_Chocolate-Milk,transit,2,20.0,food_festival,1.25
20,Chocolate & Milk,2023-11-08,41,2020-08-03,2023-01-01,True,20_Chocolate-Milk,transit,2,20.0,market,2.05
20,Chocolate & Milk,2023-11-22,30,2020-08-03,2023-01-01,True,20_Chocolate-Milk,transit,2,20.0,concert,1.5
20,Chocolate & Milk,2023-12-27,23,2020-08-03,2023-01-01,True,20_Chocolate-Milk,transit,2,20.0,music_festival,1.15
20,Chocolate & Milk,2024-01-10,47,2020-08-03,2023-01-01,True,20_Chocolate-Milk,transit,2,20.0,food_festival,2.35
20,Chocolate & Milk,2024-03-20,41,2020-08-03,2023-01-01,True,20_Chocolate-Milk,transit,2,20.0,convention,2.05
20,Chocolate & Milk,2024-04-10,59,2020-08-03,2023-01-01,True,20_Chocolate-Milk,transit,2,20.0,concert,2.95
20,Chocolate & Milk,2024-08-28,14,2020-08-03,2023-01-01,True,20_Chocolate-Milk,transit,2,20.0,music_festival,0.7
20,Chocolate & Milk,2023-01-26,32,2020-08-03,2023-01-01,True,20_Chocolate-Milk,transit,3,19.0,music_festival,1.6842105263157894
20,Chocolate & Milk,2023-03-09,32,2020-08-03,2023-01-01,True,20_Chocolate-Milk,transit,3,22.0,concert,1.4545454545454546
20,Chocolate & Milk,2023-03-16,26,2020-08-03,2023-01-01,True,20_Chocolate-Milk,transit,3,23.5,cultural,1.1063829787234043
20,Chocolate & Milk,2024-01-25,59,2020-08-03,2023-01-01,True,20_Chocolate-Milk,transit,3,21.0,food_festival,2.8095238095238093
20,Chocolate & Milk,2024-02-08,16,2020-08-03,2023-01-01,True,20_Chocolate-Milk,transit,3,21.0,cultural,0.7619047619047619
20,Chocolate & Milk,2024-06-27,17,2020-08-03,2023-01-01,True,20_Chocolate-Milk,transit,3,21.0,market,0.8095238095238095
20,Chocolate & Milk,2024-10-31,15,2020-08-03,2023-01-01,True,20_Chocolate-Milk,transit,3,20.0,book_fair,0.75
20,Chocolate & Milk,2023-01-27,27,2020-08-03,2023-01-01,True,20_Chocolate-Milk,transit,4,34.0,market,0.7941176470588235
20,Chocolate & Milk,2023-02-17,24,2020-08-03,2023-01-01,True,20_Chocolate-Milk,transit,4,26.0,cultural,0.9230769230769231
20,Chocolate & Milk,2023-04-28,60,2020-08-03,2023-01-01,True,20_Chocolate-Milk,transit,4,24.0,music_festival,2.5
20,Chocolate & Milk,2023-05-12,19,2020-08-03,2023-01-01,True,20_Chocolate-Milk,transit,4,24.5,cultural,0.7755102040816326
20,Chocolate & Milk,2023-06-30,12,2020-08-03,2023-01-01,True,20_Chocolate-Milk,transit,4,24.0,music_festival,0.5
20,Chocolate & Milk,2023-07-14,28,2020-08-03,2023-01-01,True,20_Chocolate-Milk,transit,4,19.0,convention,1.4736842105263157
20,Chocolate & Milk,2023-07-21,40,2020-08-03,2023-01-01,True,20_Chocolate-Milk,transit,4,21.5,food_festival,1.8604651162790697
20,Chocolate & Milk,2023-11-10,19,2020-08-03,2023-01-01,True,20_Chocolate-Milk,transit,4,19.0,cultural,1.0
20,Chocolate & Milk,2024-04-05,28,2020-08-03,2023-01-01,True,20_Chocolate-Milk,transit,4,21.0,market,1.3333333333333333
20,Chocolate & Milk,2024-06-28,21,2020-08-03,2023-01-01,True,20_Chocolate-Milk,transit,4,21.0,sports,1.0
20,Chocolate & Milk,2024-08-23,26,2020-08-03,2023-01-01,True,20_Chocolate-Milk,transit,4,20.0,concert,1.3
20,Chocolate & Milk,2024-10-25,50,2020-08-03,2023-01-01,True,20_Chocolate-Milk,transit,4,20.5,food_festival,2.4390243902439024
20,Chocolate & Milk,2023-05-06,29,2020-08-03,2023-01-01,True,20_Chocolate-Milk,transit,5,16.0,market,1.8125
20,Chocolate & Milk,2023-09-09,8,2020-08-03,2023-01-01,True,20_Chocolate-Milk,transit,5,15.0,music_festival,0.5333333333333333
20,Chocolate & Milk,2023-11-11,16,2020-08-03,2023-01-01,True,20_Chocolate-Milk,transit,5,11.5,cultural,1.391304347826087
20,Chocolate & Milk,2023-12-02,41,2020-08-03,2023-01-01,True,20_Chocolate-Milk,transit,5,12.0,music_festival,3.0
20,Chocolate & Milk,2024-07-13,14,2020-08-03,2023-01-01,True,20_Chocolate-Milk,transit,5,12.0,concert,1.1666666666666667
20,Chocolate & Milk,2024-10-19,16,2020-08-03,2023-01-01,True,20_Chocolate-Milk,transit,5,13.0,market,1.2307692307692308
20,Chocolate & Milk,2023-02-05,17,2020-08-03,2023-01-01,True,20_Chocolate-Milk,transit,6,24.0,convention,0.7083333333333334
20,Chocolate & Milk,2023-06-11,21,2020-08-03,2023-01-01,True,20_Chocolate-Milk,transit,6,14.0,market,1.5
20,Chocolate & Milk,2023-06-18,4,2020-08-03,2023-01-01,True,20_Chocolate-Milk,transit,6,14.5,book_fair,0.27586206896551724
20,Chocolate & Milk,2023-11-12,24,2020-08-03,2023-01-01,True,20_Chocolate-Milk,transit,6,12.0,market,2.0
20,Chocolate & Milk,2023-12-03,18,2020-08-03,2023-01-01,True,20_Chocolate-Milk,transit,6,12.0,sports,1.5
20,Chocolate & Milk,2023-12-10,31,2020-08-03,2023-01-01,True,20_Chocolate-Milk,transit,6,12.0,cultural,2.5833333333333335
20,Chocolate & Milk,2024-02-25,9,2020-08-03,2023-01-01,True,20_Chocolate-Milk,transit,6,13.0,cultural,0.6923076923076923
20,Chocolate & Milk,2024-07-28,23,2020-08-03,2023-01-01,True,20_Chocolate-Milk,transit,6,14.0,market,1.6428571428571428
20,Chocolate & Milk,2024-09-29,11,2020-08-03,2023-01-01,True,20_Chocolate-Milk,transit,6,14.0,food_festival,0.7857142857142857
20,Coffee,2023-01-16,151,2020-08-03,2023-01-01,True,20_Coffee,transit,0,178.0,sports,0.848314606741573
20,Coffee,2023-02-06,111,2020-08-03,2023-01-01,True,20_Coffee,transit,0,176.0,book_fair,0.6306818181818182
20,Coffee,2023-04-10,232,2020-08-03,2023-01-01,True,20_Coffee,transit,0,154.5,sports,1.5016181229773462
20,Coffee,2023-04-17,224,2020-08-03,2023-01-01,True,20_Coffee,transit,0,158.0,music_festival,1.4177215189873418
20,Coffee,2023-06-12,215,2020-08-03,2023-01-01,True,20_Coffee,transit,0,158.0,food_festival,1.360759493670886
20,Coffee,2023-08-28,178,2020-08-03,2023-01-01,True,20_Coffee,transit,0,131.0,market,1.3587786259541985
20,Coffee,2023-09-04,85,2020-08-03,2023-01-01,True,20_Coffee,transit,0,139.0,cultural,0.6115107913669064
20,Coffee,2023-09-11,90,2020-08-03,2023-01-01,True,20_Coffee,transit,0,131.0,market,0.6870229007633588
20,Coffee,2024-03-18,153,2020-08-03,2023-01-01,True,20_Coffee,transit,0,130.0,market,1.176923076923077
20,Coffee,2024-06-10,164,2020-08-03,2023-01-01,True,20_Coffee,transit,0,139.0,convention,1.1798561151079137
20,Coffee,2024-08-19,109,2020-08-03,2023-01-01,True,20_Coffee,transit,0,131.0,cultural,0.8320610687022901
20,Coffee,2024-09-16,99,2020-08-03,2023-01-01,True,20_Coffee,transit,0,130.0,cultural,0.7615384615384615
20,Coffee,2023-01-17,90,2020-08-03,2023-01-01,True,20_Coffee,transit,1,175.5,sports,0.5128205128205128
20,Coffee,2023-02-07,117,2020-08-03,2023-01-01,True,20_Coffee,transit,1,195.0,cultural,0.6
20,Coffee,2023-03-21,154,2020-08-03,2023-01-01,True,20_Coffee,transit,1,141.0,cultural,1.0921985815602837
20,Coffee,2023-11-07,109,2020-08-03,2023-01-01,True,20_Coffee,transit,1,126.5,sports,0.8616600790513834
20,Coffee,2023-12-12,172,2020-08-03,2023-01-01,True,20_Coffee,transit,1,127.0,concert,1.3543307086614174
20,Coffee,2023-12-19,182,2020-08-03,2023-01-01,True,20_Coffee,transit,1,127.5,market,1.427450980392157
20,Coffee,2024-02-06,164,2020-08-03,2023-01-01,True,20_Coffee,transit,1,134.0,concert,1.2238805970149254
20,Coffee,2024-03-26,255,2020-08-03,2023-01-01,True,20_Coffee,transit,1,133.5,food_festival,1.9101123595505618
20,Coffee,2024-10-22,175,2020-08-03,2023-01-01,True,20_Coffee,transit,1,130.5,market,1.3409961685823755
20,Coffee,2024-10-29,127,2020-08-03,2023-01-01,True,20_Coffee,transit,1,131.0,market,0.9694656488549618
20,Coffee,2023-02-15,220,2020-08-03,2023-01-01,True,20_Coffee,transit,2,194.5,food_festival,1.1311053984575836
20,Coffee,2023-03-22,120,2020-08-03,2023-01-01,True,20_Coffee,transit,2,149.0,cultural,0.8053691275167785
20,Coffee,2023-08-23,195,2020-08-03,2023-01-01,True,20_Coffee,transit,2,129.0,food_festival,1.5116279069767442
20,Coffee,2023-11-01,234,2020-08-03,2023-01-01,True,20_Coffee,transit,2,126.0,food_festival,1.8571428571428572
20,Coffee,2023-11-08,265,2020-08-03,2023-01-01,True,20_Coffee,transit,2,127.5,market,2.0784313725490198
20,Coffee,2023-11-22,193,2020-08-03,2023-01-01,True,20_Coffee,transit,2,127.5,concert,1.5137254901960784
20,Coffee,2023-12-27,220,2020-08-03,2023-01-01,True,20_Coffee,transit,2,126.0,music_festival,1.746031746031746
20,Coffee,2024-01-10,205,2020-08-03,2023-01-01,True,20_Coffee,transit,2,129.0,food_festival,1.5891472868217054
20,Coffee,2024-03-20,247,2020-08-03,2023-01-01,True,20_Coffee,transit,2,138.0,convention,1.789855072463768
20,Coffee,2024-04-10,382,2020-08-03,2023-01-01,True,20_Coffee,transit,2,146.0,concert,2.6164383561643834
20,Coffee,2024-08-28,107,2020-08-03,2023-01-01,True,20_Coffee,transit,2,135.5,music_festival,0.7896678966789668
20,Coffee,2023-01-26,400,2020-08-03,2023-01-01,True,20_Coffee,transit,3,214.0,music_festival,1.8691588785046729
20,Coffee,2023-03-09,233,2020-08-03,2023-01-01,True,20_Coffee,transit,3,156.0,concert,1.4935897435897436
20,Coffee,2023-03-16,163,2020-08-03,2023-01-01,True,20_Coffee,transit,3,176.0,cultural,0.9261363636363636
20,Coffee,2024-01-25,494,2020-08-03,2023-01-01,True,20_Coffee,transit,3,145.0,food_festival,3.0
20,Coffee,2024-02-08,151,2020-08-03,2023-01-01,True,20_Coffee,transit,3,145.0,cultural,1.0413793103448277
20,Coffee,2024-06-27,103,2020-08-03,2023-01-01,True,20_Coffee,transit,3,145.0,market,0.7103448275862069
20,Coffee,2024-10-31,147,2020-08-03,2023-01-01,True,20_Coffee,transit,3,140.0,book_fair,1.05
20,Coffee,2023-01-27,181,2020-08-03,2023-01-01,True,20_Coffee,transit,4,245.0,market,0.7387755102040816
20,Coffee,2023-02-17,181,2020-08-03,2023-01-01,True,20_Coffee,transit,4,186.0,cultural,0.9731182795698925
20,Coffee,2023-04-28,324,2020-08-03,2023-01-01,True,20_Coffee,transit,4,162.0,music_festival,2.0
20,Coffee,2023-05-12,116,2020-08-03,2023-01-01,True,20_Coffee,transit,4,181.0,cultural,0.6408839779005525
20,Coffee,2023-06-30,195,2020-08-03,2023-01-01,True,20_Coffee,transit,4,143.0,music_festival,1.3636363636363635
20,Coffee,2023-07-14,162,2020-08-03,2023-01-01,True,20_Coffee,transit,4,143.0,convention,1.132867132867133
20,Coffee,2023-07-21,219,2020-08-03,2023-01-01,True,20_Coffee,transit,4,147.0,food_festival,1.489795918367347
20,Coffee,2023-11-10,163,2020-08-03,2023-01-01,True,20_Coffee,transit,4,128.5,cultural,1.2684824902723735
20,Coffee,2024-04-05,221,2020-08-03,2023-01-01,True,20_Coffee,transit,4,133.0,market,1.6616541353383458
20,Coffee,2024-06-28,118,2020-08-03,2023-01-01,True,20_Coffee,transit,4,132.0,sports,0.8939393939393939
20,Coffee,2024-08-23,145,2020-08-03,2023-01-01,True,20_Coffee,transit,4,128.0,concert,1.1328125
20,Coffee,2024-10-25,269,2020-08-03,2023-01-01,True,20_Coffee,transit,4,128.5,food_festival,2.093385214007782
20,Coffee,2023-05-06,211,2020-08-03,2023-01-01,True,20_Coffee,transit,5,110.0,market,1.9181818181818182
20,Coffee,2023-09-09,151,2020-08-03,2023-01-01,True,20_Coffee,transit,5,97.0,music_festival,1.556701030927835
20,Coffee,2023-11-11,103,2020-08-03,2023-01-01,True,20_Coffee,transit,5,101.5,cultural,1.0147783251231528
20,Coffee,2023-12-02,247,2020-08-03,2023-01-01,True,20_Coffee,transit,5,101.0,music_festival,2.4455445544554455
20,Coffee,2024-07-13,153,2020-08-03,2023-01-01,True,20_Coffee,transit,5,103.0,concert,1.4854368932038835
20,Coffee,2024-10-19,98,2020-08-03,2023-01-01,True,20_Coffee,transit,5,102.0,market,0.9607843137254902
20,Coffee,2023-02-05,133,2020-08-03,2023-01-01,True,20_Coffee,transit,6,178.0,convention,0.7471910112359551
20,Coffee,2023-06-11,163,2020-08-03,2023-01-01,True,20_Coffee,transit,6,128.0,market,1.2734375
20,Coffee,2023-06-18,91,2020-08-03,2023-01-01,True,20_Coffee,transit,6,130.5,book_fair,0.6973180076628352
20,Coffee,2023-11-12,109,2020-08-03,2023-01-01,True,20_Coffee,transit,6,95.0,market,1.1473684210526316
20,Coffee,2023-12-03,120,2020-08-03,2023-01-01,True,20_Coffee,transit,6,100.5,sports,1.1940298507462686
20,Coffee,2023-12-10,185,2020-08-03,2023-01-01,True,20_Coffee,transit,6,101.0,cultural,1.8316831683168318
20,Coffee,2024-02-25,75,2020-08-03,2023-01-01,True,20_Coffee,transit,6,106.5,cultural,0.704225352112676
20,Coffee,2024-07-28,148,2020-08-03,2023-01-01,True,20_Coffee,transit,6,103.0,market,1.4368932038834952
20,Coffee,2024-09-29,138,2020-08-03,2023-01-01,True,20_Coffee,transit,6,101.0,food_festival,1.3663366336633664
20,Juice & Smoothie,2023-01-16,13,2020-08-03,2023-01-01,True,20_Juice-Smoothie,transit,0,17.0,sports,0.7647058823529411
20,Juice & Smoothie,2023-02-06,9,2020-08-03,2023-01-01,True,20_Juice-Smoothie,transit,0,13.0,book_fair,0.6923076923076923
20,Juice & Smoothie,2023-04-10,14,2020-08-03,2023-01-01,True,20_Juice-Smoothie,transit,0,11.5,sports,1.2173913043478262
20,Juice & Smoothie,2023-04-17,18,2020-08-03,2023-01-01,True,20_Juice-Smoothie,transit,0,12.0,music_festival,1.5
20,Juice & Smoothie,2023-06-12,18,2020-08-03,2023-01-01,True,20_Juice-Smoothie,transit,0,13.0,food_festival,1.3846153846153846
20,Juice & Smoothie,2023-08-28,13,2020-08-03,2023-01-01,True,20_Juice-Smoothie,transit,0,11.0,market,1.1818181818181819
20,Juice & Smoothie,2023-09-04,11,2020-08-03,2023-01-01,True,20_Juice-Smoothie,transit,0,11.0,cultural,1.0
20,Juice & Smoothie,2023-09-11,5,2020-08-03,2023-01-01,True,20_Juice-Smoothie,transit,0,11.0,market,0.45454545454545453
20,Juice & Smoothie,2024-03-18,15,2020-08-03,2023-01-01,True,20_Juice-Smoothie,transit,0,10.0,market,1.5
20,Juice & Smoothie,2024-06-10,15,2020-08-03,2023-01-01,True,20_Juice-Smoothie,transit,0,11.0,convention,1.3636363636363635
20,Juice & Smoothie,2024-08-19,6,2020-08-03,2023-01-01,True,20_Juice-Smoothie,transit,0,10.0,cultural,0.6
20,Juice & Smoothie,2024-09-16,5,2020-08-03,2023-01-01,True,20_Juice-Smoothie,transit,0,10.0,cultural,0.5
20,Juice & Smoothie,2023-01-17,7,2020-08-03,2023-01-01,True,20_Juice-Smoothie,transit,1,16.5,sports,0.42424242424242425
20,Juice & Smoothie,2023-02-07,8,2020-08-03,2023-01-01,True,20_Juice-Smoothie,transit,1,18.0,cultural,0.4444444444444444
20,Juice & Smoothie,2023-03-21,20,2020-08-03,2023-01-01,True,20_Juice-Smoothie,transit,1,12.0,cultural,1.6666666666666667
20,Juice & Smoothie,2023-11-07,14,2020-08-03,2023-01-01,True,20_Juice-Smoothie,transit,1,11.0,sports,1.2727272727272727
20,Juice & Smoothie,2023-12-12,17,2020-08-03,2023-01-01,True,20_Juice-Smoothie,transit,1,11.0,concert,1.5454545454545454
20,Juice & Smoothie,2023-12-19,16,2020-08-03,2023-01-01,True,20_Juice-Smoothie,transit,1,11.0,market,1.4545454545454546
20,Juice & Smoothie,2024-02-06,12,2020-08-03,2023-01-01,True,20_Juice-Smoothie,transit,1,12.0,concert,1.0
20,Juice & Smoothie,2024-03-26,17,2020-08-03,2023-01-01,True,20_Juice-Smoothie,transit,1,12.0,food_festival,1.4166666666666667
20,Juice & Smoothie,2024-10-22,16,2020-08-03,2023-01-01,True,20_Juice-Smoothie,transit,1,12.0,market,1.3333333333333333
20,Juice & Smoothie,2024-10-29,7,2020-08-03,2023-01-01,True,20_Juice-Smoothie,transit,1,12.0,market,0.5833333333333334
20,Juice & Smoothie,2023-02-15,23,2020-08-03,2023-01-01,True,20_Juice-Smoothie,transit,2,13.0,food_festival,1.7692307692307692
20,Juice & Smoothie,2023-03-22,4,2020-08-03,2023-01-01,True,20_Juice-Smoothie,transit,2,15.0,cultural,0.26666666666666666
20,Juice & Smoothie,2023-08-23,7,2020-08-03,2023-01-01,True,20_Juice-Smoothie,transit,2,11.0,food_festival,0.6363636363636364
20,Juice & Smoothie,2023-11-01,25,2020-08-03,2023-01-01,True,20_Juice-Smoothie,transit,2,10.0,food_festival,2.5
20,Juice & Smoothie,2023-11-08,18,2020-08-03,2023-01-01,True,20_Juice-Smoothie,transit,2,10.5,market,1.7142857142857142
20,Juice & Smoothie,2023-11-22,24,2020-08-03,2023-01-01,True,20_Juice-Smoothie,transit,2,10.5,concert,2.2857142857142856
20,Juice & Smoothie,2023-12-27,17,2020-08-03,2023-01-01,True,20_Juice-Smoothie,transit,2,11.0,music_festival,1.5454545454545454
20,Juice & Smoothie,2024-01-10,20,2020-08-03,2023-01-01,True,20_Juice-Smoothie,transit,2,11.0,food_festival,1.8181818181818181
20,Juice & Smoothie,2024-03-20,30,2020-08-03,2023-01-01,True,20_Juice-Smoothie,transit,2,11.0,convention,2.727272727272727
20,Juice & Smoothie,2024-04-10,13,2020-08-03,2023-01-01,True,20_Juice-Smoothie,transit,2,11.0,concert,1.1818181818181819
20,Juice & Smoothie,2024-08-28,7,2020-08-03,2023-01-01,True,20_Juice-Smoothie,transit,2,11.0,music_festival,0.6363636363636364
20,Juice & Smoothie,2023-01-26,26,2020-08-03,2023-01-01,True,20_Juice-Smoothie,transit,3,17.0,music_festival,1.5294117647058822
20,Juice & Smoothie,2023-03-09,17,2020-08-03,2023-01-01,True,20_Juice-Smoothie,transit,3,16.0,concert,1.0625
20,Juice & Smoothie,2023-03-16,9,2020-08-03,2023-01-01,True,20_Juice-Smoothie,transit,3,16.5,cultural,0.5454545454545454
20,Juice & Smoothie,2024-01-25,31,2020-08-03,2023-01-01,True,20_Juice-Smoothie,transit,3,11.0,food_festival,2.8181818181818183
20,Juice & Smoothie,2024-02-08,4,2020-08-03,2023-01-01,True,20_Juice-Smoothie,transit,3,11.0,cultural,0.36363636363636365
20,Juice & Smoothie,2024-06-27,2,2020-08-03,2023-01-01,True,20_Juice-Smoothie,transit,3,11.0,market,0.25
20,Juice & Smoothie,2024-10-31,17,2020-08-03,2023-01-01,True,20_Juice-Smoothie,transit,3,10.0,book_fair,1.7
20,Juice & Smoothie,2023-01-27,6,2020-08-03,2023-01-01,True,20_Juice-Smoothie,transit,4,18.0,market,0.3333333333333333
20,Juice & Smoothie,2023-02-17,11,2020-08-03,2023-01-01,True,20_Juice-Smoothie,transit,4,13.5,cultural,0.8148148148148148
20,Juice & Smoothie,2023-04-28,29,2020-08-03,2023-01-01,True,20_Juice-Smoothie,transit,4,11.0,music_festival,2.6363636363636362
20,Juice & Smoothie,2023-05-12,15,2020-08-03,2023-01-01,True,20_Juice-Smoothie,transit,4,11.5,cultural,1.3043478260869565
20,Juice & Smoothie,2023-06-30,23,2020-08-03,2023-01-01,True,20_Juice-Smoothie,transit,4,11.0,music_festival,2.090909090909091
20,Juice & Smoothie,2023-07-14,8,2020-08-03,2023-01-01,True,20_Juice-Smoothie,transit,4,11.0,convention,0.7272727272727273
20,Juice & Smoothie,2023-07-21,17,2020-08-03,2023-01-01,True,20_Juice-Smoothie,transit,4,11.0,food_festival,1.5454545454545454
20,Juice & Smoothie,2023-11-10,13,2020-08-03,2023-01-01,True,20_Juice-Smoothie,transit,4,11.0,cultural,1.1818181818181819
20,Juice & Smoothie,2024-04-05,19,2020-08-03,2023-01-01,True,20_Juice-Smoothie,transit,4,11.0,market,1.7272727272727273
20,Juice & Smoothie,2024-06-28,7,2020-08-03,2023-01-01,True,20_Juice-Smoothie,transit,4,11.0,sports,0.6363636363636364
20,Juice & Smoothie,2024-08-23,15,2020-08-03,2023-01-01,True,20_Juice-Smoothie,transit,4,11.0,concert,1.3636363636363635
20,Juice & Smoothie,2024-10-25,30,2020-08-03,2023-01-01,True,20_Juice-Smoothie,transit,4,10.5,food_festival,2.857142857142857
20,Juice & Smoothie,2023-05-06,27,2020-08-03,2023-01-01,True,20_Juice-Smoothie,transit,5,10.0,market,2.7
20,Juice & Smoothie,2023-09-09,25,2020-08-03,2023-01-01,True,20_Juice-Smoothie,transit,5,9.0,music_festival,2.7777777777777777
20,Juice & Smoothie,2023-11-11,4,2020-08-03,2023-01-01,True,20_Juice-Smoothie,transit,5,7.0,cultural,0.5714285714285714
20,Juice & Smoothie,2023-12-02,13,2020-08-03,2023-01-01,True,20_Juice-Smoothie,transit,5,7.0,music_festival,1.8571428571428572
20,Juice & Smoothie,2024-07-13,19,2020-08-03,2023-01-01,True,20_Juice-Smoothie,transit,5,8.0,concert,2.375
20,Juice & Smoothie,2024-10-19,10,2020-08-03,2023-01-01,True,20_Juice-Smoothie,transit,5,7.0,market,1.4285714285714286
20,Juice & Smoothie,2023-02-05,9,2020-08-03,2023-01-01,True,20_Juice-Smoothie,transit,6,16.0,convention,0.5625
20,Juice & Smoothie,2023-06-11,16,2020-08-03,2023-01-01,True,20_Juice-Smoothie,transit,6,9.0,market,1.7777777777777777
20,Juice & Smoothie,2023-06-18,4,2020-08-03,2023-01-01,True,20_Juice-Smoothie,transit,6,10.0,book_fair,0.4
20,Juice & Smoothie,2023-11-12,7,2020-08-03,2023-01-01,True,20_Juice-Smoothie,transit,6,8.0,market,0.875
20,Juice & Smoothie,2023-12-03,16,2020-08-03,2023-01-01,True,20_Juice-Smoothie,transit,6,8.0,sports,2.0
20,Juice & Smoothie,2023-12-10,7,2020-08-03,2023-01-01,True,20_Juice-Smoothie,transit,6,8.0,cultural,0.875
20,Juice & Smoothie,2024-02-25,8,2020-08-03,2023-01-01,True,20_Juice-Smoothie,transit,6,7.5,cultural,1.0666666666666667
20,Juice & Smoothie,2024-07-28,19,2020-08-03,2023-01-01,True,20_Juice-Smoothie,transit,6,7.5,market,2.533333333333333
20,Juice & Smoothie,2024-09-29,16,2020-08-03,2023-01-01,True,20_Juice-Smoothie,transit,6,7.0,food_festival,2.2857142857142856
20,Merchandise,2023-01-16,5,2020-08-03,2023-01-01,True,20_Merchandise,transit,0,8.0,sports,0.625
20,Merchandise,2023-02-06,7,2020-08-03,2023-01-01,True,20_Merchandise,transit,0,7.0,book_fair,1.0
20,Merchandise,2023-04-10,12,2020-08-03,2023-01-01,True,20_Merchandise,transit,0,7.0,sports,1.7142857142857142
20,Merchandise,2023-04-17,14,2020-08-03,2023-01-01,True,20_Merchandise,transit,0,7.0,music_festival,2.0
20,Merchandise,2023-06-12,19,2020-08-03,2023-01-01,True,20_Merchandise,transit,0,8.0,food_festival,2.375
20,Merchandise,2023-08-28,15,2020-08-03,2023-01-01,True,20_Merchandise,transit,0,7.0,market,2.142857142857143
20,Merchandise,2023-09-04,2,2020-08-03,2023-01-01,True,20_Merchandise,transit,0,7.0,cultural,0.2857142857142857
20,Merchandise,2023-09-11,6,2020-08-03,2023-01-01,True,20_Merchandise,transit,0,7.0,market,0.8571428571428571
20,Merchandise,2024-03-18,3,2020-08-03,2023-01-01,True,20_Merchandise,transit,0,7.0,market,0.42857142857142855
20,Merchandise,2024-06-10,7,2020-08-03,2023-01-01,True,20_Merchandise,transit,0,7.0,convention,1.0
20,Merchandise,2024-08-19,6,2020-08-03,2023-01-01,True,20_Merchandise,transit,0,7.0,cultural,0.8571428571428571
20,Merchandise,2024-09-16,7,2020-08-03,2023-01-01,True,20_Merchandise,transit,0,7.0,cultural,1.0
20,Merchandise,2023-01-17,5,2020-08-03,2023-01-01,True,20_Merchandise,transit,1,7.5,sports,0.6666666666666666
20,Merchandise,2023-02-07,3,2020-08-03,2023-01-01,True,20_Merchandise,transit,1,6.0,cultural,0.5
20,Merchandise,2023-03-21,11,2020-08-03,2023-01-01,True,20_Merchandise,transit,1,6.0,cultural,1.8333333333333333
20,Merchandise,2023-11-07,10,2020-08-03,2023-01-01,True,20_Merchandise,transit,1,6.0,sports,1.6666666666666667
20,Merchandise,2023-12-12,13,2020-08-03,2023-01-01,True,20_Merchandise,transit,1,6.0,concert,2.1666666666666665
20,Merchandise,2023-12-19,10,2020-08-03,2023-01-01,True,20_Merchandise,transit,1,6.0,market,1.6666666666666667
20,Merchandise,2024-02-06,9,2020-08-03,2023-01-01,True,20_Merchandise,transit,1,6.0,concert,1.5
20,Merchandise,2024-03-26,13,2020-08-03,2023-01-01,True,20_Merchandise,transit,1,6.0,food_festival,2.1666666666666665
20,Merchandise,2024-10-22,6,2020-08-03,2023-01-01,True,20_Merchandise,transit,1,6.0,market,1.0
20,Merchandise,2024-10-29,9,2020-08-03,2023-01-01,True,20_Merchandise,transit,1,6.0,market,1.5
20,Merchandise,2023-02-15,15,2020-08-03,2023-01-01,True,20_Merchandise,transit,2,9.0,food_festival,1.6666666666666667
20,Merchandise,2023-03-22,3,2020-08-03,2023-01-01,True,20_Merchandise,transit,2,10.0,cultural,0.3
20,Merchandise,2023-08-23,9,2020-08-03,2023-01-01,True,20_Merchandise,transit,2,8.0,food_festival,1.125
20,Merchandise,2023-11-01,13,2020-08-03,2023-01-01,True,20_Merchandise,transit,2,8.0,food_festival,1.625
20,Merchandise,2023-11-08,12,2020-08-03,2023-01-01,True,20_Merchandise,transit,2,8.0,market,1.5
20,Merchandise,2023-11-22,4,2020-08-03,2023-01-01,True,20_Merchandise,transit,2,8.0,concert,0.5
20,Merchandise,2023-12-27,11,2020-08-03,2023-01-01,True,20_Merchandise,transit,2,8.0,music_festival,1.375
20,Merchandise,2024-01-10,11,2020-08-03,2023-01-01,True,20_Merchandise,transit,2,8.0,food_festival,1.375
20,Merchandise,2024-03-20,15,2020-08-03,2023-01-01,True,20_Merchandise,transit,2,8.0,convention,1.875
20,Merchandise,2024-04-10,18,2020-08-03,2023-01-01,True,20_Merchandise,transit,2,8.0,concert,2.25
20,Merchandise,2024-08-28,5,2020-08-03,2023-01-01,True,20_Merchandise,transit,2,8.0,music_festival,0.625
20,Merchandise,2023-01-26,17,2020-08-03,2023-01-01,True,20_Merchandise,transit,3,9.0,music_festival,1.8888888888888888
20,Merchandise,2023-03-09,6,2020-08-03,2023-01-01,True,20_Merchandise,transit,3,6.0,concert,1.0
20,Merchandise,2023-03-16,7,2020-08-03,2023-01-01,True,20_Merchandise,transit,3,6.0,cultural,1.1666666666666667
20,Merchandise,2024-01-25,26,2020-08-03,2023-01-01,True,20_Merchandise,transit,3,7.0,food_festival,3.0
20,Merchandise,2024-02-08,2,2020-08-03,2023-01-01,True,20_Merchandise,transit,3,7.0,cultural,0.2857142857142857
20,Merchandise,2024-06-27,6,2020-08-03,2023-01-01,True,20_Merchandise,transit,3,7.0,market,0.8571428571428571
20,Merchandise,2024-10-31,8,2020-08-03,2023-01-01,True,20_Merchandise,transit,3,6.0,book_fair,1.3333333333333333
20,Merchandise,2023-01-27,5,2020-08-03,2023-01-01,True,20_Merchandise,transit,4,10.0,market,0.5
20,Merchandise,2023-02-17,9,2020-08-03,2023-01-01,True,20_Merchandise,transit,4,9.0,cultural,1.0
20,Merchandise,2023-04-28,14,2020-08-03,2023-01-01,True,20_Merchandise,transit,4,8.5,music_festival,1.6470588235294117
20,Merchandise,2023-05-12,7,2020-08-03,2023-01-01,True,20_Merchandise,transit,4,9.5,cultural,0.7368421052631579
20,Merchandise,2023-06-30,5,2020-08-03,2023-01-01,True,20_Merchandise,transit,4,7.0,music_festival,0.7142857142857143
20,Merchandise,2023-07-14,7,2020-08-03,2023-01-01,True,20_Merchandise,transit,4,6.0,convention,1.1666666666666667
20,Merchandise,2023-07-21,9,2020-08-03,2023-01-01,True,20_Merchandise,transit,4,6.5,food_festival,1.3846153846153846
20,Merchandise,2023-11-10,9,2020-08-03,2023-01-01,True,20_Merchandise,transit,4,6.0,cultural,1.5
20,Merchandise,2024-04-05,12,2020-08-03,2023-01-01,True,20_Merchandise,transit,4,6.0,market,2.0
20,Merchandise,2024-06-28,6,2020-08-03,2023-01-01,True,20_Merchandise,transit,4,6.0,sports,1.0
20,Merchandise,2024-08-23,7,2020-08-03,2023-01-01,True,20_Merchandise,transit,4,6.0,concert,1.1666666666666667
20,Merchandise,2024-10-25,10,2020-08-03,2023-01-01,True,20_Merchandise,transit,4,6.0,food_festival,1.6666666666666667
20,Merchandise,2023-05-06,16,2020-08-03,2023-01-01,True,20_Merchandise,transit,5,7.0,market,2.2857142857142856
20,Merchandise,2023-09-09,5,2020-08-03,2023-01-01,True,20_Merchandise,transit,5,6.0,music_festival,0.8333333333333334
20,Merchandise,2023-11-11,9,2020-08-03,2023-01-01,True,20_Merchandise,transit,5,6.0,cultural,1.5
20,Merchandise,2023-12-02,13,2020-08-03,2023-01-01,True,20_Merchandise,transit,5,6.0,music_festival,2.1666666666666665
20,Merchandise,2024-07-13,4,2020-08-03,2023-01-01,True,20_Merchandise,transit,5,6.0,concert,0.6666666666666666
20,Merchandise,2024-10-19,3,2020-08-03,2023-01-01,True,20_Merchandise,transit,5,6.0,market,0.5
20,Merchandise,2023-02-05,4,2020-08-03,2023-01-01,True,20_Merchandise,transit,6,8.0,convention,0.5
20,Merchandise,2023-06-11,6,2020-08-03,2023-01-01,True,20_Merchandise,transit,6,5.0,market,1.2
20,Merchandise,2023-06-18,2,2020-08-03,2023-01-01,True,20_Merchandise,transit,6,5.0,book_fair,0.4
20,Merchandise,2023-11-12,3,2020-08-03,2023-01-01,True,20_Merchandise,transit,6,4.0,market,0.75
20,Merchandise,2023-12-03,6,2020-08-03,2023-01-01,True,20_Merchandise,transit,6,4.0,sports,1.5
20,Merchandise,2023-12-10,8,2020-08-03,2023-01-01,True,20_Merchandise,transit,6,4.0,cultural,2.0
20,Merchandise,2024-02-25,1,2020-08-03,2023-01-01,True,20_Merchandise,transit,6,4.0,cultural,0.25
20,Merchandise,2024-07-28,11,2020-08-03,2023-01-01,True,20_Merchandise,transit,6,5.0,market,2.2
20,Merchandise,2024-09-29,6,2020-08-03,2023-01-01,True,20_Merchandise,transit,6,5.0,food_festival,1.2
20,Savory Bakery,2023-01-16,41,2020-08-03,2023-01-01,True,20_Savory-Bakery,transit,0,33.0,sports,1.2424242424242424
20,Savory Bakery,2023-02-06,51,2020-08-03,2023-01-01,True,20_Savory-Bakery,transit,0,39.0,book_fair,1.3076923076923077
20,Savory Bakery,2023-04-10,38,2020-08-03,2023-01-01,True,20_Savory-Bakery,transit,0,33.5,sports,1.1343283582089552
20,Savory Bakery,2023-04-17,41,2020-08-03,2023-01-01,True,20_Savory-Bakery,transit,0,35.0,music_festival,1.1714285714285715
20,Savory Bakery,2023-06-12,46,2020-08-03,2023-01-01,True,20_Savory-Bakery,transit,0,35.0,food_festival,1.3142857142857143
20,Savory Bakery,2023-08-28,34,2020-08-03,2023-01-01,True,20_Savory-Bakery,transit,0,31.0,market,1.096774193548387
20,Savory Bakery,2023-09-04,17,2020-08-03,2023-01-01,True,20_Savory-Bakery,transit,0,31.0,cultural,0.5483870967741935
20,Savory Bakery,2023-09-11,32,2020-08-03,2023-01-01,True,20_Savory-Bakery,transit,0,31.0,market,1.032258064516129
20,Savory Bakery,2024-03-18,45,2020-08-03,2023-01-01,True,20_Savory-Bakery,transit,0,29.0,market,1.5517241379310345
20,Savory Bakery,2024-06-10,20,2020-08-03,2023-01-01,True,20_Savory-Bakery,transit,0,31.0,convention,0.6451612903225806
20,Savory Bakery,2024-08-19,23,2020-08-03,2023-01-01,True,20_Savory-Bakery,transit,0,30.0,cultural,0.7666666666666667
20,Savory Bakery,2024-09-16,18,2020-08-03,2023-01-01,True,20_Savory-Bakery,transit,0,30.0,cultural,0.6
20,Savory Bakery,2023-01-17,24,2020-08-03,2023-01-01,True,20_Savory-Bakery,transit,1,33.5,sports,0.7164179104477612
20,Savory Bakery,2023-02-07,25,2020-08-03,2023-01-01,True,20_Savory-Bakery,transit,1,34.0,cultural,0.7352941176470589
20,Savory Bakery,2023-03-21,38,2020-08-03,2023-01-01,True,20_Savory-Bakery,transit,1,29.0,cultural,1.3103448275862069
20,Savory Bakery,2023-11-07,22,2020-08-03,2023-01-01,True,20_Savory-Bakery,transit,1,25.0,sports,0.88
20,Savory Bakery,2023-12-12,39,2020-08-03,2023-01-01,True,20_Savory-Bakery,transit,1,25.0,concert,1.56
20,Savory Bakery,2023-12-19,44,2020-08-03,2023-01-01,True,20_Savory-Bakery,transit,1,26.0,market,1.6923076923076923
20,Savory Bakery,2024-02-06,32,2020-08-03,2023-01-01,True,20_Savory-Bakery,transit,1,28.0,concert,1.1428571428571428
20,Savory Bakery,2024-03-26,52,2020-08-03,2023-01-01,True,20_Savory-Bakery,transit,1,26.5,food_festival,1.9622641509433962
20,Savory Bakery,2024-10-22,40,2020-08-03,2023-01-01,True,20_Savory-Bakery,transit,1,26.0,market,1.5384615384615385
20,Savory Bakery,2024-10-29,22,2020-08-03,2023-01-01,True,20_Savory-Bakery,transit,1,26.0,market,0.8461538461538461
20,Savory Bakery,2023-02-15,48,2020-08-03,2023-01-01,True,20_Savory-Bakery,transit,2,30.5,food_festival,1.5737704918032787
20,Savory Bakery,2023-03-22,20,2020-08-03,2023-01-01,True,20_Savory-Bakery,transit,2,28.0,cultural,0.7142857142857143
20,Savory Bakery,2023-08-23,33,2020-08-03,2023-01-01,True,20_Savory-Bakery,transit,2,28.0,food_festival,1.1785714285714286
20,Savory Bakery,2023-11-01,37,2020-08-03,2023-01-01,True,20_Savory-Bakery,transit,2,27.0,food_festival,1.3703703703703705
20,Savory Bakery,2023-11-08,48,2020-08-03,2023-01-01,True,20_Savory-Bakery,transit,2,27.5,market,1.7454545454545454
20,Savory Bakery,2023-11-22,36,2020-08-03,2023-01-01,True,20_Savory-Bakery,transit,2,27.5,concert,1.309090909090909
20,Savory Bakery,2023-12-27,37,2020-08-03,2023-01-01,True,20_Savory-Bakery,transit,2,27.0,music_festival,1.3703703703703705
20,Savory Bakery,2024-01-10,27,2020-08-03,2023-01-01,True,20_Savory-Bakery,transit,2,28.0,food_festival,0.9642857142857143
20,Savory Bakery,2024-03-20,58,2020-08-03,2023-01-01,True,20_Savory-Bakery,transit,2,27.0,convention,2.1481481481481484
20,Savory Bakery,2024-04-10,74,2020-08-03,2023-01-01,True,20_Savory-Bakery,transit,2,27.5,concert,2.690909090909091
20,Savory Bakery,2024-08-28,24,2020-08-03,2023-01-01,True,20_Savory-Bakery,transit,2,25.5,music_festival,0.9411764705882353
20,Savory Bakery,2023-01-26,70,2020-08-03,2023-01-01,True,20_Savory-Bakery,transit,3,40.0,music_festival,1.75
20,Savory Bakery,2023-03-09,46,2020-08-03,2023-01-01,True,20_Savory-Bakery,transit,3,40.0,concert,1.15
20,Savory Bakery,2023-03-16,34,2020-08-03,2023-01-01,True,20_Savory-Bakery,transit,3,41.0,cultural,0.8292682926829268
20,Savory Bakery,2024-01-25,101,2020-08-03,2023-01-01,True,20_Savory-Bakery,transit,3,26.0,food_festival,3.0
20,Savory Bakery,2024-02-08,31,2020-08-03,2023-01-01,True,20_Savory-Bakery,transit,3,26.0,cultural,1.1923076923076923
20,Savory Bakery,2024-06-27,16,2020-08-03,2023-01-01,True,20_Savory-Bakery,transit,3,27.0,market,0.5925925925925926
20,Savory Bakery,2024-10-31,48,2020-08-03,2023-01-01,True,20_Savory-Bakery,transit,3,26.0,book_fair,1.8461538461538463
20,Savory Bakery,2023-01-27,45,2020-08-03,2023-01-01,True,20_Savory-Bakery,transit,4,50.0,market,0.9
20,Savory Bakery,2023-02-17,30,2020-08-03,2023-01-01,True,20_Savory-Bakery,transit,4,40.5,cultural,0.7407407407407407
20,Savory Bakery,2023-04-28,69,2020-08-03,2023-01-01,True,20_Savory-Bakery,transit,4,32.0,music_festival,2.15625
20,Savory Bakery,2023-05-12,16,2020-08-03,2023-01-01,True,20_Savory-Bakery,transit,4,34.5,cultural,0.463768115942029
20,Savory Bakery,2023-06-30,40,2020-08-03,2023-01-01,True,20_Savory-Bakery,transit,4,30.0,music_festival,1.3333333333333333
20,Savory Bakery,2023-07-14,30,2020-08-03,2023-01-01,True,20_Savory-Bakery,transit,4,30.0,convention,1.0
20,Savory Bakery,2023-07-21,34,2020-08-03,2023-01-01,True,20_Savory-Bakery,transit,4,30.0,food_festival,1.1333333333333333
20,Savory Bakery,2023-11-10,31,2020-08-03,2023-01-01,True,20_Savory-Bakery,transit,4,24.0,cultural,1.2916666666666667
20,Savory Bakery,2024-04-05,38,2020-08-03,2023-01-01,True,20_Savory-Bakery,transit,4,25.0,market,1.52
20,Savory Bakery,2024-06-28,22,2020-08-03,2023-01-01,True,20_Savory-Bakery,transit,4,26.0,sports,0.8461538461538461
20,Savory Bakery,2024-08-23,35,2020-08-03,2023-01-01,True,20_Savory-Bakery,transit,4,24.0,concert,1.4583333333333333
20,Savory Bakery,2024-10-25,59,2020-08-03,2023-01-01,True,20_Savory-Bakery,transit,4,24.5,food_festival,2.4081632653061225
20,Savory Bakery,2023-05-06,45,2020-08-03,2023-01-01,True,20_Savory-Bakery,transit,5,21.0,market,2.142857142857143
20,Savory Bakery,2023-09-09,20,2020-08-03,2023-01-01,True,20_Savory-Bakery,transit,5,20.0,music_festival,1.0
20,Savory Bakery,2023-11-11,12,2020-08-03,2023-01-01,True,20_Savory-Bakery,transit,5,19.0,cultural,0.631578947368421
20,Savory Bakery,2023-12-02,43,2020-08-03,2023-01-01,True,20_Savory-Bakery,transit,5,19.0,music_festival,2.263157894736842
20,Savory Bakery,2024-07-13,37,2020-08-03,2023-01-01,True,20_Savory-Bakery,transit,5,19.0,concert,1.9473684210526316
20,Savory Bakery,2024-10-19,19,2020-08-03,2023-01-01,True,20_Savory-Bakery,transit,5,19.0,market,1.0
20,Savory Bakery,2023-02-05,39,2020-08-03,2023-01-01,True,20_Savory-Bakery,transit,6,27.0,convention,1.4444444444444444
20,Savory Bakery,2023-06-11,33,2020-08-03,2023-01-01,True,20_Savory-Bakery,transit,6,24.0,market,1.375
20,Savory Bakery,2023-06-18,19,2020-08-03,2023-01-01,True,20_Savory-Bakery,transit,6,24.5,book_fair,0.7755102040816326
20,Savory Bakery,2023-11-12,24,2020-08-03,2023-01-01,True,20_Savory-Bakery,transit,6,19.0,market,1.263157894736842
20,Savory Bakery,2023-12-03,25,2020-08-03,2023-01-01,True,20_Savory-Bakery,transit,6,19.5,sports,1.2820512820512822
20,Savory Bakery,2023-12-10,30,2020-08-03,2023-01-01,True,20_Savory-Bakery,transit,6,20.0,cultural,1.5
20,Savory Bakery,2024-02-25,12,2020-08-03,2023-01-01,True,20_Savory-Bakery,transit,6,20.0,cultural,0.6
20,Savory Bakery,2024-07-28,31,2020-08-03,2023-01-01,True,20_Savory-Bakery,transit,6,18.5,market,1.6756756756756757
20,Savory Bakery,2024-09-29,26,2020-08-03,2023-01-01,True,20_Savory-Bakery,transit,6,19.0,food_festival,1.368421052631579
20,Tea,2023-01-16,43,2020-08-03,2023-01-01,True,20_Tea,transit,0,50.0,sports,0.86
20,Tea,2023-02-06,40,2020-08-03,2023-01-01,True,20_Tea,transit,0,52.0,book_fair,0.7692307692307693
20,Tea,2023-04-10,48,2020-08-03,2023-01-01,True,20_Tea,transit,0,40.5,sports,1.1851851851851851
20,Tea,2023-04-17,75,2020-08-03,2023-01-01,True,20_Tea,transit,0,41.0,music_festival,1.829268292682927
20,Tea,2023-06-12,59,2020-08-03,2023-01-01,True,20_Tea,transit,0,43.0,food_festival,1.372093023255814
20,Tea,2023-08-28,81,2020-08-03,2023-01-01,True,20_Tea,transit,0,40.5,market,2.0
20,Tea,2023-09-04,30,2020-08-03,2023-01-01,True,20_Tea,transit,0,41.0,cultural,0.7317073170731707
20,Tea,2023-09-11,39,2020-08-03,2023-01-01,True,20_Tea,transit,0,40.5,market,0.9629629629629629
20,Tea,2024-03-18,47,2020-08-03,2023-01-01,True,20_Tea,transit,0,40.0,market,1.175
20,Tea,2024-06-10,48,2020-08-03,2023-01-01,True,20_Tea,transit,0,42.0,convention,1.1428571428571428
20,Tea,2024-08-19,33,2020-08-03,2023-01-01,True,20_Tea,transit,0,42.0,cultural,0.7857142857142857
20,Tea,2024-09-16,13,2020-08-03,2023-01-01,True,20_Tea,transit,0,41.0,cultural,0.3170731707317073
20,Tea,2023-01-17,28,2020-08-03,2023-01-01,True,20_Tea,transit,1,49.5,sports,0.5656565656565656
20,Tea,2023-02-07,33,2020-08-03,2023-01-01,True,20_Tea,transit,1,54.0,cultural,0.6111111111111112
20,Tea,2023-03-21,31,2020-08-03,2023-01-01,True,20_Tea,transit,1,36.0,cultural,0.8611111111111112
20,Tea,2023-11-07,31,2020-08-03,2023-01-01,True,20_Tea,transit,1,35.5,sports,0.8732394366197183
20,Tea,2023-12-12,68,2020-08-03,2023-01-01,True,20_Tea,transit,1,36.0,concert,1.8888888888888888
20,Tea,2023-12-19,58,2020-08-03,2023-01-01,True,20_Tea,transit,1,36.5,market,1.5890410958904109
20,Tea,2024-02-06,51,2020-08-03,2023-01-01,True,20_Tea,transit,1,38.0,concert,1.3421052631578947
20,Tea,2024-03-26,82,2020-08-03,2023-01-01,True,20_Tea,transit,1,37.5,food_festival,2.1866666666666665
20,Tea,2024-10-22,85,2020-08-03,2023-01-01,True,20_Tea,transit,1,37.0,market,2.2972972972972974
20,Tea,2024-10-29,33,2020-08-03,2023-01-01,True,20_Tea,transit,1,37.0,market,0.8918918918918919
20,Tea,2023-02-15,81,2020-08-03,2023-01-01,True,20_Tea,transit,2,52.5,food_festival,1.542857142857143
20,Tea,2023-03-22,45,2020-08-03,2023-01-01,True,20_Tea,transit,2,49.0,cultural,0.9183673469387755
20,Tea,2023-08-23,61,2020-08-03,2023-01-01,True,20_Tea,transit,2,38.0,food_festival,1.605263157894737
20,Tea,2023-11-01,72,2020-08-03,2023-01-01,True,20_Tea,transit,2,38.0,food_festival,1.894736842105263
20,Tea,2023-11-08,79,2020-08-03,2023-01-01,True,20_Tea,transit,2,38.0,market,2.0789473684210527
20,Tea,2023-11-22,60,2020-08-03,2023-01-01,True,20_Tea,transit,2,39.5,concert,1.518987341772152
20,Tea,2023-12-27,72,2020-08-03,2023-01-01,True,20_Tea,transit,2,38.0,music_festival,1.894736842105263
20,Tea,2024-01-10,73,2020-08-03,2023-01-01,True,20_Tea,transit,2,41.0,food_festival,1.7804878048780488
20,Tea,2024-03-20,91,2020-08-03,2023-01-01,True,20_Tea,transit,2,41.0,convention,2.2195121951219514
20,Tea,2024-04-10,126,2020-08-03,2023-01-01,True,20_Tea,transit,2,41.5,concert,3.0
20,Tea,2024-08-28,33,2020-08-03,2023-01-01,True,20_Tea,transit,2,38.0,music_festival,0.868421052631579
20,Tea,2023-01-26,94,2020-08-03,2023-01-01,True,20_Tea,transit,3,65.0,music_festival,1.4461538461538461
20,Tea,2023-03-09,69,2020-08-03,2023-01-01,True,20_Tea,transit,3,60.0,concert,1.15
20,Tea,2023-03-16,45,2020-08-03,2023-01-01,True,20_Tea,transit,3,60.0,cultural,0.75
20,Tea,2024-01-25,121,2020-08-03,2023-01-01,True,20_Tea,transit,3,43.0,food_festival,2.813953488372093
20,Tea,2024-02-08,30,2020-08-03,2023-01-01,True,20_Tea,transit,3,44.0,cultural,0.6818181818181818
20,Tea,2024-06-27,29,2020-08-03,2023-01-01,True,20_Tea,transit,3,43.0,market,0.6744186046511628
20,Tea,2024-10-31,53,2020-08-03,2023-01-01,True,20_Tea,transit,3,40.0,book_fair,1.325
20,Tea,2023-01-27,88,2020-08-03,2023-01-01,True,20_Tea,transit,4,67.0,market,1.3134328358208955
20,Tea,2023-02-17,44,2020-08-03,2023-01-01,True,20_Tea,transit,4,54.5,cultural,0.8073394495412844
20,Tea,2023-04-28,126,2020-08-03,2023-01-01,True,20_Tea,transit,4,45.5,music_festival,2.769230769230769
20,Tea,2023-05-12,39,2020-08-03,2023-01-01,True,20_Tea,transit,4,48.5,cultural,0.8041237113402062
20,Tea,2023-06-30,62,2020-08-03,2023-01-01,True,20_Tea,transit,4,42.0,music_festival,1.4761904761904763
20,Tea,2023-07-14,53,2020-08-03,2023-01-01,True,20_Tea,transit,4,43.0,convention,1.2325581395348837
20,Tea,2023-07-21,58,2020-08-03,2023-01-01,True,20_Tea,transit,4,43.5,food_festival,1.3333333333333333
20,Tea,2023-11-10,40,2020-08-03,2023-01-01,True,20_Tea,transit,4,39.5,cultural,1.0126582278481013
20,Tea,2024-04-05,72,2020-08-03,2023-01-01,True,20_Tea,transit,4,42.0,market,1.7142857142857142
20,Tea,2024-06-28,33,2020-08-03,2023-01-01,True,20_Tea,transit,4,41.0,sports,0.8048780487804879
20,Tea,2024-08-23,53,2020-08-03,2023-01-01,True,20_Tea,transit,4,40.0,concert,1.325
20,Tea,2024-10-25,72,2020-08-03,2023-01-01,True,20_Tea,transit,4,40.0,food_festival,1.8
20,Tea,2023-05-06,48,2020-08-03,2023-01-01,True,20_Tea,transit,5,37.0,market,1.2972972972972974
20,Tea,2023-09-09,34,2020-08-03,2023-01-01,True,20_Tea,transit,5,30.0,music_festival,1.1333333333333333
20,Tea,2023-11-11,28,2020-08-03,2023-01-01,True,20_Tea,transit,5,30.0,cultural,0.9333333333333333
20,Tea,2023-12-02,92,2020-08-03,2023-01-01,True,20_Tea,transit,5,29.0,music_festival,3.0
20,Tea,2024-07-13,38,2020-08-03,2023-01-01,True,20_Tea,transit,5,30.0,concert,1.2666666666666666
20,Tea,2024-10-19,37,2020-08-03,2023-01-01,True,20_Tea,transit,5,30.0,market,1.2333333333333334
20,Tea,2023-02-05,53,2020-08-03,2023-01-01,True,20_Tea,transit,6,42.0,convention,1.2619047619047619
20,Tea,2023-06-11,42,2020-08-03,2023-01-01,True,20_Tea,transit,6,37.0,market,1.135135135135135
20,Tea,2023-06-18,23,2020-08-03,2023-01-01,True,20_Tea,transit,6,37.5,book_fair,0.6133333333333333
20,Tea,2023-11-12,39,2020-08-03,2023-01-01,True,20_Tea,transit,6,29.0,market,1.3448275862068966
20,Tea,2023-12-03,45,2020-08-03,2023-01-01,True,20_Tea,transit,6,29.5,sports,1.5254237288135593
20,Tea,2023-12-10,42,2020-08-03,2023-01-01,True,20_Tea,transit,6,30.0,cultural,1.4
20,Tea,2024-02-25,18,2020-08-03,2023-01-01,True,20_Tea,transit,6,30.0,cultural,0.6
20,Tea,2024-07-28,60,2020-08-03,2023-01-01,True,20_Tea,transit,6,30.0,market,2.0
20,Tea,2024-09-29,32,2020-08-03,2023-01-01,True,20_Tea,transit,6,29.0,food_festival,1.103448275862069
