store_id,category,timestamp,kaggle_event_type_category_lift_max,kaggle_event_type_category_obs_max,kaggle_event_type_store_category_lift_max,kaggle_event_type_store_category_obs_max
1,Bakery,2023-01-05,1.0,0,1.0,0
1,Bakery,2023-02-09,0.9263063063063063,4,0.9263063063063063,0
1,Bakery,2023-03-14,1.3029595015576323,16,1.6810344827586206,2
1,Bakery,2023-03-23,1.216161616161616,34,1.1859756097560976,8
1,Bakery,2023-04-05,1.2828947368421053,28,1.9060606060606062,2
1,Bakery,2023-04-14,1.318609022556391,32,1.9060606060606062,4
1,Bakery,2023-04-23,1.1272727272727272,23,1.2520833333333332,8
1,Bakery,2023-05-01,1.439252336448598,25,1.3418367346938775,4
1,Bakery,2023-05-04,1.469626168224299,26,1.5,5
1,Bakery,2023-05-12,2.3384615384615386,33,2.289855072463768,8
1,Bakery,2023-05-15,1.7015669515669516,18,1.7015669515669516,0
1,Bakery,2023-05-30,2.0784313725490198,50,2.0784313725490198,11
1,Bakery,2023-06-13,1.1393939393939394,30,1.4375,9
1,Bakery,2023-06-20,1.3888888888888888,57,1.5859106529209623,10
1,Bakery,2023-07-13,1.9918032786885247,56,2.0,15
1,Bakery,2023-07-15,1.183673469387755,39,1.2489795918367346,10
1,Bakery,2023-08-17,1.9612794612794613,66,1.8618618618618619,18
1,Bakery,2023-08-21,1.6571428571428573,37,1.6056338028169015,3
1,Bakery,2023-08-22,0.7767857142857142,40,1.9409937888198758,2
1,Bakery,2023-08-29,1.0571428571428572,52,1.3309948979591837,14
1,Bakery,2023-09-14,1.3275862068965518,87,1.3214285714285714,17
1,Bakery,2023-09-24,1.183673469387755,57,1.2489795918367346,14
1,Bakery,2023-09-26,1.6808510638297873,45,1.7287428273343766,4
1,Bakery,2023-09-29,1.3414634146341464,97,1.3975903614457832,21
1,Bakery,2023-09-30,1.1818181818181819,47,1.6392301392301392,8
1,Bakery,2023-10-03,1.945945945945946,81,1.8333333333333333,22
1,Bakery,2023-10-04,1.9473319473319473,82,1.8888888888888888,23
1,Bakery,2023-10-20,0.7781862745098038,48,1.8260869565217392,4
1,Bakery,2023-10-28,1.6689969604863224,52,1.6056338028169015,5
1,Bakery,2023-11-02,1.9541569541569541,96,1.972972972972973,28
1,Bakery,2023-11-05,1.3513513513513513,99,1.3323560767590619,20
1,Bakery,2023-11-06,1.3535539215686274,108,1.3975903614457832,23
1,Bakery,2023-11-09,1.9473319473319473,98,1.945945945945946,29
1,Bakery,2023-11-22,1.3693910256410255,116,1.4285714285714286,25
1,Bakery,2023-11-27,1.6571428571428573,57,1.6056338028169015,7
1,Bakery,2023-11-30,1.3480894687791238,108,1.3323560767590619,22
1,Bakery,2023-12-16,1.3867521367521367,112,1.395779722079259,24
1,Bakery,2023-12-19,1.394736842105263,123,1.4545454545454546,27
1,Bakery,2024-01-01,1.9612794612794613,110,1.9174174174174174,30
1,Bakery,2024-01-04,1.25,85,1.5238095238095237,21
1,Bakery,2024-01-10,1.40994623655914,120,1.467381174277726,28
1,Bakery,2024-02-04,0.9116541353383458,70,1.5295652173913044,8
1,Bakery,2024-02-13,1.2395833333333335,96,1.3559322033898304,25
1,Bakery,2024-02-15,1.4375,147,1.4545454545454546,33
1,Bakery,2024-02-20,1.438376168224299,148,1.4772727272727273,34
1,Bakery,2024-03-23,1.206420068027211,102,1.3351089588377723,26
1,Bakery,2024-04-13,1.4285714285714286,171,1.5,37
1,Bakery,2024-05-15,1.1780436312456017,114,1.3351089588377723,28
1,Bakery,2024-06-12,2.0833333333333335,154,2.0,39
1,Bakery,2024-06-17,1.4406779661016949,161,1.4482758620689655,33
1,Bakery,2024-06-19,1.4375,202,1.5,41
1,Bakery,2024-06-25,1.0,96,1.32,11
1,Bakery,2024-07-13,1.1515151515151516,109,1.4606854838709677,26
1,Bakery,2024-07-25,2.026666666666667,165,1.9174174174174174,42
1,Bakery,2024-07-31,1.3964695993275429,220,1.5,45
1,Bakery,2024-08-10,1.1128775834658189,138,1.3559322033898304,31
1,Bakery,2024-08-27,1.1428571428571428,115,1.4375,27
1,Bakery,2024-09-11,1.3846153846153846,238,1.4545454545454546,47
1,Bakery,2024-09-15,1.1471861471861473,120,1.4375,29
1,Bakery,2024-09-27,1.393939393939394,195,1.40498899486427,36
1,Bakery,2024-10-14,2.0,191,1.826086956521739,45
1,Bakery,2024-10-28,1.1176470588235294,157,1.3235294117647058,35
1,Bakery,2024-10-29,1.396969696969697,206,1.3617021276595744,39
1,Bakery,2024-11-01,1.1515151515151516,127,1.4375,31
1,Bakery,2024-11-12,0.9673611111111111,118,1.2195121951219512,15
1,Bakery,2024-11-18,1.6153846153846154,126,1.8571428571428572,17
1,Bakery,2024-11-19,0.9673611111111111,118,1.2195121951219512,15
1,Bakery,2024-12-02,1.437799043062201,106,1.8611111111111112,23
1,Bakery,2024-12-13,1.1515151515151516,127,1.4375,31
1,Chocolate & Milk,2023-01-05,1.0,0,1.0,0
1,Chocolate & Milk,2023-02-09,0.8541666666666667,4,0.8541666666666667,0
1,Chocolate & Milk,2023-03-14,1.2636363636363637,16,1.6636363636363636,2
1,Chocolate & Milk,2023-03-23,1.158675799086758,34,1.174901185770751,8
1,Chocolate & Milk,2023-04-05,1.267511177347243,28,1.8238095238095238,2
1,Chocolate & Milk,2023-04-14,1.2926136363636362,32,1.8238095238095238,4
1,Chocolate & Milk,2023-04-23,1.0344827586206897,23,1.6446020488573678,8
1,Chocolate & Milk,2023-05-01,1.3191489361702127,25,1.6875,4
1,Chocolate & Milk,2023-05-04,1.3461416322642108,26,2.0,5
1,Chocolate & Milk,2023-05-12,2.1666666666666665,33,2.2315010570824523,8
1,Chocolate & Milk,2023-05-15,1.6821052631578945,18,1.6821052631578945,0
1,Chocolate & Milk,2023-05-30,2.090909090909091,50,2.090909090909091,11
1,Chocolate & Milk,2023-06-13,1.0,30,1.6296296296296295,9
1,Chocolate & Milk,2023-06-20,1.3898305084745763,57,1.7959183673469388,10
1,Chocolate & Milk,2023-07-13,1.9383301707779887,56,1.9333333333333333,15
1,Chocolate & Milk,2023-07-15,1.2285714285714286,39,1.6875,10
1,Chocolate & Milk,2023-08-17,1.8819444444444444,66,1.778186274509804,18
1,Chocolate & Milk,2023-08-21,1.68,37,2.2439024390243905,3
1,Chocolate & Milk,2023-08-22,0.8605769230769231,40,1.3776422764227643,2
1,Chocolate & Milk,2023-08-29,1.0,52,1.537037037037037,14
1,Chocolate & Milk,2023-09-14,1.2727272727272727,87,1.6,17
1,Chocolate & Milk,2023-09-24,1.2272727272727273,57,1.5208333333333335,14
1,Chocolate & Milk,2023-09-26,1.68,45,2.3719512195121952,4
1,Chocolate & Milk,2023-09-29,1.3043478260869565,97,1.3043478260869565,21
1,Chocolate & Milk,2023-09-30,1.5294117647058822,47,1.7793478260869566,8
1,Chocolate & Milk,2023-10-03,1.864864864864865,81,1.6933404940923737,22
1,Chocolate & Milk,2023-10-04,1.8699324324324325,82,1.7551020408163265,23
1,Chocolate & Milk,2023-10-20,0.8461538461538461,48,1.6291666666666667,4
1,Chocolate & Milk,2023-10-28,1.6852425180598556,52,2.2439024390243905,5
1,Chocolate & Milk,2023-11-02,1.872983870967742,96,1.778186274509804,28
1,Chocolate & Milk,2023-11-05,1.3125,99,1.4584040747028864,20
1,Chocolate & Milk,2023-11-06,1.3416666666666668,108,1.35,23
1,Chocolate & Milk,2023-11-09,1.8819444444444444,98,1.7916666666666667,29
1,Chocolate & Milk,2023-11-22,1.3827838827838828,116,1.380952380952381,25
1,Chocolate & Milk,2023-11-27,1.6862745098039216,57,2.5,7
1,Chocolate & Milk,2023-11-30,1.317540322580645,108,1.4584040747028864,22
1,Chocolate & Milk,2023-12-16,1.317540322580645,112,1.3404605263157894,24
1,Chocolate & Milk,2023-12-19,1.4047619047619047,123,1.380952380952381,27
1,Chocolate & Milk,2024-01-01,1.9,110,1.778186274509804,30
1,Chocolate & Milk,2024-01-04,1.263157894736842,85,1.8095238095238095,21
1,Chocolate & Milk,2024-01-10,1.356818181818182,120,1.3592105263157896,28
1,Chocolate & Milk,2024-02-04,0.951530612244898,70,1.6366666666666667,8
1,Chocolate & Milk,2024-02-13,1.2679425837320575,96,1.6666666666666667,25
1,Chocolate & Milk,2024-02-15,1.4615384615384615,147,1.4666666666666666,33
1,Chocolate & Milk,2024-02-20,1.458041958041958,148,1.4666666666666666,34
1,Chocolate & Milk,2024-03-23,1.2679425837320575,102,1.5701754385964912,26
1,Chocolate & Milk,2024-04-13,1.4166666666666667,171,1.4666666666666666,37
1,Chocolate & Milk,2024-05-15,1.2342857142857144,114,1.4338118022328548,28
1,Chocolate & Milk,2024-06-12,2.0,154,1.9333333333333333,39
1,Chocolate & Milk,2024-06-17,1.3636363636363635,161,1.3125,33
1,Chocolate & Milk,2024-06-19,1.4405320813771518,202,1.4705882352941178,41
1,Chocolate & Milk,2024-06-25,0.9905660377358491,96,1.6333333333333333,11
1,Chocolate & Milk,2024-07-13,1.1428571428571428,109,1.5380952380952382,26
1,Chocolate & Milk,2024-07-25,1.9487179487179487,165,1.8799283154121862,42
1,Chocolate & Milk,2024-07-31,1.3879598662207357,220,1.4666666666666666,45
1,Chocolate & Milk,2024-08-10,1.1666666666666667,138,1.393939393939394,31
1,Chocolate & Milk,2024-08-27,1.1428571428571428,115,1.4761904761904763,27
1,Chocolate & Milk,2024-09-11,1.3827838827838828,238,1.380952380952381,47
1,Chocolate & Milk,2024-09-15,1.1520737327188941,120,1.4444444444444444,29
1,Chocolate & Milk,2024-09-27,1.2727272727272727,195,1.3125,36
1,Chocolate & Milk,2024-10-14,1.945945945945946,191,1.7916666666666667,45
1,Chocolate & Milk,2024-10-28,1.1666666666666667,157,1.393939393939394,35
1,Chocolate & Milk,2024-10-29,1.2926136363636362,206,1.3125,39
1,Chocolate & Milk,2024-11-01,1.1612903225806452,127,1.4444444444444444,31
1,Chocolate & Milk,2024-11-12,0.9430719656283566,118,1.3846153846153846,15
1,Chocolate & Milk,2024-11-18,1.6085106382978722,126,2.411764705882353,17
1,Chocolate & Milk,2024-11-19,0.9430719656283566,118,1.3846153846153846,15
1,Chocolate & Milk,2024-12-02,1.5700280112044818,106,1.96,23
1,Chocolate & Milk,2024-12-13,1.1612903225806452,127,1.4444444444444444,31
1,Coffee,2023-01-05,1.0,0,1.0,0
1,Coffee,2023-02-09,0.9284419144001687,4,0.9284419144001687,0
1,Coffee,2023-03-14,1.0262073725760876,16,1.628787878787879,2
1,Coffee,2023-03-23,1.2058823529411764,34,1.228465307412676,8
1,Coffee,2023-04-05,1.2985827528224838,28,1.4260006765136994,2
1,Coffee,2023-04-14,1.355600539811066,32,1.4864883884588318,4
1,Coffee,2023-04-23,1.103942652329749,23,1.463979561673916,8
1,Coffee,2023-05-01,1.302857142857143,25,1.5340909090909092,4
1,Coffee,2023-05-04,1.3218831168831169,26,1.7272727272727273,5
1,Coffee,2023-05-12,2.135135135135135,33,2.086547611816396,8
1,Coffee,2023-05-15,1.6958697618329817,18,1.6958697618329817,0
1,Coffee,2023-05-30,2.095617529880478,50,2.067484662576687,11
1,Coffee,2023-06-13,1.1274924719972015,30,1.495798319327731,9
1,Coffee,2023-06-20,1.4137931034482758,57,1.4818652849740932,10
1,Coffee,2023-07-13,1.9221472588185295,56,1.7207207207207207,15
1,Coffee,2023-07-15,1.1097560975609757,39,1.3664545454545454,10
1,Coffee,2023-08-17,1.67951860231272,66,1.6468046026686833,18
1,Coffee,2023-08-21,1.5225806451612902,37,1.7062937062937062,3
1,Coffee,2023-08-22,0.7608536585365854,40,1.4697001486143892,2
1,Coffee,2023-08-29,1.1030824372759858,52,1.3684868191223498,14
1,Coffee,2023-09-14,1.372168284789644,87,1.372168284789644,17
1,Coffee,2023-09-24,1.1111111111111112,57,1.3664545454545454,14
1,Coffee,2023-09-26,1.5796610169491525,45,2.0279041347002513,4
1,Coffee,2023-09-29,1.2638888888888888,97,1.4292565947242206,21
1,Coffee,2023-09-30,1.2987012987012987,47,1.5783496007098492,8
1,Coffee,2023-10-03,1.696551724137931,81,1.6468046026686833,22
1,Coffee,2023-10-04,1.703831417624521,82,1.6635514018691588,23
1,Coffee,2023-10-20,0.8128828371893411,48,1.4688198992103916,4
1,Coffee,2023-10-28,1.5893939393939394,52,1.7062937062937062,5
1,Coffee,2023-11-02,1.7540487804878049,96,1.7159159159159159,28
1,Coffee,2023-11-05,1.375,99,1.31074450411467,20
1,Coffee,2023-11-06,1.3055696202531646,108,1.4292565947242206,23
1,Coffee,2023-11-09,1.7624025219844035,98,1.7207207207207207,29
1,Coffee,2023-11-22,1.3055696202531646,116,1.4292565947242206,25
1,Coffee,2023-11-27,1.5909090909090908,57,1.9574468085106382,7
1,Coffee,2023-11-30,1.3746794871794872,108,1.3286213786213787,22
1,Coffee,2023-12-16,1.3865176640230714,112,1.3504198067304864,24
1,Coffee,2023-12-19,1.3370786516853932,123,1.4511627906976745,27
1,Coffee,2024-01-01,1.821229293809939,110,1.7585085085085086,30
1,Coffee,2024-01-04,1.2777777777777777,85,1.6408450704225352,21
1,Coffee,2024-01-10,1.4058162898697288,120,1.3717984281091078,28
1,Coffee,2024-02-04,0.9443438914027149,70,1.5366883116883117,8
1,Coffee,2024-02-13,1.2888131259322395,96,1.4078947368421053,25
1,Coffee,2024-02-15,1.3870967741935485,147,1.4540229885057472,33
1,Coffee,2024-02-20,1.387815903020341,148,1.4605358495537333,34
1,Coffee,2024-03-23,1.270288206295032,102,1.3999473684210526,26
1,Coffee,2024-04-13,1.3870967741935485,171,1.4540229885057472,37
1,Coffee,2024-05-15,1.2815481686672823,114,1.3999473684210526,28
1,Coffee,2024-06-12,1.9853695867470962,154,1.9655172413793103,39
1,Coffee,2024-06-17,1.403560830860534,161,1.3714285714285714,33
1,Coffee,2024-06-19,1.387815903020341,202,1.4540229885057472,41
1,Coffee,2024-06-25,0.9443438914027149,96,1.4642857142857142,11
1,Coffee,2024-07-13,1.141025641025641,109,1.486360698125404,26
1,Coffee,2024-07-25,1.9285714285714286,165,1.9339859731151372,42
1,Coffee,2024-07-31,1.375157926888528,220,1.4292565947242206,45
1,Coffee,2024-08-10,1.2020149253731343,138,1.4078947368421053,31
1,Coffee,2024-08-27,1.140625,115,1.476923076923077,27
1,Coffee,2024-09-11,1.3564079465174719,238,1.4,47
1,Coffee,2024-09-15,1.1408253205128205,120,1.476923076923077,29
1,Coffee,2024-09-27,1.3518518518518519,195,1.3402615902615902,36
1,Coffee,2024-10-14,1.9101123595505618,191,1.8508771929824561,45
1,Coffee,2024-10-28,1.1636363636363636,157,1.392,35
1,Coffee,2024-10-29,1.3663865546218488,206,1.3286713286713288,39
1,Coffee,2024-11-01,1.141025641025641,127,1.4672131147540983,31
1,Coffee,2024-11-12,0.9365204888569374,118,1.4104477611940298,15
1,Coffee,2024-11-18,1.5176194365046958,126,1.9574468085106382,17
1,Coffee,2024-11-19,0.9365204888569374,118,1.4104477611940298,15
1,Coffee,2024-12-02,1.4754983851208374,106,2.049586776859504,23
1,Coffee,2024-12-13,1.141025641025641,127,1.4672131147540983,31
1,Juice & Smoothie,2023-01-05,1.0,0,1.0,0
1,Juice & Smoothie,2023-02-09,1.0431547619047619,4,1.0431547619047619,0
1,Juice & Smoothie,2023-03-14,1.0833333333333335,16,2.4166666666666665,2
1,Juice & Smoothie,2023-03-23,1.25625,34,1.2118055555555556,8
1,Juice & Smoothie,2023-04-05,1.4112554112554112,28,1.6523809523809523,2
1,Juice & Smoothie,2023-04-14,1.4741379310344827,32,1.6523809523809523,4
1,Juice & Smoothie,2023-04-23,1.3333333333333333,23,1.2916666666666665,8
1,Juice & Smoothie,2023-05-01,1.2222222222222223,25,1.9166666666666665,4
1,Juice & Smoothie,2023-05-04,1.2777777777777777,26,2.0,5
1,Juice & Smoothie,2023-05-12,2.25,33,2.6830357142857144,8
1,Juice & Smoothie,2023-05-15,1.8612836438923397,18,1.8612836438923397,0
1,Juice & Smoothie,2023-05-30,2.1538461538461537,50,2.25,11
1,Juice & Smoothie,2023-06-13,1.2916666666666665,30,1.25,9
1,Juice & Smoothie,2023-06-20,1.5,57,1.5098522167487685,10
1,Juice & Smoothie,2023-07-13,2.1180555555555554,56,2.1538461538461537,15
1,Juice & Smoothie,2023-07-15,1.2173913043478262,39,1.8666666666666667,10
1,Juice & Smoothie,2023-08-17,2.0,66,2.0769230769230766,18
1,Juice & Smoothie,2023-08-21,1.5294117647058822,37,1.25,3
1,Juice & Smoothie,2023-08-22,0.7840909090909092,40,1.4702380952380953,2
1,Juice & Smoothie,2023-08-29,1.1483516483516483,52,1.2019230769230769,14
1,Juice & Smoothie,2023-09-14,1.4,87,1.2727272727272727,17
1,Juice & Smoothie,2023-09-24,1.1764705882352942,57,1.75,14
1,Juice & Smoothie,2023-09-26,1.8095238095238095,45,1.3068181818181817,4
1,Juice & Smoothie,2023-09-29,1.5,97,1.7647058823529411,21
1,Juice & Smoothie,2023-09-30,1.0666666666666667,47,2.285,8
1,Juice & Smoothie,2023-10-03,1.9090909090909092,81,1.871212121212121,22
1,Juice & Smoothie,2023-10-04,1.9545454545454546,82,1.9090909090909092,23
1,Juice & Smoothie,2023-10-20,0.8376623376623377,48,1.6785714285714286,4
1,Juice & Smoothie,2023-10-28,1.63125,52,1.3636363636363635,5
1,Juice & Smoothie,2023-11-02,2.0,96,1.9545454545454546,28
1,Juice & Smoothie,2023-11-05,1.4444444444444444,99,1.2225705329153604,20
1,Juice & Smoothie,2023-11-06,1.513157894736842,108,1.7647058823529411,23
1,Juice & Smoothie,2023-11-09,2.0,98,1.9090909090909092,29
1,Juice & Smoothie,2023-11-22,1.513157894736842,116,1.625,25
1,Juice & Smoothie,2023-11-27,1.7,57,1.7,7
1,Juice & Smoothie,2023-11-30,1.4248120300751879,108,1.2272727272727273,22
1,Juice & Smoothie,2023-12-16,1.4248120300751879,112,1.2272727272727273,24
1,Juice & Smoothie,2023-12-19,1.565217391304348,123,1.7647058823529411,27
1,Juice & Smoothie,2024-01-01,2.0,110,1.871212121212121,30
1,Juice & Smoothie,2024-01-04,1.2727272727272727,85,1.8333333333333333,21
1,Juice & Smoothie,2024-01-10,1.4741379310344827,120,1.303030303030303,28
1,Juice & Smoothie,2024-02-04,1.0,70,1.8831168831168832,8
1,Juice & Smoothie,2024-02-13,1.2792207792207793,96,1.6666666666666667,25
1,Juice & Smoothie,2024-02-15,1.5714285714285714,147,1.7142857142857142,33
1,Juice & Smoothie,2024-02-20,1.5714285714285714,148,1.7394957983193278,34
1,Juice & Smoothie,2024-03-23,1.2696969696969695,102,1.6458333333333335,26
1,Juice & Smoothie,2024-04-13,1.5714285714285714,171,1.7142857142857142,37
1,Juice & Smoothie,2024-05-15,1.2857142857142858,114,1.6458333333333335,28
1,Juice & Smoothie,2024-06-12,2.142857142857143,154,2.1538461538461537,39
1,Juice & Smoothie,2024-06-17,1.4146341463414633,161,1.2727272727272727,33
1,Juice & Smoothie,2024-06-19,1.5714285714285714,202,1.7647058823529411,41
1,Juice & Smoothie,2024-06-25,1.0,96,1.8571428571428572,11
1,Juice & Smoothie,2024-07-13,1.1428571428571428,109,1.2019230769230769,26
1,Juice & Smoothie,2024-07-25,2.1095890410958904,165,2.03125,42
1,Juice & Smoothie,2024-07-31,1.535885167464115,220,1.6923076923076923,45
1,Juice & Smoothie,2024-08-10,1.2198067632850242,138,1.6666666666666667,31
1,Juice & Smoothie,2024-08-27,1.1538461538461537,115,1.25,27
1,Juice & Smoothie,2024-09-11,1.5,238,1.625,47
1,Juice & Smoothie,2024-09-15,1.1483516483516483,120,1.1538461538461537,29
1,Juice & Smoothie,2024-09-27,1.4,195,1.303030303030303,36
1,Juice & Smoothie,2024-10-14,2.1095890410958904,191,2.0,45
1,Juice & Smoothie,2024-10-28,1.2307692307692308,157,1.6666666666666667,35
1,Juice & Smoothie,2024-10-29,1.4073170731707316,206,1.25,39
1,Juice & Smoothie,2024-11-01,1.1666666666666667,127,1.25,31
1,Juice & Smoothie,2024-11-12,0.9198717948717949,118,1.5,15
1,Juice & Smoothie,2024-11-18,1.5539772727272727,126,1.8461538461538463,17
1,Juice & Smoothie,2024-11-19,0.9198717948717949,118,1.5,15
1,Juice & Smoothie,2024-12-02,1.6189516129032258,106,2.272727272727273,23
1,Juice & Smoothie,2024-12-13,1.1666666666666667,127,1.25,31
1,Merchandise,2023-01-05,1.0,0,1.0,0
1,Merchandise,2023-02-09,0.5833333333333333,4,0.5833333333333333,0
1,Merchandise,2023-03-14,1.3333333333333333,16,1.5238095238095237,2
1,Merchandise,2023-03-23,1.1009615384615383,34,0.8006535947712419,8
1,Merchandise,2023-04-05,1.3333333333333333,28,1.8461538461538463,2
1,Merchandise,2023-04-14,1.2666666666666666,32,1.8461538461538463,4
1,Merchandise,2023-04-23,1.0,23,1.3,8
1,Merchandise,2023-05-01,1.5,25,1.4848484848484849,4
1,Merchandise,2023-05-04,1.5681818181818183,26,1.6363636363636365,5
1,Merchandise,2023-05-12,2.25,33,2.3888888888888893,8
1,Merchandise,2023-05-15,1.925213675213675,18,1.925213675213675,0
1,Merchandise,2023-05-30,2.0,50,2.3333333333333335,11
1,Merchandise,2023-06-13,0.7987117552334944,30,1.0,9
1,Merchandise,2023-06-20,1.4444444444444444,57,1.8461538461538463,10
1,Merchandise,2023-07-13,1.8875,56,2.0,15
1,Merchandise,2023-07-15,1.3333333333333333,39,1.3166666666666667,10
1,Merchandise,2023-08-17,1.7695652173913043,66,1.6306818181818183,18
1,Merchandise,2023-08-21,1.8095238095238095,37,2.0,3
1,Merchandise,2023-08-22,0.7638888888888888,40,1.6214285714285714,2
1,Merchandise,2023-08-29,0.8991596638655461,52,1.0714285714285714,14
1,Merchandise,2023-09-14,1.3333333333333333,87,1.2857142857142858,17
1,Merchandise,2023-09-24,1.3333333333333333,57,1.3166666666666667,14
1,Merchandise,2023-09-26,1.8095238095238095,45,2.333333333333333,4
1,Merchandise,2023-09-29,1.3333333333333333,97,1.375,21
1,Merchandise,2023-09-30,1.25,47,1.6666666666666667,8
1,Merchandise,2023-10-03,1.8571428571428572,81,1.6306818181818183,22
1,Merchandise,2023-10-04,1.8571428571428572,82,1.6363636363636365,23
1,Merchandise,2023-10-20,0.7638888888888888,48,1.1547619047619047,4
1,Merchandise,2023-10-28,1.7797619047619047,52,2.0,5
1,Merchandise,2023-11-02,1.8047619047619048,96,1.8333333333333335,28
1,Merchandise,2023-11-05,1.3636363636363635,99,1.2261904761904763,20
1,Merchandise,2023-11-06,1.3541666666666665,108,1.4736842105263157,23
1,Merchandise,2023-11-09,1.8333333333333335,98,1.8571428571428572,29
1,Merchandise,2023-11-22,1.3541666666666665,116,1.4736842105263157,25
1,Merchandise,2023-11-27,1.8095238095238095,57,2.2,7
1,Merchandise,2023-11-30,1.4,108,1.2857142857142858,22
1,Merchandise,2023-12-16,1.4285714285714286,112,1.2857142857142858,24
1,Merchandise,2023-12-19,1.4,123,1.4736842105263157,27
1,Merchandise,2024-01-01,1.8660714285714286,110,1.8452380952380953,30
1,Merchandise,2024-01-04,1.3333333333333333,85,1.4736842105263157,21
1,Merchandise,2024-01-10,1.4285714285714286,120,1.2857142857142858,28
1,Merchandise,2024-02-04,0.8585526315789473,70,1.6306818181818183,8
1,Merchandise,2024-02-13,1.3958333333333335,96,1.4736842105263157,25
1,Merchandise,2024-02-15,1.4736842105263157,147,1.4285714285714286,33
1,Merchandise,2024-02-20,1.486842105263158,148,1.4511278195488722,34
1,Merchandise,2024-03-23,1.3639705882352942,102,1.555023923444976,26
1,Merchandise,2024-04-13,1.4285714285714286,171,1.4736842105263157,37
1,Merchandise,2024-05-15,1.343137254901961,114,1.555023923444976,28
1,Merchandise,2024-06-12,2.130252100840336,154,2.142857142857143,39
1,Merchandise,2024-06-17,1.4285714285714286,161,1.2857142857142858,33
1,Merchandise,2024-06-19,1.4511278195488722,202,1.5,41
1,Merchandise,2024-06-25,1.0,96,1.3333333333333333,11
1,Merchandise,2024-07-13,1.0769230769230769,109,1.1666666666666667,26
1,Merchandise,2024-07-25,2.0,165,2.0588235294117645,42
1,Merchandise,2024-07-31,1.4,220,1.4736842105263157,45
1,Merchandise,2024-08-10,1.2678571428571428,138,1.6363636363636365,31
1,Merchandise,2024-08-27,1.0,115,1.1666666666666667,27
1,Merchandise,2024-09-11,1.375,238,1.4285714285714286,47
1,Merchandise,2024-09-15,1.0,120,1.2222222222222223,29
1,Merchandise,2024-09-27,1.3333333333333333,195,1.2428571428571429,36
1,Merchandise,2024-10-14,2.0,191,1.8571428571428572,45
1,Merchandise,2024-10-28,1.25,157,1.4285714285714286,35
1,Merchandise,2024-10-29,1.3484848484848484,206,1.2,39
1,Merchandise,2024-11-01,1.0,127,1.2222222222222223,31
1,Merchandise,2024-11-12,1.0,118,1.25,15
1,Merchandise,2024-11-18,1.6125,126,1.75,17
1,Merchandise,2024-11-19,1.0,118,1.25,15
1,Merchandise,2024-12-02,1.4476190476190476,106,1.7777777777777777,23
1,Merchandise,2024-12-13,1.0,127,1.2222222222222223,31
1,Savory Bakery,2023-01-05,1.0,0,1.0,0
1,Savory Bakery,2023-02-09,1.1313131313131313,4,1.1313131313131313,0
1,Savory Bakery,2023-03-14,1.0320422535211269,16,1.4206730769230769,2
1,Savory Bakery,2023-03-23,1.2652129817444218,34,1.1622718052738337,8
1,Savory Bakery,2023-04-05,1.2999092558983665,28,1.3787185354691076,2
1,Savory Bakery,2023-04-14,1.3173345759552655,32,1.447123287671233,4
1,Savory Bakery,2023-04-23,1.3636363636363635,23,1.4029268292682926,8
1,Savory Bakery,2023-05-01,1.1538461538461537,25,1.2435897435897436,4
1,Savory Bakery,2023-05-04,1.1981351981351982,26,1.3333333333333333,5
1,Savory Bakery,2023-05-12,2.210526315789474,33,2.1724598930481283,8
1,Savory Bakery,2023-05-15,1.6644736842105263,18,1.6644736842105263,0
1,Savory Bakery,2023-05-30,2.0232558139534884,50,1.95,11
1,Savory Bakery,2023-06-13,1.3647450110864745,30,1.44,9
1,Savory Bakery,2023-06-20,1.358974358974359,57,1.593210244192972,10
1,Savory Bakery,2023-07-13,1.9609154929577466,56,1.7352941176470589,15
1,Savory Bakery,2023-07-15,1.05,39,1.2065527065527064,10
1,Savory Bakery,2023-08-17,1.7467948717948718,66,1.6777777777777778,18
1,Savory Bakery,2023-08-21,1.5151515151515151,37,1.7313432835820894,3
1,Savory Bakery,2023-08-22,0.7860411899313502,40,1.58125,2
1,Savory Bakery,2023-08-29,1.194331983805668,52,1.4029268292682926,14
1,Savory Bakery,2023-09-14,1.358974358974359,87,1.36,17
1,Savory Bakery,2023-09-24,1.0769230769230769,57,1.262962962962963,14
1,Savory Bakery,2023-09-26,1.5483870967741935,45,1.952628163530175,4
1,Savory Bakery,2023-09-29,1.3623188405797102,97,1.4246575342465753,21
1,Savory Bakery,2023-09-30,1.1515151515151516,47,1.5694444444444444,8
1,Savory Bakery,2023-10-03,1.7435897435897436,81,1.6777777777777778,22
1,Savory Bakery,2023-10-04,1.7467948717948718,82,1.6888888888888889,23
1,Savory Bakery,2023-10-20,0.7860411899313502,48,1.6595197255574614,4
1,Savory Bakery,2023-10-28,1.5536053130929792,52,1.9069767441860466,5
1,Savory Bakery,2023-11-02,1.8903903903903903,96,1.7060185185185186,28
1,Savory Bakery,2023-11-05,1.368421052631579,99,1.3527272727272728,20
1,Savory Bakery,2023-11-06,1.3816526610644257,108,1.4246575342465753,23
1,Savory Bakery,2023-11-09,1.8903903903903903,98,1.7037037037037037,29
1,Savory Bakery,2023-11-22,1.3816526610644257,116,1.4246575342465753,25
1,Savory Bakery,2023-11-27,1.5588235294117647,57,1.9069767441860466,7
1,Savory Bakery,2023-11-30,1.3594871794871795,108,1.3527272727272728,22
1,Savory Bakery,2023-12-16,1.3717105263157894,112,1.3675000000000002,24
1,Savory Bakery,2023-12-19,1.411764705882353,123,1.441860465116279,27
1,Savory Bakery,2024-01-01,1.9486842105263158,110,1.7060185185185186,30
1,Savory Bakery,2024-01-04,1.1538461538461537,85,1.3636363636363635,21
1,Savory Bakery,2024-01-10,1.4093023255813955,120,1.3996212121212122,28
1,Savory Bakery,2024-02-04,0.906158357771261,70,1.6595197255574614,8
1,Savory Bakery,2024-02-13,1.2365967365967365,96,1.368421052631579,25
1,Savory Bakery,2024-02-15,1.441860465116279,147,1.457142857142857,33
1,Savory Bakery,2024-02-20,1.4415184678522572,148,1.4495016611295681,34
1,Savory Bakery,2024-03-23,1.252818035426731,102,1.3660287081339713,26
1,Savory Bakery,2024-04-13,1.4545454545454546,171,1.469387755102041,37
1,Savory Bakery,2024-05-15,1.252818035426731,114,1.3660287081339713,28
1,Savory Bakery,2024-06-12,2.033605928954766,154,1.8918918918918919,39
1,Savory Bakery,2024-06-17,1.4939759036144578,161,1.4285714285714286,33
1,Savory Bakery,2024-06-19,1.4545454545454546,202,1.469387755102041,41
1,Savory Bakery,2024-06-25,0.906158357771261,96,1.5454545454545454,11
1,Savory Bakery,2024-07-13,1.2328767123287672,109,1.5533333333333332,26
1,Savory Bakery,2024-07-25,2.0,165,1.83015873015873,42
1,Savory Bakery,2024-07-31,1.418211120064464,220,1.469387755102041,45
1,Savory Bakery,2024-08-10,1.1498397435897436,138,1.368421052631579,31
1,Savory Bakery,2024-08-27,1.2328767123287672,115,1.44,27
1,Savory Bakery,2024-09-11,1.396969696969697,238,1.457142857142857,47
1,Savory Bakery,2024-09-15,1.2264957264957266,120,1.4166666666666667,29
1,Savory Bakery,2024-09-27,1.4,195,1.3996212121212122,36
1,Savory Bakery,2024-10-14,2.0,191,1.7352941176470589,45
1,Savory Bakery,2024-10-28,1.1343283582089552,157,1.368421052631579,35
1,Savory Bakery,2024-10-29,1.4264069264069263,206,1.375,39
1,Savory Bakery,2024-11-01,1.2328767123287672,127,1.4166666666666667,31
1,Savory Bakery,2024-11-12,0.9145454545454546,118,1.0952380952380953,15
1,Savory Bakery,2024-11-18,1.4861111111111112,126,2.111111111111111,17
1,Savory Bakery,2024-11-19,0.9145454545454546,118,1.0952380952380953,15
1,Savory Bakery,2024-12-02,1.523671096345515,106,2.0416666666666665,23
1,Savory Bakery,2024-12-13,1.2328767123287672,127,1.4166666666666667,31
1,Tea,2023-01-05,1.0,0,1.0,0
1,Tea,2023-02-09,1.130952380952381,4,1.130952380952381,0
1,Tea,2023-03-14,1.197641509433962,16,2.0374358974358975,2
1,Tea,2023-03-23,1.2259158751696067,34,1.1124312431243124,8
1,Tea,2023-04-05,1.2898073022312373,28,1.7584766584766585,2
1,Tea,2023-04-14,1.3380365659777425,32,1.6620629370629372,4
1,Tea,2023-04-23,1.1686746987951808,23,1.39499238385377,8
1,Tea,2023-05-01,1.3055555555555556,25,1.6512820512820512,4
1,Tea,2023-05-04,1.3573232323232323,26,1.794871794871795,5
1,Tea,2023-05-12,2.2882882882882885,33,2.310810810810811,8
1,Tea,2023-05-15,1.6764705882352942,18,1.6764705882352942,0
1,Tea,2023-05-30,2.0925925925925926,50,2.2653061224489797,11
1,Tea,2023-06-13,1.134415064102564,30,1.4038461538461537,9
1,Tea,2023-06-20,1.4054054054054055,57,2.0086538461538463,10
1,Tea,2023-07-13,2.0414454879542667,56,2.0925925925925926,15
1,Tea,2023-07-15,1.15,39,1.57123745819398,10
1,Tea,2023-08-17,1.9327485380116958,66,2.027295918367347,18
1,Tea,2023-08-21,1.5670103092783505,37,1.9787234042553192,3
1,Tea,2023-08-22,0.7234848484848485,40,1.4067958081930771,2
1,Tea,2023-08-29,1.1546498493975905,52,1.39499238385377,14
1,Tea,2023-09-14,1.2873563218390804,87,1.0731707317073171,17
1,Tea,2023-09-24,1.1851851851851851,57,1.564957264957265,14
1,Tea,2023-09-26,1.5670103092783505,45,1.7262038073908175,4
1,Tea,2023-09-29,1.3134328358208955,97,1.46,21
1,Tea,2023-09-30,1.1818181818181819,47,1.6572093023255814,8
1,Tea,2023-10-03,1.858974358974359,81,1.7105263157894737,22
1,Tea,2023-10-04,1.8900134952766532,82,1.9210526315789473,23
1,Tea,2023-10-20,0.7593103448275862,48,1.4104403760514597,4
1,Tea,2023-10-28,1.661904761904762,52,1.6571428571428573,5
1,Tea,2023-11-02,1.891812865497076,96,1.904970760233918,28
1,Tea,2023-11-05,1.337837837837838,99,1.0583244962884413,20
1,Tea,2023-11-06,1.321969696969697,108,1.3770491803278688,23
1,Tea,2023-11-09,1.891812865497076,98,1.9210526315789473,29
1,Tea,2023-11-22,1.339080459770115,116,1.46,25
1,Tea,2023-11-27,1.6571428571428573,57,1.6571428571428573,7
1,Tea,2023-11-30,1.3125970798384592,108,1.0603948896631823,22
1,Tea,2023-12-16,1.3381317315658658,112,1.1794425087108014,24
1,Tea,2023-12-19,1.4,123,1.58,27
1,Tea,2024-01-01,1.9494949494949494,110,1.9503222341568205,30
1,Tea,2024-01-04,1.2452830188679245,85,1.6347826086956523,21
1,Tea,2024-01-10,1.3844574780058652,120,1.270764119601329,28
1,Tea,2024-02-04,0.8627320954907162,70,1.518321513002364,8
1,Tea,2024-02-13,1.2615303983228512,96,1.6347826086956523,25
1,Tea,2024-02-15,1.4246575342465753,147,1.58,33
1,Tea,2024-02-20,1.4316270127373227,148,1.5803225806451613,34
1,Tea,2024-03-23,1.2515074888154056,102,1.6285024154589371,26
1,Tea,2024-04-13,1.46,171,1.58,37
1,Tea,2024-05-15,1.2817460317460316,114,1.6285024154589371,28
1,Tea,2024-06-12,2.0564387917329094,154,2.0588235294117645,39
1,Tea,2024-06-17,1.4054054054054055,161,1.2857142857142858,33
1,Tea,2024-06-19,1.4597297297297298,202,1.4883720930232558,41
1,Tea,2024-06-25,0.9128787878787878,96,1.425531914893617,11
1,Tea,2024-07-13,1.1818181818181819,109,1.5243852459016394,26
1,Tea,2024-07-25,2.032258064516129,165,1.989795918367347,42
1,Tea,2024-07-31,1.4316270127373227,220,1.4883720930232558,45
1,Tea,2024-08-10,1.1967754467754468,138,1.6347826086956523,31
1,Tea,2024-08-27,1.162162162162162,115,1.475,27
1,Tea,2024-09-11,1.4180734856007944,238,1.46,47
1,Tea,2024-09-15,1.1654184304786714,120,1.475,29
1,Tea,2024-09-27,1.3076923076923077,195,1.3294243070362475,36
1,Tea,2024-10-14,2.0,191,1.956043956043956,45
1,Tea,2024-10-28,1.196969696969697,157,1.6347826086956523,35
1,Tea,2024-10-29,1.3227650727650728,206,1.255813953488372,39
1,Tea,2024-11-01,1.1686746987951808,127,1.4411764705882353,31
1,Tea,2024-11-12,0.9028213166144201,118,1.3953488372093024,15
1,Tea,2024-11-18,1.5025773195876289,126,1.8148148148148149,17
1,Tea,2024-11-19,0.9028213166144201,118,1.3953488372093024,15
1,Tea,2024-12-02,1.5322209436133487,106,1.8545454545454545,23
1,Tea,2024-12-13,1.1686746987951808,127,1.4411764705882353,31
2,Bakery,2023-01-13,1.0,0,1.0,0
2,Bakery,2023-01-15,2.4075462268865566,2,2.4075462268865566,0
2,Bakery,2023-01-21,0.7999231950844854,6,0.7999231950844854,0
2,Bakery,2023-01-28,0.631578947368421,1,0.631578947368421,0
2,Bakery,2023-02-07,2.108695652173913,8,3.0,1
2,Bakery,2023-04-02,1.2323232323232323,43,1.439252336448598,5
2,Bakery,2023-04-05,2.0,21,2.38542029996512,4
2,Bakery,2023-04-16,2.108695652173913,26,2.7872340425531914,5
2,Bakery,2023-04-23,1.318609022556391,36,1.360268976521541,6
2,Bakery,2023-05-17,1.3944444444444444,46,1.6329113924050633,11
2,Bakery,2023-05-21,1.2695652173913043,53,1.4591219665436268,10
2,Bakery,2023-05-22,1.3888888888888888,49,1.6298885320234273,12
2,Bakery,2023-05-25,1.1515151515151516,27,1.1695075757575757,6
2,Bakery,2023-06-14,2.0,51,3.0,9
2,Bakery,2023-06-15,1.4,55,1.6329113924050633,13
2,Bakery,2023-07-17,1.9836065573770492,57,2.8936170212765955,10
2,Bakery,2023-07-23,0.8947368421052632,33,0.5185185185185185,3
2,Bakery,2023-07-26,1.1724137931034482,41,1.3342095015576323,4
2,Bakery,2023-07-31,1.318609022556391,72,1.6298885320234273,14
2,Bakery,2023-08-03,1.333128078817734,74,1.626865671641791,15
2,Bakery,2023-08-06,1.1818181818181819,37,1.5945945945945945,7
2,Bakery,2023-08-20,1.3214285714285714,79,1.6242436466317063,18
2,Bakery,2023-08-30,1.3414634146341464,85,1.4169945892769307,16
2,Bakery,2023-09-05,1.3214285714285714,83,1.5902225755166932,20
2,Bakery,2023-09-06,1.6689969604863224,40,1.8103448275862069,7
2,Bakery,2023-09-15,1.1780436312456017,54,1.244212962962963,6
2,Bakery,2023-09-27,0.7916666666666666,43,0.5185185185185185,5
2,Bakery,2023-10-14,1.335434894493052,92,1.6062653562653564,22
2,Bakery,2023-10-24,1.0666666666666667,60,1.1741474788691344,14
2,Bakery,2023-10-26,1.0666666666666667,61,1.1702127659574468,15
2,Bakery,2023-11-18,1.6689969604863224,104,1.8157894736842106,26
2,Bakery,2023-12-02,0.7923850574712643,58,0.5684210526315789,11
2,Bakery,2024-01-08,1.2546296296296298,88,1.2708333333333333,13
2,Bakery,2024-01-12,1.4166666666666667,121,1.6298885320234273,28
2,Bakery,2024-01-20,1.439252336448598,139,1.507788481246157,30
2,Bakery,2024-02-02,1.6981132075471699,67,2.0949612403100772,16
2,Bakery,2024-02-08,0.9285714285714286,71,0.609349593495935,16
2,Bakery,2024-02-17,1.1666666666666667,81,1.1741474788691344,20
2,Bakery,2024-04-01,1.716117216117216,74,2.1666666666666665,19
2,Bakery,2024-04-17,0.9116541353383458,82,0.6893939393939394,20
2,Bakery,2024-04-29,1.4444444444444444,149,1.6242436466317063,30
2,Bakery,2024-05-06,1.488888888888889,85,1.532051282051282,18
2,Bakery,2024-05-23,2.088235294117647,148,2.5714285714285716,27
2,Bakery,2024-05-29,1.4529364440868866,194,1.5365853658536586,41
2,Bakery,2024-06-02,2.0941176470588236,150,2.6097560975609757,29
2,Bakery,2024-06-16,1.4444444444444444,159,1.6298885320234273,34
2,Bakery,2024-07-05,1.1379310344827587,129,1.2708333333333333,17
2,Bakery,2024-07-06,1.1359758265197297,130,1.2650462962962963,18
2,Bakery,2024-07-08,1.1532223644899702,108,1.1532223644899702,24
2,Bakery,2024-07-12,1.6874201787994891,100,2.1666666666666665,23
2,Bakery,2024-07-18,1.393939393939394,175,1.607685810810811,38
2,Bakery,2024-07-27,2.023859649122807,166,2.5714285714285716,32
2,Bakery,2024-08-17,1.3846153846153846,229,1.4643000804505228,52
2,Bakery,2024-08-20,1.4639175257731958,97,1.564102564102564,19
2,Bakery,2024-08-28,2.0,172,2.5238095238095237,35
2,Bakery,2024-09-17,1.3846153846153846,240,1.4643000804505228,54
2,Bakery,2024-09-30,2.0,186,2.4689102564102563,38
2,Bakery,2024-10-03,2.0,188,2.5128205128205128,39
2,Bakery,2024-10-07,1.1532223644899702,124,1.1532223644899702,26
2,Bakery,2024-10-17,2.0,193,2.4689102564102563,40
2,Bakery,2024-10-31,0.9527777777777777,116,0.7454545454545455,31
2,Bakery,2024-11-01,1.6153846153846154,126,2.183673469387755,29
2,Bakery,2024-11-19,1.393939393939394,207,1.6216216216216217,47
2,Bakery,2024-12-08,1.380952380952381,259,1.439252336448598,57
2,Bakery,2024-12-29,2.028169014084507,199,2.5128205128205128,41
2,Chocolate & Milk,2023-01-13,1.0,0,1.0,0
2,Chocolate & Milk,2023-01-15,2.6488095238095237,2,2.6488095238095237,0
2,Chocolate & Milk,2023-01-21,1.1056962025316457,6,1.1056962025316457,0
2,Chocolate & Milk,2023-01-28,1.0,1,1.0,0
2,Chocolate & Milk,2023-02-07,2.4404761904761907,8,3.0,1
2,Chocolate & Milk,2023-04-02,1.1666666666666667,43,1.5873015873015872,5
2,Chocolate & Milk,2023-04-05,2.16,21,2.488372093023256,4
2,Chocolate & Milk,2023-04-16,2.2660465116279074,26,2.5238095238095237,5
2,Chocolate & Milk,2023-04-23,1.2926136363636362,36,1.6741666666666666,6
2,Chocolate & Milk,2023-05-17,1.343108504398827,46,1.7083333333333333,11
2,Chocolate & Milk,2023-05-21,1.3043478260869565,53,1.5867542419266556,10
2,Chocolate & Milk,2023-05-22,1.3636363636363635,49,1.6950757575757576,12
2,Chocolate & Milk,2023-05-25,1.0,27,0.9082101806239737,6
2,Chocolate & Milk,2023-06-14,1.9767441860465116,51,3.0,9
2,Chocolate & Milk,2023-06-15,1.5217391304347827,55,1.7083333333333333,13
2,Chocolate & Milk,2023-07-17,1.935483870967742,57,2.761904761904762,10
2,Chocolate & Milk,2023-07-23,0.875,33,0.42857142857142855,3
2,Chocolate & Milk,2023-07-26,1.2285714285714286,41,1.4079365079365078,4
2,Chocolate & Milk,2023-07-31,1.2561475409836067,72,1.6950757575757576,14
2,Chocolate & Milk,2023-08-03,1.2561475409836067,74,1.6818181818181819,15
2,Chocolate & Milk,2023-08-06,1.4545454545454546,37,1.7272727272727273,7
2,Chocolate & Milk,2023-08-20,1.2622950819672132,79,1.7083333333333333,18
2,Chocolate & Milk,2023-08-30,1.3043478260869565,85,1.537777777777778,16
2,Chocolate & Milk,2023-09-05,1.25,83,1.7083333333333333,20
2,Chocolate & Milk,2023-09-06,1.666923076923077,40,1.7,7
2,Chocolate & Milk,2023-09-15,1.227922077922078,54,1.0398176291793313,6
2,Chocolate & Milk,2023-09-27,0.8461538461538461,43,0.42857142857142855,5
2,Chocolate & Milk,2023-10-14,1.2926136363636362,92,1.6950757575757576,22
2,Chocolate & Milk,2023-10-24,1.0529556650246306,60,1.0172413793103448,14
2,Chocolate & Milk,2023-10-26,1.0344827586206897,61,1.0,15
2,Chocolate & Milk,2023-11-18,1.6931372549019608,104,2.0952380952380953,26
2,Chocolate & Milk,2023-12-02,0.875,58,0.5925925925925926,11
2,Chocolate & Milk,2024-01-08,1.2679425837320575,88,1.2285714285714286,13
2,Chocolate & Milk,2024-01-12,1.35,121,1.7083333333333333,28
2,Chocolate & Milk,2024-01-20,1.4666666666666666,139,1.5867542419266556,30
2,Chocolate & Milk,2024-02-02,1.7619047619047619,67,2.2807692307692307,16
2,Chocolate & Milk,2024-02-08,0.9642857142857143,71,0.7575000000000001,16
2,Chocolate & Milk,2024-02-17,1.1612903225806452,81,1.1827012025901942,20
2,Chocolate & Milk,2024-04-01,1.7947368421052632,74,2.4615384615384617,19
2,Chocolate & Milk,2024-04-17,0.9727088948787062,82,0.8903301886792453,20
2,Chocolate & Milk,2024-04-29,1.368421052631579,149,1.7083333333333333,30
2,Chocolate & Milk,2024-05-06,1.608695652173913,85,1.6556383970177073,18
2,Chocolate & Milk,2024-05-23,2.0357142857142856,148,2.4242424242424243,27
2,Chocolate & Milk,2024-05-29,1.458041958041958,194,1.565217391304348,41
2,Chocolate & Milk,2024-06-02,2.0811688311688314,150,2.477272727272727,29
2,Chocolate & Milk,2024-06-16,1.368421052631579,159,1.7083333333333333,34
2,Chocolate & Milk,2024-07-05,1.2173913043478262,129,1.183673469387755,17
2,Chocolate & Milk,2024-07-06,1.2086956521739132,130,1.1168367346938775,18
2,Chocolate & Milk,2024-07-08,1.1520737327188941,108,1.1009316770186335,24
2,Chocolate & Milk,2024-07-12,1.6931372549019608,100,2.4615384615384617,23
2,Chocolate & Milk,2024-07-18,1.3125,175,1.667832167832168,38
2,Chocolate & Milk,2024-07-27,1.9473319473319473,166,2.4204545454545454,32
2,Chocolate & Milk,2024-08-17,1.36,229,1.4574402939375384,52
2,Chocolate & Milk,2024-08-20,1.5714285714285714,97,1.6896551724137931,19
2,Chocolate & Milk,2024-08-28,1.9473319473319473,172,2.3333333333333335,35
2,Chocolate & Milk,2024-09-17,1.3779761904761905,240,1.4574402939375384,54
2,Chocolate & Milk,2024-09-30,1.9473319473319473,186,2.375,38
2,Chocolate & Milk,2024-10-03,1.9473319473319473,188,2.4166666666666665,39
2,Chocolate & Milk,2024-10-07,1.167601683029453,124,1.1009316770186335,26
2,Chocolate & Milk,2024-10-17,1.9487179487179487,193,2.375,40
2,Chocolate & Milk,2024-10-31,0.9430719656283566,116,0.8846153846153846,31
2,Chocolate & Milk,2024-11-01,1.6085106382978722,126,2.1,29
2,Chocolate & Milk,2024-11-19,1.2727272727272727,207,1.6818181818181819,47
2,Chocolate & Milk,2024-12-08,1.36,259,1.4047619047619047,57
2,Chocolate & Milk,2024-12-29,1.9767441860465116,199,2.4166666666666665,41
2,Coffee,2023-01-13,1.0,0,1.0,0
2,Coffee,2023-01-15,2.077457264957265,2,2.077457264957265,0
2,Coffee,2023-01-21,0.9280183072317904,6,0.9280183072317904,0
2,Coffee,2023-01-28,1.6229508196721312,1,1.6229508196721312,0
2,Coffee,2023-02-07,1.8423461538461539,8,3.0,1
2,Coffee,2023-04-02,1.2522522522522523,43,1.379454926624738,5
2,Coffee,2023-04-05,1.9326923076923077,21,2.6598360655737707,4
2,Coffee,2023-04-16,2.150440495744363,26,2.319672131147541,5
2,Coffee,2023-04-23,1.3819163292847505,36,1.4668077378346385,6
2,Coffee,2023-05-17,1.4201832650108512,46,1.6576086956521738,11
2,Coffee,2023-05-21,1.32,53,1.761660447761194,10
2,Coffee,2023-05-22,1.4137931034482758,49,1.637529180040852,12
2,Coffee,2023-05-25,1.1218130311614731,27,1.0734666532676784,6
2,Coffee,2023-06-14,2.064171122994652,51,3.0,9
2,Coffee,2023-06-15,1.4265734265734267,55,1.6576086956521738,13
2,Coffee,2023-07-17,1.9116022099447514,57,2.6598360655737707,10
2,Coffee,2023-07-23,0.8194444444444444,33,0.5384615384615384,3
2,Coffee,2023-07-26,1.1097560975609757,41,1.4122890799108565,4
2,Coffee,2023-07-31,1.3732636295743093,72,1.637529180040852,14
2,Coffee,2023-08-03,1.3732636295743093,74,1.6174496644295302,15
2,Coffee,2023-08-06,1.2987012987012987,37,1.5095541401273886,7
2,Coffee,2023-08-20,1.3743589743589744,79,1.65918409466153,18
2,Coffee,2023-08-30,1.2911392405063291,85,1.3154417490266548,16
2,Coffee,2023-09-05,1.372168284789644,83,1.637529180040852,20
2,Coffee,2023-09-06,1.5511208310552214,40,2.12807881773399,7
2,Coffee,2023-09-15,1.1104336043360434,54,1.2372275812790283,6
2,Coffee,2023-09-27,0.79,43,0.5384615384615384,5
2,Coffee,2023-10-14,1.3732636295743093,92,1.6464839058371368,22
2,Coffee,2023-10-24,1.1130950677692888,60,1.1185572825813395,14
2,Coffee,2023-10-26,1.1218130311614731,61,1.1331719128329298,15
2,Coffee,2023-11-18,1.5966072832067066,104,1.9625,26
2,Coffee,2023-12-02,0.8633969389783342,58,0.7142857142857143,11
2,Coffee,2024-01-08,1.2888131259322395,88,1.4025157232704402,13
2,Coffee,2024-01-12,1.403560830860534,121,1.65918409466153,28
2,Coffee,2024-01-20,1.3870967741935485,139,1.7379986085343229,30
2,Coffee,2024-02-02,1.7062937062937062,67,2.1215106732348112,16
2,Coffee,2024-02-08,0.9502262443438914,71,0.9718283381673649,16
2,Coffee,2024-02-17,1.1454545454545455,81,1.1430397727272728,20
2,Coffee,2024-04-01,1.7136539052627984,74,2.12807881773399,19
2,Coffee,2024-04-17,0.9365204888569374,82,0.8432564293392872,20
2,Coffee,2024-04-29,1.403560830860534,149,1.65918409466153,30
2,Coffee,2024-05-06,1.5,85,1.598244831176558,18
2,Coffee,2024-05-23,2.0117573075208557,148,2.319672131147541,27
2,Coffee,2024-05-29,1.4005988023952094,194,1.6875,41
2,Coffee,2024-06-02,2.023798356115429,150,2.319672131147541,29
2,Coffee,2024-06-16,1.4080717488789238,159,1.6858710763152118,34
2,Coffee,2024-07-05,1.249122807017544,129,1.3633440514469453,17
2,Coffee,2024-07-06,1.2476383265856952,130,1.3278258718773188,18
2,Coffee,2024-07-08,1.1425467188179053,108,1.136898456416465,24
2,Coffee,2024-07-12,1.6694347319347318,100,2.1149425287356323,23
2,Coffee,2024-07-18,1.361344537815126,175,1.6464839058371368,38
2,Coffee,2024-07-27,1.92008681925809,166,2.285071488645921,32
2,Coffee,2024-08-17,1.3587786259541985,229,1.5149667405764968,52
2,Coffee,2024-08-20,1.4794520547945205,97,1.654320987654321,19
2,Coffee,2024-08-28,1.9107279693486592,172,2.2804878048780486,35
2,Coffee,2024-09-17,1.3514372381915354,240,1.5149667405764968,54
2,Coffee,2024-09-30,1.8874739764052741,186,2.2734588225100723,38
2,Coffee,2024-10-03,1.8874739764052741,188,2.2804878048780486,39
2,Coffee,2024-10-07,1.1425467188179053,124,1.136898456416465,26
2,Coffee,2024-10-17,1.910344827586207,193,2.285071488645921,40
2,Coffee,2024-10-31,0.9269170488187148,116,0.8735632183908046,31
2,Coffee,2024-11-01,1.5176194365046958,126,2.12807881773399,29
2,Coffee,2024-11-19,1.361344537815126,207,1.6576086956521738,47
2,Coffee,2024-12-08,1.3419354838709678,259,1.5,57
2,Coffee,2024-12-29,1.9285714285714286,199,2.2896551724137932,41
2,Juice & Smoothie,2023-01-13,1.0,0,1.0,0
2,Juice & Smoothie,2023-01-15,2.3333333333333335,2,2.3333333333333335,0
2,Juice & Smoothie,2023-01-21,0.826797385620915,6,0.826797385620915,0
2,Juice & Smoothie,2023-01-28,1.6,1,1.6,0
2,Juice & Smoothie,2023-02-07,2.3333333333333335,8,3.0,1
2,Juice & Smoothie,2023-04-02,1.3125,43,1.6818181818181819,5
2,Juice & Smoothie,2023-04-05,1.7692307692307692,21,2.3260869565217392,4
2,Juice & Smoothie,2023-04-16,2.071428571428571,26,2.6923076923076925,5
2,Juice & Smoothie,2023-04-23,1.4741379310344827,36,1.878787878787879,6
2,Juice & Smoothie,2023-05-17,1.5357142857142856,46,2.066666666666667,11
2,Juice & Smoothie,2023-05-21,1.4545454545454546,53,1.604066985645933,10
2,Juice & Smoothie,2023-05-22,1.5,49,2.033333333333333,12
2,Juice & Smoothie,2023-05-25,1.25,27,1.1547987616099071,6
2,Juice & Smoothie,2023-06-14,2.142857142857143,51,3.0,9
2,Juice & Smoothie,2023-06-15,1.5,55,2.066666666666667,13
2,Juice & Smoothie,2023-07-17,2.111111111111111,57,2.9,10
2,Juice & Smoothie,2023-07-23,0.9230769230769231,33,0.9230769230769231,3
2,Juice & Smoothie,2023-07-26,1.2173913043478262,41,1.6699346405228759,4
2,Juice & Smoothie,2023-07-31,1.4142857142857141,72,2.033333333333333,14
2,Juice & Smoothie,2023-08-03,1.4142857142857141,74,2.0,15
2,Juice & Smoothie,2023-08-06,1.0666666666666667,37,1.8,7
2,Juice & Smoothie,2023-08-20,1.393939393939394,79,1.973684210526316,18
2,Juice & Smoothie,2023-08-30,1.5,85,1.4396284829721364,16
2,Juice & Smoothie,2023-09-05,1.393939393939394,83,1.908466819221968,20
2,Juice & Smoothie,2023-09-06,1.5147058823529411,40,2.2758620689655173,7
2,Juice & Smoothie,2023-09-15,1.1969309462915603,54,1.2444444444444445,6
2,Juice & Smoothie,2023-09-27,0.8181818181818182,43,0.6206896551724138,5
2,Juice & Smoothie,2023-10-14,1.4248120300751879,92,1.908466819221968,22
2,Juice & Smoothie,2023-10-24,1.1769230769230767,60,1.1277777777777778,14
2,Juice & Smoothie,2023-10-26,1.1538461538461537,61,1.0909090909090908,15
2,Juice & Smoothie,2023-11-18,1.7547619047619047,104,2.127659574468085,26
2,Juice & Smoothie,2023-12-02,1.0,58,0.8571428571428571,11
2,Juice & Smoothie,2024-01-08,1.3095238095238095,88,1.4615384615384615,13
2,Juice & Smoothie,2024-01-12,1.4482758620689655,121,2.0,28
2,Juice & Smoothie,2024-01-20,1.5714285714285714,139,1.6534090909090908,30
2,Juice & Smoothie,2024-02-02,1.8095238095238095,67,2.2807881773399012,16
2,Juice & Smoothie,2024-02-08,1.0,71,0.7032967032967032,16
2,Juice & Smoothie,2024-02-17,1.3,81,1.1652173913043478,20
2,Juice & Smoothie,2024-04-01,1.8247619047619048,74,2.3076923076923075,19
2,Juice & Smoothie,2024-04-17,1.0,82,0.7119815668202765,20
2,Juice & Smoothie,2024-04-29,1.4210526315789473,149,2.0,30
2,Juice & Smoothie,2024-05-06,1.5555555555555556,85,1.6696428571428572,18
2,Juice & Smoothie,2024-05-23,2.1483516483516483,148,2.5714285714285716,27
2,Juice & Smoothie,2024-05-29,1.5714285714285714,194,1.6153846153846154,41
2,Juice & Smoothie,2024-06-02,2.16025641025641,150,2.588235294117647,29
2,Juice & Smoothie,2024-06-16,1.4166666666666667,159,2.0,34
2,Juice & Smoothie,2024-07-05,1.2666666666666666,129,1.4,17
2,Juice & Smoothie,2024-07-06,1.2583333333333333,130,1.3333333333333333,18
2,Juice & Smoothie,2024-07-08,1.1483516483516483,108,1.081168831168831,24
2,Juice & Smoothie,2024-07-12,1.725,100,2.2857142857142856,23
2,Juice & Smoothie,2024-07-18,1.4,175,1.908466819221968,38
2,Juice & Smoothie,2024-07-27,2.0860445205479454,166,2.5584415584415585,32
2,Juice & Smoothie,2024-08-17,1.5,229,1.54093567251462,52
2,Juice & Smoothie,2024-08-20,1.5789473684210527,97,1.7142857142857142,19
2,Juice & Smoothie,2024-08-28,2.0860445205479454,172,2.5714285714285716,35
2,Juice & Smoothie,2024-09-17,1.5,240,1.54093567251462,54
2,Juice & Smoothie,2024-09-30,2.0568910256410255,186,2.5584415584415585,38
2,Juice & Smoothie,2024-10-03,2.0568910256410255,188,2.5454545454545454,39
2,Juice & Smoothie,2024-10-07,1.1602564102564101,124,1.081168831168831,26
2,Juice & Smoothie,2024-10-17,2.111111111111111,193,2.5584415584415585,40
2,Juice & Smoothie,2024-10-31,0.9027149321266968,116,0.75,31
2,Juice & Smoothie,2024-11-01,1.5539772727272727,126,2.2758620689655173,29
2,Juice & Smoothie,2024-11-19,1.4,207,1.9473684210526316,47
2,Juice & Smoothie,2024-12-08,1.4736842105263157,259,1.4857142857142858,57
2,Juice & Smoothie,2024-12-29,2.125,199,2.5714285714285716,41
2,Merchandise,2023-01-13,1.0,0,1.0,0
2,Merchandise,2023-01-15,2.3666666666666667,2,2.3666666666666667,0
2,Merchandise,2023-01-21,0.7083333333333333,6,0.7083333333333333,0
2,Merchandise,2023-01-28,0.6666666666666666,1,0.6666666666666666,0
2,Merchandise,2023-02-07,2.3666666666666667,8,3.0,1
2,Merchandise,2023-04-02,1.2,43,1.263157894736842,5
2,Merchandise,2023-04-05,2.0,21,2.229166666666667,4
2,Merchandise,2023-04-16,2.0588235294117645,26,2.5833333333333335,5
2,Merchandise,2023-04-23,1.3666666666666667,36,1.2999999999999998,6
2,Merchandise,2023-05-17,1.422222222222222,46,1.4,11
2,Merchandise,2023-05-21,1.263157894736842,53,1.4649122807017543,10
2,Merchandise,2023-05-22,1.4444444444444444,49,1.4857142857142858,12
2,Merchandise,2023-05-25,0.8148148148148148,27,1.125,6
2,Merchandise,2023-06-14,2.0,51,2.5833333333333335,9
2,Merchandise,2023-06-15,1.4444444444444444,55,1.5714285714285714,13
2,Merchandise,2023-07-17,1.875,57,2.5,10
2,Merchandise,2023-07-23,0.8,33,0.38461538461538464,3
2,Merchandise,2023-07-26,1.3333333333333333,41,1.7083333333333335,4
2,Merchandise,2023-07-31,1.3333333333333333,72,1.619047619047619,14
2,Merchandise,2023-08-03,1.3333333333333333,74,1.5714285714285714,15
2,Merchandise,2023-08-06,1.2,37,1.875,7
2,Merchandise,2023-08-20,1.3333333333333333,79,1.5457142857142858,18
2,Merchandise,2023-08-30,1.3333333333333333,85,1.2426900584795322,16
2,Merchandise,2023-09-05,1.3333333333333333,83,1.5457142857142858,20
2,Merchandise,2023-09-06,1.8492063492063493,40,2.0952380952380953,7
2,Merchandise,2023-09-15,1.3333333333333333,54,1.375,6
2,Merchandise,2023-09-27,0.7777777777777778,43,0.7777777777777778,5
2,Merchandise,2023-10-14,1.3333333333333333,92,1.619047619047619,22
2,Merchandise,2023-10-24,0.9705882352941176,60,1.0,14
2,Merchandise,2023-10-26,1.0,61,1.0,15
2,Merchandise,2023-11-18,1.8492063492063493,104,2.0,26
2,Merchandise,2023-12-02,0.8090909090909091,58,0.5555555555555556,11
2,Merchandise,2024-01-08,1.3541666666666665,88,1.3333333333333333,13
2,Merchandise,2024-01-12,1.4285714285714286,121,1.7447619047619047,28
2,Merchandise,2024-01-20,1.5,139,1.5925925925925926,30
2,Merchandise,2024-02-02,1.8888888888888888,67,2.0476190476190474,16
2,Merchandise,2024-02-08,0.875,71,0.797979797979798,16
2,Merchandise,2024-02-17,1.0,81,1.0384615384615383,20
2,Merchandise,2024-04-01,1.7797619047619047,74,2.0952380952380953,19
2,Merchandise,2024-04-17,0.8585526315789473,82,0.797979797979798,20
2,Merchandise,2024-04-29,1.4285714285714286,149,1.7447619047619047,30
2,Merchandise,2024-05-06,1.4285714285714286,85,1.595959595959596,18
2,Merchandise,2024-05-23,2.1547619047619047,148,2.4166666666666665,27
2,Merchandise,2024-05-29,1.486842105263158,194,1.6666666666666667,41
2,Merchandise,2024-06-02,2.1833333333333336,150,2.5,29
2,Merchandise,2024-06-16,1.4285714285714286,159,1.7936507936507935,34
2,Merchandise,2024-07-05,1.3333333333333333,129,1.25,17
2,Merchandise,2024-07-06,1.3166666666666667,130,1.2019230769230769,18
2,Merchandise,2024-07-08,1.0769230769230769,108,1.0,24
2,Merchandise,2024-07-12,1.6666666666666667,100,2.0,23
2,Merchandise,2024-07-18,1.3333333333333333,175,1.6733333333333333,38
2,Merchandise,2024-07-27,2.0,166,2.3511904761904763,32
2,Merchandise,2024-08-17,1.4,229,1.4,52
2,Merchandise,2024-08-20,1.4285714285714286,97,1.6363636363636365,19
2,Merchandise,2024-08-28,2.0,172,2.2857142857142856,35
2,Merchandise,2024-09-17,1.3798076923076923,240,1.3875,54
2,Merchandise,2024-09-30,2.0,186,2.2857142857142856,38
2,Merchandise,2024-10-03,2.0,188,2.2857142857142856,39
2,Merchandise,2024-10-07,1.0384615384615383,124,1.0,26
2,Merchandise,2024-10-17,2.0,193,2.267857142857143,40
2,Merchandise,2024-10-31,1.0,116,0.8181818181818182,31
2,Merchandise,2024-11-01,1.6125,126,2.0,29
2,Merchandise,2024-11-19,1.3636363636363635,207,1.6,47
2,Merchandise,2024-12-08,1.4,259,1.375,57
2,Merchandise,2024-12-29,2.0,199,2.2857142857142856,41
2,Savory Bakery,2023-01-13,1.0,0,1.0,0
2,Savory Bakery,2023-01-15,2.383951682484901,2,2.383951682484901,0
2,Savory Bakery,2023-01-21,0.75,6,0.75,0
2,Savory Bakery,2023-01-28,0.8181818181818182,1,0.8181818181818182,0
2,Savory Bakery,2023-02-07,2.300385109114249,8,3.0,1
2,Savory Bakery,2023-04-02,1.3333333333333333,43,1.7746478873239437,5
2,Savory Bakery,2023-04-05,1.971830985915493,21,2.3880143112701253,4
2,Savory Bakery,2023-04-16,1.9859154929577465,26,2.8923076923076922,5
2,Savory Bakery,2023-04-23,1.313708999158957,36,1.8118518518518518,6
2,Savory Bakery,2023-05-17,1.3594871794871795,46,1.92,11
2,Savory Bakery,2023-05-21,1.4246575342465753,53,1.7826727808712741,10
2,Savory Bakery,2023-05-22,1.358974358974359,49,1.8656603773584906,12
2,Savory Bakery,2023-05-25,1.3636363636363635,27,1.181701030927835,6
2,Savory Bakery,2023-06-14,2.0,51,3.0,9
2,Savory Bakery,2023-06-15,1.36,55,1.92,13
2,Savory Bakery,2023-07-17,1.95,57,2.9461538461538463,10
2,Savory Bakery,2023-07-23,0.8333333333333334,33,0.44776119402985076,3
2,Savory Bakery,2023-07-26,1.05,41,1.2891328828828827,4
2,Savory Bakery,2023-07-31,1.3206987475280159,72,1.8656603773584906,14
2,Savory Bakery,2023-08-03,1.313708999158957,74,1.8113207547169812,15
2,Savory Bakery,2023-08-06,1.1515151515151516,37,1.3870967741935485,7
2,Savory Bakery,2023-08-20,1.3243243243243243,79,1.82330743618202,18
2,Savory Bakery,2023-08-30,1.3623188405797102,85,1.4441860465116279,16
2,Savory Bakery,2023-09-05,1.3170731707317074,83,1.776030747728861,20
2,Savory Bakery,2023-09-06,1.5222816399286987,40,1.8780487804878048,7
2,Savory Bakery,2023-09-15,1.105625717566016,54,1.2891328828828827,6
2,Savory Bakery,2023-09-27,0.7894736842105263,43,0.44776119402985076,5
2,Savory Bakery,2023-10-14,1.3642105263157895,92,1.7913746630727763,22
2,Savory Bakery,2023-10-24,1.194331983805668,60,1.1160230648261402,14
2,Savory Bakery,2023-10-26,1.1578947368421053,61,1.1134020618556701,15
2,Savory Bakery,2023-11-18,1.5688854489164088,104,1.8780487804878048,26
2,Savory Bakery,2023-12-02,0.8166666666666667,58,0.5862068965517241,11
2,Savory Bakery,2024-01-08,1.164224664224664,88,1.1746031746031746,13
2,Savory Bakery,2024-01-12,1.4186046511627908,121,1.7913746630727763,28
2,Savory Bakery,2024-01-20,1.4545454545454546,139,1.7301810865191147,30
2,Savory Bakery,2024-02-02,1.7313432835820894,67,1.9279715762273901,16
2,Savory Bakery,2024-02-08,0.9090909090909091,71,0.9008882655446471,16
2,Savory Bakery,2024-02-17,1.2647058823529411,81,1.2456896551724137,20
2,Savory Bakery,2024-04-01,1.7323383084577113,74,2.2,19
2,Savory Bakery,2024-04-17,0.9090909090909091,82,0.9008882655446471,20
2,Savory Bakery,2024-04-29,1.4939759036144578,149,1.7607142857142857,30
2,Savory Bakery,2024-05-06,1.5116279069767442,85,1.6432015429122468,18
2,Savory Bakery,2024-05-23,2.0564607805987114,148,2.6739130434782608,27
2,Savory Bakery,2024-05-29,1.4629464285714286,194,1.6216216216216217,41
2,Savory Bakery,2024-06-02,2.0701970443349755,150,2.6785714285714284,29
2,Savory Bakery,2024-06-16,1.4939759036144578,159,1.7607142857142857,34
2,Savory Bakery,2024-07-05,1.1891891891891893,129,1.1746031746031746,17
2,Savory Bakery,2024-07-06,1.181896181896182,130,1.160218253968254,18
2,Savory Bakery,2024-07-08,1.2348594087959626,108,1.2371280113367975,24
2,Savory Bakery,2024-07-12,1.6052631578947367,100,2.2,23
2,Savory Bakery,2024-07-18,1.4285714285714286,175,1.7222222222222223,38
2,Savory Bakery,2024-07-27,2.0,166,2.6604859335038364,32
2,Savory Bakery,2024-08-17,1.3888888888888888,229,1.478561046511628,52
2,Savory Bakery,2024-08-20,1.5357142857142858,97,1.639344262295082,19
2,Savory Bakery,2024-08-28,2.0,172,2.6129032258064515,35
2,Savory Bakery,2024-09-17,1.3914141414141414,240,1.4684175531914894,54
2,Savory Bakery,2024-09-30,2.0,186,2.5402485942586566,38
2,Savory Bakery,2024-10-03,2.0,188,2.5483870967741935,39
2,Savory Bakery,2024-10-07,1.231822971548999,124,1.2371280113367975,26
2,Savory Bakery,2024-10-17,2.0,193,2.5806451612903225,40
2,Savory Bakery,2024-10-31,0.9090909090909091,116,0.8846153846153846,31
2,Savory Bakery,2024-11-01,1.4861111111111112,126,2.2,29
2,Savory Bakery,2024-11-19,1.4242424242424243,207,1.7037037037037037,47
2,Savory Bakery,2024-12-08,1.4054054054054055,259,1.46875,57
2,Savory Bakery,2024-12-29,2.0,199,2.6129032258064515,41
2,Tea,2023-01-13,1.0,0,1.0,0
2,Tea,2023-01-15,2.066983122362869,2,2.066983122362869,0
2,Tea,2023-01-21,0.9925595238095238,6,0.9925595238095238,0
2,Tea,2023-01-28,1.0,1,1.0,0
2,Tea,2023-02-07,2.066983122362869,8,3.0,1
2,Tea,2023-04-02,1.2894736842105263,43,1.6352201257861636,5
2,Tea,2023-04-05,2.0833333333333335,21,2.7202380952380953,4
2,Tea,2023-04-16,2.1083333333333334,26,3.0,5
2,Tea,2023-04-23,1.3380365659777425,36,1.4527078565980167,6
2,Tea,2023-05-17,1.427340383862123,46,1.71875,11
2,Tea,2023-05-21,1.3071895424836601,53,1.7120545073375264,10
2,Tea,2023-05-22,1.4054054054054055,49,1.758251404494382,12
2,Tea,2023-05-25,1.140625,27,1.1015787287079353,6
2,Tea,2023-06-14,2.075,51,3.0,9
2,Tea,2023-06-15,1.4492753623188406,55,1.797752808988764,13
2,Tea,2023-07-17,2.032258064516129,57,3.0,10
2,Tea,2023-07-23,0.76,33,0.44642857142857145,3
2,Tea,2023-07-26,1.15,41,1.3892022562449637,4
2,Tea,2023-07-31,1.308918918918919,72,1.758251404494382,14
2,Tea,2023-08-03,1.2836781609195402,74,1.71875,15
2,Tea,2023-08-06,1.1818181818181819,37,2.103448275862069,7
2,Tea,2023-08-20,1.337837837837838,79,1.7042025862068966,18
2,Tea,2023-08-30,1.3166666666666667,85,1.3759651307596514,16
2,Tea,2023-09-05,1.2873563218390804,83,1.673399014778325,20
2,Tea,2023-09-06,1.561282932416953,40,1.6862745098039216,7
2,Tea,2023-09-15,1.1675925925925925,54,1.1991570073761855,6
2,Tea,2023-09-27,0.75,43,0.525,5
2,Tea,2023-10-14,1.2865353037766831,92,1.7042025862068966,22
2,Tea,2023-10-24,1.1654184304786714,60,1.1525096525096523,14
2,Tea,2023-10-26,1.1686746987951808,61,1.162162162162162,15
2,Tea,2023-11-18,1.661904761904762,104,1.7636363636363637,26
2,Tea,2023-12-02,0.8015988372093024,58,0.6166666666666667,11
2,Tea,2024-01-08,1.2894912985274432,88,1.1965811965811965,13
2,Tea,2024-01-12,1.3870967741935485,121,1.7042025862068966,28
2,Tea,2024-01-20,1.4390243902439024,139,1.5377867746288798,30
2,Tea,2024-02-02,1.6842105263157894,67,1.9852294415401213,16
2,Tea,2024-02-08,0.8793103448275862,71,0.9640605296343001,16
2,Tea,2024-02-17,1.183673469387755,81,1.1786769720390997,20
2,Tea,2024-04-01,1.6852425180598556,74,2.0388349514563107,19
2,Tea,2024-04-17,0.9028213166144201,82,1.029872495446266,20
2,Tea,2024-04-29,1.4054054054054055,149,1.758251404494382,30
2,Tea,2024-05-06,1.64,85,1.7750477099236641,18
2,Tea,2024-05-23,2.0669117647058823,148,2.5668449197860963,27
2,Tea,2024-05-29,1.4615384615384615,194,1.5483870967741935,41
2,Tea,2024-06-02,2.0791666666666666,150,2.5668449197860963,29
2,Tea,2024-06-16,1.40625,159,1.758251404494382,34
2,Tea,2024-07-05,1.2452830188679245,129,1.1965811965811965,17
2,Tea,2024-07-06,1.2297843665768193,130,1.1237143271041576,18
2,Tea,2024-07-08,1.1827458256029684,108,1.1525096525096523,24
2,Tea,2024-07-12,1.59831996945399,100,2.0303030303030303,23
2,Tea,2024-07-18,1.3380281690140845,175,1.673399014778325,38
2,Tea,2024-07-27,2.0161290322580645,166,2.5019028103044496,32
2,Tea,2024-08-17,1.4210526315789473,229,1.4241931739029488,52
2,Tea,2024-08-20,1.5576923076923077,97,1.702127659574468,19
2,Tea,2024-08-28,2.0,172,2.4444444444444446,35
2,Tea,2024-09-17,1.411628802464382,240,1.4155681104833646,54
2,Tea,2024-09-30,1.989795918367347,186,2.4077380952380953,38
2,Tea,2024-10-03,1.989795918367347,188,2.4404761904761907,39
2,Tea,2024-10-07,1.1752464403066814,124,1.1525096525096523,26
2,Tea,2024-10-17,2.0,193,2.4424603174603177,40
2,Tea,2024-10-31,0.8947044334975369,116,0.9777777777777777,31
2,Tea,2024-11-01,1.5025773195876289,126,2.0388349514563107,29
2,Tea,2024-11-19,1.337837837837838,207,1.6571428571428573,47
2,Tea,2024-12-08,1.4081632653061225,259,1.423728813559322,57
2,Tea,2024-12-29,2.0,199,2.4444444444444446,41
3,Bakery,2023-01-28,1.2323232323232323,9,1.2323232323232323,0
3,Bakery,2023-02-03,1.2695652173913043,11,1.3414634146341464,1
3,Bakery,2023-02-06,1.2509442248572684,12,1.1214359326691858,2
3,Bakery,2023-03-04,1.1630280018984338,26,1.1219512195121952,5
3,Bakery,2023-03-13,1.163265306122449,31,1.1219512195121952,7
3,Bakery,2023-03-24,1.2,37,1.25,9
3,Bakery,2023-03-30,1.9836065573770492,19,1.6857638888888888,2
3,Bakery,2023-04-02,1.245018115942029,20,1.5,3
3,Bakery,2023-04-08,2.108695652173913,22,1.7777777777777777,3
3,Bakery,2023-04-10,1.318609022556391,30,1.6666666666666667,3
3,Bakery,2023-04-28,2.3384615384615386,29,2.4130434782608696,5
3,Bakery,2023-05-07,1.1887351778656128,22,1.1887351778656128,0
3,Bakery,2023-05-08,1.439252336448598,27,1.407142857142857,6
3,Bakery,2023-05-18,2.216538789428815,38,2.1666666666666665,9
3,Bakery,2023-05-21,1.2695652173913043,53,1.3414634146341464,11
3,Bakery,2023-05-29,2.122549019607843,42,2.122549019607843,10
3,Bakery,2023-06-02,2.08921568627451,44,2.08921568627451,12
3,Bakery,2023-06-06,2.0,47,2.0392156862745097,14
3,Bakery,2023-06-11,1.2727272727272727,57,1.3975903614457832,13
3,Bakery,2023-06-21,1.3944444444444444,58,1.6666666666666667,11
3,Bakery,2023-07-10,1.3448275862068966,67,1.5051546391752577,13
3,Bakery,2023-07-14,1.2727272727272727,67,1.3911028730305839,16
3,Bakery,2023-07-30,1.0571428571428572,40,1.4375,11
3,Bakery,2023-08-09,1.333128078817734,76,1.5051546391752577,15
3,Bakery,2023-08-23,1.962962962962963,69,1.7777777777777777,19
3,Bakery,2023-09-05,1.1695402298850575,52,1.2489795918367346,12
3,Bakery,2023-09-16,1.0666666666666667,54,1.2244897959183674,15
3,Bakery,2023-09-19,1.9541569541569541,76,1.8618618618618619,20
3,Bakery,2023-10-22,1.346938775510204,103,1.3911028730305839,22
3,Bakery,2023-10-27,1.3440555841482245,96,1.3214285714285714,19
3,Bakery,2023-10-28,1.9541569541569541,92,1.945945945945946,27
3,Bakery,2023-10-30,1.2266666666666666,51,1.7189984101748808,10
3,Bakery,2023-11-06,1.183673469387755,63,1.3142857142857143,17
3,Bakery,2023-11-27,1.310734463276836,58,1.7189984101748808,12
3,Bakery,2023-12-01,1.3846153846153846,119,1.5295652173913044,26
3,Bakery,2023-12-15,1.1780436312456017,78,1.5119047619047619,20
3,Bakery,2023-12-23,1.3944444444444444,114,1.467381174277726,26
3,Bakery,2024-01-22,1.4468988954970263,140,1.5,31
3,Bakery,2024-01-27,1.425,125,1.4864864864864864,29
3,Bakery,2024-02-05,1.1622807017543861,80,1.3413915094339623,20
3,Bakery,2024-02-21,1.1578947368421053,83,1.4375,21
3,Bakery,2024-03-14,1.388936025793314,74,1.7352941176470589,15
3,Bakery,2024-03-26,1.3964695993275429,164,1.4772727272727273,36
3,Bakery,2024-03-31,1.206420068027211,104,1.3142857142857143,27
3,Bakery,2024-04-12,1.4647727272727273,80,1.9027777777777777,18
3,Bakery,2024-04-27,1.458041958041958,178,1.5127118644067796,38
3,Bakery,2024-05-07,1.458041958041958,182,1.5,39
3,Bakery,2024-05-12,1.1666666666666667,95,1.4375,23
3,Bakery,2024-06-08,1.4444444444444444,157,1.467381174277726,32
3,Bakery,2024-06-12,1.1622807017543861,102,1.4606854838709677,24
3,Bakery,2024-06-15,1.1724137931034482,121,1.4375,29
3,Bakery,2024-06-18,1.7304029304029305,88,1.9523809523809523,13
3,Bakery,2024-06-25,1.4944444444444445,90,1.9444444444444444,21
3,Bakery,2024-07-05,1.3964695993275429,210,1.4772727272727273,42
3,Bakery,2024-07-06,1.6981132075471699,97,1.8936170212765957,15
3,Bakery,2024-07-16,2.029469122426869,162,1.945945945945946,41
3,Bakery,2024-07-22,0.9895833333333333,100,1.3121739130434782,12
3,Bakery,2024-08-26,1.393939393939394,185,1.40498899486427,34
3,Bakery,2024-09-02,1.1066856330014225,146,1.339730807577268,34
3,Bakery,2024-09-05,1.3914141414141414,188,1.3617021276595744,35
3,Bakery,2024-10-03,1.3846153846153846,245,1.4545454545454546,49
3,Bakery,2024-10-12,1.396969696969697,200,1.3524928548745634,38
3,Bakery,2024-10-13,1.1532223644899702,126,1.4606854838709677,30
3,Bakery,2024-11-21,1.437799043062201,106,1.8611111111111112,23
3,Bakery,2024-12-10,1.380952380952381,259,1.4285714285714286,51
3,Bakery,2024-12-28,1.393939393939394,207,1.3524928548745634,40
3,Bakery,2024-12-30,1.1128775834658189,158,1.31890756302521,36
3,Chocolate & Milk,2023-01-28,1.1506849315068493,9,1.1506849315068493,0
3,Chocolate & Milk,2023-02-03,1.1506849315068493,11,1.0454545454545454,1
3,Chocolate & Milk,2023-02-06,1.1341659951651892,12,0.9551597051597052,2
3,Chocolate & Milk,2023-03-04,1.158675799086758,26,1.0454545454545454,5
3,Chocolate & Milk,2023-03-13,1.1666666666666667,31,1.0454545454545454,7
3,Chocolate & Milk,2023-03-24,1.1506849315068493,37,1.2105263157894737,9
3,Chocolate & Milk,2023-03-30,2.090909090909091,19,2.5454545454545454,2
3,Chocolate & Milk,2023-04-02,1.3,20,1.375,3
3,Chocolate & Milk,2023-04-08,2.2660465116279074,22,2.372093023255814,3
3,Chocolate & Milk,2023-04-10,1.267511177347243,30,1.6,3
3,Chocolate & Milk,2023-04-28,2.1666666666666665,29,2.372093023255814,5
3,Chocolate & Milk,2023-05-07,1.556547619047619,22,1.556547619047619,0
3,Chocolate & Milk,2023-05-08,1.373134328358209,27,2.05,6
3,Chocolate & Milk,2023-05-18,2.16,38,2.090909090909091,9
3,Chocolate & Milk,2023-05-21,1.3043478260869565,53,1.3043478260869565,11
3,Chocolate & Milk,2023-05-29,2.0454545454545454,42,2.0131964809384164,10
3,Chocolate & Milk,2023-06-02,2.0454545454545454,44,2.0131964809384164,12
3,Chocolate & Milk,2023-06-06,1.9767441860465116,47,1.9344086021505378,14
3,Chocolate & Milk,2023-06-11,1.5294117647058822,57,1.5,13
3,Chocolate & Milk,2023-06-21,1.4557848194546796,58,1.7959183673469388,11
3,Chocolate & Milk,2023-07-10,1.2727272727272727,67,1.7,13
3,Chocolate & Milk,2023-07-14,1.3043478260869565,67,1.3271739130434783,16
3,Chocolate & Milk,2023-07-30,1.0172413793103448,40,1.6296296296296295,11
3,Chocolate & Milk,2023-08-09,1.2561475409836067,76,1.6,15
3,Chocolate & Milk,2023-08-23,1.8888888888888888,69,1.7647058823529411,19
3,Chocolate & Milk,2023-09-05,1.227922077922078,52,1.5208333333333335,12
3,Chocolate & Milk,2023-09-16,1.0172413793103448,54,1.4444444444444444,15
3,Chocolate & Milk,2023-09-19,1.8819444444444444,76,1.7599039615846337,20
3,Chocolate & Milk,2023-10-22,1.3170731707317074,103,1.3271739130434783,22
3,Chocolate & Milk,2023-10-27,1.2926136363636362,96,1.5483870967741935,19
3,Chocolate & Milk,2023-10-28,1.8819444444444444,92,1.7647058823529411,27
3,Chocolate & Milk,2023-10-30,1.5416666666666667,51,1.9,10
3,Chocolate & Milk,2023-11-06,1.2285714285714286,63,1.6666666666666667,17
3,Chocolate & Milk,2023-11-27,1.5714285714285714,58,1.955,12
3,Chocolate & Milk,2023-12-01,1.3846153846153846,119,1.6291666666666667,26
3,Chocolate & Milk,2023-12-15,1.2342857142857144,78,1.7380952380952381,20
3,Chocolate & Milk,2023-12-23,1.317540322580645,114,1.3404605263157894,26
3,Chocolate & Milk,2024-01-22,1.4666666666666666,140,1.4666666666666666,31
3,Chocolate & Milk,2024-01-27,1.3636363636363635,125,1.35,29
3,Chocolate & Milk,2024-02-05,1.1520737327188941,80,1.537037037037037,20
3,Chocolate & Milk,2024-02-21,1.1428571428571428,83,1.6296296296296295,21
3,Chocolate & Milk,2024-03-14,1.5714285714285714,74,1.96,15
3,Chocolate & Milk,2024-03-26,1.4107142857142856,164,1.4666666666666666,36
3,Chocolate & Milk,2024-03-31,1.251578947368421,104,1.4736842105263157,27
3,Chocolate & Milk,2024-04-12,1.5714285714285714,80,2.0514285714285716,18
3,Chocolate & Milk,2024-04-27,1.4494949494949494,178,1.4686274509803923,38
3,Chocolate & Milk,2024-05-07,1.458041958041958,182,1.4705882352941178,39
3,Chocolate & Milk,2024-05-12,1.1914893617021276,95,1.4761904761904763,23
3,Chocolate & Milk,2024-06-08,1.368421052631579,157,1.33125,32
3,Chocolate & Milk,2024-06-12,1.1827012025901942,102,1.5380952380952382,24
3,Chocolate & Milk,2024-06-15,1.2285714285714286,121,1.4761904761904763,29
3,Chocolate & Milk,2024-06-18,1.823611111111111,88,2.5833333333333335,13
3,Chocolate & Milk,2024-06-25,1.6120401337792643,90,2.142857142857143,21
3,Chocolate & Milk,2024-07-05,1.4,210,1.4686274509803923,42
3,Chocolate & Milk,2024-07-06,1.6862745098039216,97,2.5,15
3,Chocolate & Milk,2024-07-16,1.9627310673822302,162,1.8888888888888888,41
3,Chocolate & Milk,2024-07-22,0.9558270676691729,100,1.6291666666666667,12
3,Chocolate & Milk,2024-08-26,1.2727272727272727,185,1.3125,34
3,Chocolate & Milk,2024-09-02,1.1590909090909092,146,1.4338118022328548,34
3,Chocolate & Milk,2024-09-05,1.2727272727272727,188,1.3125,35
3,Chocolate & Milk,2024-10-03,1.36,245,1.375,49
3,Chocolate & Milk,2024-10-12,1.2727272727272727,200,1.287828947368421,38
3,Chocolate & Milk,2024-10-13,1.167601683029453,126,1.4603174603174605,30
3,Chocolate & Milk,2024-11-21,1.5700280112044818,106,1.96,23
3,Chocolate & Milk,2024-12-10,1.36,259,1.375,51
3,Chocolate & Milk,2024-12-28,1.2727272727272727,207,1.287828947368421,40
3,Chocolate & Milk,2024-12-30,1.175170068027211,158,1.384469696969697,36
3,Coffee,2023-01-28,1.2622950819672132,9,1.2622950819672132,0
3,Coffee,2023-02-03,1.2622950819672132,11,1.575221238938053,1
3,Coffee,2023-02-06,1.2340887174541948,12,1.2442022593404092,2
3,Coffee,2023-03-04,1.1701053555750658,26,1.0675675675675675,5
3,Coffee,2023-03-13,1.2522522522522523,31,1.2522522522522523,7
3,Coffee,2023-03-24,1.2058823529411764,37,1.2522522522522523,9
3,Coffee,2023-03-30,1.875776397515528,19,1.7524918535556833,2
3,Coffee,2023-04-02,1.0779019242706394,20,1.3409090909090908,3
3,Coffee,2023-04-08,2.0191514343742067,22,2.1056105610561056,3
3,Coffee,2023-04-10,1.320594965675057,30,1.4137931034482758,3
3,Coffee,2023-04-28,2.135135135135135,29,2.1056105610561056,5
3,Coffee,2023-05-07,1.3884481963952164,22,1.3884481963952164,0
3,Coffee,2023-05-08,1.3409090909090908,27,1.5596363636363635,6
3,Coffee,2023-05-18,2.12037284809562,38,2.067484662576687,9
3,Coffee,2023-05-21,1.32,53,1.32,11
3,Coffee,2023-05-29,2.0815510962285826,42,2.06582789278567,10
3,Coffee,2023-06-02,2.0815510962285826,44,2.06582789278567,12
3,Coffee,2023-06-06,2.064171122994652,47,1.8924459218576866,14
3,Coffee,2023-06-11,1.3663003663003663,57,1.530612244897959,13
3,Coffee,2023-06-21,1.4201832650108512,58,1.4818652849740932,11
3,Coffee,2023-07-10,1.3835616438356164,67,1.4818652849740932,13
3,Coffee,2023-07-14,1.3370786516853932,67,1.4146282973621103,16
3,Coffee,2023-07-30,1.112877841745611,40,1.495798319327731,11
3,Coffee,2023-08-09,1.3732636295743093,76,1.4137931034482758,15
3,Coffee,2023-08-23,1.6838235294117647,69,1.630057803468208,19
3,Coffee,2023-09-05,1.0803017775940473,52,1.3664545454545454,12
3,Coffee,2023-09-16,1.1041598783534268,54,1.304812834224599,15
3,Coffee,2023-09-19,1.669382538541417,76,1.6073365940417963,20
3,Coffee,2023-10-22,1.2875,103,1.441639791614984,22
3,Coffee,2023-10-27,1.3746794871794872,96,1.292817679558011,19
3,Coffee,2023-10-28,1.7366060606060607,92,1.711111111111111,27
3,Coffee,2023-10-30,1.3333333333333333,51,1.8020945731513804,10
3,Coffee,2023-11-06,1.2272727272727273,63,1.392,17
3,Coffee,2023-11-27,1.3884481963952164,58,1.7799165120593692,12
3,Coffee,2023-12-01,1.3253012048192772,119,1.4994607087827427,26
3,Coffee,2023-12-15,1.210651289009498,78,1.5243699036323202,20
3,Coffee,2023-12-23,1.3865176640230714,114,1.3717984281091078,26
3,Coffee,2024-01-22,1.387815903020341,140,1.4540229885057472,31
3,Coffee,2024-01-27,1.3894736842105264,125,1.3714285714285714,29
3,Coffee,2024-02-05,1.1447611710323575,80,1.4496869593870993,20
3,Coffee,2024-02-21,1.1440677966101696,83,1.4672131147540983,21
3,Coffee,2024-03-14,1.4250432361749694,74,1.9781021897810218,15
3,Coffee,2024-03-26,1.3744819852761934,164,1.4605358495537333,36
3,Coffee,2024-03-31,1.270288206295032,104,1.392,27
3,Coffee,2024-04-12,1.4754983851208374,80,2.0583754779819907,18
3,Coffee,2024-04-27,1.4283537875581889,178,1.4605358495537333,38
3,Coffee,2024-05-07,1.407915875565941,182,1.4540229885057472,39
3,Coffee,2024-05-12,1.1548556430446195,95,1.476923076923077,23
3,Coffee,2024-06-08,1.4080717488789238,157,1.3717984281091078,32
3,Coffee,2024-06-12,1.1501550942495826,102,1.486360698125404,24
3,Coffee,2024-06-15,1.2627986348122866,121,1.476923076923077,29
3,Coffee,2024-06-18,1.7287366083093807,88,2.0549450549450547,13
3,Coffee,2024-06-25,1.5018796992481203,90,2.0671641791044775,21
3,Coffee,2024-07-05,1.3803104229536247,210,1.4525928896017108,42
3,Coffee,2024-07-06,1.7062937062937062,97,1.9574468085106382,15
3,Coffee,2024-07-16,1.9451597131681877,162,1.9576271186440677,41
3,Coffee,2024-07-22,0.9269170488187148,100,1.437366737739872,12
3,Coffee,2024-08-26,1.358974358974359,185,1.3616402116402115,34
3,Coffee,2024-09-02,1.178833107191316,146,1.3999473684210526,34
3,Coffee,2024-09-05,1.3554131054131053,188,1.3518518518518519,35
3,Coffee,2024-10-03,1.3425925925925926,245,1.3870967741935485,49
3,Coffee,2024-10-12,1.3554131054131053,200,1.3286213786213787,38
3,Coffee,2024-10-13,1.1408253205128205,126,1.4720680958385877,30
3,Coffee,2024-11-21,1.4754983851208374,106,2.049586776859504,23
3,Coffee,2024-12-10,1.3419354838709678,259,1.3834586466165413,51
3,Coffee,2024-12-28,1.361344537815126,207,1.3286213786213787,40
3,Coffee,2024-12-30,1.178833107191316,158,1.391488721804511,36
3,Juice & Smoothie,2023-01-28,1.0714285714285714,9,1.0714285714285714,0
3,Juice & Smoothie,2023-02-03,1.1111111111111112,11,1.1111111111111112,1
3,Juice & Smoothie,2023-02-06,1.0912698412698414,12,1.0683760683760684,2
3,Juice & Smoothie,2023-03-04,1.1388888888888888,26,1.0256410256410255,5
3,Juice & Smoothie,2023-03-13,1.3125,31,1.1111111111111112,7
3,Juice & Smoothie,2023-03-24,1.2857142857142858,37,1.1818181818181819,9
3,Juice & Smoothie,2023-03-30,1.6666666666666667,19,2.5,2
3,Juice & Smoothie,2023-04-02,1.1715686274509804,20,1.8333333333333333,3
3,Juice & Smoothie,2023-04-08,1.8846153846153846,22,3.0,3
3,Juice & Smoothie,2023-04-10,1.4642857142857144,30,1.7333333333333334,3
3,Juice & Smoothie,2023-04-28,2.242424242424242,29,3.0,5
3,Juice & Smoothie,2023-05-07,1.0787878787878786,22,1.0787878787878786,0
3,Juice & Smoothie,2023-05-08,1.3333333333333333,27,1.95,6
3,Juice & Smoothie,2023-05-18,2.275,38,2.4285714285714284,9
3,Juice & Smoothie,2023-05-21,1.4545454545454546,53,1.3125,11
3,Juice & Smoothie,2023-05-29,2.1981351981351978,42,2.3392857142857144,10
3,Juice & Smoothie,2023-06-02,2.1981351981351978,44,2.3392857142857144,12
3,Juice & Smoothie,2023-06-06,2.142857142857143,47,2.2019230769230766,14
3,Juice & Smoothie,2023-06-11,1.5263157894736843,57,2.32,13
3,Juice & Smoothie,2023-06-21,1.5,58,1.5714285714285714,11
3,Juice & Smoothie,2023-07-10,1.5,67,1.4482758620689655,13
3,Juice & Smoothie,2023-07-14,1.5263157894736843,67,1.6096256684491979,16
3,Juice & Smoothie,2023-07-30,1.0634920634920635,40,1.1538461538461537,11
3,Juice & Smoothie,2023-08-09,1.396969696969697,76,1.2727272727272727,15
3,Juice & Smoothie,2023-08-23,2.0,69,2.0,19
3,Juice & Smoothie,2023-09-05,1.1715686274509804,52,1.75,12
3,Juice & Smoothie,2023-09-16,1.2019230769230769,54,1.25,15
3,Juice & Smoothie,2023-09-19,1.9411764705882353,76,1.9166666666666665,20
3,Juice & Smoothie,2023-10-22,1.5,103,1.6948529411764706,22
3,Juice & Smoothie,2023-10-27,1.4365079365079365,96,1.2727272727272727,19
3,Juice & Smoothie,2023-10-28,1.9545454545454546,92,1.9090909090909092,27
3,Juice & Smoothie,2023-10-30,1.0909090909090908,51,2.2788461538461537,10
3,Juice & Smoothie,2023-11-06,1.2173913043478262,63,1.8333333333333333,17
3,Juice & Smoothie,2023-11-27,1.314935064935065,58,1.8173076923076923,12
3,Juice & Smoothie,2023-12-01,1.5555555555555556,119,1.8285714285714287,26
3,Juice & Smoothie,2023-12-15,1.2361111111111112,78,1.75,20
3,Juice & Smoothie,2023-12-23,1.4365079365079365,114,1.303030303030303,26
3,Juice & Smoothie,2024-01-22,1.5714285714285714,140,1.7647058823529411,31
3,Juice & Smoothie,2024-01-27,1.4482758620689655,125,1.2727272727272727,29
3,Juice & Smoothie,2024-02-05,1.275,80,1.275,20
3,Juice & Smoothie,2024-02-21,1.25,83,1.3,21
3,Juice & Smoothie,2024-03-14,1.5227272727272727,74,2.272727272727273,15
3,Juice & Smoothie,2024-03-26,1.5683229813664596,164,1.7394957983193278,36
3,Juice & Smoothie,2024-03-31,1.2696969696969695,104,1.625,27
3,Juice & Smoothie,2024-04-12,1.5505050505050506,80,2.29020979020979,18
3,Juice & Smoothie,2024-04-27,1.5714285714285714,178,1.7394957983193278,38
3,Juice & Smoothie,2024-05-07,1.5714285714285714,182,1.7142857142857142,39
3,Juice & Smoothie,2024-05-12,1.25,95,1.25,23
3,Juice & Smoothie,2024-06-08,1.4166666666666667,157,1.303030303030303,32
3,Juice & Smoothie,2024-06-12,1.1833333333333333,102,1.2019230769230769,24
3,Juice & Smoothie,2024-06-15,1.2857142857142858,121,1.6666666666666667,29
3,Juice & Smoothie,2024-06-18,1.8138528138528138,88,1.7,13
3,Juice & Smoothie,2024-06-25,1.5916666666666668,90,2.3076923076923075,21
3,Juice & Smoothie,2024-07-05,1.5505050505050506,210,1.7394957983193278,42
3,Juice & Smoothie,2024-07-06,1.7,97,1.7,15
3,Juice & Smoothie,2024-07-16,2.110350076103501,162,2.0625,41
3,Juice & Smoothie,2024-07-22,1.0,100,1.8285714285714287,12
3,Juice & Smoothie,2024-08-26,1.4,185,1.303030303030303,34
3,Juice & Smoothie,2024-09-02,1.2086956521739132,146,1.75,34
3,Juice & Smoothie,2024-09-05,1.396969696969697,188,1.2727272727272727,35
3,Juice & Smoothie,2024-10-03,1.4736842105263157,245,1.6,49
3,Juice & Smoothie,2024-10-12,1.4,200,1.2613636363636362,38
3,Juice & Smoothie,2024-10-13,1.1602564102564101,126,1.2019230769230769,30
3,Juice & Smoothie,2024-11-21,1.6189516129032258,106,2.272727272727273,23
3,Juice & Smoothie,2024-12-10,1.4736842105263157,259,1.6,51
3,Juice & Smoothie,2024-12-28,1.4,207,1.25,40
3,Juice & Smoothie,2024-12-30,1.2264957264957266,158,1.6458333333333335,36
3,Merchandise,2023-01-28,1.5,9,1.5,0
3,Merchandise,2023-02-03,1.263157894736842,11,0.5454545454545454,1
3,Merchandise,2023-02-06,1.2149122807017543,12,0.6844919786096256,2
3,Merchandise,2023-03-04,1.0,26,0.7777777777777778,5
3,Merchandise,2023-03-13,1.0,31,0.7777777777777778,7
3,Merchandise,2023-03-24,1.1666666666666667,37,0.8235294117647058,9
3,Merchandise,2023-03-30,1.875,19,2.5588235294117645,2
3,Merchandise,2023-04-02,1.380952380952381,20,1.6363636363636365,3
3,Merchandise,2023-04-08,2.0588235294117645,22,2.4705882352941178,3
3,Merchandise,2023-04-10,1.25,30,1.8461538461538463,3
3,Merchandise,2023-04-28,2.25,29,2.4705882352941178,5
3,Merchandise,2023-05-07,1.2,22,1.2,0
3,Merchandise,2023-05-08,1.5,27,1.4848484848484849,6
3,Merchandise,2023-05-18,2.1838235294117645,38,2.3333333333333335,9
3,Merchandise,2023-05-21,1.263157894736842,53,0.8235294117647058,11
3,Merchandise,2023-05-29,2.0,42,2.2254901960784315,10
3,Merchandise,2023-06-02,2.0,44,2.2254901960784315,12
3,Merchandise,2023-06-06,1.875,47,2.0588235294117645,14
3,Merchandise,2023-06-11,1.3333333333333333,57,1.5714285714285714,13
3,Merchandise,2023-06-21,1.422222222222222,58,1.8461538461538463,11
3,Merchandise,2023-07-10,1.3333333333333333,67,1.8461538461538463,13
3,Merchandise,2023-07-14,1.3333333333333333,67,1.3541666666666665,16
3,Merchandise,2023-07-30,0.9285714285714286,40,1.0,11
3,Merchandise,2023-08-09,1.3333333333333333,76,1.2857142857142858,15
3,Merchandise,2023-08-23,1.8,69,1.625,19
3,Merchandise,2023-09-05,1.3333333333333333,52,1.3166666666666667,12
3,Merchandise,2023-09-16,0.8452380952380952,54,1.0,15
3,Merchandise,2023-09-19,1.8,76,1.5902777777777777,20
3,Merchandise,2023-10-22,1.3333333333333333,103,1.424342105263158,22
3,Merchandise,2023-10-27,1.3484848484848484,96,1.2857142857142858,19
3,Merchandise,2023-10-28,1.8047619047619048,92,1.8095238095238095,27
3,Merchandise,2023-10-30,1.2727272727272727,51,1.6666666666666667,10
3,Merchandise,2023-11-06,1.3333333333333333,63,1.3333333333333333,17
3,Merchandise,2023-11-27,1.2863636363636364,58,1.6666666666666667,12
3,Merchandise,2023-12-01,1.3333333333333333,119,1.5119047619047619,26
3,Merchandise,2023-12-15,1.3333333333333333,78,1.4035087719298245,20
3,Merchandise,2023-12-23,1.4285714285714286,114,1.2857142857142858,26
3,Merchandise,2024-01-22,1.5,140,1.4285714285714286,31
3,Merchandise,2024-01-27,1.4285714285714286,125,1.2857142857142858,29
3,Merchandise,2024-02-05,1.0,80,1.1428571428571428,20
3,Merchandise,2024-02-21,1.0,83,1.1428571428571428,21
3,Merchandise,2024-03-14,1.3333333333333333,74,1.6666666666666667,15
3,Merchandise,2024-03-26,1.4142857142857141,164,1.486842105263158,36
3,Merchandise,2024-03-31,1.343137254901961,104,1.4736842105263157,27
3,Merchandise,2024-04-12,1.4017857142857144,80,1.875,18
3,Merchandise,2024-04-27,1.486842105263158,178,1.486842105263158,38
3,Merchandise,2024-05-07,1.486842105263158,182,1.5,39
3,Merchandise,2024-05-12,1.0769230769230769,95,1.1428571428571428,23
3,Merchandise,2024-06-08,1.4285714285714286,157,1.2857142857142858,32
3,Merchandise,2024-06-12,1.0769230769230769,102,1.1547619047619047,24
3,Merchandise,2024-06-15,1.3333333333333333,121,1.6363636363636365,29
3,Merchandise,2024-06-18,1.75,88,2.0,13
3,Merchandise,2024-06-25,1.4476190476190476,90,1.7777777777777777,21
3,Merchandise,2024-07-05,1.4,210,1.5,42
3,Merchandise,2024-07-06,1.6666666666666667,97,1.75,15
3,Merchandise,2024-07-16,2.03125,162,2.1176470588235294,41
3,Merchandise,2024-07-22,0.9375,100,1.25,12
3,Merchandise,2024-08-26,1.3333333333333333,185,1.2857142857142858,34
3,Merchandise,2024-09-02,1.25,146,1.4511278195488722,34
3,Merchandise,2024-09-05,1.3333333333333333,188,1.2857142857142858,35
3,Merchandise,2024-10-03,1.375,245,1.4285714285714286,49
3,Merchandise,2024-10-12,1.3333333333333333,200,1.2,38
3,Merchandise,2024-10-13,1.0384615384615383,126,1.2777777777777777,30
3,Merchandise,2024-11-21,1.4476190476190476,106,1.7777777777777777,23
3,Merchandise,2024-12-10,1.4,259,1.4285714285714286,51
3,Merchandise,2024-12-28,1.3636363636363635,207,1.2428571428571429,40
3,Merchandise,2024-12-30,1.25,158,1.4511278195488722,36
3,Savory Bakery,2023-01-28,1.3235294117647058,9,1.3235294117647058,0
3,Savory Bakery,2023-02-03,1.3235294117647058,11,1.206896551724138,1
3,Savory Bakery,2023-02-06,1.2652129817444218,12,1.0498768472906403,2
3,Savory Bakery,2023-03-04,1.203448275862069,26,1.1176470588235294,5
3,Savory Bakery,2023-03-13,1.206896551724138,31,1.1176470588235294,7
3,Savory Bakery,2023-03-24,1.206896551724138,37,1.206896551724138,9
3,Savory Bakery,2023-03-30,1.9473684210526316,19,1.3903743315508021,2
3,Savory Bakery,2023-04-02,1.0320422535211269,20,1.1538461538461537,3
3,Savory Bakery,2023-04-08,1.9859154929577465,22,1.7352941176470589,3
3,Savory Bakery,2023-04-10,1.2999092558983665,30,1.36,3
3,Savory Bakery,2023-04-28,2.0,29,1.95,5
3,Savory Bakery,2023-05-07,1.2782738095238095,22,1.2782738095238095,0
3,Savory Bakery,2023-05-08,1.2424242424242424,27,1.2962962962962963,6
3,Savory Bakery,2023-05-18,2.158823529411765,38,2.1176470588235294,9
3,Savory Bakery,2023-05-21,1.4246575342465753,53,1.2962962962962963,11
3,Savory Bakery,2023-05-29,2.065681961030798,42,2.0338235294117646,10
3,Savory Bakery,2023-06-02,2.011627906976744,44,1.9194444444444443,12
3,Savory Bakery,2023-06-06,2.0,47,1.8120915032679739,14
3,Savory Bakery,2023-06-11,1.4,57,1.5555555555555556,13
3,Savory Bakery,2023-06-21,1.3416493416493416,58,1.5342465753424657,11
3,Savory Bakery,2023-07-10,1.3243243243243243,67,1.5342465753424657,13
3,Savory Bakery,2023-07-14,1.375,67,1.440900195694716,16
3,Savory Bakery,2023-07-30,1.239110707803993,40,1.44,11
3,Savory Bakery,2023-08-09,1.3206987475280159,76,1.36,15
3,Savory Bakery,2023-08-23,1.75,69,1.6666666666666667,19
3,Savory Bakery,2023-09-05,1.0717948717948718,52,1.262962962962963,12
3,Savory Bakery,2023-09-16,1.194331983805668,54,1.3658536585365855,15
3,Savory Bakery,2023-09-19,1.7573529411764706,76,1.6777777777777778,20
3,Savory Bakery,2023-10-22,1.375,103,1.3934881874131428,22
3,Savory Bakery,2023-10-27,1.3642105263157895,96,1.36,19
3,Savory Bakery,2023-10-28,1.8863049095607236,92,1.7037037037037037,27
3,Savory Bakery,2023-10-30,1.2857142857142858,51,1.7399425287356323,10
3,Savory Bakery,2023-11-06,1.0666666666666667,63,1.2666666666666666,17
3,Savory Bakery,2023-11-27,1.3440860215053763,58,1.9244663382594416,12
3,Savory Bakery,2023-12-01,1.386138613861386,119,1.6595197255574614,26
3,Savory Bakery,2023-12-15,1.1323815704088254,78,1.3484848484848484,20
3,Savory Bakery,2023-12-23,1.385174418604651,114,1.3996212121212122,26
3,Savory Bakery,2024-01-22,1.4482029598308668,140,1.457142857142857,31
3,Savory Bakery,2024-01-27,1.4242424242424243,125,1.4242424242424243,29
3,Savory Bakery,2024-02-05,1.2573529411764706,80,1.4283333333333332,20
3,Savory Bakery,2024-02-21,1.2647058823529411,83,1.44,21
3,Savory Bakery,2024-03-14,1.4611742424242424,74,2.0,15
3,Savory Bakery,2024-03-26,1.4329170024174052,164,1.463265306122449,36
3,Savory Bakery,2024-03-31,1.2444005270092227,104,1.3636363636363635,27
3,Savory Bakery,2024-04-12,1.5,80,2.0708333333333333,18
3,Savory Bakery,2024-04-27,1.477118119975263,178,1.477118119975263,38
3,Savory Bakery,2024-05-07,1.4690688775510203,182,1.469387755102041,39
3,Savory Bakery,2024-05-12,1.25,95,1.6666666666666667,23
3,Savory Bakery,2024-06-08,1.5,157,1.4393939393939394,32
3,Savory Bakery,2024-06-12,1.2413793103448276,102,1.5533333333333332,24
3,Savory Bakery,2024-06-15,1.2424242424242424,121,1.44,29
3,Savory Bakery,2024-06-18,1.7638888888888888,88,2.1739130434782608,13
3,Savory Bakery,2024-06-25,1.5527777777777778,90,2.1,21
3,Savory Bakery,2024-07-05,1.4329170024174052,210,1.463265306122449,42
3,Savory Bakery,2024-07-06,1.631578947368421,97,2.111111111111111,15
3,Savory Bakery,2024-07-16,2.011627906976744,162,1.8888888888888888,41
3,Savory Bakery,2024-07-22,0.9008882655446471,100,1.4289772727272727,12
3,Savory Bakery,2024-08-26,1.4186046511627908,185,1.4264069264069263,34
3,Savory Bakery,2024-09-02,1.1400808457711442,146,1.376518218623482,34
3,Savory Bakery,2024-09-05,1.4093023255813955,188,1.4242424242424243,35
3,Savory Bakery,2024-10-03,1.393939393939394,245,1.457142857142857,49
3,Savory Bakery,2024-10-12,1.4093023255813955,200,1.3675000000000002,38
3,Savory Bakery,2024-10-13,1.231822971548999,126,1.4283333333333332,30
3,Savory Bakery,2024-11-21,1.523671096345515,106,2.0416666666666665,23
3,Savory Bakery,2024-12-10,1.4054054054054055,259,1.469387755102041,51
3,Savory Bakery,2024-12-28,1.4242424242424243,207,1.3675000000000002,40
3,Savory Bakery,2024-12-30,1.1323815704088254,158,1.3660287081339713,36
3,Tea,2023-01-28,1.1791044776119404,9,1.1791044776119404,0
3,Tea,2023-02-03,1.1791044776119404,11,1.1555555555555554,1
3,Tea,2023-02-06,1.167330016583748,12,1.0828282828282827,2
3,Tea,2023-03-04,1.2259158751696067,26,1.1555555555555554,5
3,Tea,2023-03-13,1.2727272727272727,31,1.1555555555555554,7
3,Tea,2023-03-24,1.1956521739130435,37,1.1555555555555554,9
3,Tea,2023-03-30,2.050632911392405,19,1.7274774774774775,2
3,Tea,2023-04-02,1.197641509433962,20,1.794871794871795,3
3,Tea,2023-04-08,2.1083333333333334,22,2.1363636363636362,3
3,Tea,2023-04-10,1.2896085740913328,30,1.3818181818181818,3
3,Tea,2023-04-28,2.1363636363636362,29,2.2882882882882885,5
3,Tea,2023-05-07,1.2619122257053292,22,1.2619122257053292,0
3,Tea,2023-05-08,1.4090909090909092,27,1.804412641621944,6
3,Tea,2023-05-18,2.200834879406308,38,2.2882882882882885,9
3,Tea,2023-05-21,1.3071895424836601,53,1.2708333333333333,11
3,Tea,2023-05-29,2.1083333333333334,42,2.2767972053686343,10
3,Tea,2023-06-02,2.087962962962963,44,2.200834879406308,12
3,Tea,2023-06-06,2.075,47,2.114478114478114,14
3,Tea,2023-06-11,1.3134328358208955,57,1.64,13
3,Tea,2023-06-21,1.427340383862123,58,1.9423076923076923,11
3,Tea,2023-07-10,1.337837837837838,67,1.6296296296296295,13
3,Tea,2023-07-14,1.396551724137931,67,1.52,16
3,Tea,2023-07-30,1.1205541770057899,40,1.4038461538461537,11
3,Tea,2023-08-09,1.3125970798384592,76,1.3818181818181818,15
3,Tea,2023-08-23,1.9444444444444444,69,1.9795918367346939,19
3,Tea,2023-09-05,1.1375,52,1.57123745819398,12
3,Tea,2023-09-16,1.1752464403066814,54,1.386138613861386,15
3,Tea,2023-09-19,1.8900134952766532,76,1.9503222341568205,20
3,Tea,2023-10-22,1.3166666666666667,103,1.4185245901639343,22
3,Tea,2023-10-27,1.3125970798384592,96,1.0731707317073171,19
3,Tea,2023-10-28,1.873931623931624,92,1.9210526315789473,27
3,Tea,2023-10-30,1.2272727272727273,51,1.7122093023255816,10
3,Tea,2023-11-06,1.1851851851851851,63,1.6222222222222222,17
3,Tea,2023-11-27,1.3921534130893738,58,1.755,12
3,Tea,2023-12-01,1.3770491803278688,119,1.52,26
3,Tea,2023-12-15,1.227904667328699,78,1.6285024154589371,20
3,Tea,2023-12-23,1.3600267379679143,114,1.3337662337662337,26
3,Tea,2024-01-22,1.4495121951219512,140,1.5806451612903225,31
3,Tea,2024-01-27,1.3870967741935485,125,1.2857142857142858,29
3,Tea,2024-02-05,1.1827458256029684,80,1.39499238385377,20
3,Tea,2024-02-21,1.1818181818181819,83,1.4038461538461537,21
3,Tea,2024-03-14,1.5322209436133487,74,1.8545454545454545,15
3,Tea,2024-03-26,1.4316270127373227,164,1.534186046511628,36
3,Tea,2024-03-31,1.2515074888154056,104,1.6222222222222222,27
3,Tea,2024-04-12,1.6363265306122448,80,1.8880570409982176,18
3,Tea,2024-04-27,1.4656177156177157,178,1.5803225806451613,38
3,Tea,2024-05-07,1.4615384615384615,182,1.58,39
3,Tea,2024-05-12,1.1886792452830188,95,1.475,23
3,Tea,2024-06-08,1.40625,157,1.3337662337662337,32
3,Tea,2024-06-12,1.188934217236104,102,1.5243852459016394,24
3,Tea,2024-06-15,1.2777777777777777,121,1.6347826086956523,29
3,Tea,2024-06-18,1.6678657074340528,88,1.853658536585366,13
3,Tea,2024-06-25,1.6363265306122448,90,1.9215686274509804,21
3,Tea,2024-07-05,1.4388104407359863,210,1.4741860465116279,42
3,Tea,2024-07-06,1.6296296296296295,97,1.8148148148148149,15
3,Tea,2024-07-16,2.0449242988334575,162,2.0,41
3,Tea,2024-07-22,0.89272030651341,100,1.4104403760514597,12
3,Tea,2024-08-26,1.3076923076923077,185,1.3294243070362475,34
3,Tea,2024-09-02,1.190883190883191,146,1.6388198757763974,34
3,Tea,2024-09-05,1.297524314765694,188,1.2857142857142858,35
3,Tea,2024-10-03,1.4074074074074074,245,1.4594594594594594,49
3,Tea,2024-10-12,1.3227650727650728,200,1.270764119601329,38
3,Tea,2024-10-13,1.1654184304786714,126,1.439423076923077,30
3,Tea,2024-11-21,1.5322209436133487,106,1.8545454545454545,23
3,Tea,2024-12-10,1.4081632653061225,259,1.4390243902439024,51
3,Tea,2024-12-28,1.337837837837838,207,1.270764119601329,40
3,Tea,2024-12-30,1.1967754467754468,158,1.6285024154589371,36
4,Bakery,2023-01-11,1.625,1,1.625,0
4,Bakery,2023-01-21,0.7999231950844854,6,0.75,1
4,Bakery,2023-02-06,1.5166666666666666,4,0.918918918918919,1
4,Bakery,2023-02-09,1.1426082628173222,16,1.5238095238095237,3
4,Bakery,2023-02-21,1.1359649122807018,12,0.8813559322033898,3
4,Bakery,2023-03-09,1.3888888888888888,15,1.2272727272727273,1
4,Bakery,2023-03-13,1.308080808080808,16,1.2136363636363636,2
4,Bakery,2023-03-17,1.973284760170006,16,1.962962962962963,3
4,Bakery,2023-03-22,1.2347826086956522,13,0.47368421052631576,3
4,Bakery,2023-03-24,1.2,37,1.1813953488372093,8
4,Bakery,2023-04-30,1.6851851851851851,15,0.918918918918919,3
4,Bakery,2023-05-09,1.2152173913043478,24,0.5714285714285714,5
4,Bakery,2023-05-10,1.1515151515151516,25,0.9642857142857143,1
4,Bakery,2023-05-14,2.3384615384615386,35,2.448148148148148,4
4,Bakery,2023-06-11,1.1956521739130435,27,0.61003861003861,6
4,Bakery,2023-06-14,1.2875776397515528,32,0.75,5
4,Bakery,2023-06-16,1.0,24,1.0,3
4,Bakery,2023-06-19,1.096969696969697,34,0.9642857142857143,3
4,Bakery,2023-07-04,1.2727272727272727,63,1.2709790209790208,12
4,Bakery,2023-07-14,1.2727272727272727,67,1.2709790209790208,14
4,Bakery,2023-08-05,1.2727272727272727,75,1.2709790209790208,16
4,Bakery,2023-08-15,1.6571428571428573,35,1.0,5
4,Bakery,2023-09-01,1.1666666666666667,49,0.8156779661016949,8
4,Bakery,2023-10-12,1.0666666666666667,58,0.9294019933554818,6
4,Bakery,2023-10-14,1.9487179487179487,85,1.5476190476190474,12
4,Bakery,2023-10-20,1.349939975990396,102,1.2346153846153847,18
4,Bakery,2023-10-26,1.9612794612794613,90,1.5714285714285714,13
4,Bakery,2023-11-01,1.9612794612794613,94,1.5714285714285714,15
4,Bakery,2023-11-02,1.9541569541569541,106,1.607936507936508,19
4,Bakery,2023-11-12,1.0666666666666667,65,0.9285714285714286,7
4,Bakery,2023-11-16,1.945945945945946,99,1.6444444444444444,17
4,Bakery,2023-11-29,1.3513513513513513,107,1.2136363636363636,8
4,Bakery,2023-11-30,1.1780436312456017,70,0.8813559322033898,11
4,Bakery,2023-12-08,1.1695402298850575,74,0.8156779661016949,12
4,Bakery,2024-01-11,1.2546296296296298,90,0.75,15
4,Bakery,2024-01-15,1.1578947368421053,77,0.9472591362126246,10
4,Bakery,2024-03-16,1.4242117117117117,138,1.2136363636363636,10
4,Bakery,2024-03-30,2.03125,133,1.6470588235294117,21
4,Bakery,2024-04-01,1.2291666666666667,105,0.9642857142857143,18
4,Bakery,2024-04-07,1.1780436312456017,108,0.8,19
4,Bakery,2024-04-24,1.7708333333333333,79,1.0,9
4,Bakery,2024-04-27,0.9538690476190477,84,0.8372093023255814,13
4,Bakery,2024-05-03,1.4545454545454546,179,1.4615384615384615,27
4,Bakery,2024-05-05,1.458041958041958,180,1.4807692307692308,28
4,Bakery,2024-05-12,1.4513274336283186,189,1.5,29
4,Bakery,2024-05-15,2.088235294117647,146,1.645751633986928,22
4,Bakery,2024-05-16,1.183673469387755,115,0.84,22
4,Bakery,2024-05-23,1.458041958041958,192,1.5119047619047619,30
4,Bakery,2024-06-08,2.088235294117647,153,1.6470588235294117,25
4,Bakery,2024-06-17,1.7428571428571429,87,1.1041666666666665,10
4,Bakery,2024-06-18,1.1780436312456017,122,0.8166666666666667,24
4,Bakery,2024-06-23,1.716117216117216,90,1.0,11
4,Bakery,2024-07-12,1.4694587628865978,94,0.7914438502673797,14
4,Bakery,2024-07-14,1.396969696969697,174,1.2326839826839828,12
4,Bakery,2024-07-17,1.6874201787994891,102,1.1153846153846154,15
4,Bakery,2024-07-20,1.6830181245074862,104,1.0576923076923077,16
4,Bakery,2024-08-03,1.6666666666666667,107,1.0,17
4,Bakery,2024-08-08,1.3888888888888888,179,1.2272727272727273,13
4,Bakery,2024-08-26,1.1081081081081081,145,0.8333333333333334,27
4,Bakery,2024-09-13,2.0,190,1.6470588235294117,29
4,Bakery,2024-09-22,1.105263157894737,149,0.8,29
4,Bakery,2024-09-30,1.3846153846153846,244,1.421245421245421,40
4,Bakery,2024-10-05,2.0,189,1.6613672496025438,32
4,Bakery,2024-10-17,0.9791666666666666,113,0.8372093023255814,17
4,Bakery,2024-11-24,2.028169014084507,199,1.6799431009957324,34
4,Bakery,2024-12-23,0.9673611111111111,118,0.8074935400516796,18
4,Bakery,2024-12-31,1.6153846153846154,126,0.9344594594594595,24
4,Chocolate & Milk,2023-01-11,1.3,1,1.3,0
4,Chocolate & Milk,2023-01-21,1.1056962025316457,6,0.4166666666666667,1
4,Chocolate & Milk,2023-02-06,1.6852425180598556,4,0.782608695652174,1
4,Chocolate & Milk,2023-02-09,1.0815508021390374,16,1.3846153846153846,3
4,Chocolate & Milk,2023-02-21,1.2636363636363637,12,0.4166666666666667,3
4,Chocolate & Milk,2023-03-09,1.2622950819672132,15,1.0769230769230769,1
4,Chocolate & Milk,2023-03-13,1.1978142076502731,16,1.1051282051282052,2
4,Chocolate & Milk,2023-03-17,2.1254545454545455,16,1.9411764705882353,3
4,Chocolate & Milk,2023-03-22,1.4545454545454546,13,1.0769230769230769,3
4,Chocolate & Milk,2023-03-24,1.1506849315068493,37,0.9963235294117647,8
4,Chocolate & Milk,2023-04-30,1.6842105263157894,15,0.782608695652174,3
4,Chocolate & Milk,2023-05-09,1.556547619047619,24,1.0769230769230769,5
4,Chocolate & Milk,2023-05-10,1.0344827586206897,25,0.3870967741935484,1
4,Chocolate & Milk,2023-05-14,2.1666666666666665,35,1.7352941176470589,4
4,Chocolate & Milk,2023-06-11,1.5294117647058822,27,1.3031674208144794,6
4,Chocolate & Milk,2023-06-14,1.3,32,0.5,5
4,Chocolate & Milk,2023-06-16,0.9615384615384616,24,1.0,3
4,Chocolate & Milk,2023-06-19,1.0,34,0.7222222222222222,3
4,Chocolate & Milk,2023-07-04,1.3333333333333333,63,1.251131221719457,12
4,Chocolate & Milk,2023-07-14,1.3043478260869565,67,1.2058823529411766,14
4,Chocolate & Milk,2023-08-05,1.2608695652173914,75,1.2581699346405228,16
4,Chocolate & Milk,2023-08-15,1.68,35,0.782608695652174,5
4,Chocolate & Milk,2023-09-01,1.2272727272727273,49,0.5576923076923077,8
4,Chocolate & Milk,2023-10-12,1.0529556650246306,58,0.6944444444444444,6
4,Chocolate & Milk,2023-10-14,1.875,85,1.36,12
4,Chocolate & Milk,2023-10-20,1.3252032520325203,102,1.1699346405228759,18
4,Chocolate & Milk,2023-10-26,1.8944444444444444,90,1.36,13
4,Chocolate & Milk,2023-11-01,1.8819444444444444,94,1.4,15
4,Chocolate & Milk,2023-11-02,1.872983870967742,106,1.464705882352941,19
4,Chocolate & Milk,2023-11-12,1.0714285714285714,65,0.7222222222222222,7
4,Chocolate & Milk,2023-11-16,1.875,99,1.5294117647058822,17
4,Chocolate & Milk,2023-11-29,1.3125,107,1.1051282051282052,8
4,Chocolate & Milk,2023-11-30,1.196969696969697,70,0.6153846153846154,11
4,Chocolate & Milk,2023-12-08,1.196969696969697,74,0.6576923076923077,12
4,Chocolate & Milk,2024-01-11,1.2679425837320575,90,0.7,15
4,Chocolate & Milk,2024-01-15,1.1428571428571428,77,0.7420634920634921,10
4,Chocolate & Milk,2024-03-16,1.356818181818182,138,1.1916666666666667,10
4,Chocolate & Milk,2024-03-30,1.945945945945946,133,1.6842105263157894,21
4,Chocolate & Milk,2024-04-01,1.263157894736842,105,0.8944444444444444,18
4,Chocolate & Milk,2024-04-07,1.251578947368421,108,0.9,19
4,Chocolate & Milk,2024-04-24,1.875,79,0.782608695652174,9
4,Chocolate & Milk,2024-04-27,0.9905660377358491,84,0.9166666666666666,13
4,Chocolate & Milk,2024-05-03,1.4545454545454546,179,1.2,27
4,Chocolate & Milk,2024-05-05,1.458041958041958,180,1.2111111111111112,28
4,Chocolate & Milk,2024-05-12,1.4615384615384615,189,1.2222222222222223,29
4,Chocolate & Milk,2024-05-15,2.0357142857142856,146,1.7057416267942584,22
4,Chocolate & Milk,2024-05-16,1.24,115,1.0,22
4,Chocolate & Milk,2024-05-23,1.464102564102564,192,1.2111111111111112,30
4,Chocolate & Milk,2024-06-08,2.0,153,1.6842105263157894,25
4,Chocolate & Milk,2024-06-17,1.8472222222222223,87,0.8528428093645486,10
4,Chocolate & Milk,2024-06-18,1.2342857142857144,122,0.9545454545454546,24
4,Chocolate & Milk,2024-06-23,1.7947368421052632,90,0.9230769230769231,11
4,Chocolate & Milk,2024-07-12,1.5741758241758241,94,1.1384615384615384,14
4,Chocolate & Milk,2024-07-14,1.317540322580645,174,1.2613636363636362,12
4,Chocolate & Milk,2024-07-17,1.6931372549019608,102,0.9523809523809523,15
4,Chocolate & Milk,2024-07-20,1.6852425180598556,104,0.9377289377289377,16
4,Chocolate & Milk,2024-08-03,1.68,107,0.9523809523809523,17
4,Chocolate & Milk,2024-08-08,1.3125,179,1.25,13
4,Chocolate & Milk,2024-08-26,1.1666666666666667,145,0.9,27
4,Chocolate & Milk,2024-09-13,1.9487179487179487,190,1.7142857142857142,29
4,Chocolate & Milk,2024-09-22,1.1666666666666667,149,0.9,29
4,Chocolate & Milk,2024-09-30,1.3675000000000002,244,1.2111111111111112,40
4,Chocolate & Milk,2024-10-05,1.9487179487179487,189,1.7207792207792207,32
4,Chocolate & Milk,2024-10-17,0.9642857142857143,113,1.0,17
4,Chocolate & Milk,2024-11-24,1.9767441860465116,199,1.707142857142857,34
4,Chocolate & Milk,2024-12-23,0.9430719656283566,118,0.9583333333333333,18
4,Chocolate & Milk,2024-12-31,1.6085106382978722,126,0.8636363636363636,24
4,Coffee,2023-01-11,2.027027027027027,1,2.027027027027027,0
4,Coffee,2023-01-21,0.9280183072317904,6,0.6818181818181818,1
4,Coffee,2023-02-06,1.8882831429560403,4,1.2573529411764706,1
4,Coffee,2023-02-09,1.0732203640668936,16,1.5208333333333333,3
4,Coffee,2023-02-21,1.1737749401436552,12,0.7257383966244726,3
4,Coffee,2023-03-09,1.3894736842105264,15,1.0952380952380953,1
4,Coffee,2023-03-13,1.3469107551487416,16,1.199792960662526,2
4,Coffee,2023-03-17,1.8423461538461539,16,1.752,3
4,Coffee,2023-03-22,1.3663003663003663,13,0.7631578947368421,3
4,Coffee,2023-03-24,1.2058823529411764,37,1.2357035049471743,8
4,Coffee,2023-04-30,1.8691588785046729,15,0.883495145631068,3
4,Coffee,2023-05-09,1.4410703709686103,24,0.7631578947368421,5
4,Coffee,2023-05-10,1.1218130311614731,25,0.5992779783393501,1
4,Coffee,2023-05-14,2.135135135135135,35,1.813888198757764,4
4,Coffee,2023-06-11,1.3663003663003663,27,0.756578947368421,6
4,Coffee,2023-06-14,1.2207070707070706,32,0.7257383966244726,5
4,Coffee,2023-06-16,0.9265920452075636,24,1.0689655172413792,3
4,Coffee,2023-06-19,1.1274924719972015,34,0.989247311827957,3
4,Coffee,2023-07-04,1.3419354838709678,63,1.3523836711390236,12
4,Coffee,2023-07-14,1.3370786516853932,67,1.3523836711390236,14
4,Coffee,2023-08-05,1.32,75,1.3395070677781806,16
4,Coffee,2023-08-15,1.5225806451612902,35,1.021097046413502,5
4,Coffee,2023-09-01,1.1097560975609757,49,0.7161300678774537,8
4,Coffee,2023-10-12,1.1130950677692888,58,0.8438854489164087,6
4,Coffee,2023-10-14,1.7207207207207207,85,1.5571095571095572,12
4,Coffee,2023-10-20,1.28046875,102,1.2848915271005583,18
4,Coffee,2023-10-26,1.720966420966421,90,1.5384615384615385,13
4,Coffee,2023-11-01,1.7540487804878049,94,1.5757575757575757,15
4,Coffee,2023-11-02,1.7540487804878049,106,1.5571095571095572,19
4,Coffee,2023-11-12,1.1218130311614731,65,0.8588235294117647,7
4,Coffee,2023-11-16,1.7687074829931972,99,1.5757575757575757,17
4,Coffee,2023-11-29,1.375,107,1.341166096068057,8
4,Coffee,2023-11-30,1.1954545454545453,70,0.7257383966244726,11
4,Coffee,2023-12-08,1.210651289009498,74,0.7161300678774537,12
4,Coffee,2024-01-11,1.2888131259322395,90,0.7835051546391752,15
4,Coffee,2024-01-15,1.1454545454545455,77,0.92125,10
4,Coffee,2024-03-16,1.3865176640230714,138,1.341166096068057,10
4,Coffee,2024-03-30,1.9116022099447514,133,1.752,21
4,Coffee,2024-04-01,1.2777777777777777,105,0.9625,18
4,Coffee,2024-04-07,1.270288206295032,108,0.8390804597701149,19
4,Coffee,2024-04-24,1.7424242424242424,79,0.9321266968325792,9
4,Coffee,2024-04-27,0.9443438914027149,84,0.8735632183908046,13
4,Coffee,2024-05-03,1.427450980392157,179,1.2546583850931676,27
4,Coffee,2024-05-05,1.42104256336681,180,1.2710791925465839,28
4,Coffee,2024-05-12,1.401197604790419,189,1.2875,29
4,Coffee,2024-05-15,1.9853695867470962,146,1.7603537414965986,22
4,Coffee,2024-05-16,1.2853185595567866,115,0.908256880733945,22
4,Coffee,2024-05-23,1.407915875565941,192,1.2710791925465839,30
4,Coffee,2024-06-08,2.0052219321148823,153,1.7687074829931972,25
4,Coffee,2024-06-17,1.7383720930232558,87,0.9766118716230406,10
4,Coffee,2024-06-18,1.270288206295032,122,0.8195402298850575,24
4,Coffee,2024-06-23,1.7136539052627984,90,0.9321266968325792,11
4,Coffee,2024-07-12,1.486520899192132,94,0.756578947368421,14
4,Coffee,2024-07-14,1.3663865546218488,174,1.341166096068057,12
4,Coffee,2024-07-17,1.6694347319347318,102,1.021097046413502,15
4,Coffee,2024-07-20,1.6174406165400401,104,0.9766118716230406,16
4,Coffee,2024-08-03,1.5909090909090908,107,0.9321266968325792,17
4,Coffee,2024-08-08,1.361344537815126,179,1.3209876543209877,13
4,Coffee,2024-08-26,1.1940298507462686,145,0.7901234567901234,27
4,Coffee,2024-09-13,1.9101123595505618,190,1.752,29
4,Coffee,2024-09-22,1.1416666666666666,149,0.7835051546391752,29
4,Coffee,2024-09-30,1.345714900947459,244,1.2126254931833276,40
4,Coffee,2024-10-05,1.8931297709923665,189,1.7093333333333334,32
4,Coffee,2024-10-17,0.9192546583850931,113,0.8735632183908046,17
4,Coffee,2024-11-24,1.9285714285714286,199,1.7603537414965986,34
4,Coffee,2024-12-23,0.9365204888569374,118,0.8742816091954023,18
4,Coffee,2024-12-31,1.5176194365046958,126,0.8096291866028709,24
4,Juice & Smoothie,2023-01-11,1.0,1,1.0,0
4,Juice & Smoothie,2023-01-21,0.826797385620915,6,0.3333333333333333,1
4,Juice & Smoothie,2023-02-06,1.470063025210084,4,1.2857142857142858,1
4,Juice & Smoothie,2023-02-09,1.0485347985347984,16,1.0714285714285714,3
4,Juice & Smoothie,2023-02-21,1.0882352941176472,12,1.1764705882352942,3
4,Juice & Smoothie,2023-03-09,1.4285714285714286,15,1.1,1
4,Juice & Smoothie,2023-03-13,1.5714285714285714,16,1.2571428571428571,2
4,Juice & Smoothie,2023-03-17,1.717948717948718,16,1.3333333333333333,3
4,Juice & Smoothie,2023-03-22,1.0625,13,0.6666666666666666,3
4,Juice & Smoothie,2023-03-24,1.2857142857142858,37,1.0357142857142856,8
4,Juice & Smoothie,2023-04-30,1.8095238095238095,15,0.75,3
4,Juice & Smoothie,2023-05-09,1.1818181818181817,24,0.6666666666666666,5
4,Juice & Smoothie,2023-05-10,1.25,25,0.9473684210526315,1
4,Juice & Smoothie,2023-05-14,2.25,35,2.1666666666666665,4
4,Juice & Smoothie,2023-06-11,1.0666666666666667,27,0.8333333333333333,6
4,Juice & Smoothie,2023-06-14,1.2361111111111112,32,1.1764705882352942,5
4,Juice & Smoothie,2023-06-16,0.7840909090909092,24,1.1,3
4,Juice & Smoothie,2023-06-19,1.2019230769230769,34,1.3333333333333333,3
4,Juice & Smoothie,2023-07-04,1.5263157894736843,63,1.35,12
4,Juice & Smoothie,2023-07-14,1.5263157894736843,67,1.5357142857142856,14
4,Juice & Smoothie,2023-08-05,1.5,75,1.381578947368421,16
4,Juice & Smoothie,2023-08-15,1.8095238095238095,35,1.1428571428571428,5
4,Juice & Smoothie,2023-09-01,1.2173913043478262,49,1.0,8
4,Juice & Smoothie,2023-10-12,1.1483516483516483,58,1.2380952380952381,6
4,Juice & Smoothie,2023-10-14,2.0,85,1.8823529411764706,12
4,Juice & Smoothie,2023-10-20,1.5,102,1.2315789473684209,18
4,Juice & Smoothie,2023-10-26,1.9545454545454546,90,1.7647058823529411,13
4,Juice & Smoothie,2023-11-01,2.0,94,1.7647058823529411,15
4,Juice & Smoothie,2023-11-02,2.0,106,1.8823529411764706,19
4,Juice & Smoothie,2023-11-12,1.1428571428571428,65,1.3333333333333333,7
4,Juice & Smoothie,2023-11-16,2.0,99,1.8,17
4,Juice & Smoothie,2023-11-29,1.4285714285714286,107,1.5357142857142856,8
4,Juice & Smoothie,2023-11-30,1.2361111111111112,70,1.0,11
4,Juice & Smoothie,2023-12-08,1.2583333333333333,74,1.0,12
4,Juice & Smoothie,2024-01-11,1.3095238095238095,90,1.0,15
4,Juice & Smoothie,2024-01-15,1.25,77,1.2666666666666666,10
4,Juice & Smoothie,2024-03-16,1.4105263157894736,138,1.5357142857142856,10
4,Juice & Smoothie,2024-03-30,2.0,133,1.8,21
4,Juice & Smoothie,2024-04-01,1.2727272727272727,105,1.3333333333333333,18
4,Juice & Smoothie,2024-04-07,1.2792207792207793,108,1.0,19
4,Juice & Smoothie,2024-04-24,1.84,79,0.7777777777777778,9
4,Juice & Smoothie,2024-04-27,1.0,84,0.75,13
4,Juice & Smoothie,2024-05-03,1.5714285714285714,179,1.2857142857142858,27
4,Juice & Smoothie,2024-05-05,1.5714285714285714,180,1.3701298701298703,28
4,Juice & Smoothie,2024-05-12,1.5714285714285714,189,1.2857142857142858,29
4,Juice & Smoothie,2024-05-15,2.142857142857143,146,1.8,22
4,Juice & Smoothie,2024-05-16,1.2857142857142858,115,1.1215686274509804,22
4,Juice & Smoothie,2024-05-23,1.5714285714285714,192,1.2857142857142858,30
4,Juice & Smoothie,2024-06-08,2.142857142857143,153,1.8,25
4,Juice & Smoothie,2024-06-17,1.8181818181818181,87,0.9603174603174602,10
4,Juice & Smoothie,2024-06-18,1.2857142857142858,122,1.0333333333333332,24
4,Juice & Smoothie,2024-06-23,1.7547619047619047,90,1.0,11
4,Juice & Smoothie,2024-07-12,1.581140350877193,94,1.0,14
4,Juice & Smoothie,2024-07-14,1.4,174,1.5357142857142856,12
4,Juice & Smoothie,2024-07-17,1.725,102,1.1428571428571428,15
4,Juice & Smoothie,2024-07-20,1.725,104,1.0714285714285714,16
4,Juice & Smoothie,2024-08-03,1.7,107,1.1428571428571428,17
4,Juice & Smoothie,2024-08-08,1.4,179,1.5,13
4,Juice & Smoothie,2024-08-26,1.2173913043478262,145,1.0,27
4,Juice & Smoothie,2024-09-13,2.1095890410958904,190,1.8,29
4,Juice & Smoothie,2024-09-22,1.2222222222222223,149,1.0,29
4,Juice & Smoothie,2024-09-30,1.4796992481203008,244,1.2315789473684209,40
4,Juice & Smoothie,2024-10-05,2.0625,189,1.8,32
4,Juice & Smoothie,2024-10-17,0.9230769230769231,113,0.75,17
4,Juice & Smoothie,2024-11-24,2.125,199,1.8285714285714287,34
4,Juice & Smoothie,2024-12-23,0.9198717948717949,118,0.8125,18
4,Juice & Smoothie,2024-12-31,1.5539772727272727,126,1.0,24
4,Merchandise,2023-01-11,2.6666666666666665,1,2.6666666666666665,0
4,Merchandise,2023-01-21,0.7083333333333333,6,0.25,1
4,Merchandise,2023-02-06,1.925213675213675,4,0.7,1
4,Merchandise,2023-02-09,1.0,16,1.1666666666666667,3
4,Merchandise,2023-02-21,1.2666666666666666,12,0.5454545454545454,3
4,Merchandise,2023-03-09,1.4,15,1.5,1
4,Merchandise,2023-03-13,1.3666666666666667,16,1.15,2
4,Merchandise,2023-03-17,1.8375,16,1.5,3
4,Merchandise,2023-03-22,1.12,13,0.25,3
4,Merchandise,2023-03-24,1.1666666666666667,37,1.25,8
4,Merchandise,2023-04-30,1.8888888888888888,15,0.75,3
4,Merchandise,2023-05-09,1.225,24,0.25,5
4,Merchandise,2023-05-10,1.0,25,0.25,1
4,Merchandise,2023-05-14,2.25,35,2.0,4
4,Merchandise,2023-06-11,1.2,27,0.25,6
4,Merchandise,2023-06-14,1.4642857142857144,32,0.5454545454545454,5
4,Merchandise,2023-06-16,1.0384615384615383,24,1.2,3
4,Merchandise,2023-06-19,0.8359788359788359,34,0.5,3
4,Merchandise,2023-07-04,1.3333333333333333,63,1.3666666666666667,12
4,Merchandise,2023-07-14,1.3333333333333333,67,1.3666666666666667,14
4,Merchandise,2023-08-05,1.3333333333333333,75,1.25,16
4,Merchandise,2023-08-15,1.8888888888888888,35,0.8,5
4,Merchandise,2023-09-01,1.3333333333333333,49,0.5727272727272728,8
4,Merchandise,2023-10-12,0.8991596638655461,58,0.25,6
4,Merchandise,2023-10-14,1.8571428571428572,85,1.3333333333333333,12
4,Merchandise,2023-10-20,1.3333333333333333,102,1.128787878787879,18
4,Merchandise,2023-10-26,1.8333333333333335,90,1.3333333333333333,13
4,Merchandise,2023-11-01,1.8333333333333335,94,1.5,15
4,Merchandise,2023-11-02,1.8047619047619048,106,1.4166666666666665,19
4,Merchandise,2023-11-12,1.0,65,0.25,7
4,Merchandise,2023-11-16,1.8333333333333333,99,1.5,17
4,Merchandise,2023-11-29,1.4,107,1.0,8
4,Merchandise,2023-11-30,1.3166666666666667,70,0.6,11
4,Merchandise,2023-12-08,1.3333333333333333,74,0.7444444444444445,12
4,Merchandise,2024-01-11,1.3541666666666665,90,0.75,15
4,Merchandise,2024-01-15,1.0,77,0.5357142857142857,10
4,Merchandise,2024-03-16,1.4285714285714286,138,1.0,10
4,Merchandise,2024-03-30,2.1,133,1.5,21
4,Merchandise,2024-04-01,1.3529411764705883,105,1.0694444444444444,18
4,Merchandise,2024-04-07,1.343137254901961,108,1.25,19
4,Merchandise,2024-04-24,1.8888888888888888,79,0.8,9
4,Merchandise,2024-04-27,0.9375,84,0.75,13
4,Merchandise,2024-05-03,1.5,179,1.3333333333333333,27
4,Merchandise,2024-05-05,1.5,180,1.3333333333333333,28
4,Merchandise,2024-05-12,1.5,189,1.3333333333333333,29
4,Merchandise,2024-05-15,2.1547619047619047,146,1.5,22
4,Merchandise,2024-05-16,1.3529411764705883,115,1.0694444444444444,22
4,Merchandise,2024-05-23,1.486842105263158,192,1.2916666666666665,30
4,Merchandise,2024-06-08,2.142857142857143,153,1.5,25
4,Merchandise,2024-06-17,1.75,87,0.9384615384615385,10
4,Merchandise,2024-06-18,1.343137254901961,122,0.9444444444444444,24
4,Merchandise,2024-06-23,1.725,90,1.0,11
4,Merchandise,2024-07-12,1.4285714285714286,94,0.6333333333333333,14
4,Merchandise,2024-07-14,1.3484848484848484,174,1.0,12
4,Merchandise,2024-07-17,1.6666666666666667,102,1.0,15
4,Merchandise,2024-07-20,1.6666666666666667,104,1.0,16
4,Merchandise,2024-08-03,1.6470588235294117,107,1.0,17
4,Merchandise,2024-08-08,1.3333333333333333,179,1.0,13
4,Merchandise,2024-08-26,1.25,145,0.75,27
4,Merchandise,2024-09-13,2.0,190,1.5,29
4,Merchandise,2024-09-22,1.25,149,0.75,29
4,Merchandise,2024-09-30,1.375,244,1.2083333333333335,40
4,Merchandise,2024-10-05,2.0,189,1.5681818181818183,32
4,Merchandise,2024-10-17,1.0,113,0.75,17
4,Merchandise,2024-11-24,2.0,199,1.6931818181818183,34
4,Merchandise,2024-12-23,1.0,118,0.75,18
4,Merchandise,2024-12-31,1.6125,126,1.0384615384615383,24
4,Savory Bakery,2023-01-11,0.75,1,0.75,0
4,Savory Bakery,2023-01-21,0.75,6,0.5454545454545454,1
4,Savory Bakery,2023-02-06,1.8306962025316456,4,0.9285714285714286,1
4,Savory Bakery,2023-02-09,1.203448275862069,16,1.5454545454545454,3
4,Savory Bakery,2023-02-21,1.0320422535211269,12,0.7391304347826086,3
4,Savory Bakery,2023-03-09,1.3243243243243243,15,0.8947368421052632,1
4,Savory Bakery,2023-03-13,1.3463726884779517,16,1.3362573099415205,2
4,Savory Bakery,2023-03-17,1.915544675642595,16,1.75,3
4,Savory Bakery,2023-03-22,1.2857142857142858,13,0.7333333333333333,3
4,Savory Bakery,2023-03-24,1.206896551724138,37,1.1686868686868688,8
4,Savory Bakery,2023-04-30,1.75,15,0.88,3
4,Savory Bakery,2023-05-09,1.3202764976958525,24,0.8421052631578947,5
4,Savory Bakery,2023-05-10,1.3636363636363635,25,0.7555555555555555,1
4,Savory Bakery,2023-05-14,2.210526315789474,35,2.0701219512195124,4
4,Savory Bakery,2023-06-11,1.2708333333333333,27,0.787719298245614,6
4,Savory Bakery,2023-06-14,1.1498397435897436,32,0.5454545454545454,5
4,Savory Bakery,2023-06-16,1.0161290322580645,24,1.4871794871794872,3
4,Savory Bakery,2023-06-19,1.3068181818181817,34,1.6842105263157894,3
4,Savory Bakery,2023-07-04,1.4,63,1.1686868686868688,12
4,Savory Bakery,2023-07-14,1.375,67,1.1232323232323231,14
4,Savory Bakery,2023-08-05,1.375,75,1.1444444444444444,16
4,Savory Bakery,2023-08-15,1.5294117647058822,35,0.88,5
4,Savory Bakery,2023-09-01,1.0666666666666667,49,0.5909090909090908,8
4,Savory Bakery,2023-10-12,1.1382694023193576,58,0.7840277777777778,6
4,Savory Bakery,2023-10-14,1.75,85,1.5357142857142856,12
4,Savory Bakery,2023-10-20,1.3779761904761905,102,1.1444444444444444,18
4,Savory Bakery,2023-10-26,1.8242134062927495,90,1.5714285714285714,13
4,Savory Bakery,2023-11-01,1.8903903903903903,94,1.75,15
4,Savory Bakery,2023-11-02,1.8903903903903903,106,1.875,19
4,Savory Bakery,2023-11-12,1.2307692307692308,65,0.8125,7
4,Savory Bakery,2023-11-16,1.8918918918918919,99,2.0,17
4,Savory Bakery,2023-11-29,1.36,107,1.2713903743315509,8
4,Savory Bakery,2023-11-30,1.0583333333333333,70,0.6363636363636364,11
4,Savory Bakery,2023-12-08,1.0717948717948718,74,0.6417112299465241,12
4,Savory Bakery,2024-01-11,1.164224664224664,90,0.6923076923076923,15
4,Savory Bakery,2024-01-15,1.25,77,0.9375,10
4,Savory Bakery,2024-03-16,1.4264069264069263,138,1.2713903743315509,10
4,Savory Bakery,2024-03-30,2.0,133,2.0,21
4,Savory Bakery,2024-04-01,1.2687165775401068,105,1.0625,18
4,Savory Bakery,2024-04-07,1.2444005270092227,108,0.7391304347826086,19
4,Savory Bakery,2024-04-24,1.7777777777777777,79,0.7567567567567568,9
4,Savory Bakery,2024-04-27,0.9090909090909091,84,0.6363636363636364,13
4,Savory Bakery,2024-05-03,1.469387755102041,179,1.1875,27
4,Savory Bakery,2024-05-05,1.477118119975263,180,1.2091346153846154,28
4,Savory Bakery,2024-05-12,1.46875,189,1.2307692307692308,29
4,Savory Bakery,2024-05-15,2.0564607805987114,146,1.9333333333333333,22
4,Savory Bakery,2024-05-16,1.2592592592592593,115,0.7758152173913043,22
4,Savory Bakery,2024-05-23,1.4690688775510203,192,1.2517482517482517,30
4,Savory Bakery,2024-06-08,2.043956043956044,153,1.8666666666666667,25
4,Savory Bakery,2024-06-17,1.7777777777777777,87,0.8183783783783785,10
4,Savory Bakery,2024-06-18,1.2444005270092227,122,0.7225063938618925,24
4,Savory Bakery,2024-06-23,1.7416666666666667,90,0.7567567567567568,11
4,Savory Bakery,2024-07-12,1.542857142857143,94,0.8273026315789473,14
4,Savory Bakery,2024-07-14,1.4264069264069263,174,1.1022727272727273,12
4,Savory Bakery,2024-07-17,1.6052631578947367,102,0.88,15
4,Savory Bakery,2024-07-20,1.5688854489164088,104,0.9042857142857144,16
4,Savory Bakery,2024-08-03,1.5483870967741935,107,0.9285714285714286,17
4,Savory Bakery,2024-08-08,1.4242424242424243,179,1.25,13
4,Savory Bakery,2024-08-26,1.1458333333333333,145,0.7391304347826086,27
4,Savory Bakery,2024-09-13,2.0,190,1.8666666666666667,29
4,Savory Bakery,2024-09-22,1.1304347826086956,149,0.7058823529411765,29
4,Savory Bakery,2024-09-30,1.3914141414141414,244,1.1686868686868688,40
4,Savory Bakery,2024-10-05,2.0,189,1.8083333333333333,32
4,Savory Bakery,2024-10-17,0.9090909090909091,113,0.7333333333333333,17
4,Savory Bakery,2024-11-24,2.0,199,1.9333333333333333,34
4,Savory Bakery,2024-12-23,0.9145454545454546,118,0.7333333333333333,18
4,Savory Bakery,2024-12-31,1.4861111111111112,126,0.9042857142857144,24
4,Tea,2023-01-11,1.15,1,1.15,0
4,Tea,2023-01-21,0.9925595238095238,6,1.0476190476190477,1
4,Tea,2023-02-06,1.626642409541136,4,1.7352941176470589,1
4,Tea,2023-02-09,1.1444444444444444,16,1.1333333333333333,3
4,Tea,2023-02-21,1.197641509433962,12,1.0476190476190477,3
4,Tea,2023-03-09,1.4492753623188406,15,1.0,1
4,Tea,2023-03-13,1.427340383862123,16,0.8793103448275862,2
4,Tea,2023-03-17,2.066983122362869,16,1.7666666666666666,3
4,Tea,2023-03-22,1.296551724137931,13,0.7857142857142857,3
4,Tea,2023-03-24,1.1956521739130435,37,1.2030303030303031,8
4,Tea,2023-04-30,1.6862745098039216,15,0.7857142857142857,3
4,Tea,2023-05-09,1.3334610472541506,24,0.7857142857142857,5
4,Tea,2023-05-10,1.1686746987951808,25,0.9836065573770492,1
4,Tea,2023-05-14,2.2882882882882885,35,1.95,4
4,Tea,2023-06-11,1.2272727272727273,27,0.7696687370600415,6
4,Tea,2023-06-14,1.27541928721174,32,0.8518518518518519,5
4,Tea,2023-06-16,0.792022792022792,24,0.896551724137931,3
4,Tea,2023-06-19,1.134415064102564,34,0.9836065573770492,3
4,Tea,2023-07-04,1.3134328358208955,63,1.367132867132867,12
4,Tea,2023-07-14,1.396551724137931,67,1.5192307692307692,14
4,Tea,2023-08-05,1.3134328358208955,75,1.367132867132867,16
4,Tea,2023-08-15,1.5670103092783505,35,1.0163934426229508,5
4,Tea,2023-09-01,1.125,49,0.7116402116402116,8
4,Tea,2023-10-12,1.1752464403066814,58,0.9427836708453874,6
4,Tea,2023-10-14,1.8888888888888888,85,1.7342370744010087,12
4,Tea,2023-10-20,1.315049751243781,102,1.2030303030303031,18
4,Tea,2023-10-26,1.873931623931624,90,1.7377049180327868,13
4,Tea,2023-11-01,1.873931623931624,94,1.7611940298507462,15
4,Tea,2023-11-02,1.891812865497076,106,1.7639303482587065,19
4,Tea,2023-11-12,1.162162162162162,65,0.9019607843137255,7
4,Tea,2023-11-16,1.894736842105263,99,1.7666666666666666,17
4,Tea,2023-11-29,1.337837837837838,107,1.210239651416122,8
4,Tea,2023-11-30,1.1978557504873293,70,0.8518518518518519,11
4,Tea,2023-12-08,1.1978557504873293,74,0.8577441077441077,12
4,Tea,2024-01-11,1.2894912985274432,90,0.8636363636363636,15
4,Tea,2024-01-15,1.1818181818181819,77,0.9109803921568628,10
4,Tea,2024-03-16,1.3844574780058652,138,1.210239651416122,10
4,Tea,2024-03-30,2.0392156862745097,133,1.7666666666666666,21
4,Tea,2024-04-01,1.2577319587628866,105,0.92,18
4,Tea,2024-04-07,1.2817460317460316,108,0.8636363636363636,19
4,Tea,2024-04-24,1.6862745098039216,79,1.0163934426229508,9
4,Tea,2024-04-27,0.9128787878787878,84,0.6451612903225806,13
4,Tea,2024-05-03,1.4615384615384615,179,1.4615384615384615,27
4,Tea,2024-05-05,1.4656177156177157,180,1.5034965034965033,28
4,Tea,2024-05-12,1.4615384615384615,189,1.4615384615384615,29
4,Tea,2024-05-15,2.0791666666666666,146,1.7924242424242425,22
4,Tea,2024-05-16,1.2857142857142858,115,0.8741258741258742,22
4,Tea,2024-05-23,1.4656177156177157,192,1.367132867132867,30
4,Tea,2024-06-08,2.0588235294117645,153,1.7611940298507462,25
4,Tea,2024-06-17,1.669064748201439,87,1.103941402162539,10
4,Tea,2024-06-18,1.2817460317460316,122,0.8636363636363636,24
4,Tea,2024-06-23,1.6666666666666667,90,1.0163934426229508,11
4,Tea,2024-07-12,1.6050847457627118,94,0.9128959276018099,14
4,Tea,2024-07-14,1.3381317315658658,174,1.2383367139959431,12
4,Tea,2024-07-17,1.607497741644083,102,1.09375,15
4,Tea,2024-07-20,1.5761880814684437,104,1.0550717213114753,16
4,Tea,2024-08-03,1.5555555555555556,107,1.0163934426229508,17
4,Tea,2024-08-08,1.3380281690140845,179,1.2352941176470589,13
4,Tea,2024-08-26,1.1965811965811965,145,0.8518518518518519,27
4,Tea,2024-09-13,2.0,190,1.7611940298507462,29
4,Tea,2024-09-22,1.1851851851851851,149,0.8518518518518519,29
4,Tea,2024-09-30,1.407785336356765,244,1.2315789473684209,40
4,Tea,2024-10-05,2.0,189,1.7494494739417665,32
4,Tea,2024-10-17,0.8928571428571429,113,0.7419354838709677,17
4,Tea,2024-11-24,2.0,199,1.7639303482587065,34
4,Tea,2024-12-23,0.9028213166144201,118,0.7459677419354839,18
4,Tea,2024-12-31,1.5025773195876289,126,0.8198924731182795,24
5,Bakery,2023-01-03,1.0,0,1.0,0
5,Bakery,2023-01-18,1.697674418604651,3,2.23728813559322,1
5,Bakery,2023-01-19,1.163265306122449,3,1.163265306122449,1
5,Bakery,2023-01-20,1.9801364023870418,2,1.9801364023870418,0
5,Bakery,2023-02-02,0.7691228070175438,2,0.7691228070175438,0
5,Bakery,2023-02-15,1.3026315789473686,10,0.7903225806451613,1
5,Bakery,2023-03-01,1.2272727272727273,13,2.0710250201775624,2
5,Bakery,2023-03-11,0.9459459459459459,9,1.1272727272727272,1
5,Bakery,2023-03-18,1.271531100478469,18,1.9047619047619047,3
5,Bakery,2023-03-28,1.2323232323232323,39,1.289631003916718,6
5,Bakery,2023-04-15,1.0,16,1.326086956521739,1
5,Bakery,2023-04-20,1.1686868686868688,18,1.2444444444444445,4
5,Bakery,2023-04-26,1.3363899613899615,38,1.6648809523809525,4
5,Bakery,2023-05-01,1.7015669515669516,16,1.7548076923076923,2
5,Bakery,2023-05-10,2.2779264214046826,32,2.3633596236335963,2
5,Bakery,2023-05-11,1.1547049441786283,26,1.146969696969697,2
5,Bakery,2023-06-13,1.1393939393939394,30,1.1272727272727272,3
5,Bakery,2023-06-18,1.1393939393939394,32,0.984688995215311,4
5,Bakery,2023-07-06,1.3448275862068966,65,1.6648809523809525,6
5,Bakery,2023-07-08,1.6571428571428573,29,1.7548076923076923,4
5,Bakery,2023-07-30,1.0571428571428572,40,0.8421052631578947,5
5,Bakery,2023-07-31,1.303030303030303,70,1.346938775510204,9
5,Bakery,2023-08-04,1.1695402298850575,42,0.978494623655914,4
5,Bakery,2023-08-08,1.2695652173913043,77,1.3205282112845138,10
5,Bakery,2023-09-02,1.9612794612794613,72,2.222417840375587,4
5,Bakery,2023-10-11,1.6689969604863224,50,1.7179487179487178,7
5,Bakery,2023-10-12,1.346938775510204,101,1.3657770800627942,12
5,Bakery,2023-10-28,1.3480894687791238,98,1.4799418604651162,10
5,Bakery,2023-11-27,1.0926553672316384,66,0.8421052631578947,7
5,Bakery,2023-11-30,1.6689969604863224,58,1.7548076923076923,8
5,Bakery,2023-12-03,1.367983367983368,110,1.5348837209302326,11
5,Bakery,2023-12-08,1.9487179487179487,107,2.0881585811163275,6
5,Bakery,2023-12-14,0.7931034482758621,61,1.7989583333333332,4
5,Bakery,2023-12-17,1.183673469387755,79,1.044871794871795,6
5,Bakery,2023-12-20,1.35,61,1.1555555555555554,7
5,Bakery,2023-12-26,1.25,83,1.454761904761905,8
5,Bakery,2024-01-07,1.4016129032258065,118,1.6481481481481481,13
5,Bakery,2024-01-14,1.4375,137,1.5662650602409638,15
5,Bakery,2024-02-03,2.0,141,2.0896990740740744,16
5,Bakery,2024-02-20,1.206420068027211,98,1.65,9
5,Bakery,2024-02-28,1.4375,151,1.6535433070866141,17
5,Bakery,2024-03-02,1.380281690140845,71,1.3333333333333333,9
5,Bakery,2024-03-10,1.4130808950086058,158,1.6099041836637888,18
5,Bakery,2024-03-24,2.0274178403755867,128,2.1481481481481484,11
5,Bakery,2024-03-27,2.029469122426869,130,2.2824074074074074,12
5,Bakery,2024-04-10,1.4130808950086058,170,1.5662650602409638,19
5,Bakery,2024-04-21,1.425,147,1.8611111111111112,19
5,Bakery,2024-05-19,1.1684397163120568,96,1.1272727272727272,9
5,Bakery,2024-05-24,1.1666666666666667,97,1.082154882154882,10
5,Bakery,2024-06-20,1.4328389830508474,162,1.8611111111111112,21
5,Bakery,2024-06-29,1.1627906976744187,127,1.1373873873873874,12
5,Bakery,2024-07-01,1.3975903614457832,207,1.6099041836637888,20
5,Bakery,2024-07-02,1.3964695993275429,208,1.5662650602409638,21
5,Bakery,2024-07-14,2.0307692307692307,161,2.3658536585365852,13
5,Bakery,2024-07-19,1.6851851851851851,216,1.7548076923076923,22
5,Bakery,2024-08-09,1.1515151515151516,137,1.1081081081081081,13
5,Bakery,2024-08-11,1.1471861471861473,112,1.037037037037037,13
5,Bakery,2024-08-12,1.389676113360324,228,1.5662650602409638,23
5,Bakery,2024-08-14,1.4694587628865978,96,1.3463541666666665,10
5,Bakery,2024-08-16,1.1428571428571428,113,1.0185185185185186,14
5,Bakery,2024-08-17,0.9673611111111111,104,1.7602217602217602,6
5,Bakery,2024-08-26,1.389676113360324,232,1.4754402224281742,24
5,Bakery,2024-08-31,1.625,117,1.7179487179487178,11
5,Bakery,2024-09-06,1.6201923076923077,118,1.6923076923076923,12
5,Bakery,2024-09-24,1.4210526315789473,194,1.6481481481481481,25
5,Bakery,2024-10-02,1.1066856330014225,152,1.0810810810810811,14
5,Bakery,2024-10-19,0.9673611111111111,114,1.6486486486486487,7
5,Bakery,2024-10-28,1.380952380952381,255,1.6066619418851877,26
5,Bakery,2024-11-01,1.6153846153846154,126,1.6666666666666667,13
5,Bakery,2024-11-21,2.028169014084507,199,2.257000903342367,14
5,Bakery,2024-12-06,1.6153846153846154,126,1.6666666666666667,13
5,Bakery,2024-12-26,0.9673611111111111,118,1.6076576576576578,8
5,Chocolate & Milk,2023-01-03,1.0,0,1.0,0
5,Chocolate & Milk,2023-01-18,1.7083333333333333,3,2.15625,1
5,Chocolate & Milk,2023-01-19,1.1176470588235294,3,1.0277777777777777,1
5,Chocolate & Milk,2023-01-20,1.6543560606060606,2,1.6543560606060606,0
5,Chocolate & Milk,2023-02-02,1.0869565217391304,2,1.0869565217391304,0
5,Chocolate & Milk,2023-02-15,1.4131578947368422,10,0.9113924050632911,1
5,Chocolate & Milk,2023-03-01,1.0769230769230769,13,2.263839285714286,2
5,Chocolate & Milk,2023-03-11,1.0,9,0.696969696969697,1
5,Chocolate & Milk,2023-03-18,1.1978142076502731,18,2.15625,3
5,Chocolate & Milk,2023-03-28,1.1666666666666667,39,1.1679350583460173,6
5,Chocolate & Milk,2023-04-15,0.8846153846153846,16,1.2692307692307692,1
5,Chocolate & Milk,2023-04-20,1.4981060606060606,18,1.2363590005099439,4
5,Chocolate & Milk,2023-04-26,1.317540322580645,38,1.773040254237288,4
5,Chocolate & Milk,2023-05-01,1.6821052631578945,16,1.7078754578754578,2
5,Chocolate & Milk,2023-05-10,2.163333333333333,32,2.195694716242661,2
5,Chocolate & Milk,2023-05-11,1.0172413793103448,26,0.9691745036572623,2
5,Chocolate & Milk,2023-06-13,1.0,30,0.7636363636363637,3
5,Chocolate & Milk,2023-06-18,1.0,32,0.7303030303030303,4
5,Chocolate & Milk,2023-07-06,1.3125,65,1.953125,6
5,Chocolate & Milk,2023-07-08,1.6538461538461537,29,1.7078754578754578,4
5,Chocolate & Milk,2023-07-30,1.0172413793103448,40,0.7636363636363637,5
5,Chocolate & Milk,2023-07-31,1.2720588235294117,70,1.1851851851851851,9
5,Chocolate & Milk,2023-08-04,1.227922077922078,42,0.9311060385972193,4
5,Chocolate & Milk,2023-08-08,1.25,77,1.2230273752012883,10
5,Chocolate & Milk,2023-09-02,1.8819444444444444,72,2.507518796992481,4
5,Chocolate & Milk,2023-10-11,1.6852425180598556,50,1.7619047619047619,7
5,Chocolate & Milk,2023-10-12,1.3170731707317074,101,1.2230273752012883,12
5,Chocolate & Milk,2023-10-28,1.2926136363636362,98,1.569915254237288,10
5,Chocolate & Milk,2023-11-27,1.0529556650246306,66,0.7636363636363637,7
5,Chocolate & Milk,2023-11-30,1.6931372549019608,58,1.880952380952381,8
5,Chocolate & Milk,2023-12-03,1.2926136363636362,110,1.4603174603174602,11
5,Chocolate & Milk,2023-12-08,1.8888888888888888,107,2.047201336675021,6
5,Chocolate & Milk,2023-12-14,0.875,61,1.880517023959647,4
5,Chocolate & Milk,2023-12-17,1.24,79,0.9642987249544626,6
5,Chocolate & Milk,2023-12-20,1.608695652173913,61,1.0943396226415094,7
5,Chocolate & Milk,2023-12-26,1.24,83,1.1484633569739953,8
5,Chocolate & Milk,2024-01-07,1.3416666666666668,118,1.75,13
5,Chocolate & Milk,2024-01-14,1.4666666666666666,137,1.6666666666666667,15
5,Chocolate & Milk,2024-02-03,1.925,141,2.4539473684210527,16
5,Chocolate & Milk,2024-02-20,1.2679425837320575,98,1.3191489361702127,9
5,Chocolate & Milk,2024-02-28,1.4545454545454546,151,1.6774193548387097,17
5,Chocolate & Milk,2024-03-02,1.5714285714285714,71,1.2857142857142858,9
5,Chocolate & Milk,2024-03-10,1.4494949494949494,158,1.6928763440860215,18
5,Chocolate & Milk,2024-03-24,1.938842203548086,128,2.75,11
5,Chocolate & Milk,2024-03-27,1.9435612082670906,130,2.549603174603175,12
5,Chocolate & Milk,2024-04-10,1.4305555555555556,170,1.7083333333333333,19
5,Chocolate & Milk,2024-04-21,1.3636363636363635,147,1.9166666666666667,19
5,Chocolate & Milk,2024-05-19,1.195744680851064,96,0.7636363636363637,9
5,Chocolate & Milk,2024-05-24,1.2,97,0.7689149560117302,10
5,Chocolate & Milk,2024-06-20,1.356818181818182,162,1.9166666666666667,21
5,Chocolate & Milk,2024-06-29,1.2173913043478262,127,1.1541501976284585,12
5,Chocolate & Milk,2024-07-01,1.4047619047619047,207,1.6928763440860215,20
5,Chocolate & Milk,2024-07-02,1.4023809523809523,208,1.6774193548387097,21
5,Chocolate & Milk,2024-07-14,1.9487179487179487,161,2.3492063492063493,13
5,Chocolate & Milk,2024-07-19,1.6862745098039216,216,1.880952380952381,22
5,Chocolate & Milk,2024-08-09,1.1666666666666667,137,1.0909090909090908,13
5,Chocolate & Milk,2024-08-11,1.1520737327188941,112,0.8947368421052632,13
5,Chocolate & Milk,2024-08-12,1.3704761904761904,228,1.6666666666666667,23
5,Chocolate & Milk,2024-08-14,1.5741758241758241,96,1.332046332046332,10
5,Chocolate & Milk,2024-08-16,1.1428571428571428,113,0.9265350877192983,14
5,Chocolate & Milk,2024-08-17,0.9430719656283566,104,1.774891774891775,6
5,Chocolate & Milk,2024-08-26,1.3704761904761904,232,1.463768115942029,24
5,Chocolate & Milk,2024-08-31,1.625,117,1.7619047619047619,11
5,Chocolate & Milk,2024-09-06,1.6210106382978724,118,1.7078754578754578,12
5,Chocolate & Milk,2024-09-24,1.5454545454545454,194,1.6,25
5,Chocolate & Milk,2024-10-02,1.1666666666666667,152,1.0343434343434343,14
5,Chocolate & Milk,2024-10-19,0.9558270676691729,114,1.4545454545454546,7
5,Chocolate & Milk,2024-10-28,1.36,255,1.6491228070175439,26
5,Chocolate & Milk,2024-11-01,1.6085106382978722,126,1.6538461538461537,13
5,Chocolate & Milk,2024-11-21,1.9767441860465116,199,2.320436507936508,14
5,Chocolate & Milk,2024-12-06,1.6085106382978722,126,1.6538461538461537,13
5,Chocolate & Milk,2024-12-26,0.9430719656283566,118,1.3618881118881119,8
5,Coffee,2023-01-03,1.0,0,1.0,0
5,Coffee,2023-01-18,1.530054644808743,3,1.9884615384615385,1
5,Coffee,2023-01-19,1.2058823529411764,3,1.2058823529411764,1
5,Coffee,2023-01-20,1.671840354767184,2,1.671840354767184,0
5,Coffee,2023-02-02,1.3634467360009401,2,1.3634467360009401,0
5,Coffee,2023-02-15,1.3218831168831169,10,1.0077220077220077,1
5,Coffee,2023-03-01,1.403560830860534,13,1.8543130737575182,2
5,Coffee,2023-03-11,1.103942652329749,9,0.7529411764705882,1
5,Coffee,2023-03-18,1.3469107551487416,18,1.7201646090534979,3
5,Coffee,2023-03-28,1.2058823529411764,39,1.3723615984915938,6
5,Coffee,2023-04-15,0.8358011315757794,16,1.0982658959537572,1
5,Coffee,2023-04-20,1.28447638708362,18,1.3268283440697233,4
5,Coffee,2023-04-26,1.3965172575355302,38,1.5743680188124634,4
5,Coffee,2023-05-01,1.6958697618329817,16,1.841044923807639,2
5,Coffee,2023-05-10,2.12037284809562,32,1.8024318681938722,2
5,Coffee,2023-05-11,1.112877841745611,26,0.9275816993464052,2
5,Coffee,2023-06-13,1.1274924719972015,30,1.1022222222222222,3
5,Coffee,2023-06-18,1.1274924719972015,32,0.9275816993464052,4
5,Coffee,2023-07-06,1.3743589743589744,65,1.5743680188124634,6
5,Coffee,2023-07-08,1.5,29,1.841044923807639,4
5,Coffee,2023-07-30,1.112877841745611,40,0.7529411764705882,5
5,Coffee,2023-07-31,1.3285393258426965,70,1.4824281150159744,9
5,Coffee,2023-08-04,1.0772244174955716,42,1.0262073725760876,4
5,Coffee,2023-08-08,1.2911392405063291,77,1.4259685794718115,10
5,Coffee,2023-09-02,1.669382538541417,72,1.8848752598752598,4
5,Coffee,2023-10-11,1.5893939393939394,50,1.9867549668874172,7
5,Coffee,2023-10-12,1.2734375,101,1.4259685794718115,12
5,Coffee,2023-10-28,1.3746794871794872,98,1.584324728769173,10
5,Coffee,2023-11-27,1.1130950677692888,66,0.7529411764705882,7
5,Coffee,2023-11-30,1.5966072832067066,58,1.8474808269087541,8
5,Coffee,2023-12-03,1.379280821917808,110,1.7201646090534979,11
5,Coffee,2023-12-08,1.7962962962962963,107,1.7582167832167832,6
5,Coffee,2023-12-14,0.8735632183908046,61,1.6492660966345176,4
5,Coffee,2023-12-17,1.2272727272727273,79,1.0262073725760876,6
5,Coffee,2023-12-20,1.4105960264900663,61,1.2873563218390804,7
5,Coffee,2023-12-26,1.2613636363636365,83,1.0902035115722266,8
5,Coffee,2024-01-07,1.3965172575355302,118,1.7569060773480663,13
5,Coffee,2024-01-14,1.379454926624738,137,1.4947807933194155,15
5,Coffee,2024-02-03,1.8540100250626566,141,2.0084766584766585,16
5,Coffee,2024-02-20,1.2815481686672823,98,1.1357142857142857,9
5,Coffee,2024-02-28,1.3870967741935485,151,1.7209302325581395,17
5,Coffee,2024-03-02,1.4105960264900663,71,1.3663003663003663,9
5,Coffee,2024-03-10,1.3744819852761934,158,1.7493540051679586,18
5,Coffee,2024-03-24,1.8964646464646466,128,2.135135135135135,11
5,Coffee,2024-03-27,1.9106117353308365,130,2.1645372645372642,12
5,Coffee,2024-04-10,1.3832758504091434,170,1.736842105263158,19
5,Coffee,2024-04-21,1.3894736842105264,147,1.7955555555555556,19
5,Coffee,2024-05-19,1.1553059253597815,96,0.9513888888888888,9
5,Coffee,2024-05-24,1.1548556430446195,97,1.001080757910228,10
5,Coffee,2024-06-20,1.3965172575355302,162,1.9555555555555555,21
5,Coffee,2024-06-29,1.249122807017544,127,1.1013937282229964,12
5,Coffee,2024-07-01,1.3811659192825112,207,1.7573099415204678,20
5,Coffee,2024-07-02,1.3803104229536247,208,1.736842105263158,21
5,Coffee,2024-07-14,1.9326923076923077,161,2.193939393939394,13
5,Coffee,2024-07-19,1.6325757575757576,216,1.8474808269087541,22
5,Coffee,2024-08-09,1.21,137,1.0670731707317074,13
5,Coffee,2024-08-11,1.136898456416465,112,0.9513888888888888,13
5,Coffee,2024-08-12,1.3608052421806391,228,1.7209302325581395,23
5,Coffee,2024-08-14,1.482444473999202,96,1.3684648684648684,10
5,Coffee,2024-08-16,1.1331719128329298,113,0.9262758397932817,14
5,Coffee,2024-08-17,0.9189296547739418,104,1.6390217969165337,6
5,Coffee,2024-08-26,1.3564079465174719,232,1.6248329323710238,24
5,Coffee,2024-08-31,1.528735632183908,117,1.7082066869300911,11
5,Coffee,2024-09-06,1.5256581386725991,118,1.6184711595569996,12
5,Coffee,2024-09-24,1.4479166666666667,194,1.7569060773480663,25
5,Coffee,2024-10-02,1.1386904761904761,152,1.066869918699187,14
5,Coffee,2024-10-19,0.9189296547739418,114,1.5204678362573099,7
5,Coffee,2024-10-28,1.3419354838709678,255,1.6135298272651384,26
5,Coffee,2024-11-01,1.5176194365046958,126,1.528735632183908,13
5,Coffee,2024-11-21,1.9285714285714286,199,2.232483715661286,14
5,Coffee,2024-12-06,1.5176194365046958,126,1.528735632183908,13
5,Coffee,2024-12-26,0.9365204888569374,118,1.4406850459482037,8
5,Juice & Smoothie,2023-01-03,1.0,0,1.0,0
5,Juice & Smoothie,2023-01-18,2.066666666666667,3,2.6470588235294117,1
5,Juice & Smoothie,2023-01-19,1.5714285714285714,3,1.625,1
5,Juice & Smoothie,2023-01-20,1.2958333333333334,2,1.2958333333333334,0
5,Juice & Smoothie,2023-02-02,1.561904761904762,2,1.561904761904762,0
5,Juice & Smoothie,2023-02-15,0.9666666666666667,10,0.8888888888888888,1
5,Juice & Smoothie,2023-03-01,1.4285714285714286,13,2.03781512605042,2
5,Juice & Smoothie,2023-03-11,1.3846153846153846,9,0.3137254901960784,1
5,Juice & Smoothie,2023-03-18,1.5,18,1.75,3
5,Juice & Smoothie,2023-03-28,1.2857142857142858,39,1.7518939393939394,6
5,Juice & Smoothie,2023-04-15,0.6666666666666666,16,0.5,1
5,Juice & Smoothie,2023-04-20,1.0645833333333332,18,1.3519061583577712,4
5,Juice & Smoothie,2023-04-26,1.4741379310344827,38,1.5892857142857144,4
5,Juice & Smoothie,2023-05-01,1.8612836438923397,16,2.03125,2
5,Juice & Smoothie,2023-05-10,2.246212121212121,32,2.1363636363636362,2
5,Juice & Smoothie,2023-05-11,1.2916666666666665,26,0.9068627450980392,2
5,Juice & Smoothie,2023-06-13,1.2916666666666665,30,0.6111111111111112,3
5,Juice & Smoothie,2023-06-18,1.2019230769230769,32,0.6722222222222223,4
5,Juice & Smoothie,2023-07-06,1.5,65,1.625,6
5,Juice & Smoothie,2023-07-08,1.5294117647058822,29,2.03125,4
5,Juice & Smoothie,2023-07-30,1.0634920634920635,40,0.7333333333333333,5
5,Juice & Smoothie,2023-07-31,1.5488721804511278,70,1.7857142857142858,9
5,Juice & Smoothie,2023-08-04,1.1969309462915603,42,1.259259259259259,4
5,Juice & Smoothie,2023-08-08,1.5,77,1.7053571428571428,10
5,Juice & Smoothie,2023-09-02,1.9411764705882353,72,2.5,4
5,Juice & Smoothie,2023-10-11,1.7547619047619047,50,2.0625,7
5,Juice & Smoothie,2023-10-12,1.5,101,1.7053571428571428,12
5,Juice & Smoothie,2023-10-28,1.4365079365079365,98,1.5241935483870968,10
5,Juice & Smoothie,2023-11-27,1.1366459627329193,66,0.625,7
5,Juice & Smoothie,2023-11-30,1.7,58,2.03125,8
5,Juice & Smoothie,2023-12-03,1.4248120300751879,110,1.5483870967741935,11
5,Juice & Smoothie,2023-12-08,2.0,107,2.6923076923076925,6
5,Juice & Smoothie,2023-12-14,1.0,61,1.9485714285714286,4
5,Juice & Smoothie,2023-12-17,1.25,79,0.986111111111111,6
5,Juice & Smoothie,2023-12-20,1.375,61,1.0909090909090908,7
5,Juice & Smoothie,2023-12-26,1.2666666666666666,83,1.3564814814814814,8
5,Juice & Smoothie,2024-01-07,1.446360153256705,118,1.75,13
5,Juice & Smoothie,2024-01-14,1.5714285714285714,137,1.7857142857142858,15
5,Juice & Smoothie,2024-02-03,2.0,141,2.7727272727272725,16
5,Juice & Smoothie,2024-02-20,1.2696969696969695,98,1.6296296296296295,9
5,Juice & Smoothie,2024-02-28,1.5714285714285714,151,1.878787878787879,17
5,Juice & Smoothie,2024-03-02,1.5,71,1.5,9
5,Juice & Smoothie,2024-03-10,1.5714285714285714,158,1.8322510822510822,18
5,Juice & Smoothie,2024-03-24,2.0,128,2.5454545454545454,11
5,Juice & Smoothie,2024-03-27,2.0,130,2.7727272727272725,12
5,Juice & Smoothie,2024-04-10,1.5714285714285714,170,1.7857142857142858,19
5,Juice & Smoothie,2024-04-21,1.4166666666666667,147,1.5483870967741935,19
5,Juice & Smoothie,2024-05-19,1.225,96,0.7333333333333333,9
5,Juice & Smoothie,2024-05-24,1.2,97,0.7833333333333333,10
5,Juice & Smoothie,2024-06-20,1.415650406504065,162,1.75,21
5,Juice & Smoothie,2024-06-29,1.2727272727272727,127,1.4511784511784511,12
5,Juice & Smoothie,2024-07-01,1.565217391304348,207,1.7595238095238095,20
5,Juice & Smoothie,2024-07-02,1.5603864734299517,208,1.7333333333333334,21
5,Juice & Smoothie,2024-07-14,2.111111111111111,161,2.5454545454545454,13
5,Juice & Smoothie,2024-07-19,1.7,216,2.03125,22
5,Juice & Smoothie,2024-08-09,1.2222222222222223,137,1.2727272727272727,13
5,Juice & Smoothie,2024-08-11,1.1483516483516483,112,0.7142857142857143,13
5,Juice & Smoothie,2024-08-12,1.5,228,1.7333333333333334,23
5,Juice & Smoothie,2024-08-14,1.581140350877193,96,1.5564516129032258,10
5,Juice & Smoothie,2024-08-16,1.1428571428571428,113,0.7238095238095238,14
5,Juice & Smoothie,2024-08-17,1.0,104,2.10989010989011,6
5,Juice & Smoothie,2024-08-26,1.5,232,1.6791666666666667,24
5,Juice & Smoothie,2024-08-31,1.5714285714285714,117,2.0,11
5,Juice & Smoothie,2024-09-06,1.5669642857142856,118,1.9230769230769231,12
5,Juice & Smoothie,2024-09-24,1.6,194,1.6666666666666667,25
5,Juice & Smoothie,2024-10-02,1.2198067632850242,152,1.178030303030303,14
5,Juice & Smoothie,2024-10-19,0.9615384615384616,114,2.076923076923077,7
5,Juice & Smoothie,2024-10-28,1.4857142857142858,255,1.7595238095238095,26
5,Juice & Smoothie,2024-11-01,1.5539772727272727,126,1.8461538461538463,13
5,Juice & Smoothie,2024-11-21,2.125,199,2.465034965034965,14
5,Juice & Smoothie,2024-12-06,1.5539772727272727,126,1.8461538461538463,13
5,Juice & Smoothie,2024-12-26,0.9198717948717949,118,1.7584615384615385,8
5,Merchandise,2023-01-03,1.0,0,1.0,0
5,Merchandise,2023-01-18,1.5,3,1.5,1
5,Merchandise,2023-01-19,1.5,3,1.5454545454545454,1
5,Merchandise,2023-01-20,1.6509090909090909,2,1.6509090909090909,0
5,Merchandise,2023-02-02,1.5833333333333333,2,1.5833333333333333,0
5,Merchandise,2023-02-15,1.3333333333333333,10,0.75,1
5,Merchandise,2023-03-01,1.4,13,1.9,2
5,Merchandise,2023-03-11,0.6666666666666666,9,0.2962962962962963,1
5,Merchandise,2023-03-18,1.3333333333333333,18,1.6470588235294117,3
5,Merchandise,2023-03-28,1.2,39,1.6422924901185771,6
5,Merchandise,2023-04-15,0.9,16,1.625,1
5,Merchandise,2023-04-20,1.06,18,1.125,4
5,Merchandise,2023-04-26,1.422222222222222,38,1.8235294117647058,4
5,Merchandise,2023-05-01,1.7777777777777777,16,2.107142857142857,2
5,Merchandise,2023-05-10,2.1838235294117645,32,2.369565217391304,2
5,Merchandise,2023-05-11,0.9074074074074074,26,0.6981481481481482,2
5,Merchandise,2023-06-13,0.7987117552334944,30,0.7619047619047619,3
5,Merchandise,2023-06-18,0.8359788359788359,32,0.8809523809523809,4
5,Merchandise,2023-07-06,1.3333333333333333,65,1.7124183006535947,6
5,Merchandise,2023-07-08,1.8888888888888888,29,2.357142857142857,4
5,Merchandise,2023-07-30,0.9285714285714286,40,0.7619047619047619,5
5,Merchandise,2023-07-31,1.3333333333333333,70,1.7391304347826086,9
5,Merchandise,2023-08-04,1.3333333333333333,42,0.975,4
5,Merchandise,2023-08-08,1.3333333333333333,77,1.65527950310559,10
5,Merchandise,2023-09-02,1.7028985507246377,72,2.036231884057971,4
5,Merchandise,2023-10-11,1.8492063492063493,50,2.0,7
5,Merchandise,2023-10-12,1.3333333333333333,101,1.65527950310559,12
5,Merchandise,2023-10-28,1.3484848484848484,98,1.6470588235294117,10
5,Merchandise,2023-11-27,1.0,66,0.7619047619047619,7
5,Merchandise,2023-11-30,1.7797619047619047,58,1.9047619047619047,8
5,Merchandise,2023-12-03,1.4142857142857141,110,1.6470588235294117,11
5,Merchandise,2023-12-08,1.8571428571428572,107,2.036231884057971,6
5,Merchandise,2023-12-14,0.8333333333333334,61,1.9943181818181819,4
5,Merchandise,2023-12-17,1.3333333333333333,79,0.7916666666666667,6
5,Merchandise,2023-12-20,1.3333333333333333,61,1.1666666666666667,7
5,Merchandise,2023-12-26,1.3333333333333333,83,1.0166666666666666,8
5,Merchandise,2024-01-07,1.4285714285714286,118,1.6470588235294117,13
5,Merchandise,2024-01-14,1.4736842105263157,137,1.7391304347826086,15
5,Merchandise,2024-02-03,1.95,141,2.666666666666667,16
5,Merchandise,2024-02-20,1.3958333333333335,98,1.2,9
5,Merchandise,2024-02-28,1.4736842105263157,151,1.7391304347826086,17
5,Merchandise,2024-03-02,1.3333333333333333,71,1.25,9
5,Merchandise,2024-03-10,1.4285714285714286,158,1.8695652173913042,18
5,Merchandise,2024-03-24,2.0,128,2.3333333333333335,11
5,Merchandise,2024-03-27,2.0,130,2.166666666666667,12
5,Merchandise,2024-04-10,1.4285714285714286,170,1.75,19
5,Merchandise,2024-04-21,1.4285714285714286,147,1.6470588235294117,19
5,Merchandise,2024-05-19,1.0884615384615386,96,1.0,9
5,Merchandise,2024-05-24,1.0769230769230769,97,1.0,10
5,Merchandise,2024-06-20,1.4142857142857141,162,1.7777777777777777,21
5,Merchandise,2024-06-29,1.3333333333333333,127,1.0166666666666666,12
5,Merchandise,2024-07-01,1.4285714285714286,207,1.875,20
5,Merchandise,2024-07-02,1.4142857142857141,208,1.75,21
5,Merchandise,2024-07-14,2.0625,161,2.3333333333333335,13
5,Merchandise,2024-07-19,1.6666666666666667,216,1.9047619047619047,22
5,Merchandise,2024-08-09,1.2857142857142858,137,1.0,13
5,Merchandise,2024-08-11,1.0384615384615383,112,1.0,13
5,Merchandise,2024-08-12,1.3875,228,1.75,23
5,Merchandise,2024-08-14,1.4285714285714286,96,1.2159090909090908,10
5,Merchandise,2024-08-16,1.0,113,0.9166666666666667,14
5,Merchandise,2024-08-17,1.0,104,1.8125,6
5,Merchandise,2024-08-26,1.375,232,1.75,24
5,Merchandise,2024-08-31,1.625,117,2.0,11
5,Merchandise,2024-09-06,1.5982142857142856,118,1.9047619047619047,12
5,Merchandise,2024-09-24,1.4285714285714286,194,1.6470588235294117,25
5,Merchandise,2024-10-02,1.25,152,0.8257575757575758,14
5,Merchandise,2024-10-19,1.0,114,1.625,7
5,Merchandise,2024-10-28,1.375,255,1.8125,26
5,Merchandise,2024-11-01,1.6125,126,1.8095238095238095,13
5,Merchandise,2024-11-21,2.0,199,2.166666666666667,14
5,Merchandise,2024-12-06,1.6125,126,1.8095238095238095,13
5,Merchandise,2024-12-26,1.0,118,1.5625,8
5,Savory Bakery,2023-01-03,1.0,0,1.0,0
5,Savory Bakery,2023-01-18,1.625,3,1.625,1
5,Savory Bakery,2023-01-19,1.1818181818181819,3,0.9487179487179487,1
5,Savory Bakery,2023-01-20,1.6024496336996337,2,1.6024496336996337,0
5,Savory Bakery,2023-02-02,1.1355060034305318,2,1.1355060034305318,0
5,Savory Bakery,2023-02-15,1.101923076923077,10,0.75,1
5,Savory Bakery,2023-03-01,1.368421052631579,13,1.9188829787234043,2
5,Savory Bakery,2023-03-11,1.3658536585365855,9,0.5894736842105263,1
5,Savory Bakery,2023-03-18,1.3463726884779517,18,1.625,3
5,Savory Bakery,2023-03-28,1.2962962962962963,39,1.3284313725490196,6
5,Savory Bakery,2023-04-15,1.0161290322580645,16,2.3333333333333335,1
5,Savory Bakery,2023-04-20,1.2104166666666667,18,1.53125,4
5,Savory Bakery,2023-04-26,1.3206987475280159,38,1.5218023255813953,4
5,Savory Bakery,2023-05-01,1.6644736842105263,16,2.0,2
5,Savory Bakery,2023-05-10,2.1640866873065017,32,1.9595997034840624,2
5,Savory Bakery,2023-05-11,1.3647450110864745,26,0.6924641148325359,2
5,Savory Bakery,2023-06-13,1.3647450110864745,30,0.7954545454545454,3
5,Savory Bakery,2023-06-18,1.3647450110864745,32,0.821969696969697,4
5,Savory Bakery,2023-07-06,1.3243243243243243,65,1.5218023255813953,6
5,Savory Bakery,2023-07-08,1.5151515151515151,29,1.9772727272727273,4
5,Savory Bakery,2023-07-30,1.239110707803993,40,0.7954545454545454,5
5,Savory Bakery,2023-07-31,1.3541666666666665,70,1.4411764705882353,9
5,Savory Bakery,2023-08-04,1.0634615384615385,42,0.8820422535211268,4
5,Savory Bakery,2023-08-08,1.375,77,1.5018382352941178,10
5,Savory Bakery,2023-09-02,1.7467948717948718,72,1.9595997034840624,4
5,Savory Bakery,2023-10-11,1.5536053130929792,50,2.0,7
5,Savory Bakery,2023-10-12,1.375,101,1.5018382352941178,12
5,Savory Bakery,2023-10-28,1.3642105263157895,98,1.651209677419355,10
5,Savory Bakery,2023-11-27,1.194331983805668,66,0.7954545454545454,7
5,Savory Bakery,2023-11-30,1.5688854489164088,58,2.0327868852459017,8
5,Savory Bakery,2023-12-03,1.3642105263157895,110,1.6774193548387097,11
5,Savory Bakery,2023-12-08,1.9473684210526316,107,2.070661255669611,6
5,Savory Bakery,2023-12-14,0.8387096774193549,61,2.113095238095238,4
5,Savory Bakery,2023-12-17,1.1343283582089552,79,0.9903755868544601,6
5,Savory Bakery,2023-12-20,1.3636363636363635,61,1.2592592592592593,7
5,Savory Bakery,2023-12-26,1.1458333333333333,83,1.1839653304442037,8
5,Savory Bakery,2024-01-07,1.3976744186046512,118,1.7586206896551724,13
5,Savory Bakery,2024-01-14,1.441860465116279,137,1.6071428571428572,15
5,Savory Bakery,2024-02-03,2.0,141,2.070661255669611,16
5,Savory Bakery,2024-02-20,1.2444005270092227,98,1.353846153846154,9
5,Savory Bakery,2024-02-28,1.441860465116279,151,1.6071428571428572,17
5,Savory Bakery,2024-03-02,1.3870967741935485,71,1.2592592592592593,9
5,Savory Bakery,2024-03-10,1.4415184678522572,158,1.6369047619047619,18
5,Savory Bakery,2024-03-24,2.0,128,1.971830985915493,11
5,Savory Bakery,2024-03-27,2.0,130,2.070661255669611,12
5,Savory Bakery,2024-04-10,1.4545454545454546,170,1.6071428571428572,19
5,Savory Bakery,2024-04-21,1.4545454545454546,147,1.901639344262295,19
5,Savory Bakery,2024-05-19,1.2573529411764706,96,0.8484848484848485,9
5,Savory Bakery,2024-05-24,1.25,97,0.8597262952101662,10
5,Savory Bakery,2024-06-20,1.4742606790799562,162,1.9268292682926829,21
5,Savory Bakery,2024-06-29,1.21875,127,1.1164172535211268,12
5,Savory Bakery,2024-07-01,1.4411764705882353,207,1.6369047619047619,20
5,Savory Bakery,2024-07-02,1.4415184678522572,208,1.6071428571428572,21
5,Savory Bakery,2024-07-14,2.0,161,2.169491525423729,13
5,Savory Bakery,2024-07-19,1.5789473684210527,216,2.0327868852459017,22
5,Savory Bakery,2024-08-09,1.236842105263158,137,1.0140845070422535,13
5,Savory Bakery,2024-08-11,1.2348594087959626,112,0.8709677419354839,13
5,Savory Bakery,2024-08-12,1.3944444444444444,228,1.5692307692307692,23
5,Savory Bakery,2024-08-14,1.542857142857143,96,1.3796296296296298,10
5,Savory Bakery,2024-08-16,1.2328767123287672,113,0.8597262952101662,14
5,Savory Bakery,2024-08-17,0.9008882655446471,104,1.8839285714285714,6
5,Savory Bakery,2024-08-26,1.3888888888888888,232,1.5658653846153845,24
5,Savory Bakery,2024-08-31,1.5,117,2.0,11
5,Savory Bakery,2024-09-06,1.5,118,1.75,12
5,Savory Bakery,2024-09-24,1.5,194,1.7586206896551724,25
5,Savory Bakery,2024-10-02,1.1277173913043477,152,1.0876874148114495,14
5,Savory Bakery,2024-10-19,0.9090909090909091,114,1.875,7
5,Savory Bakery,2024-10-28,1.4054054054054055,255,1.5658653846153845,26
5,Savory Bakery,2024-11-01,1.4861111111111112,126,1.5,13
5,Savory Bakery,2024-11-21,2.0,199,2.131257390618841,14
5,Savory Bakery,2024-12-06,1.4861111111111112,126,1.5,13
5,Savory Bakery,2024-12-26,0.9145454545454546,118,1.640625,8
5,Tea,2023-01-03,1.0,0,1.0,0
5,Tea,2023-01-18,1.8425196850393701,3,1.9873417721518987,1
5,Tea,2023-01-19,1.1333333333333333,3,0.8,1
5,Tea,2023-01-20,2.116360968451944,2,2.116360968451944,0
5,Tea,2023-02-02,1.1388888888888888,2,1.1388888888888888,0
5,Tea,2023-02-15,1.197641509433962,10,0.9375,1
5,Tea,2023-03-01,1.4054054054054055,13,2.3980826507818316,2
5,Tea,2023-03-11,1.0551181102362204,9,0.5769230769230769,1
5,Tea,2023-03-18,1.427340383862123,18,1.9873417721518987,3
5,Tea,2023-03-28,1.2708333333333333,39,1.2936338714590314,6
5,Tea,2023-04-15,0.7543103448275862,16,0.8793103448275862,1
5,Tea,2023-04-20,1.2045454545454546,18,1.3834610472541509,4
5,Tea,2023-04-26,1.3600267379679143,38,1.800122498979175,4
5,Tea,2023-05-01,1.6764705882352942,16,2.148550724637681,2
5,Tea,2023-05-10,2.2767972053686343,32,2.057092555331992,2
5,Tea,2023-05-11,1.1546498493975905,26,0.8587740384615384,2
5,Tea,2023-06-13,1.134415064102564,30,0.9130434782608695,3
5,Tea,2023-06-18,1.134415064102564,32,0.748974569319114,4
5,Tea,2023-07-06,1.337837837837838,65,1.800122498979175,6
5,Tea,2023-07-08,1.5051546391752577,29,2.136904761904762,4
5,Tea,2023-07-30,1.1205541770057899,40,0.6717557251908397,5
5,Tea,2023-07-31,1.3868004522329,70,1.4081632653061225,9
5,Tea,2023-08-04,1.1129310344827585,42,1.1995192307692308,4
5,Tea,2023-08-08,1.3071895424836601,77,1.4023574947220268,10
5,Tea,2023-09-02,1.8900134952766532,72,1.9338489956130225,4
5,Tea,2023-10-11,1.661904761904762,50,1.8881118881118881,7
5,Tea,2023-10-12,1.3134328358208955,101,1.4023574947220268,12
5,Tea,2023-10-28,1.3125970798384592,98,1.5509771603484812,10
5,Tea,2023-11-27,1.1525096525096523,66,0.6717557251908397,7
5,Tea,2023-11-30,1.661904761904762,58,1.9440559440559442,8
5,Tea,2023-12-03,1.3379330034259613,110,1.6129032258064515,11
5,Tea,2023-12-08,1.9210526315789473,107,1.9338489956130225,6
5,Tea,2023-12-14,0.8148148148148148,61,1.6625991458206224,4
5,Tea,2023-12-17,1.2452830188679245,79,1.1193524096385543,6
5,Tea,2023-12-20,1.518987341772152,61,1.3703703703703705,7
5,Tea,2023-12-26,1.2452830188679245,83,1.381371640407785,8
5,Tea,2024-01-07,1.3600267379679143,118,1.6641221374045803,13
5,Tea,2024-01-14,1.4385964912280702,137,1.5633802816901408,15
5,Tea,2024-02-03,1.9578527062999114,141,2.4787149656266525,16
5,Tea,2024-02-20,1.2615303983228512,98,1.3012048192771084,9
5,Tea,2024-02-28,1.4246575342465753,151,1.5675675675675675,17
5,Tea,2024-03-02,1.518987341772152,71,1.3703703703703705,9
5,Tea,2024-03-10,1.4316270127373227,158,1.6028314028314028,18
5,Tea,2024-03-24,2.0,128,2.3653846153846154,11
5,Tea,2024-03-27,2.0161290322580645,130,2.4810794044665014,12
5,Tea,2024-04-10,1.4597297297297298,170,1.638095238095238,19
5,Tea,2024-04-21,1.4,147,1.8888888888888888,19
5,Tea,2024-05-19,1.188934217236104,96,0.9130434782608695,9
5,Tea,2024-05-24,1.1891891891891893,97,0.9877717391304348,10
5,Tea,2024-06-20,1.4027027027027028,162,1.9795918367346939,21
5,Tea,2024-06-29,1.2577319587628866,127,1.1341188931550377,12
5,Tea,2024-07-01,1.4390243902439024,207,1.6080384447356924,20
5,Tea,2024-07-02,1.4388104407359863,208,1.5779816513761469,21
5,Tea,2024-07-14,2.0392156862745097,161,2.3653846153846154,13
5,Tea,2024-07-19,1.5853658536585367,216,1.9440559440559442,22
5,Tea,2024-08-09,1.196969696969697,137,0.9877717391304348,13
5,Tea,2024-08-11,1.1654184304786714,112,1.0625,13
5,Tea,2024-08-12,1.4180734856007944,228,1.5779816513761469,23
5,Tea,2024-08-14,1.578846153846154,96,1.3834610472541509,10
5,Tea,2024-08-16,1.162162162162162,113,0.9877717391304348,14
5,Tea,2024-08-17,0.8908730158730158,104,1.3414304993252362,6
5,Tea,2024-08-26,1.411628802464382,232,1.5727746094718573,24
5,Tea,2024-08-31,1.5416666666666667,117,1.8881118881118881,11
5,Tea,2024-09-06,1.5234106529209623,118,1.7773892773892774,12
5,Tea,2024-09-24,1.511111111111111,194,1.6641221374045803,25
5,Tea,2024-10-02,1.190883190883191,152,1.0401202571013892,14
5,Tea,2024-10-19,0.8908730158730158,114,1.3846153846153846,7
5,Tea,2024-10-28,1.4081632653061225,255,1.6008720138068853,26
5,Tea,2024-11-01,1.5025773195876289,126,1.6666666666666667,13
5,Tea,2024-11-21,2.0,199,2.4810794044665014,14
5,Tea,2024-12-06,1.5025773195876289,126,1.6666666666666667,13
5,Tea,2024-12-26,0.9028213166144201,118,1.3414304993252362,8
6,Bakery,2023-01-22,2.3797468354430378,1,2.3797468354430378,0
6,Bakery,2023-01-30,0.5416666666666666,3,0.5416666666666666,0
6,Bakery,2023-02-25,1.4766355140186915,11,1.4766355140186915,0
6,Bakery,2023-03-01,1.2272727272727273,13,1.2261904761904763,1
6,Bakery,2023-03-08,1.163265306122449,29,1.163265306122449,0
6,Bakery,2023-03-17,1.348148148148148,7,1.348148148148148,1
6,Bakery,2023-03-29,1.2411616161616161,40,0.8596491228070176,1
6,Bakery,2023-03-30,1.206420068027211,18,1.206420068027211,0
6,Bakery,2023-04-01,1.0309278350515463,17,1.0309278350515463,0
6,Bakery,2023-04-07,1.3157894736842106,29,1.3075396825396826,2
6,Bakery,2023-04-21,1.3157894736842106,35,1.3888888888888888,3
6,Bakery,2023-04-25,2.2779264214046826,28,2.2779264214046826,0
6,Bakery,2023-04-30,1.1555555555555554,19,1.1555555555555554,0
6,Bakery,2023-05-04,1.37012012012012,40,1.5069444444444444,4
6,Bakery,2023-05-15,2.217391304347826,37,3.0,1
6,Bakery,2023-06-18,1.3944444444444444,56,1.625,5
6,Bakery,2023-06-26,1.3888888888888888,59,1.5069444444444444,6
6,Bakery,2023-06-28,1.9918032786885247,54,2.607843137254902,2
6,Bakery,2023-07-05,1.245018115942029,36,1.2608695652173914,1
6,Bakery,2023-07-11,1.333128078817734,68,1.3888888888888888,7
6,Bakery,2023-07-23,1.9836065573770492,59,2.215686274509804,3
6,Bakery,2023-07-25,1.0666666666666667,39,1.803680981595092,1
6,Bakery,2023-07-27,1.3214285714285714,71,1.3075396825396826,8
6,Bakery,2023-07-31,1.303030303030303,70,1.0393483709273184,2
6,Bakery,2023-08-09,1.962962962962963,65,1.81473968897904,4
6,Bakery,2023-08-26,1.0476190476190477,51,1.3907293796864348,2
6,Bakery,2023-11-17,1.183673469387755,69,1.145586297760211,2
6,Bakery,2023-11-29,1.9174174174174174,102,1.4137931034482758,5
6,Bakery,2024-01-19,0.9116541353383458,68,1.0666666666666667,1
6,Bakery,2024-01-23,1.2546296296296298,92,1.0303030303030303,3
6,Bakery,2024-02-04,1.4242117117117117,128,1.2261904761904763,9
6,Bakery,2024-02-12,1.4242117117117117,130,1.3075396825396826,10
6,Bakery,2024-02-17,1.2291666666666667,97,1.1627906976744187,5
6,Bakery,2024-03-01,2.023859649122807,124,1.81473968897904,6
6,Bakery,2024-03-05,2.026666666666667,125,2.1041666666666665,7
6,Bakery,2024-03-27,0.8821510297482837,80,1.3017543859649123,2
6,Bakery,2024-04-01,1.2291666666666667,105,1.1011693601366443,6
6,Bakery,2024-04-02,1.4130808950086058,166,0.8596491228070176,3
6,Bakery,2024-04-27,2.088235294117647,141,2.1599264705882355,8
6,Bakery,2024-05-05,2.088235294117647,143,2.215686274509804,9
6,Bakery,2024-05-06,1.4482758620689655,151,1.3888888888888888,11
6,Bakery,2024-05-26,1.7708333333333333,81,1.5594907407407406,2
6,Bakery,2024-06-02,1.446360153256705,156,1.3470760233918129,12
6,Bakery,2024-06-03,1.7708333333333333,83,1.7708333333333333,3
6,Bakery,2024-06-21,1.1724137931034482,123,1.03954802259887,7
6,Bakery,2024-06-29,1.420045045045045,168,1.305263157894737,13
6,Bakery,2024-07-13,1.134020618556701,131,1.0349255264509503,8
6,Bakery,2024-07-19,2.028169014084507,163,2.26001705029838,10
6,Bakery,2024-08-03,1.394736842105263,223,1.0228478172174622,4
6,Bakery,2024-08-30,1.4639175257731958,99,3.0,1
6,Bakery,2024-09-07,2.0,176,2.215686274509804,11
6,Bakery,2024-09-16,1.1515151515151516,121,1.4819277108433735,3
6,Bakery,2024-10-14,2.0,191,2.164661319073084,12
6,Bakery,2024-10-19,2.0210526315789474,195,2.215686274509804,13
6,Bakery,2024-10-22,1.396969696969697,202,1.2874630396215259,14
6,Bakery,2024-11-01,1.1515151515151516,127,1.2298527443105756,4
6,Bakery,2024-11-02,1.393939393939394,207,1.305263157894737,15
6,Bakery,2024-11-17,1.437799043062201,106,2.2083333333333335,2
6,Bakery,2024-11-28,1.1128775834658189,158,1.0303030303030303,9
6,Bakery,2024-12-07,2.028169014084507,199,2.164661319073084,14
6,Bakery,2024-12-11,2.028169014084507,199,2.164661319073084,14
6,Chocolate & Milk,2023-01-22,1.6862745098039216,1,1.6862745098039216,0
6,Chocolate & Milk,2023-01-30,0.7727272727272727,3,0.7727272727272727,0
6,Chocolate & Milk,2023-02-25,1.2622950819672132,11,1.2622950819672132,0
6,Chocolate & Milk,2023-03-01,1.0769230769230769,13,0.9154929577464789,1
6,Chocolate & Milk,2023-03-08,1.1666666666666667,29,1.1666666666666667,0
6,Chocolate & Milk,2023-03-17,1.6842105263157894,7,1.8472222222222223,1
6,Chocolate & Milk,2023-03-29,1.175925925925926,40,1.1333333333333333,1
6,Chocolate & Milk,2023-03-30,1.2636363636363637,18,1.2636363636363637,0
6,Chocolate & Milk,2023-04-01,1.0,17,1.0,0
6,Chocolate & Milk,2023-04-07,1.2727272727272727,29,1.3327464788732395,2
6,Chocolate & Milk,2023-04-21,1.2727272727272727,35,1.1944444444444444,3
6,Chocolate & Milk,2023-04-25,2.163333333333333,28,2.163333333333333,0
6,Chocolate & Milk,2023-04-30,1.4545454545454546,19,1.4545454545454546,0
6,Chocolate & Milk,2023-05-04,1.343108504398827,40,1.4722222222222223,4
6,Chocolate & Milk,2023-05-15,2.16,37,3.0,1
6,Chocolate & Milk,2023-06-18,1.4557848194546796,56,1.6756756756756757,5
6,Chocolate & Milk,2023-06-26,1.3898305084745763,59,1.43506006006006,6
6,Chocolate & Milk,2023-06-28,1.9383301707779887,54,2.4324324324324325,2
6,Chocolate & Milk,2023-07-05,1.27,36,1.373134328358209,1
6,Chocolate & Milk,2023-07-11,1.267511177347243,68,1.1944444444444444,7
6,Chocolate & Milk,2023-07-23,1.935483870967742,59,1.864864864864865,3
6,Chocolate & Milk,2023-07-25,1.0,39,1.5488721804511278,1
6,Chocolate & Milk,2023-07-27,1.2622950819672132,71,1.4075670498084292,8
6,Chocolate & Milk,2023-07-31,1.2720588235294117,70,1.1240437158469945,2
6,Chocolate & Milk,2023-08-09,1.8888888888888888,65,1.6490990990990992,4
6,Chocolate & Milk,2023-08-26,1.0,51,1.6365050557428051,2
6,Chocolate & Milk,2023-11-17,1.2272727272727273,69,1.2699004975124377,2
6,Chocolate & Milk,2023-11-29,1.8888888888888888,102,1.4333333333333333,5
6,Chocolate & Milk,2024-01-19,0.951530612244898,68,1.0256410256410255,1
6,Chocolate & Milk,2024-01-23,1.2679425837320575,92,1.1666666666666667,3
6,Chocolate & Milk,2024-02-04,1.356818181818182,128,1.1944444444444444,9
6,Chocolate & Milk,2024-02-12,1.356818181818182,130,1.3391577060931898,10
6,Chocolate & Milk,2024-02-17,1.2727272727272727,97,1.1666666666666667,5
6,Chocolate & Milk,2024-03-01,1.9344086021505378,124,1.6490990990990992,6
6,Chocolate & Milk,2024-03-05,1.935483870967742,125,1.864864864864865,7
6,Chocolate & Milk,2024-03-27,0.951530612244898,80,1.0582750582750582,2
6,Chocolate & Milk,2024-04-01,1.263157894736842,105,1.0992063492063493,6
6,Chocolate & Milk,2024-04-02,1.4305555555555556,166,1.1147540983606556,3
6,Chocolate & Milk,2024-04-27,1.9767441860465116,141,2.0324324324324325,8
6,Chocolate & Milk,2024-05-05,2.0,143,2.2,9
6,Chocolate & Milk,2024-05-06,1.3898305084745763,151,1.4838709677419355,11
6,Chocolate & Milk,2024-05-26,1.875,81,1.908459595959596,2
6,Chocolate & Milk,2024-06-02,1.3791257805530777,156,1.3391577060931898,12
6,Chocolate & Milk,2024-06-03,1.875,83,1.9696969696969697,3
6,Chocolate & Milk,2024-06-21,1.2285714285714286,123,1.1515151515151516,7
6,Chocolate & Milk,2024-06-29,1.3416666666666668,168,1.1944444444444444,13
6,Chocolate & Milk,2024-07-13,1.2,131,1.0916305916305917,8
6,Chocolate & Milk,2024-07-19,1.9487179487179487,163,2.189430894308943,10
6,Chocolate & Milk,2024-08-03,1.3846153846153846,223,1.1240437158469945,4
6,Chocolate & Milk,2024-08-30,1.5714285714285714,99,3.0,1
6,Chocolate & Milk,2024-09-07,1.9473319473319473,176,2.2,11
6,Chocolate & Milk,2024-09-16,1.1612903225806452,121,1.5488721804511278,3
6,Chocolate & Milk,2024-10-14,1.945945945945946,191,2.2142857142857144,12
6,Chocolate & Milk,2024-10-19,1.9487179487179487,195,2.2285714285714286,13
6,Chocolate & Milk,2024-10-22,1.2727272727272727,202,1.0820707070707072,14
6,Chocolate & Milk,2024-11-01,1.1612903225806452,127,1.3327694235588972,4
6,Chocolate & Milk,2024-11-02,1.2727272727272727,207,1.1864406779661016,15
6,Chocolate & Milk,2024-11-17,1.5700280112044818,106,2.225806451612903,2
6,Chocolate & Milk,2024-11-28,1.175170068027211,158,1.0317460317460319,9
6,Chocolate & Milk,2024-12-07,1.9767441860465116,199,2.2142857142857144,14
6,Chocolate & Milk,2024-12-11,1.9767441860465116,199,2.2142857142857144,14
6,Coffee,2023-01-22,2.302857142857143,1,2.302857142857143,0
6,Coffee,2023-01-30,0.5802469135802469,3,0.5802469135802469,0
6,Coffee,2023-02-25,1.530054644808743,11,1.530054644808743,0
6,Coffee,2023-03-01,1.403560830860534,13,1.0447368421052632,1
6,Coffee,2023-03-08,1.2522522522522523,29,1.2522522522522523,0
6,Coffee,2023-03-17,1.2758620689655173,7,1.9074074074074074,1
6,Coffee,2023-03-29,1.2290673025967145,40,0.923469387755102,1
6,Coffee,2023-03-30,1.0779019242706394,18,1.0779019242706394,0
6,Coffee,2023-04-01,1.0429906542056075,17,1.0429906542056075,0
6,Coffee,2023-04-07,1.3043478260869565,29,1.2171052631578947,2
6,Coffee,2023-04-21,1.3743589743589744,35,1.3743589743589744,3
6,Coffee,2023-04-25,2.12037284809562,28,2.12037284809562,0
6,Coffee,2023-04-30,1.2873563218390804,19,1.2873563218390804,0
6,Coffee,2023-05-04,1.4086769671544048,40,1.3819163292847505,4
6,Coffee,2023-05-15,2.1056105610561056,37,3.0,1
6,Coffee,2023-06-18,1.4201832650108512,56,1.3894736842105264,5
6,Coffee,2023-06-26,1.4137931034482758,59,1.3819163292847505,6
6,Coffee,2023-06-28,1.9221472588185295,54,2.568421052631579,2
6,Coffee,2023-07-05,1.1373737373737374,36,0.8260869565217391,1
6,Coffee,2023-07-11,1.3789603090972955,68,1.3743589743589744,7
6,Coffee,2023-07-23,1.875776397515528,59,2.136842105263158,3
6,Coffee,2023-07-25,1.1218130311614731,39,1.510928961748634,1
6,Coffee,2023-07-27,1.3743589743589744,71,1.268701226309922,8
6,Coffee,2023-07-31,1.3285393258426965,70,1.056471535982814,2
6,Coffee,2023-08-09,1.6838235294117647,65,1.7725306416726747,4
6,Coffee,2023-08-26,1.103942652329749,51,1.1956818721786648,2
6,Coffee,2023-11-17,1.2272727272727273,69,0.7816001792917975,2
6,Coffee,2023-11-29,1.7825018896447467,102,1.6574585635359116,5
6,Coffee,2024-01-19,0.9365204888569374,68,1.334916864608076,1
6,Coffee,2024-01-23,1.2888131259322395,92,0.8260869565217391,3
6,Coffee,2024-02-04,1.3965172575355302,128,1.1630434782608696,9
6,Coffee,2024-02-12,1.3965172575355302,130,1.268701226309922,10
6,Coffee,2024-02-17,1.2853185595567866,97,1.0337078651685394,5
6,Coffee,2024-03-01,1.878797289666855,124,1.6933701657458564,6
6,Coffee,2024-03-05,1.8818181818181818,125,1.729281767955801,7
6,Coffee,2024-03-27,0.9269170488187148,80,1.4035695434151492,2
6,Coffee,2024-04-01,1.2777777777777777,105,0.9893504064911809,6
6,Coffee,2024-04-02,1.375157926888528,166,0.923469387755102,3
6,Coffee,2024-04-27,1.9576271186440677,141,1.9330619366094794,8
6,Coffee,2024-05-05,1.9625,143,2.136842105263158,9
6,Coffee,2024-05-06,1.4080717488789238,151,1.3743589743589744,11
6,Coffee,2024-05-26,1.7424242424242424,81,1.8975539710833829,2
6,Coffee,2024-06-02,1.4109324261635998,156,1.3819163292847505,12
6,Coffee,2024-06-03,1.7424242424242424,83,1.9074074074074074,3
6,Coffee,2024-06-21,1.2627986348122866,123,1.0337078651685394,7
6,Coffee,2024-06-29,1.3746794871794872,168,1.3743589743589744,13
6,Coffee,2024-07-13,1.2461538461538462,131,0.9893504064911809,8
6,Coffee,2024-07-19,1.9326923076923077,163,2.180442910555076,10
6,Coffee,2024-08-03,1.3695090439276485,223,1.056471535982814,4
6,Coffee,2024-08-30,1.4794520547945205,99,3.0,1
6,Coffee,2024-09-07,1.9016210652714642,176,2.136842105263158,11
6,Coffee,2024-09-16,1.141025641025641,121,1.088235294117647,3
6,Coffee,2024-10-14,1.9101123595505618,191,2.074151711657367,12
6,Coffee,2024-10-19,1.9111111111111112,195,2.136842105263158,13
6,Coffee,2024-10-22,1.3601594483947426,202,1.268701226309922,14
6,Coffee,2024-11-01,1.141025641025641,127,1.1062645397141906,4
6,Coffee,2024-11-02,1.361344537815126,207,1.3743589743589744,15
6,Coffee,2024-11-17,1.4754983851208374,106,2.1416666666666666,2
6,Coffee,2024-11-28,1.178833107191316,158,0.9449929478138223,9
6,Coffee,2024-12-07,1.9285714285714286,199,2.074151711657367,14
6,Coffee,2024-12-11,1.9285714285714286,199,2.074151711657367,14
6,Juice & Smoothie,2023-01-22,2.2758620689655173,1,2.2758620689655173,0
6,Juice & Smoothie,2023-01-30,0.26666666666666666,3,0.26666666666666666,0
6,Juice & Smoothie,2023-02-25,1.7333333333333334,11,1.7333333333333334,0
6,Juice & Smoothie,2023-03-01,1.4285714285714286,13,1.2413793103448276,1
6,Juice & Smoothie,2023-03-08,1.2,29,1.2,0
6,Juice & Smoothie,2023-03-17,1.2857142857142858,7,1.4107142857142858,1
6,Juice & Smoothie,2023-03-29,1.2857142857142858,40,1.3125,1
6,Juice & Smoothie,2023-03-30,1.0833333333333335,18,1.0833333333333335,0
6,Juice & Smoothie,2023-04-01,1.1538461538461537,17,1.1538461538461537,0
6,Juice & Smoothie,2023-04-07,1.4285714285714286,29,1.2981090100111234,2
6,Juice & Smoothie,2023-04-21,1.4482758620689655,35,1.3548387096774193,3
6,Juice & Smoothie,2023-04-25,2.1926406926406923,28,2.1926406926406923,0
6,Juice & Smoothie,2023-04-30,1.0625,19,1.0625,0
6,Juice & Smoothie,2023-05-04,1.5,40,1.4774193548387098,4
6,Juice & Smoothie,2023-05-15,2.25,37,3.0,1
6,Juice & Smoothie,2023-06-18,1.5,56,1.6,5
6,Juice & Smoothie,2023-06-26,1.5,59,1.4774193548387098,6
6,Juice & Smoothie,2023-06-28,2.133928571428571,54,2.65,2
6,Juice & Smoothie,2023-07-05,1.2198067632850242,36,1.3333333333333333,1
6,Juice & Smoothie,2023-07-11,1.4741379310344827,68,1.3548387096774193,7
6,Juice & Smoothie,2023-07-23,2.111111111111111,59,2.3,3
6,Juice & Smoothie,2023-07-25,1.0714285714285714,39,2.380952380952381,1
6,Juice & Smoothie,2023-07-27,1.4285714285714286,71,1.3089983022071308,8
6,Juice & Smoothie,2023-07-31,1.5488721804511278,70,1.4744318181818183,2
6,Juice & Smoothie,2023-08-09,2.0,65,2.091176470588235,4
6,Juice & Smoothie,2023-08-26,1.1428571428571428,51,1.6115288220551378,2
6,Juice & Smoothie,2023-11-17,1.2222222222222223,69,1.0952380952380951,2
6,Juice & Smoothie,2023-11-29,1.9545454545454546,102,1.8823529411764706,5
6,Juice & Smoothie,2024-01-19,1.0,68,1.75,1
6,Juice & Smoothie,2024-01-23,1.2792207792207793,92,1.3333333333333333,3
6,Juice & Smoothie,2024-02-04,1.4365079365079365,128,1.263157894736842,9
6,Juice & Smoothie,2024-02-12,1.4365079365079365,130,1.3089983022071308,10
6,Juice & Smoothie,2024-02-17,1.2727272727272727,97,1.3333333333333333,5
6,Juice & Smoothie,2024-03-01,2.0,124,1.7536764705882353,6
6,Juice & Smoothie,2024-03-05,2.0,125,1.8823529411764706,7
6,Juice & Smoothie,2024-03-27,1.0,80,1.4647435897435899,2
6,Juice & Smoothie,2024-04-01,1.2727272727272727,105,1.0952380952380951,6
6,Juice & Smoothie,2024-04-02,1.5683229813664596,166,1.3125,3
6,Juice & Smoothie,2024-04-27,2.142857142857143,141,2.0437405731523377,8
6,Juice & Smoothie,2024-05-05,2.142857142857143,143,2.2051282051282053,9
6,Juice & Smoothie,2024-05-06,1.4210526315789473,151,1.263157894736842,11
6,Juice & Smoothie,2024-05-26,1.8461538461538463,81,1.6618788819875778,2
6,Juice & Smoothie,2024-06-02,1.418859649122807,156,1.252268602540835,12
6,Juice & Smoothie,2024-06-03,1.8461538461538463,83,1.9130434782608696,3
6,Juice & Smoothie,2024-06-21,1.2857142857142858,123,1.3333333333333333,7
6,Juice & Smoothie,2024-06-29,1.415650406504065,168,1.2413793103448276,13
6,Juice & Smoothie,2024-07-13,1.25,131,1.0952380952380951,8
6,Juice & Smoothie,2024-07-19,2.1095890410958904,163,2.1573586231120476,10
6,Juice & Smoothie,2024-08-03,1.5,223,1.4744318181818183,4
6,Juice & Smoothie,2024-08-30,1.5789473684210527,99,3.0,1
6,Juice & Smoothie,2024-09-07,2.0860445205479454,176,2.1095890410958904,11
6,Juice & Smoothie,2024-09-16,1.1538461538461537,121,1.4375,3
6,Juice & Smoothie,2024-10-14,2.1095890410958904,191,2.1457036114570363,12
6,Juice & Smoothie,2024-10-19,2.125,195,2.1818181818181817,13
6,Juice & Smoothie,2024-10-22,1.4,202,1.1964472309299896,14
6,Juice & Smoothie,2024-11-01,1.1666666666666667,127,1.481907894736842,4
6,Juice & Smoothie,2024-11-02,1.4,207,1.2413793103448276,15
6,Juice & Smoothie,2024-11-17,1.6189516129032258,106,2.554054054054054,2
6,Juice & Smoothie,2024-11-28,1.2264957264957266,158,0.8571428571428571,9
6,Juice & Smoothie,2024-12-07,2.125,199,2.1934731934731935,14
6,Juice & Smoothie,2024-12-11,2.125,199,2.1934731934731935,14
6,Merchandise,2023-01-22,2.5,1,2.5,0
6,Merchandise,2023-01-30,0.6666666666666666,3,0.6666666666666666,0
6,Merchandise,2023-02-25,1.3333333333333333,11,1.3333333333333333,0
6,Merchandise,2023-03-01,1.4,13,1.4444444444444444,1
6,Merchandise,2023-03-08,1.0,29,1.0,0
6,Merchandise,2023-03-17,1.6666666666666667,7,1.9615384615384615,1
6,Merchandise,2023-03-29,1.2,40,1.2,1
6,Merchandise,2023-03-30,1.380952380952381,18,1.380952380952381,0
6,Merchandise,2023-04-01,0.782608695652174,17,0.782608695652174,0
6,Merchandise,2023-04-07,1.3333333333333333,29,1.3888888888888888,2
6,Merchandise,2023-04-21,1.3333333333333333,35,1.3333333333333333,3
6,Merchandise,2023-04-25,2.1838235294117645,28,2.1838235294117645,0
6,Merchandise,2023-04-30,1.12,19,1.12,0
6,Merchandise,2023-05-04,1.4722222222222223,40,1.3888888888888888,4
6,Merchandise,2023-05-15,2.1176470588235294,37,3.0,1
6,Merchandise,2023-06-18,1.4722222222222223,56,1.4444444444444444,5
6,Merchandise,2023-06-26,1.4,59,1.3888888888888888,6
6,Merchandise,2023-06-28,1.9375,54,2.791666666666667,2
6,Merchandise,2023-07-05,1.4226190476190477,36,1.3,1
6,Merchandise,2023-07-11,1.3333333333333333,68,1.3333333333333333,7
6,Merchandise,2023-07-23,1.875,59,2.5833333333333335,3
6,Merchandise,2023-07-25,0.8571428571428571,39,1.7837837837837838,1
6,Merchandise,2023-07-27,1.3333333333333333,71,1.1666666666666665,8
6,Merchandise,2023-07-31,1.3333333333333333,70,1.6526315789473682,2
6,Merchandise,2023-08-09,1.8,65,2.2416666666666667,4
6,Merchandise,2023-08-26,0.8571428571428571,51,1.4474474474474475,2
6,Merchandise,2023-11-17,1.3333333333333333,69,1.2000000000000002,2
6,Merchandise,2023-11-29,1.8214285714285714,102,1.9,5
6,Merchandise,2024-01-19,0.8377192982456141,68,1.619047619047619,1
6,Merchandise,2024-01-23,1.3541666666666665,92,1.1,3
6,Merchandise,2024-02-04,1.4285714285714286,128,1.05,9
6,Merchandise,2024-02-12,1.4285714285714286,130,1.1666666666666665,10
6,Merchandise,2024-02-17,1.4166666666666667,97,1.1,5
6,Merchandise,2024-03-01,2.0,124,2.1166666666666667,6
6,Merchandise,2024-03-05,2.0,125,2.3333333333333335,7
6,Merchandise,2024-03-27,0.8377192982456141,80,1.338935574229692,2
6,Merchandise,2024-04-01,1.3529411764705883,105,1.2000000000000002,6
6,Merchandise,2024-04-02,1.4142857142857141,166,1.2,3
6,Merchandise,2024-04-27,2.1666666666666665,141,2.4444444444444446,8
6,Merchandise,2024-05-05,2.2,143,2.5555555555555554,9
6,Merchandise,2024-05-06,1.4285714285714286,151,1.3333333333333333,11
6,Merchandise,2024-05-26,1.8888888888888888,81,2.274886877828054,2
6,Merchandise,2024-06-02,1.4285714285714286,156,1.2666666666666666,12
6,Merchandise,2024-06-03,1.8888888888888888,83,2.0952380952380953,3
6,Merchandise,2024-06-21,1.3333333333333333,123,1.2,7
6,Merchandise,2024-06-29,1.3818181818181818,168,1.2,13
6,Merchandise,2024-07-13,1.3,131,1.15,8
6,Merchandise,2024-07-19,2.0,163,2.4444444444444446,10
6,Merchandise,2024-08-03,1.4,223,1.05,4
6,Merchandise,2024-08-30,1.4285714285714286,99,3.0,1
6,Merchandise,2024-09-07,2.0,176,2.3333333333333335,11
6,Merchandise,2024-09-16,1.0,121,1.1111111111111112,3
6,Merchandise,2024-10-14,2.0,191,2.216666666666667,12
6,Merchandise,2024-10-19,2.0,195,2.3333333333333335,13
6,Merchandise,2024-10-22,1.3333333333333333,202,1.1,14
6,Merchandise,2024-11-01,1.0,127,1.2055555555555557,4
6,Merchandise,2024-11-02,1.3636363636363635,207,1.1111111111111112,15
6,Merchandise,2024-11-17,1.4476190476190476,106,1.6666666666666667,2
6,Merchandise,2024-11-28,1.25,158,1.1,9
6,Merchandise,2024-12-07,2.0,199,2.216666666666667,14
6,Merchandise,2024-12-11,2.0,199,2.216666666666667,14
6,Savory Bakery,2023-01-22,2.4776119402985075,1,2.4776119402985075,0
6,Savory Bakery,2023-01-30,0.6190476190476191,3,0.6190476190476191,0
6,Savory Bakery,2023-02-25,1.625,11,1.625,0
6,Savory Bakery,2023-03-01,1.368421052631579,13,0.92,1
6,Savory Bakery,2023-03-08,1.206896551724138,29,1.206896551724138,0
6,Savory Bakery,2023-03-17,1.3571428571428572,7,1.9113924050632911,1
6,Savory Bakery,2023-03-29,1.3099128540305012,40,0.9459459459459459,1
6,Savory Bakery,2023-03-30,1.0070422535211268,18,1.0070422535211268,0
6,Savory Bakery,2023-04-01,1.236842105263158,17,1.236842105263158,0
6,Savory Bakery,2023-04-07,1.3103448275862069,29,1.1221621621621622,2
6,Savory Bakery,2023-04-21,1.3103448275862069,35,1.225,3
6,Savory Bakery,2023-04-25,1.9859154929577465,28,1.9859154929577465,0
6,Savory Bakery,2023-04-30,1.15,19,1.15,0
6,Savory Bakery,2023-05-04,1.3416493416493416,40,1.2710365853658536,4
6,Savory Bakery,2023-05-15,2.2,37,3.0,1
6,Savory Bakery,2023-06-18,1.3594871794871795,56,1.3170731707317074,5
6,Savory Bakery,2023-06-26,1.3243243243243243,59,1.2710365853658536,6
6,Savory Bakery,2023-06-28,1.9609154929577466,54,2.511627906976744,2
6,Savory Bakery,2023-07-05,1.1400808457711442,36,1.4102564102564104,1
6,Savory Bakery,2023-07-11,1.3206987475280159,68,1.225,7
6,Savory Bakery,2023-07-23,1.9473684210526316,59,2.0232558139534884,3
6,Savory Bakery,2023-07-25,1.2413793103448276,39,2.3065693430656933,1
6,Savory Bakery,2023-07-27,1.3243243243243243,71,1.2710365853658536,8
6,Savory Bakery,2023-07-31,1.3541666666666665,70,1.4324324324324325,2
6,Savory Bakery,2023-08-09,1.75,65,1.7060723514211886,4
6,Savory Bakery,2023-08-26,1.1578947368421053,51,1.6255068937550687,2
6,Savory Bakery,2023-11-17,1.0666666666666667,69,1.061292588689849,2
6,Savory Bakery,2023-11-29,1.8983268983268982,102,1.7428571428571429,5
6,Savory Bakery,2024-01-19,0.906158357771261,68,1.2602739726027397,1
6,Savory Bakery,2024-01-23,1.2026862026862029,92,0.8648648648648649,3
6,Savory Bakery,2024-02-04,1.4415584415584415,128,1.225,9
6,Savory Bakery,2024-02-12,1.4415584415584415,130,1.2710365853658536,10
6,Savory Bakery,2024-02-17,1.2424242424242424,97,1.4102564102564104,5
6,Savory Bakery,2024-03-01,2.0,124,1.8830564784053156,6
6,Savory Bakery,2024-03-05,2.0,125,2.0232558139534884,7
6,Savory Bakery,2024-03-27,0.906158357771261,80,1.1977045538689373,2
6,Savory Bakery,2024-04-01,1.2463768115942029,105,1.3283166109253066,6
6,Savory Bakery,2024-04-02,1.4415184678522572,166,0.9459459459459459,3
6,Savory Bakery,2024-04-27,2.0,141,2.0973421926910296,8
6,Savory Bakery,2024-05-05,2.0232558139534884,143,2.1714285714285713,9
6,Savory Bakery,2024-05-06,1.5,151,1.3170731707317074,11
6,Savory Bakery,2024-05-26,1.8780487804878048,81,2.1793804130579613,2
6,Savory Bakery,2024-06-02,1.5,156,1.3206987475280159,12
6,Savory Bakery,2024-06-03,1.8243243243243243,83,1.9113924050632911,3
6,Savory Bakery,2024-06-21,1.2424242424242424,123,1.2463768115942029,7
6,Savory Bakery,2024-06-29,1.4342857142857142,168,1.3170731707317074,13
6,Savory Bakery,2024-07-13,1.1746031746031746,131,1.217783000391696,8
6,Savory Bakery,2024-07-19,2.0,163,2.16003861003861,10
6,Savory Bakery,2024-08-03,1.4054054054054055,223,1.3340840840840842,4
6,Savory Bakery,2024-08-30,1.5357142857142858,99,3.0,1
6,Savory Bakery,2024-09-07,2.0,176,2.1486486486486487,11
6,Savory Bakery,2024-09-16,1.2307692307692308,121,1.4,3
6,Savory Bakery,2024-10-14,2.0,191,2.1178025851938895,12
6,Savory Bakery,2024-10-19,2.0,195,2.1486486486486487,13
6,Savory Bakery,2024-10-22,1.4214235377026077,202,1.2942508710801395,14
6,Savory Bakery,2024-11-01,1.2328767123287672,127,1.1852941176470588,4
6,Savory Bakery,2024-11-02,1.4242424242424243,207,1.3170731707317074,15
6,Savory Bakery,2024-11-17,1.523671096345515,106,2.143835616438356,2
6,Savory Bakery,2024-11-28,1.1323815704088254,158,1.1891891891891893,9
6,Savory Bakery,2024-12-07,2.0,199,2.16003861003861,14
6,Savory Bakery,2024-12-11,2.0,199,2.16003861003861,14
6,Tea,2023-01-22,1.6862745098039216,1,1.6862745098039216,0
6,Tea,2023-01-30,0.5098039215686274,3,0.5098039215686274,0
6,Tea,2023-02-25,1.4492753623188406,11,1.4492753623188406,0
6,Tea,2023-03-01,1.4054054054054055,13,1.1925925925925926,1
6,Tea,2023-03-08,1.2727272727272727,29,1.2727272727272727,0
6,Tea,2023-03-17,1.4461538461538461,7,1.5670103092783505,1
6,Tea,2023-03-29,1.271780303030303,40,0.926829268292683,1
6,Tea,2023-03-30,1.197641509433962,18,1.197641509433962,0
6,Tea,2023-04-01,1.140625,17,1.140625,0
6,Tea,2023-04-07,1.2413793103448276,29,1.6285543608124253,2
6,Tea,2023-04-21,1.337837837837838,35,1.337837837837838,3
6,Tea,2023-04-25,2.1348484848484848,28,2.1348484848484848,0
6,Tea,2023-04-30,1.1818181818181819,19,1.1818181818181819,0
6,Tea,2023-05-04,1.3936117936117935,40,1.7011769834350479,4
6,Tea,2023-05-15,2.2653061224489797,37,3.0,1
6,Tea,2023-06-18,1.427340383862123,56,2.064516129032258,5
6,Tea,2023-06-26,1.4054054054054055,59,1.7011769834350479,6
6,Tea,2023-06-28,2.0414454879542667,54,2.4294871794871797,2
6,Tea,2023-07-05,1.215234102026555,36,0.9473684210526315,1
6,Tea,2023-07-11,1.308918918918919,68,1.337837837837838,7
6,Tea,2023-07-23,1.9795918367346939,59,1.858974358974359,3
6,Tea,2023-07-25,1.1282051282051282,39,1.593984962406015,1
6,Tea,2023-07-27,1.337837837837838,71,1.3624673060156933,8
6,Tea,2023-07-31,1.3868004522329,70,1.1081514762516047,2
6,Tea,2023-08-09,1.9210526315789473,65,1.6794871794871795,4
6,Tea,2023-08-26,1.140625,51,1.3534440941062331,2
6,Tea,2023-11-17,1.2105263157894737,69,1.0116152450090743,2
6,Tea,2023-11-29,1.9078947368421053,102,1.858974358974359,5
6,Tea,2024-01-19,0.8627320954907162,68,1.030674846625767,1
6,Tea,2024-01-23,1.2894912985274432,92,1.0,3
6,Tea,2024-02-04,1.3935483870967742,128,1.337837837837838,9
6,Tea,2024-02-12,1.3935483870967742,130,1.3624673060156933,10
6,Tea,2024-02-17,1.2777777777777777,97,1.0758620689655172,5
6,Tea,2024-03-01,1.989795918367347,124,1.835284280936455,6
6,Tea,2024-03-05,2.0,125,1.858974358974359,7
6,Tea,2024-03-27,0.8879310344827587,80,1.007645115620576,2
6,Tea,2024-04-01,1.2577319587628866,105,1.043346196937632,6
6,Tea,2024-04-02,1.4388104407359863,166,0.9624060150375939,3
6,Tea,2024-04-27,2.054054054054054,141,1.9017094017094016,8
6,Tea,2024-05-05,2.0588235294117645,143,1.9444444444444444,9
6,Tea,2024-05-06,1.40625,151,1.3870967741935485,11
6,Tea,2024-05-26,1.6862745098039216,81,1.8807273768613975,2
6,Tea,2024-06-02,1.4094742063492065,156,1.4036933146330062,12
6,Tea,2024-06-03,1.6862745098039216,83,2.1037037037037036,3
6,Tea,2024-06-21,1.2777777777777777,123,1.0758620689655172,7
6,Tea,2024-06-29,1.3844574780058652,168,1.3870967741935485,13
6,Tea,2024-07-13,1.2142857142857142,131,1.043346196937632,8
6,Tea,2024-07-19,2.0392156862745097,163,2.1209211069805867,10
6,Tea,2024-08-03,1.423728813559322,223,1.1259398496240602,4
6,Tea,2024-08-30,1.5454545454545454,99,3.0,1
6,Tea,2024-09-07,2.0,176,1.9444444444444444,11
6,Tea,2024-09-16,1.1686746987951808,121,1.2230769230769232,3
6,Tea,2024-10-14,2.0,191,1.926068376068376,12
6,Tea,2024-10-19,2.0,195,1.9444444444444444,13
6,Tea,2024-10-22,1.3227650727650728,202,1.3624673060156933,14
6,Tea,2024-11-01,1.1686746987951808,127,1.1679900744416873,4
6,Tea,2024-11-02,1.337837837837838,207,1.337837837837838,15
6,Tea,2024-11-17,1.5322209436133487,106,2.140625,2
6,Tea,2024-11-28,1.1967754467754468,158,1.0108303249097472,9
6,Tea,2024-12-07,2.0,199,1.9381313131313131,14
6,Tea,2024-12-11,2.0,199,1.9381313131313131,14
7,Bakery,2023-01-02,1.0,0,1.0,0
7,Bakery,2023-01-29,2.0901771336553945,6,1.962962962962963,1
7,Bakery,2023-02-11,0.9298850574712644,6,0.9298850574712644,0
7,Bakery,2023-02-13,1.348148148148148,5,0.888030888030888,2
7,Bakery,2023-02-15,1.3026315789473686,10,0.9276315789473685,2
7,Bakery,2023-02-25,1.4766355140186915,11,1.4766355140186915,0
7,Bakery,2023-02-27,1.3237552966101696,8,1.3237552966101696,0
7,Bakery,2023-03-14,1.2614591009579956,12,0.5225563909774436,2
7,Bakery,2023-03-19,1.2323232323232323,33,1.1627906976744187,7
7,Bakery,2023-03-31,1.1956521739130435,15,0.5225563909774436,4
7,Bakery,2023-04-01,1.2256854256854257,42,1.2,9
7,Bakery,2023-05-13,1.0,21,1.1,2
7,Bakery,2023-05-27,1.3767690253671563,30,0.8156779661016949,4
7,Bakery,2023-06-06,1.3944444444444444,52,1.2136363636363636,4
7,Bakery,2023-06-28,1.3333333333333333,59,1.2727272727272727,11
7,Bakery,2023-07-01,1.367983367983368,62,1.2136363636363636,6
7,Bakery,2023-07-04,1.9836065573770492,55,1.5238095238095237,9
7,Bakery,2023-07-07,1.6571428571428573,27,0.9594594594594594,4
7,Bakery,2023-07-17,0.9473684210526316,30,1.0,4
7,Bakery,2023-07-30,0.7931034482758621,35,1.0,5
7,Bakery,2023-08-01,1.2834224598930482,72,1.2727272727272727,15
7,Bakery,2023-08-14,1.1695402298850575,44,0.6397058823529411,6
7,Bakery,2023-08-17,0.7931034482758621,37,1.0,6
7,Bakery,2023-08-26,1.1666666666666667,47,0.75,7
7,Bakery,2023-08-30,1.3414634146341464,85,1.2692307692307692,17
7,Bakery,2023-09-07,0.7923850574712643,42,1.0,7
7,Bakery,2023-09-09,1.1956521739130435,45,0.6486486486486487,7
7,Bakery,2023-09-14,1.9612794612794613,74,1.5238095238095237,11
7,Bakery,2023-09-17,1.1887351778656128,46,0.6576576576576576,8
7,Bakery,2023-10-21,0.7916666666666666,49,0.7608695652173914,8
7,Bakery,2023-10-25,1.6808510638297873,51,1.1041666666666665,6
7,Bakery,2023-10-31,1.2272727272727273,53,0.6666666666666666,9
7,Bakery,2023-11-10,1.206420068027211,66,0.8813559322033898,9
7,Bakery,2023-11-11,1.2291666666666667,67,0.8968183169788879,10
7,Bakery,2023-12-01,1.1229583975346686,68,0.9302325581395349,9
7,Bakery,2023-12-05,1.9473319473319473,106,1.6444444444444444,19
7,Bakery,2023-12-21,1.3546875,62,0.6904761904761905,10
7,Bakery,2024-01-24,0.9285714285714286,69,0.6666666666666667,10
7,Bakery,2024-03-07,1.4285714285714286,157,1.2727272727272727,23
7,Bakery,2024-03-14,1.7179487179487178,71,1.0,7
7,Bakery,2024-03-16,1.3975903614457832,159,1.2709790209790208,24
7,Bakery,2024-05-04,1.1666666666666667,93,0.9472591362126246,12
7,Bakery,2024-05-14,0.9895833333333333,88,0.8386046511627907,14
7,Bakery,2024-06-24,1.7142857142857142,91,0.9594594594594594,12
7,Bakery,2024-06-30,2.0310096153846153,158,1.645751633986928,26
7,Bakery,2024-07-11,2.0307692307692307,159,1.6470588235294117,27
7,Bakery,2024-07-15,1.3953488372093024,215,1.4807692307692308,34
7,Bakery,2024-07-18,1.1270103092783506,132,0.8333333333333334,25
7,Bakery,2024-07-26,1.3964695993275429,218,1.4615384615384615,35
7,Bakery,2024-08-10,1.661904761904762,138,1.0,26
7,Bakery,2024-08-14,1.6521008403361344,110,1.0,19
7,Bakery,2024-08-17,1.3846153846153846,229,1.3911465892597967,36
7,Bakery,2024-09-01,1.389676113360324,234,1.3911465892597967,38
7,Bakery,2024-09-04,1.1428571428571428,117,0.9642857142857143,13
7,Bakery,2024-09-05,2.0,175,1.645751633986928,28
7,Bakery,2024-09-09,1.3846153846153846,237,1.380952380952381,39
7,Bakery,2024-09-15,1.1066856330014225,148,0.8166666666666667,28
7,Bakery,2024-09-17,2.0,181,1.6656346749226005,30
7,Bakery,2024-09-26,0.9895833333333333,110,0.8386046511627907,16
7,Bakery,2024-10-07,1.6201923076923077,122,0.975,22
7,Bakery,2024-10-10,1.6153846153846154,123,0.95,23
7,Bakery,2024-10-23,1.393939393939394,203,1.2380952380952381,15
7,Bakery,2024-11-06,2.028169014084507,199,1.6799431009957324,34
7,Bakery,2024-11-18,1.6153846153846154,126,0.9344594594594595,24
7,Bakery,2024-12-01,1.437799043062201,106,0.8181818181818182,15
7,Bakery,2024-12-10,1.437799043062201,106,0.8181818181818182,15
7,Bakery,2024-12-18,1.380952380952381,259,1.380952380952381,41
7,Bakery,2024-12-20,2.028169014084507,199,1.6799431009957324,34
7,Chocolate & Milk,2023-01-02,1.0,0,1.0,0
7,Chocolate & Milk,2023-01-29,2.2359307359307357,6,1.9411764705882353,1
7,Chocolate & Milk,2023-02-11,0.8348416289592759,6,0.8348416289592759,0
7,Chocolate & Milk,2023-02-13,1.6842105263157894,5,0.6640316205533596,2
7,Chocolate & Milk,2023-02-15,1.4131578947368422,10,1.1174242424242424,2
7,Chocolate & Milk,2023-02-25,1.2622950819672132,11,1.2622950819672132,0
7,Chocolate & Milk,2023-02-27,1.634469696969697,8,1.634469696969697,0
7,Chocolate & Milk,2023-03-14,1.4981060606060606,12,1.3884615384615384,2
7,Chocolate & Milk,2023-03-19,1.1666666666666667,33,1.1176470588235294,7
7,Chocolate & Milk,2023-03-31,1.4545454545454546,15,1.3241758241758241,4
7,Chocolate & Milk,2023-04-01,1.158675799086758,42,1.1176470588235294,9
7,Chocolate & Milk,2023-05-13,1.0256410256410255,21,0.8358974358974358,2
7,Chocolate & Milk,2023-05-27,1.3095744680851062,30,0.45833333333333337,4
7,Chocolate & Milk,2023-06-06,1.4557848194546796,52,1.1916666666666667,4
7,Chocolate & Milk,2023-06-28,1.35,59,1.3846153846153846,11
7,Chocolate & Milk,2023-07-01,1.343108504398827,62,1.1051282051282052,6
7,Chocolate & Milk,2023-07-04,1.935483870967742,55,1.36,9
7,Chocolate & Milk,2023-07-07,1.6538461538461537,27,0.8528428093645486,4
7,Chocolate & Milk,2023-07-17,0.8990384615384616,30,1.0666666666666667,4
7,Chocolate & Milk,2023-07-30,0.875,35,1.0,5
7,Chocolate & Milk,2023-08-01,1.2554347826086958,72,1.2222222222222223,15
7,Chocolate & Milk,2023-08-14,1.227922077922078,44,0.5,6
7,Chocolate & Milk,2023-08-17,0.8461538461538461,37,0.8214285714285714,6
7,Chocolate & Milk,2023-08-26,1.2272727272727273,47,0.5,7
7,Chocolate & Milk,2023-08-30,1.3043478260869565,85,1.2222222222222223,17
7,Chocolate & Milk,2023-09-07,0.8605769230769231,42,1.0,7
7,Chocolate & Milk,2023-09-09,1.5294117647058822,45,1.0769230769230769,7
7,Chocolate & Milk,2023-09-14,1.8819444444444444,74,1.36,11
7,Chocolate & Milk,2023-09-17,1.5147058823529411,46,1.1384615384615384,8
7,Chocolate & Milk,2023-10-21,0.8461538461538461,49,0.9230769230769231,8
7,Chocolate & Milk,2023-10-25,1.6862745098039216,51,0.7706146926536732,6
7,Chocolate & Milk,2023-10-31,1.5714285714285714,53,1.2,9
7,Chocolate & Milk,2023-11-10,1.227922077922078,66,0.6153846153846154,9
7,Chocolate & Milk,2023-11-11,1.2285714285714286,67,0.7521367521367521,10
7,Chocolate & Milk,2023-12-01,1.0857142857142859,68,0.7222222222222222,9
7,Chocolate & Milk,2023-12-05,1.8888888888888888,106,1.6,19
7,Chocolate & Milk,2023-12-21,1.5900621118012421,62,1.2428571428571429,10
7,Chocolate & Milk,2024-01-24,0.9642857142857143,69,0.9230769230769231,10
7,Chocolate & Milk,2024-03-07,1.4545454545454546,157,1.1176470588235294,23
7,Chocolate & Milk,2024-03-14,1.8,71,0.7586206896551724,7
7,Chocolate & Milk,2024-03-16,1.4545454545454546,159,1.0588235294117647,24
7,Chocolate & Milk,2024-05-04,1.1914893617021276,93,0.780952380952381,12
7,Chocolate & Milk,2024-05-14,1.0,88,0.9583333333333333,14
7,Chocolate & Milk,2024-06-24,1.7894736842105263,91,0.8528428093645486,12
7,Chocolate & Milk,2024-06-30,1.9627310673822302,158,1.7057416267942584,26
7,Chocolate & Milk,2024-07-11,1.9487179487179487,159,1.6842105263157894,27
7,Chocolate & Milk,2024-07-15,1.3846153846153846,215,1.190909090909091,34
7,Chocolate & Milk,2024-07-18,1.2,132,0.9090909090909091,25
7,Chocolate & Milk,2024-07-26,1.3827838827838828,218,1.2,35
7,Chocolate & Milk,2024-08-10,1.666923076923077,138,0.9377289377289377,26
7,Chocolate & Milk,2024-08-14,1.6417378917378915,110,0.9230769230769231,19
7,Chocolate & Milk,2024-08-17,1.36,229,1.2,36
7,Chocolate & Milk,2024-09-01,1.3827838827838828,234,1.2,38
7,Chocolate & Milk,2024-09-04,1.1428571428571428,117,0.7619047619047619,13
7,Chocolate & Milk,2024-09-05,1.945945945945946,175,1.699248120300752,28
7,Chocolate & Milk,2024-09-09,1.380952380952381,237,1.2,39
7,Chocolate & Milk,2024-09-15,1.1666666666666667,148,0.8944444444444444,28
7,Chocolate & Milk,2024-09-17,1.9487179487179487,181,1.7207792207792207,30
7,Chocolate & Milk,2024-09-26,0.9558270676691729,110,0.9583333333333333,16
7,Chocolate & Milk,2024-10-07,1.6210106382978724,122,0.8636363636363636,22
7,Chocolate & Milk,2024-10-10,1.6170212765957446,123,0.8181818181818182,23
7,Chocolate & Milk,2024-10-23,1.2727272727272727,203,1.25,15
7,Chocolate & Milk,2024-11-06,1.9767441860465116,199,1.707142857142857,34
7,Chocolate & Milk,2024-11-18,1.6085106382978722,126,0.8636363636363636,24
7,Chocolate & Milk,2024-12-01,1.5700280112044818,106,1.2,15
7,Chocolate & Milk,2024-12-10,1.5700280112044818,106,1.2,15
7,Chocolate & Milk,2024-12-18,1.36,259,1.2,41
7,Chocolate & Milk,2024-12-20,1.9767441860465116,199,1.707142857142857,34
7,Coffee,2023-01-02,1.0,0,1.0,0
7,Coffee,2023-01-29,1.8423461538461539,6,1.752,1
7,Coffee,2023-02-11,0.6795384399551067,6,0.6795384399551067,0
7,Coffee,2023-02-13,1.8691588785046729,5,1.0704240434037693,2
7,Coffee,2023-02-15,1.3218831168831169,10,0.9923376623376623,2
7,Coffee,2023-02-25,1.530054644808743,11,1.530054644808743,0
7,Coffee,2023-02-27,1.4189225408737602,8,1.4189225408737602,0
7,Coffee,2023-03-14,1.3884481963952164,12,0.756578947368421,2
7,Coffee,2023-03-19,1.2058823529411764,33,1.3370786516853932,7
7,Coffee,2023-03-31,1.2815964523281596,15,0.9087528604118993,4
7,Coffee,2023-04-01,1.2290673025967145,42,1.3370786516853932,9
7,Coffee,2023-05-13,0.9345794392523364,21,1.0471739130434783,2
7,Coffee,2023-05-27,1.2903174603174603,30,0.7546217756318239,4
7,Coffee,2023-06-06,1.4201832650108512,52,1.4021739130434783,4
7,Coffee,2023-06-28,1.3370786516853932,59,1.3419354838709678,11
7,Coffee,2023-07-01,1.3965172575355302,62,1.3328461819510413,6
7,Coffee,2023-07-04,1.9116022099447514,55,1.5757575757575757,9
7,Coffee,2023-07-07,1.5,27,1.0628002043944815,4
7,Coffee,2023-07-17,0.8181729264475743,30,0.9294827586206896,4
7,Coffee,2023-07-30,0.8194444444444444,35,0.9502262443438914,5
7,Coffee,2023-08-01,1.3055696202531646,72,1.3419354838709678,15
7,Coffee,2023-08-14,1.0772244174955716,44,0.7161300678774537,6
7,Coffee,2023-08-17,0.8169014084507042,37,0.8701131221719457,6
7,Coffee,2023-08-26,1.1097560975609757,47,0.7065217391304348,7
7,Coffee,2023-08-30,1.2911392405063291,85,1.3370786516853932,17
7,Coffee,2023-09-07,0.8034507042253521,42,0.79,7
7,Coffee,2023-09-09,1.3333333333333333,45,0.75,7
7,Coffee,2023-09-14,1.669382538541417,74,1.5757575757575757,11
7,Coffee,2023-09-17,1.3160173160173159,46,0.74375,8
7,Coffee,2023-10-21,0.8169014084507042,49,0.7608536585365854,8
7,Coffee,2023-10-25,1.5909090909090908,51,0.952296096022285,6
7,Coffee,2023-10-31,1.3485714285714285,53,0.7375,9
7,Coffee,2023-11-10,1.2367132867132868,66,0.7065217391304348,9
7,Coffee,2023-11-11,1.2461538461538462,67,0.7161300678774537,10
7,Coffee,2023-12-01,1.1273400820143031,68,0.88,9
7,Coffee,2023-12-05,1.7825018896447467,106,1.6666666666666667,19
7,Coffee,2023-12-21,1.4250432361749694,62,0.74375,10
7,Coffee,2024-01-24,0.9384615384615385,69,0.8701131221719457,10
7,Coffee,2024-03-07,1.379454926624738,157,1.2546583850931676,23
7,Coffee,2024-03-14,1.7191011235955056,71,0.883495145631068,7
7,Coffee,2024-03-16,1.379454926624738,159,1.2436813938044455,24
7,Coffee,2024-05-04,1.1548556430446195,93,0.9758736559139785,12
7,Coffee,2024-05-14,0.9601877490376174,88,0.911894731367348,14
7,Coffee,2024-06-24,1.7082066869300911,91,0.9078109212318236,12
7,Coffee,2024-06-30,1.960063559322034,158,1.7603537414965986,26
7,Coffee,2024-07-11,1.9576271186440677,159,1.7687074829931972,27
7,Coffee,2024-07-15,1.3708609271523178,215,1.2436813938044455,34
7,Coffee,2024-07-18,1.2423951048951047,132,0.8,25
7,Coffee,2024-07-26,1.375157926888528,218,1.2327044025157232,35
7,Coffee,2024-08-10,1.5893939393939394,138,0.9078109212318236,26
7,Coffee,2024-08-14,1.5837699024139702,110,0.883495145631068,19
7,Coffee,2024-08-17,1.3587786259541985,229,1.2126254931833276,36
7,Coffee,2024-09-01,1.3564079465174719,234,1.1634374710299435,38
7,Coffee,2024-09-04,1.140625,117,0.989247311827957,13
7,Coffee,2024-09-05,1.9101123595505618,175,1.7603537414965986,28
7,Coffee,2024-09-09,1.3540372670807452,237,1.1925465838509317,39
7,Coffee,2024-09-15,1.152651515151515,148,0.7868143057146493,28
7,Coffee,2024-09-17,1.910344827586207,181,1.7603537414965986,30
7,Coffee,2024-09-26,0.9269170488187148,110,0.8909100495623747,16
7,Coffee,2024-10-07,1.5256581386725991,122,0.8306818181818181,22
7,Coffee,2024-10-10,1.5225806451612902,123,0.825,23
7,Coffee,2024-10-23,1.361344537815126,203,1.3209876543209877,15
7,Coffee,2024-11-06,1.9285714285714286,199,1.7603537414965986,34
7,Coffee,2024-11-18,1.5176194365046958,126,0.8096291866028709,24
7,Coffee,2024-12-01,1.4754983851208374,106,0.75,15
7,Coffee,2024-12-10,1.4754983851208374,106,0.75,15
7,Coffee,2024-12-18,1.3419354838709678,259,1.1925465838509317,41
7,Coffee,2024-12-20,1.9285714285714286,199,1.7603537414965986,34
7,Juice & Smoothie,2023-01-02,1.0,0,1.0,0
7,Juice & Smoothie,2023-01-29,2.3333333333333335,6,1.0714285714285714,1
7,Juice & Smoothie,2023-02-11,0.6402714932126696,6,0.6402714932126696,0
7,Juice & Smoothie,2023-02-13,1.4107142857142858,5,1.0178571428571428,2
7,Juice & Smoothie,2023-02-15,0.9666666666666667,10,0.8589743589743589,2
7,Juice & Smoothie,2023-02-25,1.7333333333333334,11,1.7333333333333334,0
7,Juice & Smoothie,2023-02-27,1.0767045454545454,8,1.0767045454545454,0
7,Juice & Smoothie,2023-03-14,1.0625,12,0.5833333333333333,2
7,Juice & Smoothie,2023-03-19,1.3125,33,1.0714285714285714,7
7,Juice & Smoothie,2023-03-31,1.0625,15,0.6190476190476191,4
7,Juice & Smoothie,2023-04-01,1.2991071428571428,42,1.0714285714285714,9
7,Juice & Smoothie,2023-05-13,0.6923076923076923,21,1.407142857142857,2
7,Juice & Smoothie,2023-05-27,1.2777777777777777,30,1.0882352941176472,4
7,Juice & Smoothie,2023-06-06,1.5357142857142856,52,1.5357142857142856,4
7,Juice & Smoothie,2023-06-28,1.5714285714285714,59,1.2,11
7,Juice & Smoothie,2023-07-01,1.5,62,1.5357142857142856,6
7,Juice & Smoothie,2023-07-04,2.125,55,2.0,9
7,Juice & Smoothie,2023-07-07,1.8095238095238095,27,1.0178571428571428,4
7,Juice & Smoothie,2023-07-17,0.9090909090909092,30,1.1333333333333333,4
7,Juice & Smoothie,2023-07-30,0.9230769230769231,35,1.1,5
7,Juice & Smoothie,2023-08-01,1.513157894736842,72,1.5,15
7,Juice & Smoothie,2023-08-14,1.1969309462915603,44,1.0882352941176472,6
7,Juice & Smoothie,2023-08-17,0.8181818181818182,37,0.925,6
7,Juice & Smoothie,2023-08-26,1.2173913043478262,47,1.0,7
7,Juice & Smoothie,2023-08-30,1.5,85,1.263157894736842,17
7,Juice & Smoothie,2023-09-07,0.8706293706293706,42,0.75,7
7,Juice & Smoothie,2023-09-09,1.0666666666666667,45,0.6666666666666666,7
7,Juice & Smoothie,2023-09-14,1.9411764705882353,74,2.0,11
7,Juice & Smoothie,2023-09-17,1.0645833333333332,46,0.8333333333333333,8
7,Juice & Smoothie,2023-10-21,0.8571428571428571,49,0.6527777777777778,8
7,Juice & Smoothie,2023-10-25,1.7,51,0.9464285714285714,6
7,Juice & Smoothie,2023-10-31,1.1,53,1.0,9
7,Juice & Smoothie,2023-11-10,1.2361111111111112,66,1.0,9
7,Juice & Smoothie,2023-11-11,1.25,67,1.0,10
7,Juice & Smoothie,2023-12-01,1.1483516483516483,68,1.2,9
7,Juice & Smoothie,2023-12-05,1.9545454545454546,106,1.8,19
7,Juice & Smoothie,2023-12-21,1.3798076923076923,62,1.0,10
7,Juice & Smoothie,2024-01-24,1.0,69,0.875,10
7,Juice & Smoothie,2024-03-07,1.5714285714285714,157,1.4545454545454546,23
7,Juice & Smoothie,2024-03-14,1.84,71,0.75,7
7,Juice & Smoothie,2024-03-16,1.5714285714285714,159,1.3588516746411483,24
7,Juice & Smoothie,2024-05-04,1.25,93,1.3333333333333333,12
7,Juice & Smoothie,2024-05-14,1.0,88,0.875,14
7,Juice & Smoothie,2024-06-24,1.7,91,0.8888888888888888,12
7,Juice & Smoothie,2024-06-30,2.133928571428571,158,1.8,26
7,Juice & Smoothie,2024-07-11,2.125,159,1.8,27
7,Juice & Smoothie,2024-07-15,1.5263157894736843,215,1.274436090225564,34
7,Juice & Smoothie,2024-07-18,1.2403846153846154,132,1.0,25
7,Juice & Smoothie,2024-07-26,1.513157894736842,218,1.263157894736842,35
7,Juice & Smoothie,2024-08-10,1.6416666666666666,138,1.1428571428571428,26
7,Juice & Smoothie,2024-08-14,1.6416666666666666,110,1.1428571428571428,19
7,Juice & Smoothie,2024-08-17,1.5,229,1.274436090225564,36
7,Juice & Smoothie,2024-09-01,1.5,234,1.2315789473684209,38
7,Juice & Smoothie,2024-09-04,1.1538461538461537,117,1.3333333333333333,13
7,Juice & Smoothie,2024-09-05,2.0625,175,1.8,28
7,Juice & Smoothie,2024-09-09,1.5,237,1.263157894736842,39
7,Juice & Smoothie,2024-09-15,1.2198067632850242,148,1.0,28
7,Juice & Smoothie,2024-09-17,2.1095890410958904,181,1.8285714285714287,30
7,Juice & Smoothie,2024-09-26,0.9615384615384616,110,0.6875,16
7,Juice & Smoothie,2024-10-07,1.5669642857142856,122,0.8888888888888888,22
7,Juice & Smoothie,2024-10-10,1.5625,123,1.0,23
7,Juice & Smoothie,2024-10-23,1.4,203,1.5714285714285714,15
7,Juice & Smoothie,2024-11-06,2.125,199,1.8285714285714287,34
7,Juice & Smoothie,2024-11-18,1.5539772727272727,126,1.0,24
7,Juice & Smoothie,2024-12-01,1.6189516129032258,106,1.0,15
7,Juice & Smoothie,2024-12-10,1.6189516129032258,106,1.0,15
7,Juice & Smoothie,2024-12-18,1.4736842105263157,259,1.2,41
7,Juice & Smoothie,2024-12-20,2.125,199,1.8285714285714287,34
7,Merchandise,2023-01-02,1.0,0,1.0,0
7,Merchandise,2023-01-29,2.3666666666666667,6,1.5,1
7,Merchandise,2023-02-11,0.8333333333333333,6,0.8333333333333333,0
7,Merchandise,2023-02-13,1.8888888888888888,5,0.725,2
7,Merchandise,2023-02-15,1.3333333333333333,10,1.025,2
7,Merchandise,2023-02-25,1.3333333333333333,11,1.3333333333333333,0
7,Merchandise,2023-02-27,1.1600000000000001,8,1.1600000000000001,0
7,Merchandise,2023-03-14,1.1600000000000001,12,0.75,2
7,Merchandise,2023-03-19,1.0769230769230769,33,1.1666666666666667,7
7,Merchandise,2023-03-31,1.12,15,0.25,4
7,Merchandise,2023-04-01,1.2,42,1.3333333333333333,9
7,Merchandise,2023-05-13,1.0769230769230769,21,1.15,2
7,Merchandise,2023-05-27,1.4642857142857144,30,0.3977272727272727,4
7,Merchandise,2023-06-06,1.422222222222222,52,0.9444444444444444,4
7,Merchandise,2023-06-28,1.3333333333333333,59,1.4,11
7,Merchandise,2023-07-01,1.3333333333333333,62,0.9444444444444444,6
7,Merchandise,2023-07-04,1.9,55,1.3333333333333333,9
7,Merchandise,2023-07-07,1.9615384615384615,27,0.9134615384615384,4
7,Merchandise,2023-07-17,0.8210526315789474,30,1.0,4
7,Merchandise,2023-07-30,0.8,35,0.8,5
7,Merchandise,2023-08-01,1.3333333333333333,72,1.3333333333333333,15
7,Merchandise,2023-08-14,1.3333333333333333,44,0.9393939393939393,6
7,Merchandise,2023-08-17,0.75,37,0.775,6
7,Merchandise,2023-08-26,1.3333333333333333,47,0.5454545454545454,7
7,Merchandise,2023-08-30,1.3333333333333333,85,1.1666666666666667,17
7,Merchandise,2023-09-07,0.788888888888889,42,0.75,7
7,Merchandise,2023-09-09,1.25,45,0.25,7
7,Merchandise,2023-09-14,1.7695652173913043,74,1.3333333333333333,11
7,Merchandise,2023-09-17,1.25,46,0.25,8
7,Merchandise,2023-10-21,0.7777777777777778,49,0.75,8
7,Merchandise,2023-10-25,1.8095238095238095,51,0.775,6
7,Merchandise,2023-10-31,1.3,53,0.25,9
7,Merchandise,2023-11-10,1.3333333333333333,66,0.5714285714285714,9
7,Merchandise,2023-11-11,1.3333333333333333,67,0.5857142857142856,10
7,Merchandise,2023-12-01,1.0,68,0.5,9
7,Merchandise,2023-12-05,1.8452380952380953,106,1.5,19
7,Merchandise,2023-12-21,1.3333333333333333,62,0.425,10
7,Merchandise,2024-01-24,0.8421052631578947,69,0.75,10
7,Merchandise,2024-03-07,1.4285714285714286,157,1.3333333333333333,23
7,Merchandise,2024-03-14,1.8095238095238095,71,0.8,7
7,Merchandise,2024-03-16,1.4285714285714286,159,1.25,24
7,Merchandise,2024-05-04,1.0769230769230769,93,0.6190476190476191,12
7,Merchandise,2024-05-14,1.0,88,0.75,14
7,Merchandise,2024-06-24,1.7,91,0.9,12
7,Merchandise,2024-06-30,2.1,158,1.5,26
7,Merchandise,2024-07-11,2.1,159,1.5,27
7,Merchandise,2024-07-15,1.4,215,1.2083333333333335,34
7,Merchandise,2024-07-18,1.3,132,0.8888888888888888,25
7,Merchandise,2024-07-26,1.4,218,1.25,35
7,Merchandise,2024-08-10,1.6360294117647058,138,1.0,26
7,Merchandise,2024-08-14,1.625,110,1.0,19
7,Merchandise,2024-08-17,1.4,229,1.2916666666666665,36
7,Merchandise,2024-09-01,1.3875,234,1.2083333333333335,38
7,Merchandise,2024-09-04,1.0,117,0.6666666666666666,13
7,Merchandise,2024-09-05,2.0,175,1.5,28
7,Merchandise,2024-09-09,1.375,237,1.1666666666666667,39
7,Merchandise,2024-09-15,1.25,148,0.75,28
7,Merchandise,2024-09-17,2.0,181,1.5681818181818183,30
7,Merchandise,2024-09-26,1.0,110,0.75,16
7,Merchandise,2024-10-07,1.5982142857142856,122,1.0,22
7,Merchandise,2024-10-10,1.625,123,1.0,23
7,Merchandise,2024-10-23,1.3333333333333333,203,1.0,15
7,Merchandise,2024-11-06,2.0,199,1.6931818181818183,34
7,Merchandise,2024-11-18,1.6125,126,1.0384615384615383,24
7,Merchandise,2024-12-01,1.4476190476190476,106,0.6666666666666666,15
7,Merchandise,2024-12-10,1.4476190476190476,106,0.6666666666666666,15
7,Merchandise,2024-12-18,1.4,259,1.1666666666666667,41
7,Merchandise,2024-12-20,2.0,199,1.6931818181818183,34
7,Savory Bakery,2023-01-02,1.0,0,1.0,0
7,Savory Bakery,2023-01-29,2.0789473684210527,6,1.3181818181818181,1
7,Savory Bakery,2023-02-11,0.9426369863013698,6,0.9426369863013698,0
7,Savory Bakery,2023-02-13,1.75,5,0.6309523809523809,2
7,Savory Bakery,2023-02-15,1.101923076923077,10,1.0,2
7,Savory Bakery,2023-02-25,1.625,11,1.625,0
7,Savory Bakery,2023-02-27,1.370967741935484,8,1.370967741935484,0
7,Savory Bakery,2023-03-14,1.3202764976958525,12,0.6858156028368794,2
7,Savory Bakery,2023-03-19,1.3235294117647058,33,1.1818181818181819,7
7,Savory Bakery,2023-03-31,1.2708333333333333,15,0.787719298245614,4
7,Savory Bakery,2023-04-01,1.3284313725490196,42,1.1818181818181819,9
7,Savory Bakery,2023-05-13,1.032258064516129,21,1.2836257309941521,2
7,Savory Bakery,2023-05-27,1.1981351981351982,30,0.642292490118577,4
7,Savory Bakery,2023-06-06,1.3594871794871795,52,1.2642857142857142,4
7,Savory Bakery,2023-06-28,1.4,59,1.1818181818181819,11
7,Savory Bakery,2023-07-01,1.3416493416493416,62,1.2772727272727273,6
7,Savory Bakery,2023-07-04,1.95,55,1.5714285714285714,9
7,Savory Bakery,2023-07-07,1.5151515151515151,27,0.9042857142857144,4
7,Savory Bakery,2023-07-17,0.8166666666666667,30,1.1383265856950069,4
7,Savory Bakery,2023-07-30,0.8,35,0.7894736842105263,5
7,Savory Bakery,2023-08-01,1.3541666666666665,72,1.1333333333333333,15
7,Savory Bakery,2023-08-14,1.0634615384615385,44,0.5962566844919786,6
7,Savory Bakery,2023-08-17,0.7894736842105263,37,0.7129186602870814,6
7,Savory Bakery,2023-08-26,1.0666666666666667,47,0.6363636363636364,7
7,Savory Bakery,2023-08-30,1.3623188405797102,85,1.1555555555555554,17
7,Savory Bakery,2023-09-07,0.7947368421052632,42,0.6363636363636364,7
7,Savory Bakery,2023-09-09,1.2708333333333333,45,0.7333333333333333,7
7,Savory Bakery,2023-09-14,1.7573529411764706,74,1.5714285714285714,11
7,Savory Bakery,2023-09-17,1.2111742424242424,46,0.787719298245614,8
7,Savory Bakery,2023-10-21,0.7894736842105263,49,0.5884520884520885,8
7,Savory Bakery,2023-10-25,1.5588235294117647,51,0.8036363636363637,6
7,Savory Bakery,2023-10-31,1.3333333333333333,53,0.7333333333333333,9
7,Savory Bakery,2023-11-10,1.0717948717948718,66,0.6363636363636364,9
7,Savory Bakery,2023-11-11,1.0769230769230769,67,0.6417112299465241,10
7,Savory Bakery,2023-12-01,1.194331983805668,68,0.8125,9
7,Savory Bakery,2023-12-05,1.926065162907268,106,1.8666666666666667,19
7,Savory Bakery,2023-12-21,1.3753665689149561,62,0.787719298245614,10
7,Savory Bakery,2024-01-24,0.9090909090909091,69,0.5884520884520885,10
7,Savory Bakery,2024-03-07,1.4411764705882353,157,1.1555555555555554,23
7,Savory Bakery,2024-03-14,1.7333333333333334,71,0.7272727272727273,7
7,Savory Bakery,2024-03-16,1.4411764705882353,159,1.1686868686868688,24
7,Savory Bakery,2024-05-04,1.2647058823529411,93,1.09375,12
7,Savory Bakery,2024-05-14,0.9090909090909091,88,0.6848484848484848,14
7,Savory Bakery,2024-06-24,1.7333333333333334,91,0.742014742014742,12
7,Savory Bakery,2024-06-30,2.011627906976744,158,1.8083333333333333,26
7,Savory Bakery,2024-07-11,2.0,159,1.8666666666666667,27
7,Savory Bakery,2024-07-15,1.4246575342465753,215,1.1846590909090908,34
7,Savory Bakery,2024-07-18,1.164224664224664,132,0.7058823529411765,25
7,Savory Bakery,2024-07-26,1.418211120064464,218,1.1818181818181819,35
7,Savory Bakery,2024-08-10,1.5388994307400379,138,0.9285714285714286,26
7,Savory Bakery,2024-08-14,1.5222816399286987,110,0.9285714285714286,19
7,Savory Bakery,2024-08-17,1.3888888888888888,229,1.1686868686868688,36
7,Savory Bakery,2024-09-01,1.3914141414141414,234,1.1444444444444444,38
7,Savory Bakery,2024-09-04,1.2328767123287672,117,1.1176470588235294,13
7,Savory Bakery,2024-09-05,2.0,175,1.8083333333333333,28
7,Savory Bakery,2024-09-09,1.393939393939394,237,1.1555555555555554,39
7,Savory Bakery,2024-09-15,1.1323815704088254,148,0.7225063938618925,28
7,Savory Bakery,2024-09-17,2.0,181,1.9333333333333333,30
7,Savory Bakery,2024-09-26,0.906158357771261,110,0.6848484848484848,16
7,Savory Bakery,2024-10-07,1.5,122,0.9042857142857144,22
7,Savory Bakery,2024-10-10,1.5,123,0.9285714285714286,23
7,Savory Bakery,2024-10-23,1.4186046511627908,203,1.25,15
7,Savory Bakery,2024-11-06,2.0,199,1.9333333333333333,34
7,Savory Bakery,2024-11-18,1.4861111111111112,126,0.9042857142857144,24
7,Savory Bakery,2024-12-01,1.523671096345515,106,0.8421052631578947,15
7,Savory Bakery,2024-12-10,1.523671096345515,106,0.8421052631578947,15
7,Savory Bakery,2024-12-18,1.4054054054054055,259,1.1818181818181819,41
7,Savory Bakery,2024-12-20,2.0,199,1.9333333333333333,34
7,Tea,2023-01-02,1.0,0,1.0,0
7,Tea,2023-01-29,2.066983122362869,6,2.1333333333333333,1
7,Tea,2023-02-11,0.6902173913043479,6,0.6902173913043479,0
7,Tea,2023-02-13,1.5670103092783505,5,1.2605042016806722,2
7,Tea,2023-02-15,1.197641509433962,10,1.619047619047619,2
7,Tea,2023-02-25,1.4492753623188406,11,1.4492753623188406,0
7,Tea,2023-02-27,1.7573385518590998,8,1.7573385518590998,0
7,Tea,2023-03-14,1.3334610472541506,12,0.7696687370600415,2
7,Tea,2023-03-19,1.2727272727272727,33,1.2727272727272727,7
7,Tea,2023-03-31,1.296551724137931,15,0.8634453781512605,4
7,Tea,2023-04-01,1.2811004784688995,42,1.2727272727272727,9
7,Tea,2023-05-13,0.7692307692307693,21,0.8275862068965517,2
7,Tea,2023-05-27,1.3573232323232323,30,0.7835497835497836,4
7,Tea,2023-06-06,1.427340383862123,52,1.1206896551724137,4
7,Tea,2023-06-28,1.3134328358208955,59,1.4615384615384615,11
7,Tea,2023-07-01,1.3600267379679143,62,1.1176470588235294,6
7,Tea,2023-07-04,2.032258064516129,55,1.7377049180327868,9
7,Tea,2023-07-07,1.5670103092783505,27,0.989010989010989,4
7,Tea,2023-07-17,0.7646153846153847,30,0.9066091954022988,4
7,Tea,2023-07-30,0.7586206896551724,35,0.896551724137931,5
7,Tea,2023-08-01,1.3452410080743822,72,1.4615384615384615,15
7,Tea,2023-08-14,1.1129310344827585,44,0.6856661856661856,6
7,Tea,2023-08-17,0.7586206896551724,37,0.8275862068965517,6
7,Tea,2023-08-26,1.15,47,0.5714285714285714,7
7,Tea,2023-08-30,1.3166666666666667,85,1.2727272727272727,17
7,Tea,2023-09-07,0.7543103448275862,42,0.7586206896551724,7
7,Tea,2023-09-09,1.2272727272727273,45,0.7536231884057971,7
7,Tea,2023-09-14,1.8900134952766532,74,1.7377049180327868,11
7,Tea,2023-09-17,1.2045454545454546,46,0.7696687370600415,8
7,Tea,2023-10-21,0.76,49,0.7502780867630701,8
7,Tea,2023-10-25,1.6666666666666667,51,1.103941402162539,6
7,Tea,2023-10-31,1.296551724137931,53,0.7857142857142857,9
7,Tea,2023-11-10,1.1978557504873293,66,0.8518518518518519,9
7,Tea,2023-11-11,1.2105263157894737,67,0.8682336182336182,10
7,Tea,2023-12-01,1.1417410714285714,68,0.9019607843137255,9
7,Tea,2023-12-05,1.9078947368421053,106,1.7611940298507462,19
7,Tea,2023-12-21,1.5322209436133487,62,0.8351648351648351,10
7,Tea,2024-01-24,0.8793103448275862,69,0.7502780867630701,10
7,Tea,2024-03-07,1.4385964912280702,157,1.2727272727272727,23
7,Tea,2024-03-14,1.6862745098039216,71,1.0163934426229508,7
7,Tea,2024-03-16,1.4385964912280702,159,1.2679425837320575,24
7,Tea,2024-05-04,1.1886792452830188,93,0.9518032786885247,12
7,Tea,2024-05-14,0.9356060606060606,88,0.6935483870967742,14
7,Tea,2024-06-24,1.6666666666666667,91,0.9114225277630883,12
7,Tea,2024-06-30,2.0449242988334575,158,1.7494494739417665,26
7,Tea,2024-07-11,2.050632911392405,159,1.7611940298507462,27
7,Tea,2024-07-15,1.4385964912280702,215,1.2315789473684209,34
7,Tea,2024-07-18,1.212406015037594,132,0.8636363636363636,25
7,Tea,2024-07-26,1.4316270127373227,218,1.263157894736842,35
7,Tea,2024-08-10,1.5543735224586288,138,1.0081967213114753,26
7,Tea,2024-08-14,1.5474290780141844,110,1.0,19
7,Tea,2024-08-17,1.4210526315789473,229,1.2315789473684209,36
7,Tea,2024-09-01,1.4180734856007944,234,1.1952380952380952,38
7,Tea,2024-09-04,1.162162162162162,117,0.9836065573770492,13
7,Tea,2024-09-05,2.0,175,1.7494494739417665,28
7,Tea,2024-09-09,1.4150943396226414,237,1.2,39
7,Tea,2024-09-15,1.190883190883191,148,0.8321759259259259,28
7,Tea,2024-09-17,2.0,181,1.7639303482587065,30
7,Tea,2024-09-26,0.8947044334975369,110,0.7118768328445748,16
7,Tea,2024-10-07,1.5234106529209623,122,0.8198924731182795,22
7,Tea,2024-10-10,1.5051546391752577,123,0.8064516129032258,23
7,Tea,2024-10-23,1.3076923076923077,203,1.2352941176470589,15
7,Tea,2024-11-06,2.0,199,1.7639303482587065,34
7,Tea,2024-11-18,1.5025773195876289,126,0.8198924731182795,24
7,Tea,2024-12-01,1.5322209436133487,106,0.9130434782608695,15
7,Tea,2024-12-10,1.5322209436133487,106,0.9130434782608695,15
7,Tea,2024-12-18,1.4081632653061225,259,1.2,41
7,Tea,2024-12-20,2.0,199,1.7639303482587065,34
8,Bakery,2023-01-08,1.0,0,1.0,0
8,Bakery,2023-01-11,1.625,1,1.625,0
8,Bakery,2023-01-18,1.3376623376623376,2,1.3376623376623376,0
8,Bakery,2023-01-19,2.4075462268865566,4,2.4075462268865566,0
8,Bakery,2023-01-21,1.163265306122449,5,1.4084043066045315,2
8,Bakery,2023-01-27,1.2323232323232323,7,1.2323232323232323,3
8,Bakery,2023-02-06,1.2509442248572684,12,1.289631003916718,4
8,Bakery,2023-03-01,1.163265306122449,21,1.2323232323232323,5
8,Bakery,2023-03-09,1.2881355932203389,9,1.359375,1
8,Bakery,2023-03-19,0.7931034482758621,13,0.7931034482758621,0
8,Bakery,2023-03-26,1.2152173913043478,14,1.3463541666666665,2
8,Bakery,2023-03-29,1.2411616161616161,40,1.346938775510204,7
8,Bakery,2023-03-31,1.2291666666666667,19,0.978494623655914,2
8,Bakery,2023-04-01,1.9918032786885247,20,1.9595959595959596,1
8,Bakery,2023-04-04,1.348148148148148,9,1.348148148148148,0
8,Bakery,2023-04-17,1.1887351778656128,16,1.3333333333333333,3
8,Bakery,2023-04-19,1.6851851851851851,13,1.7179487179487178,1
8,Bakery,2023-04-21,1.25,45,1.289631003916718,8
8,Bakery,2023-05-17,1.7179487179487178,19,1.7916666666666667,3
8,Bakery,2023-06-02,1.4,51,1.9047619047619047,5
8,Bakery,2023-07-02,1.1818181818181819,33,1.1555555555555554,5
8,Bakery,2023-07-06,1.3448275862068966,65,1.6648809523809525,6
8,Bakery,2023-07-14,1.206420068027211,38,1.1666666666666667,3
8,Bakery,2023-07-15,1.3214285714285714,69,1.4799418604651162,8
8,Bakery,2023-08-05,1.9612794612794613,64,2.4166666666666665,3
8,Bakery,2023-08-11,1.0476190476190477,45,0.8269932256383533,6
8,Bakery,2023-09-01,0.7916666666666666,41,1.969349784567176,2
8,Bakery,2023-09-04,1.6808510638297873,39,1.7179487179487178,5
8,Bakery,2023-09-09,1.3245073891625616,86,1.425,9
8,Bakery,2023-10-08,1.6410714285714287,100,1.6337491337491337,11
8,Bakery,2023-10-22,1.9612794612794613,88,2.1481481481481484,5
8,Bakery,2023-11-07,1.2614591009579956,56,1.1538647342995167,6
8,Bakery,2023-11-16,1.3541666666666667,115,1.3846153846153846,13
8,Bakery,2023-12-08,1.1695402298850575,74,0.9230769230769231,5
8,Bakery,2023-12-12,1.9595959595959596,109,2.1481481481481484,7
8,Bakery,2023-12-19,1.394736842105263,123,1.4754402224281742,14
8,Bakery,2023-12-29,1.3944444444444444,116,1.5915159345391903,12
8,Bakery,2024-02-10,2.0,121,2.1481481481481484,9
8,Bakery,2024-02-19,1.3749234537660748,68,1.2444444444444445,8
8,Bakery,2024-03-03,1.4347222222222222,134,1.7546296296296298,14
8,Bakery,2024-03-04,1.1564121571534471,86,0.984688995215311,8
8,Bakery,2024-03-05,1.425,135,1.6481481481481481,15
8,Bakery,2024-03-10,2.0274178403755867,126,2.2824074074074074,10
8,Bakery,2024-03-22,1.4234234234234233,139,1.7546296296296298,16
8,Bakery,2024-03-27,1.2291666666666667,103,1.4083333333333332,10
8,Bakery,2024-04-08,1.4234234234234233,143,1.6481481481481481,17
8,Bakery,2024-04-12,1.4242117117117117,144,1.7546296296296298,18
8,Bakery,2024-05-04,0.9538690476190477,86,1.8717948717948718,5
8,Bakery,2024-05-18,1.1780436312456017,116,1.1666666666666667,11
8,Bakery,2024-05-21,1.4444444444444444,153,1.882936507936508,20
8,Bakery,2024-06-11,1.756845238095238,84,1.7916666666666667,9
8,Bakery,2024-06-21,1.425,163,1.8178794992175273,22
8,Bakery,2024-06-26,1.1578947368421053,105,1.1272727272727272,11
8,Bakery,2024-06-28,1.420045045045045,166,1.7746478873239437,23
8,Bakery,2024-07-24,1.396969696969697,176,1.711398017736046,24
8,Bakery,2024-08-21,1.1471861471861473,114,1.037037037037037,15
8,Bakery,2024-10-18,1.380952380952381,249,1.5662650602409638,25
8,Bakery,2024-10-24,1.396969696969697,204,1.711398017736046,26
8,Bakery,2024-10-30,1.380952380952381,257,1.5662650602409638,27
8,Bakery,2024-11-10,1.1128775834658189,158,1.1081081081081081,15
8,Bakery,2024-11-13,1.380952380952381,259,1.6066619418851877,28
8,Bakery,2024-11-26,0.9673611111111111,118,1.6076576576576578,8
8,Bakery,2024-12-21,1.6153846153846154,126,1.6666666666666667,13
8,Bakery,2024-12-24,1.6153846153846154,126,1.6666666666666667,13
8,Chocolate & Milk,2023-01-08,1.0,0,1.0,0
8,Chocolate & Milk,2023-01-11,1.3,1,1.3,0
8,Chocolate & Milk,2023-01-18,1.4073083778966131,2,1.4073083778966131,0
8,Chocolate & Milk,2023-01-19,2.6488095238095237,4,2.6488095238095237,0
8,Chocolate & Milk,2023-01-21,1.1176470588235294,5,1.3472222222222223,2
8,Chocolate & Milk,2023-01-27,1.1506849315068493,7,1.1506849315068493,3
8,Chocolate & Milk,2023-02-06,1.1341659951651892,12,1.1679350583460173,4
8,Chocolate & Milk,2023-03-01,1.1176470588235294,21,1.1506849315068493,5
8,Chocolate & Milk,2023-03-09,1.5416666666666667,9,1.3783783783783783,1
8,Chocolate & Milk,2023-03-19,0.8235294117647058,13,0.8235294117647058,0
8,Chocolate & Milk,2023-03-26,1.4981060606060606,14,1.1547064305684995,2
8,Chocolate & Milk,2023-03-29,1.175925925925926,40,1.1851851851851851,7
8,Chocolate & Milk,2023-03-31,1.3,19,0.9311060385972193,2
8,Chocolate & Milk,2023-04-01,2.1254545454545455,20,1.5342465753424657,1
8,Chocolate & Milk,2023-04-04,1.6842105263157894,9,1.6842105263157894,0
8,Chocolate & Milk,2023-04-17,1.4164619164619165,16,1.0943396226415094,3
8,Chocolate & Milk,2023-04-19,1.6842105263157894,13,1.7619047619047619,1
8,Chocolate & Milk,2023-04-21,1.1851851851851851,45,1.1679350583460173,8
8,Chocolate & Milk,2023-05-17,1.6842105263157894,19,1.7619047619047619,3
8,Chocolate & Milk,2023-06-02,1.3898305084745763,51,2.15625,5
8,Chocolate & Milk,2023-07-02,1.4545454545454546,33,1.0943396226415094,5
8,Chocolate & Milk,2023-07-06,1.3125,65,1.953125,6
8,Chocolate & Milk,2023-07-14,1.2342857142857144,38,0.9508196721311475,3
8,Chocolate & Milk,2023-07-15,1.2727272727272727,69,1.569915254237288,8
8,Chocolate & Milk,2023-08-05,1.8819444444444444,64,2.857142857142857,3
8,Chocolate & Milk,2023-08-11,1.0,45,0.7689149560117302,6
8,Chocolate & Milk,2023-09-01,0.875,41,1.880517023959647,2
8,Chocolate & Milk,2023-09-04,1.68,39,1.7619047619047619,5
8,Chocolate & Milk,2023-09-09,1.267511177347243,86,1.3898305084745763,9
8,Chocolate & Milk,2023-10-08,1.6821052631578945,100,1.7078754578754578,11
8,Chocolate & Milk,2023-10-22,1.8944444444444444,88,2.1578947368421053,5
8,Chocolate & Milk,2023-11-07,1.5714285714285714,56,1.012687052700065,6
8,Chocolate & Milk,2023-11-16,1.380952380952381,115,1.2608695652173914,13
8,Chocolate & Milk,2023-12-08,1.196969696969697,74,0.9508196721311475,5
8,Chocolate & Milk,2023-12-12,1.9,109,2.1578947368421053,7
8,Chocolate & Milk,2023-12-19,1.4047619047619047,123,1.463768115942029,14
8,Chocolate & Milk,2023-12-29,1.3279569892473118,116,1.6051587301587302,12
8,Chocolate & Milk,2024-02-10,1.9333333333333333,121,2.75,9
8,Chocolate & Milk,2024-02-19,1.5900621118012421,68,1.2363590005099439,8
8,Chocolate & Milk,2024-03-03,1.356818181818182,134,1.6169354838709677,14
8,Chocolate & Milk,2024-03-04,1.167601683029453,86,0.7689149560117302,8
8,Chocolate & Milk,2024-03-05,1.3636363636363635,135,1.75,15
8,Chocolate & Milk,2024-03-10,1.9359959037378394,126,2.7797619047619047,10
8,Chocolate & Milk,2024-03-22,1.35,139,1.8333333333333335,16
8,Chocolate & Milk,2024-03-27,1.263157894736842,103,1.2682701202590194,10
8,Chocolate & Milk,2024-04-08,1.3333333333333333,143,1.75,17
8,Chocolate & Milk,2024-04-12,1.3416666666666668,144,1.8333333333333335,18
8,Chocolate & Milk,2024-05-04,0.9905660377358491,86,1.4545454545454546,5
8,Chocolate & Milk,2024-05-18,1.2342857142857144,116,1.2173913043478262,11
8,Chocolate & Milk,2024-05-21,1.368421052631579,153,1.9345238095238095,20
8,Chocolate & Milk,2024-06-11,1.8611111111111112,84,2.0,9
8,Chocolate & Milk,2024-06-21,1.35,163,1.8333333333333335,22
8,Chocolate & Milk,2024-06-26,1.173913043478261,105,0.7741935483870968,11
8,Chocolate & Milk,2024-06-28,1.3416666666666668,166,1.75,23
8,Chocolate & Milk,2024-07-24,1.317540322580645,176,1.675,24
8,Chocolate & Milk,2024-08-21,1.1428571428571428,114,0.9583333333333334,15
8,Chocolate & Milk,2024-10-18,1.36,249,1.6666666666666667,25
8,Chocolate & Milk,2024-10-24,1.2727272727272727,204,1.675,26
8,Chocolate & Milk,2024-10-30,1.36,257,1.6666666666666667,27
8,Chocolate & Milk,2024-11-10,1.175170068027211,158,1.0909090909090908,15
8,Chocolate & Milk,2024-11-13,1.36,259,1.6720430107526882,28
8,Chocolate & Milk,2024-11-26,0.9430719656283566,118,1.3618881118881119,8
8,Chocolate & Milk,2024-12-21,1.6085106382978722,126,1.6538461538461537,13
8,Chocolate & Milk,2024-12-24,1.6085106382978722,126,1.6538461538461537,13
8,Coffee,2023-01-08,1.0,0,1.0,0
8,Coffee,2023-01-11,2.027027027027027,1,2.027027027027027,0
8,Coffee,2023-01-18,1.3266566442636483,2,1.3266566442636483,0
8,Coffee,2023-01-19,2.077457264957265,4,2.077457264957265,0
8,Coffee,2023-01-21,1.2058823529411764,5,1.4634062927496578,2
8,Coffee,2023-01-27,1.4947807933194155,7,1.4947807933194155,3
8,Coffee,2023-02-06,1.2340887174541948,12,1.3785379376433142,4
8,Coffee,2023-03-01,1.1343283582089552,21,1.2622950819672132,5
8,Coffee,2023-03-09,1.3663003663003663,9,1.3663003663003663,1
8,Coffee,2023-03-19,0.79,13,0.79,0
8,Coffee,2023-03-26,1.323948409314263,14,1.3884481963952164,2
8,Coffee,2023-03-29,1.2290673025967145,40,1.4824281150159744,7
8,Coffee,2023-03-31,1.0446927374301676,19,1.0262073725760876,2
8,Coffee,2023-04-01,1.9042343526039178,20,1.4697286012526096,1
8,Coffee,2023-04-04,1.4183976261127595,9,1.4183976261127595,0
8,Coffee,2023-04-17,1.2578781159712422,16,1.3663003663003663,3
8,Coffee,2023-04-19,1.5225806451612902,13,1.5225806451612902,1
8,Coffee,2023-04-21,1.2622950819672132,45,1.4259685794718115,8
8,Coffee,2023-05-17,1.8691588785046729,19,2.1595092024539877,3
8,Coffee,2023-06-02,1.4265734265734267,51,1.7201646090534979,5
8,Coffee,2023-07-02,1.2873563218390804,33,1.3663003663003663,5
8,Coffee,2023-07-06,1.3743589743589744,65,1.5743680188124634,6
8,Coffee,2023-07-14,1.1104336043360434,38,1.0446927374301676,3
8,Coffee,2023-07-15,1.3743589743589744,69,1.5743680188124634,8
8,Coffee,2023-08-05,1.7022721250662427,64,2.135135135135135,3
8,Coffee,2023-08-11,1.103942652329749,45,0.7519807923169268,6
8,Coffee,2023-09-01,0.79,41,1.5179479167918475,2
8,Coffee,2023-09-04,1.5796610169491525,39,1.9867549668874172,5
8,Coffee,2023-09-09,1.3667564113023851,86,1.4484848484848485,9
8,Coffee,2023-10-08,1.5837699024139702,100,1.7546678060243537,11
8,Coffee,2023-10-22,1.720966420966421,88,1.8818181818181818,5
8,Coffee,2023-11-07,1.3884481963952164,56,1.3268283440697233,6
8,Coffee,2023-11-16,1.2911392405063291,115,1.4824281150159744,13
8,Coffee,2023-12-08,1.210651289009498,74,1.0077220077220077,5
8,Coffee,2023-12-12,1.7972972972972974,109,1.8818181818181818,7
8,Coffee,2023-12-19,1.3370786516853932,123,1.488604454167695,14
8,Coffee,2023-12-29,1.3865176640230714,116,1.7385353432007822,12
8,Coffee,2024-02-10,1.8571428571428572,121,2.135135135135135,9
8,Coffee,2024-02-19,1.4250432361749694,68,1.3268283440697233,8
8,Coffee,2024-03-03,1.3965172575355302,134,1.776230816451811,14
8,Coffee,2024-03-04,1.1447611710323575,86,0.9275816993464052,8
8,Coffee,2024-03-05,1.3894736842105264,135,1.7569060773480663,15
8,Coffee,2024-03-10,1.8964646464646466,126,2.1645372645372642,10
8,Coffee,2024-03-22,1.3835616438356164,139,1.776230816451811,16
8,Coffee,2024-03-27,1.2627986348122866,103,1.1013937282229964,10
8,Coffee,2024-04-08,1.375,143,1.7569060773480663,17
8,Coffee,2024-04-12,1.379280821917808,144,1.776230816451811,18
8,Coffee,2024-05-04,0.9443438914027149,86,1.5204678362573099,5
8,Coffee,2024-05-18,1.2815481686672823,116,1.1357142857142857,11
8,Coffee,2024-05-21,1.4080717488789238,153,1.8755555555555556,20
8,Coffee,2024-06-11,1.740398167723749,84,1.9867549668874172,9
8,Coffee,2024-06-21,1.3894736842105264,163,1.8755555555555556,22
8,Coffee,2024-06-26,1.1454545454545455,105,1.0507726269315674,11
8,Coffee,2024-06-28,1.379280821917808,166,1.7955555555555556,23
8,Coffee,2024-07-24,1.3663865546218488,176,1.776230816451811,24
8,Coffee,2024-08-21,1.136898456416465,114,0.9513888888888888,15
8,Coffee,2024-10-18,1.3425925925925926,249,1.6983240223463687,25
8,Coffee,2024-10-24,1.3663865546218488,204,1.776230816451811,26
8,Coffee,2024-10-30,1.3419354838709678,257,1.5898876404494382,27
8,Coffee,2024-11-10,1.178833107191316,158,1.0670731707317074,15
8,Coffee,2024-11-13,1.3419354838709678,259,1.6441058313979036,28
8,Coffee,2024-11-26,0.9365204888569374,118,1.4406850459482037,8
8,Coffee,2024-12-21,1.5176194365046958,126,1.528735632183908,13
8,Coffee,2024-12-24,1.5176194365046958,126,1.528735632183908,13
8,Juice & Smoothie,2023-01-08,1.0,0,1.0,0
8,Juice & Smoothie,2023-01-11,1.0,1,1.0,0
8,Juice & Smoothie,2023-01-18,1.3214285714285714,2,1.3214285714285714,0
8,Juice & Smoothie,2023-01-19,2.3333333333333335,4,2.3333333333333335,0
8,Juice & Smoothie,2023-01-21,1.5714285714285714,5,1.998546511627907,2
8,Juice & Smoothie,2023-01-27,1.5714285714285714,7,1.878787878787879,3
8,Juice & Smoothie,2023-02-06,1.0912698412698414,12,1.7518939393939394,4
8,Juice & Smoothie,2023-03-01,1.0714285714285714,21,1.625,5
8,Juice & Smoothie,2023-03-09,1.0625,9,1.0909090909090908,1
8,Juice & Smoothie,2023-03-19,0.6666666666666666,13,0.6666666666666666,0
8,Juice & Smoothie,2023-03-26,1.0625,14,1.6954545454545453,2
8,Juice & Smoothie,2023-03-29,1.2857142857142858,40,1.878787878787879,7
8,Juice & Smoothie,2023-03-31,1.1666666666666667,19,1.259259259259259,2
8,Juice & Smoothie,2023-04-01,1.717948717948718,20,1.2727272727272727,1
8,Juice & Smoothie,2023-04-04,1.4107142857142858,9,1.4107142857142858,0
8,Juice & Smoothie,2023-04-17,1.0645833333333332,16,1.6129032258064515,3
8,Juice & Smoothie,2023-04-19,1.5294117647058822,13,2.0,1
8,Juice & Smoothie,2023-04-21,1.3125,45,1.7518939393939394,8
8,Juice & Smoothie,2023-05-17,1.9130434782608696,19,2.0625,3
8,Juice & Smoothie,2023-06-02,1.5714285714285714,51,1.75,5
8,Juice & Smoothie,2023-07-02,1.0625,33,1.0909090909090908,5
8,Juice & Smoothie,2023-07-06,1.5,65,1.625,6
8,Juice & Smoothie,2023-07-14,1.2198067632850242,38,1.6296296296296295,3
8,Juice & Smoothie,2023-07-15,1.4482758620689655,69,1.5241935483870968,8
8,Juice & Smoothie,2023-08-05,2.0,64,3.0,3
8,Juice & Smoothie,2023-08-11,1.1538461538461537,45,0.6791666666666667,6
8,Juice & Smoothie,2023-09-01,0.8181818181818182,41,1.4785714285714286,2
8,Juice & Smoothie,2023-09-04,1.5294117647058822,39,2.0625,5
8,Juice & Smoothie,2023-09-09,1.4,86,1.5,9
8,Juice & Smoothie,2023-10-08,1.7547619047619047,100,2.03125,11
8,Juice & Smoothie,2023-10-22,1.8957219251336899,88,3.0,5
8,Juice & Smoothie,2023-11-07,1.2289562289562288,56,1.0142045454545454,6
8,Juice & Smoothie,2023-11-16,1.5,115,1.7857142857142858,13
8,Juice & Smoothie,2023-12-08,1.2583333333333333,74,0.8888888888888888,5
8,Juice & Smoothie,2023-12-12,2.0,109,3.0,7
8,Juice & Smoothie,2023-12-19,1.565217391304348,123,1.8322510822510822,14
8,Juice & Smoothie,2023-12-29,1.4365079365079365,116,1.6491935483870968,12
8,Juice & Smoothie,2024-02-10,2.0,121,3.0,9
8,Juice & Smoothie,2024-02-19,1.465034965034965,68,1.3519061583577712,8
8,Juice & Smoothie,2024-03-03,1.4248120300751879,134,1.6491935483870968,14
8,Juice & Smoothie,2024-03-04,1.225,86,0.6791666666666667,8
8,Juice & Smoothie,2024-03-05,1.4210526315789473,135,1.5483870967741935,15
8,Juice & Smoothie,2024-03-10,2.0,126,2.7727272727272725,10
8,Juice & Smoothie,2024-03-22,1.4,139,1.6491935483870968,16
8,Juice & Smoothie,2024-03-27,1.2666666666666666,103,1.3564814814814814,10
8,Juice & Smoothie,2024-04-08,1.4,143,1.5483870967741935,17
8,Juice & Smoothie,2024-04-12,1.4,144,1.5241935483870968,18
8,Juice & Smoothie,2024-05-04,1.0,86,2.142857142857143,5
8,Juice & Smoothie,2024-05-18,1.2857142857142858,116,1.2727272727272727,11
8,Juice & Smoothie,2024-05-21,1.4166666666666667,153,1.6491935483870968,20
8,Juice & Smoothie,2024-06-11,1.8430769230769233,84,2.0625,9
8,Juice & Smoothie,2024-06-21,1.4146341463414633,163,1.6491935483870968,22
8,Juice & Smoothie,2024-06-26,1.1666666666666667,105,0.7333333333333333,11
8,Juice & Smoothie,2024-06-28,1.4073170731707316,166,1.5483870967741935,23
8,Juice & Smoothie,2024-07-24,1.4,176,1.60752688172043,24
8,Juice & Smoothie,2024-08-21,1.1483516483516483,114,0.7333333333333333,15
8,Juice & Smoothie,2024-10-18,1.4736842105263157,249,1.7333333333333334,25
8,Juice & Smoothie,2024-10-24,1.4,204,1.7083333333333335,26
8,Juice & Smoothie,2024-10-30,1.4857142857142858,257,1.7333333333333334,27
8,Juice & Smoothie,2024-11-10,1.2264957264957266,158,1.2727272727272727,15
8,Juice & Smoothie,2024-11-13,1.4736842105263157,259,1.7333333333333334,28
8,Juice & Smoothie,2024-11-26,0.9198717948717949,118,1.7584615384615385,8
8,Juice & Smoothie,2024-12-21,1.5539772727272727,126,1.8461538461538463,13
8,Juice & Smoothie,2024-12-24,1.5539772727272727,126,1.8461538461538463,13
8,Merchandise,2023-01-08,1.0,0,1.0,0
8,Merchandise,2023-01-11,2.6666666666666665,1,2.6666666666666665,0
8,Merchandise,2023-01-18,1.3333333333333335,2,1.3333333333333335,0
8,Merchandise,2023-01-19,2.3666666666666667,4,2.3666666666666667,0
8,Merchandise,2023-01-21,1.5,5,1.7727272727272727,2
8,Merchandise,2023-01-27,1.5,7,1.7391304347826086,3
8,Merchandise,2023-02-06,1.2149122807017543,12,1.8695652173913042,4
8,Merchandise,2023-03-01,1.0,21,1.7391304347826086,5
8,Merchandise,2023-03-09,1.12,9,1.0,1
8,Merchandise,2023-03-19,0.8,13,0.8,0
8,Merchandise,2023-03-26,1.06,14,1.125,2
8,Merchandise,2023-03-29,1.2,40,1.7391304347826086,7
8,Merchandise,2023-03-31,1.3333333333333333,19,0.975,2
8,Merchandise,2023-04-01,1.9375,20,1.7391304347826086,1
8,Merchandise,2023-04-04,1.6666666666666667,9,1.6666666666666667,0
8,Merchandise,2023-04-17,1.1600000000000001,16,1.25,3
8,Merchandise,2023-04-19,1.9615384615384615,13,2.7142857142857144,1
8,Merchandise,2023-04-21,1.2,45,1.6422924901185771,8
8,Merchandise,2023-05-17,1.9615384615384615,19,2.7142857142857144,3
8,Merchandise,2023-06-02,1.4444444444444444,51,1.7777777777777777,5
8,Merchandise,2023-07-02,1.2,33,1.25,5
8,Merchandise,2023-07-06,1.3333333333333333,65,1.7124183006535947,6
8,Merchandise,2023-07-14,1.375,38,1.2,3
8,Merchandise,2023-07-15,1.3333333333333333,69,1.6470588235294117,8
8,Merchandise,2023-08-05,1.8,64,2.3333333333333335,3
8,Merchandise,2023-08-11,0.8148148148148148,45,0.6886446886446886,6
8,Merchandise,2023-09-01,0.7777777777777778,41,1.9943181818181819,2
8,Merchandise,2023-09-04,1.8888888888888888,39,2.0,5
8,Merchandise,2023-09-09,1.3333333333333333,86,1.6470588235294117,9
8,Merchandise,2023-10-08,1.7797619047619047,100,1.9047619047619047,11
8,Merchandise,2023-10-22,1.8571428571428572,88,2.3333333333333335,5
8,Merchandise,2023-11-07,1.3166666666666667,56,1.125,6
8,Merchandise,2023-11-16,1.3333333333333333,115,1.7391304347826086,13
8,Merchandise,2023-12-08,1.3333333333333333,74,0.75,5
8,Merchandise,2023-12-12,1.8571428571428572,109,2.3333333333333335,7
8,Merchandise,2023-12-19,1.4,123,1.8695652173913042,14
8,Merchandise,2023-12-29,1.4142857142857141,116,1.6470588235294117,12
8,Merchandise,2024-02-10,2.0,121,3.0,9
8,Merchandise,2024-02-19,1.3333333333333333,68,1.2083333333333335,8
8,Merchandise,2024-03-03,1.4285714285714286,134,1.7124183006535947,14
8,Merchandise,2024-03-04,1.0,86,0.8809523809523809,8
8,Merchandise,2024-03-05,1.4285714285714286,135,1.6470588235294117,15
8,Merchandise,2024-03-10,2.0,126,2.666666666666667,10
8,Merchandise,2024-03-22,1.4285714285714286,139,1.6470588235294117,16
8,Merchandise,2024-03-27,1.3529411764705883,103,1.0166666666666666,10
8,Merchandise,2024-04-08,1.4,143,1.6470588235294117,17
8,Merchandise,2024-04-12,1.4142857142857141,144,1.6470588235294117,18
8,Merchandise,2024-05-04,0.9375,86,1.625,5
8,Merchandise,2024-05-18,1.343137254901961,116,0.8333333333333334,11
8,Merchandise,2024-05-21,1.4285714285714286,153,1.7124183006535947,20
8,Merchandise,2024-06-11,1.8492063492063493,84,2.0,9
8,Merchandise,2024-06-21,1.4,163,1.7124183006535947,22
8,Merchandise,2024-06-26,1.0769230769230769,105,1.0,11
8,Merchandise,2024-06-28,1.4,166,1.6470588235294117,23
8,Merchandise,2024-07-24,1.3333333333333333,176,1.6470588235294117,24
8,Merchandise,2024-08-21,1.0,114,0.875,15
8,Merchandise,2024-10-18,1.375,249,1.75,25
8,Merchandise,2024-10-24,1.3333333333333333,204,1.6470588235294117,26
8,Merchandise,2024-10-30,1.3846153846153846,257,1.875,27
8,Merchandise,2024-11-10,1.25,158,0.8333333333333334,15
8,Merchandise,2024-11-13,1.4,259,1.8660714285714286,28
8,Merchandise,2024-11-26,1.0,118,1.5625,8
8,Merchandise,2024-12-21,1.6125,126,1.8095238095238095,13
8,Merchandise,2024-12-24,1.6125,126,1.8095238095238095,13
8,Savory Bakery,2023-01-08,1.0,0,1.0,0
8,Savory Bakery,2023-01-11,0.75,1,0.75,0
8,Savory Bakery,2023-01-18,1.3636363636363638,2,1.3636363636363638,0
8,Savory Bakery,2023-01-19,2.383951682484901,4,2.383951682484901,0
8,Savory Bakery,2023-01-21,1.2,5,1.0743589743589743,2
8,Savory Bakery,2023-01-27,1.4545454545454546,7,1.2,3
8,Savory Bakery,2023-02-06,1.2652129817444218,12,1.261764705882353,4
8,Savory Bakery,2023-03-01,1.206896551724138,21,1.3235294117647058,5
8,Savory Bakery,2023-03-09,1.3548387096774193,9,1.5625,1
8,Savory Bakery,2023-03-19,1.0,13,1.0,0
8,Savory Bakery,2023-03-26,1.2782738095238095,14,1.72125,2
8,Savory Bakery,2023-03-29,1.3099128540305012,40,1.3333333333333333,7
8,Savory Bakery,2023-03-31,1.0140845070422535,19,0.8820422535211268,2
8,Savory Bakery,2023-04-01,1.973684210526316,20,1.9473684210526316,1
8,Savory Bakery,2023-04-04,1.3571428571428572,9,1.3571428571428572,0
8,Savory Bakery,2023-04-17,1.2104166666666667,16,1.5625,3
8,Savory Bakery,2023-04-19,1.5,13,1.5,1
8,Savory Bakery,2023-04-21,1.4,45,1.4702380952380953,8
8,Savory Bakery,2023-05-17,1.75,19,2.4545454545454546,3
8,Savory Bakery,2023-06-02,1.36,51,1.625,5
8,Savory Bakery,2023-07-02,1.1515151515151516,33,1.5,5
8,Savory Bakery,2023-07-06,1.3243243243243243,65,1.5218023255813953,6
8,Savory Bakery,2023-07-14,1.0921641791044776,38,1.0140845070422535,3
8,Savory Bakery,2023-07-15,1.3243243243243243,69,1.5218023255813953,8
8,Savory Bakery,2023-08-05,1.816860465116279,64,1.971830985915493,3
8,Savory Bakery,2023-08-11,1.236842105263158,45,0.7540491118077325,6
8,Savory Bakery,2023-09-01,0.7894736842105263,41,2.488505747126437,2
8,Savory Bakery,2023-09-04,1.5294117647058822,39,2.0,5
8,Savory Bakery,2023-09-09,1.3416493416493416,86,1.625,9
8,Savory Bakery,2023-10-08,1.5388994307400379,100,1.75,11
8,Savory Bakery,2023-10-22,1.7573529411764706,88,1.971830985915493,5
8,Savory Bakery,2023-11-07,1.3592375366568914,56,1.313380281690141,6
8,Savory Bakery,2023-11-16,1.380952380952381,115,1.5625,13
8,Savory Bakery,2023-12-08,1.0717948717948718,74,0.9666666666666667,5
8,Savory Bakery,2023-12-12,1.95,109,2.3333333333333335,7
8,Savory Bakery,2023-12-19,1.411764705882353,123,1.5848214285714286,14
8,Savory Bakery,2023-12-29,1.385174418604651,116,1.718020022246941,12
8,Savory Bakery,2024-02-10,2.0,121,2.169491525423729,9
8,Savory Bakery,2024-02-19,1.4122983870967742,68,1.3796296296296298,8
8,Savory Bakery,2024-03-03,1.4415584415584415,134,1.8427249789739277,14
8,Savory Bakery,2024-03-04,1.2687165775401068,86,0.821969696969697,8
8,Savory Bakery,2024-03-05,1.4285714285714286,135,1.7586206896551724,15
8,Savory Bakery,2024-03-10,2.0,126,2.070661255669611,10
8,Savory Bakery,2024-03-22,1.4242424242424243,139,1.8427249789739277,16
8,Savory Bakery,2024-03-27,1.2463768115942029,103,1.1839653304442037,10
8,Savory Bakery,2024-04-08,1.4285714285714286,143,1.7586206896551724,17
8,Savory Bakery,2024-04-12,1.4415584415584415,144,1.8301300169587336,18
8,Savory Bakery,2024-05-04,0.9090909090909091,86,1.8928571428571428,5
8,Savory Bakery,2024-05-18,1.252818035426731,116,1.0140845070422535,11
8,Savory Bakery,2024-05-21,1.5,153,1.914234306277489,20
8,Savory Bakery,2024-06-11,1.8010510510510511,84,2.0655737704918034,9
8,Savory Bakery,2024-06-21,1.4545454545454546,163,1.914234306277489,22
8,Savory Bakery,2024-06-26,1.2413793103448276,105,0.8709677419354839,11
8,Savory Bakery,2024-06-28,1.442222222222222,166,1.901639344262295,23
8,Savory Bakery,2024-07-24,1.4285714285714286,176,1.8301300169587336,24
8,Savory Bakery,2024-08-21,1.2348594087959626,114,0.8709677419354839,15
8,Savory Bakery,2024-10-18,1.4054054054054055,249,1.5625,25
8,Savory Bakery,2024-10-24,1.4214235377026077,204,1.8301300169587336,26
8,Savory Bakery,2024-10-30,1.4054054054054055,257,1.5625,27
8,Savory Bakery,2024-11-10,1.1323815704088254,158,1.1612903225806452,15
8,Savory Bakery,2024-11-13,1.4054054054054055,259,1.5658653846153845,28
8,Savory Bakery,2024-11-26,0.9145454545454546,118,1.640625,8
8,Savory Bakery,2024-12-21,1.4861111111111112,126,1.5,13
8,Savory Bakery,2024-12-24,1.4861111111111112,126,1.5,13
8,Tea,2023-01-08,1.0,0,1.0,0
8,Tea,2023-01-11,1.15,1,1.15,0
8,Tea,2023-01-18,1.6005649717514123,2,1.6005649717514123,0
8,Tea,2023-01-19,2.1083333333333334,4,2.1083333333333334,0
8,Tea,2023-01-21,1.1333333333333333,5,1.3057971014492753,2
8,Tea,2023-01-27,1.1333333333333333,7,1.5633802816901408,3
8,Tea,2023-02-06,1.167330016583748,12,1.3712423796510405,4
8,Tea,2023-03-01,1.1791044776119404,21,1.1791044776119404,5
8,Tea,2023-03-09,1.6575342465753424,9,1.8571428571428572,1
8,Tea,2023-03-19,0.75,13,0.75,0
8,Tea,2023-03-26,1.2391849529780563,14,1.613756613756614,2
8,Tea,2023-03-29,1.271780303030303,40,1.4081632653061225,7
8,Tea,2023-03-31,1.15,19,1.2370426829268293,2
8,Tea,2023-04-01,2.066983122362869,20,1.5070422535211268,1
8,Tea,2023-04-04,1.4461538461538461,9,1.4461538461538461,0
8,Tea,2023-04-17,1.2391849529780563,16,1.396551724137931,3
8,Tea,2023-04-19,1.6862745098039216,13,2.630434782608696,1
8,Tea,2023-04-21,1.3071895424836601,45,1.4857717734981315,8
8,Tea,2023-05-17,1.6862745098039216,19,2.607142857142857,3
8,Tea,2023-06-02,1.4492753623188406,51,1.9873417721518987,5
8,Tea,2023-07-02,1.15,33,1.3703703703703705,5
8,Tea,2023-07-06,1.337837837837838,65,1.800122498979175,6
8,Tea,2023-07-14,1.1675925925925925,38,1.4615384615384615,3
8,Tea,2023-07-15,1.337837837837838,69,1.5509771603484812,8
8,Tea,2023-08-05,1.937799043062201,64,2.360655737704918,3
8,Tea,2023-08-11,1.1129032258064515,45,0.6587125082647112,6
8,Tea,2023-09-01,0.75,41,1.647708863688961,2
8,Tea,2023-09-04,1.5670103092783505,39,1.8881118881118881,5
8,Tea,2023-09-09,1.2836781609195402,86,1.489051094890511,9
8,Tea,2023-10-08,1.6120765832106039,100,1.7773892773892774,11
8,Tea,2023-10-22,1.904970760233918,88,2.360655737704918,5
8,Tea,2023-11-07,1.3790627362055934,56,1.2282886334610472,6
8,Tea,2023-11-16,1.3333333333333333,115,1.4081632653061225,13
8,Tea,2023-12-08,1.1978557504873293,74,0.9375,5
8,Tea,2023-12-12,1.9444444444444444,109,2.360655737704918,7
8,Tea,2023-12-19,1.4,123,1.4857717734981315,14
8,Tea,2023-12-29,1.3381317315658658,116,1.638512681605516,12
8,Tea,2024-02-10,1.9591836734693877,121,2.596774193548387,9
8,Tea,2024-02-19,1.5727272727272728,68,1.3834610472541509,8
8,Tea,2024-03-03,1.3935483870967742,134,1.821856987069637,14
8,Tea,2024-03-04,1.1827458256029684,86,0.7923996017258546,8
8,Tea,2024-03-05,1.3870967741935485,135,1.6641221374045803,15
8,Tea,2024-03-10,2.0,126,2.4810794044665014,10
8,Tea,2024-03-22,1.3818181818181818,139,1.7765055131467347,16
8,Tea,2024-03-27,1.2577319587628866,103,1.1193524096385543,10
8,Tea,2024-04-08,1.3818181818181818,143,1.6641221374045803,17
8,Tea,2024-04-12,1.3844574780058652,144,1.7765055131467347,18
8,Tea,2024-05-04,0.9128787878787878,86,1.2982456140350878,5
8,Tea,2024-05-18,1.2817460317460316,116,0.967032967032967,11
8,Tea,2024-05-21,1.40625,153,1.9342403628117912,20
8,Tea,2024-06-11,1.6852425180598556,84,2.0,9
8,Tea,2024-06-21,1.4,163,1.9342403628117912,22
8,Tea,2024-06-26,1.1886792452830188,105,1.0625,11
8,Tea,2024-06-28,1.3935483870967742,166,1.8888888888888888,23
8,Tea,2024-07-24,1.3381317315658658,176,1.7765055131467347,24
8,Tea,2024-08-21,1.155549166187464,114,1.0093457943925233,15
8,Tea,2024-10-18,1.4,249,1.5779816513761469,25
8,Tea,2024-10-24,1.3227650727650728,204,1.7765055131467347,26
8,Tea,2024-10-30,1.4081632653061225,257,1.5779816513761469,27
8,Tea,2024-11-10,1.1967754467754468,158,1.1132075471698113,15
8,Tea,2024-11-13,1.4081632653061225,259,1.5727746094718573,28
8,Tea,2024-11-26,0.9028213166144201,118,1.3414304993252362,8
8,Tea,2024-12-21,1.5025773195876289,126,1.6666666666666667,13
8,Tea,2024-12-24,1.5025773195876289,126,1.6666666666666667,13
9,Bakery,2023-01-03,1.0,0,1.0,0
9,Bakery,2023-02-02,1.2868933234786892,10,1.2868933234786892,0
9,Bakery,2023-02-07,1.1977942692228405,14,1.2695652173913043,1
9,Bakery,2023-02-24,1.359375,7,1.4413650939074667,4
9,Bakery,2023-03-04,1.1630280018984338,26,1.2695652173913043,3
9,Bakery,2023-03-11,1.9612794612794613,14,2.7872340425531914,3
9,Bakery,2023-03-18,1.0392734413352969,14,0.9066666666666666,1
9,Bakery,2023-04-11,1.0571428571428572,20,1.0172413793103448,3
9,Bakery,2023-04-12,1.3214285714285714,31,1.4766355140186915,5
9,Bakery,2023-04-18,1.2411616161616161,44,1.4591219665436268,6
9,Bakery,2023-05-05,1.1686868686868688,20,1.2881355932203389,5
9,Bakery,2023-05-06,1.3888888888888888,41,1.564404713531085,8
9,Bakery,2023-05-12,2.3384615384615386,33,2.562847790507365,6
9,Bakery,2023-05-13,1.2695652173913043,51,1.439252336448598,9
9,Bakery,2023-06-29,1.096969696969697,36,1.1695075757575757,8
9,Bakery,2023-07-03,1.0,28,0.5185185185185185,1
9,Bakery,2023-08-08,1.2695652173913043,77,1.3967095015576323,14
9,Bakery,2023-08-11,1.3214285714285714,77,1.6242436466317063,16
9,Bakery,2023-08-13,1.6313883299798793,34,2.1666666666666665,5
9,Bakery,2023-08-22,1.1818181818181819,39,1.5,9
9,Bakery,2023-09-13,1.1724137931034482,53,1.2291666666666667,5
9,Bakery,2023-09-21,1.6689969604863224,44,1.8130671506352087,10
9,Bakery,2023-09-26,1.6808510638297873,45,1.8157894736842106,11
9,Bakery,2023-10-10,1.6571428571428573,49,1.8130671506352087,12
9,Bakery,2023-10-11,1.183673469387755,61,1.2592592592592593,7
9,Bakery,2023-10-14,1.0666666666666667,59,1.1702127659574468,13
9,Bakery,2023-10-18,1.206420068027211,62,1.2546296296296298,8
9,Bakery,2023-10-24,0.7647058823529411,51,0.5455741626794258,8
9,Bakery,2023-10-27,1.3440555841482245,96,1.6062653562653564,24
9,Bakery,2023-11-04,1.3529411764705883,107,1.4582625318606626,22
9,Bakery,2023-11-11,1.3448275862068966,101,1.6216216216216217,25
9,Bakery,2023-11-14,1.3693910256410255,114,1.4772727272727273,23
9,Bakery,2023-11-20,1.9174174174174174,100,2.403409090909091,16
9,Bakery,2023-12-12,1.6830181245074862,60,1.9195226438188495,14
9,Bakery,2023-12-15,1.1515151515151516,73,1.1549295774647887,17
9,Bakery,2024-01-07,1.4285714285714286,133,1.4789915966386555,27
9,Bakery,2024-01-23,1.9918032786885247,116,2.5238095238095237,19
9,Bakery,2024-01-27,1.3695652173913044,65,1.5,13
9,Bakery,2024-02-17,2.0105263157894737,122,2.5238095238095237,21
9,Bakery,2024-02-29,1.3749234537660748,70,1.532051282051282,14
9,Bakery,2024-03-14,1.7179487179487178,71,2.145833333333333,18
9,Bakery,2024-03-24,1.3953488372093024,163,1.5365853658536586,31
9,Bakery,2024-04-04,1.3975903614457832,167,1.5365853658536586,33
9,Bakery,2024-04-06,2.0548406862745097,136,2.5714285714285716,23
9,Bakery,2024-04-26,1.4545454545454546,177,1.5412844036697249,35
9,Bakery,2024-05-04,0.9538690476190477,86,0.7454545454545455,23
9,Bakery,2024-05-05,1.458041958041958,180,1.5389348847616917,36
9,Bakery,2024-05-11,1.4545454545454546,187,1.5269133725820017,38
9,Bakery,2024-05-15,1.4529364440868866,190,1.5172413793103448,39
9,Bakery,2024-05-21,1.4545454545454546,191,1.5269133725820017,40
9,Bakery,2024-05-26,2.088235294117647,149,2.5905923344947737,28
9,Bakery,2024-05-27,1.446360153256705,154,1.6298885320234273,32
9,Bakery,2024-06-01,1.4482758620689655,155,1.6329113924050633,33
9,Bakery,2024-06-12,1.7428571428571429,85,2.175170068027211,22
9,Bakery,2024-06-22,1.0,95,0.75,25
9,Bakery,2024-06-27,1.4234234234234233,165,1.6242436466317063,36
9,Bakery,2024-06-28,1.4285714285714286,205,1.5048285048285048,46
9,Bakery,2024-08-01,1.6737588652482271,106,2.175170068027211,24
9,Bakery,2024-08-10,1.389676113360324,226,1.4772727272727273,51
9,Bakery,2024-08-15,1.6521008403361344,112,2.1666666666666665,25
9,Bakery,2024-08-19,2.0,169,2.5714285714285716,33
9,Bakery,2024-08-24,1.3914141414141414,184,1.6216216216216217,39
9,Bakery,2024-08-27,2.0,171,2.5476190476190474,34
9,Bakery,2024-08-30,1.3888888888888888,187,1.59375,41
9,Bakery,2024-09-09,1.6153846153846154,119,2.1666666666666665,27
9,Bakery,2024-09-11,1.0,108,0.7477272727272728,28
9,Bakery,2024-09-16,2.0,179,2.5128205128205128,37
9,Bakery,2024-10-05,1.437799043062201,197,1.59375,43
9,Bakery,2024-10-19,1.393939393939394,201,1.6216216216216217,45
9,Bakery,2024-10-28,1.4,205,1.6242436466317063,46
9,Bakery,2024-11-08,1.437799043062201,106,1.564102564102564,21
9,Bakery,2024-11-19,1.1128775834658189,158,1.2592592592592593,25
9,Bakery,2024-11-20,0.9673611111111111,118,0.7477272727272728,32
9,Bakery,2024-11-26,1.393939393939394,207,1.6216216216216217,47
9,Bakery,2024-12-10,1.380952380952381,259,1.439252336448598,57
9,Bakery,2024-12-21,1.6153846153846154,126,2.183673469387755,29
9,Bakery,2024-12-23,1.6153846153846154,126,2.183673469387755,29
9,Bakery,2024-12-26,0.9673611111111111,118,0.7477272727272728,32
9,Bakery,2024-12-29,1.393939393939394,207,1.6216216216216217,47
9,Bakery,2024-12-30,1.1128775834658189,158,1.2592592592592593,25
9,Chocolate & Milk,2023-01-03,1.0,0,1.0,0
9,Chocolate & Milk,2023-02-02,1.1341659951651892,10,1.1341659951651892,0
9,Chocolate & Milk,2023-02-07,1.0815508021390374,14,1.3333333333333333,1
9,Chocolate & Milk,2023-02-24,1.7272727272727273,7,1.7272727272727273,4
9,Chocolate & Milk,2023-03-04,1.158675799086758,26,1.3333333333333333,3
9,Chocolate & Milk,2023-03-11,2.2359307359307357,14,3.0,3
9,Chocolate & Milk,2023-03-18,1.1071428571428572,14,1.173913043478261,1
9,Chocolate & Milk,2023-04-11,1.1071428571428572,20,0.9428571428571428,3
9,Chocolate & Milk,2023-04-12,1.2727272727272727,31,1.64,5
9,Chocolate & Milk,2023-04-18,1.175925925925926,44,1.7936507936507935,6
9,Chocolate & Milk,2023-05-05,1.4981060606060606,20,1.7272727272727273,5
9,Chocolate & Milk,2023-05-06,1.3636363636363635,41,1.7208333333333332,8
9,Chocolate & Milk,2023-05-12,2.1666666666666665,33,2.345238095238095,6
9,Chocolate & Milk,2023-05-13,1.3043478260869565,51,1.5873015873015872,9
9,Chocolate & Milk,2023-06-29,1.0,36,0.8735632183908046,8
9,Chocolate & Milk,2023-07-03,0.8990384615384616,28,0.42857142857142855,1
9,Chocolate & Milk,2023-08-08,1.25,77,1.5277777777777777,14
9,Chocolate & Milk,2023-08-11,1.25,77,1.6950757575757576,16
9,Chocolate & Milk,2023-08-13,1.666923076923077,34,1.6862745098039216,5
9,Chocolate & Milk,2023-08-22,1.4545454545454546,39,1.7272727272727273,9
9,Chocolate & Milk,2023-09-13,1.2285714285714286,53,1.2285714285714286,5
9,Chocolate & Milk,2023-09-21,1.666923076923077,44,1.8976190476190475,10
9,Chocolate & Milk,2023-09-26,1.68,45,2.0952380952380953,11
9,Chocolate & Milk,2023-10-10,1.6842105263157894,49,2.068452380952381,12
9,Chocolate & Milk,2023-10-11,1.2285714285714286,61,1.2285714285714286,7
9,Chocolate & Milk,2023-10-14,1.0344827586206897,59,1.0,13
9,Chocolate & Milk,2023-10-18,1.2342857142857144,62,1.3476190476190477,8
9,Chocolate & Milk,2023-10-24,0.8461538461538461,51,0.487012987012987,8
9,Chocolate & Milk,2023-10-27,1.5355392156862746,96,1.7272727272727273,24
9,Chocolate & Milk,2023-11-04,1.3333333333333333,107,1.5603864734299517,22
9,Chocolate & Milk,2023-11-11,1.2727272727272727,101,1.7083333333333333,25
9,Chocolate & Milk,2023-11-14,1.3827838827838828,114,1.565217391304348,23
9,Chocolate & Milk,2023-11-20,1.8819444444444444,100,2.2322695035460995,16
9,Chocolate & Milk,2023-12-12,1.730952380952381,60,2.0976190476190477,14
9,Chocolate & Milk,2023-12-15,1.1166666666666667,73,1.0344827586206897,17
9,Chocolate & Milk,2024-01-07,1.4615384615384615,133,1.5862068965517242,27
9,Chocolate & Milk,2024-01-23,1.9083333333333332,116,2.4166666666666665,19
9,Chocolate & Milk,2024-01-27,1.608695652173913,65,1.7272727272727273,13
9,Chocolate & Milk,2024-02-17,1.9344086021505378,122,2.4166666666666665,21
9,Chocolate & Milk,2024-02-29,1.5714285714285714,70,1.70846394984326,14
9,Chocolate & Milk,2024-03-14,1.8,71,2.2807692307692307,18
9,Chocolate & Milk,2024-03-24,1.4166666666666667,163,1.5862068965517242,31
9,Chocolate & Milk,2024-04-04,1.4444444444444444,167,1.5862068965517242,33
9,Chocolate & Milk,2024-04-06,1.9473319473319473,136,2.4166666666666665,23
9,Chocolate & Milk,2024-04-26,1.4545454545454546,177,1.5769230769230769,35
9,Chocolate & Milk,2024-05-04,0.9905660377358491,86,0.9056603773584906,23
9,Chocolate & Milk,2024-05-05,1.458041958041958,180,1.5710702341137124,36
9,Chocolate & Milk,2024-05-11,1.4615384615384615,187,1.5603864734299517,38
9,Chocolate & Milk,2024-05-15,1.458041958041958,190,1.5555555555555556,39
9,Chocolate & Milk,2024-05-21,1.4615384615384615,191,1.5603864734299517,40
9,Chocolate & Milk,2024-05-26,2.0714285714285716,149,2.4507575757575757,28
9,Chocolate & Milk,2024-05-27,1.3791257805530777,154,1.7083333333333333,32
9,Chocolate & Milk,2024-06-01,1.3898305084745763,155,1.7083333333333333,33
9,Chocolate & Milk,2024-06-12,1.8472222222222223,85,2.467611336032389,22
9,Chocolate & Milk,2024-06-22,1.0,95,0.9387755102040817,25
9,Chocolate & Milk,2024-06-27,1.35,165,1.6950757575757576,36
9,Chocolate & Milk,2024-06-28,1.4166666666666667,205,1.537777777777778,46
9,Chocolate & Milk,2024-08-01,1.6821052631578945,106,2.467611336032389,24
9,Chocolate & Milk,2024-08-10,1.3827838827838828,226,1.4782608695652173,51
9,Chocolate & Milk,2024-08-15,1.6417378917378915,112,2.4615384615384617,25
9,Chocolate & Milk,2024-08-19,1.9411764705882353,169,2.4166666666666665,33
9,Chocolate & Milk,2024-08-24,1.2727272727272727,184,1.6818181818181819,39
9,Chocolate & Milk,2024-08-27,1.945945945945946,171,2.3572695035460995,34
9,Chocolate & Milk,2024-08-30,1.2727272727272727,187,1.6538461538461537,41
9,Chocolate & Milk,2024-09-09,1.6170212765957446,119,2.3846153846153846,27
9,Chocolate & Milk,2024-09-11,0.9727088948787062,108,0.9222179437812861,28
9,Chocolate & Milk,2024-09-16,1.9767441860465116,179,2.4166666666666665,37
9,Chocolate & Milk,2024-10-05,1.5570409982174689,197,1.6556383970177073,43
9,Chocolate & Milk,2024-10-19,1.2727272727272727,201,1.6818181818181819,45
9,Chocolate & Milk,2024-10-28,1.2727272727272727,205,1.667832167832168,46
9,Chocolate & Milk,2024-11-08,1.5700280112044818,106,1.6896551724137931,21
9,Chocolate & Milk,2024-11-19,1.175170068027211,158,1.05,25
9,Chocolate & Milk,2024-11-20,0.9430719656283566,118,0.8951378809869376,32
9,Chocolate & Milk,2024-11-26,1.2727272727272727,207,1.6818181818181819,47
9,Chocolate & Milk,2024-12-10,1.36,259,1.4047619047619047,57
9,Chocolate & Milk,2024-12-21,1.6085106382978722,126,2.1,29
9,Chocolate & Milk,2024-12-23,1.6085106382978722,126,2.1,29
9,Chocolate & Milk,2024-12-26,0.9430719656283566,118,0.8951378809869376,32
9,Chocolate & Milk,2024-12-29,1.2727272727272727,207,1.6818181818181819,47
9,Chocolate & Milk,2024-12-30,1.175170068027211,158,1.05,25
9,Coffee,2023-01-03,1.0,0,1.0,0
9,Coffee,2023-02-02,1.3785379376433142,10,1.3785379376433142,0
9,Coffee,2023-02-07,1.1632860040567952,14,1.0257510729613735,1
9,Coffee,2023-02-24,1.4715447154471544,7,1.4905494277872715,4
9,Coffee,2023-03-04,1.1701053555750658,26,1.0257510729613735,3
9,Coffee,2023-03-11,1.6760000000000002,14,3.0,3
9,Coffee,2023-03-18,1.1030824372759858,14,1.103942652329749,1
9,Coffee,2023-04-11,1.1030824372759858,20,1.0429906542056075,3
9,Coffee,2023-04-12,1.3368421052631578,31,1.403560830860534,5
9,Coffee,2023-04-18,1.2572736671097329,44,1.6128043863892922,6
9,Coffee,2023-05-05,1.3268283440697233,20,1.4715447154471544,5
9,Coffee,2023-05-06,1.4137931034482758,41,1.5938316702304585,8
9,Coffee,2023-05-12,2.135135135135135,33,2.3046636517806673,6
9,Coffee,2023-05-13,1.32,51,1.835820895522388,9
9,Coffee,2023-06-29,1.1274924719972015,36,1.0734666532676784,8
9,Coffee,2023-07-03,0.8370726495726495,28,0.5384615384615384,1
9,Coffee,2023-08-08,1.2911392405063291,77,1.5152122278553053,14
9,Coffee,2023-08-11,1.372168284789644,77,1.637529180040852,16
9,Coffee,2023-08-13,1.511290322580645,34,2.12807881773399,5
9,Coffee,2023-08-22,1.2987012987012987,39,1.4715447154471544,9
9,Coffee,2023-09-13,1.1097560975609757,53,1.1111111111111112,5
9,Coffee,2023-09-21,1.5837699024139702,44,2.045289408866995,10
9,Coffee,2023-09-26,1.5796610169491525,45,1.9625,11
9,Coffee,2023-10-10,1.587878787878788,49,1.8504360465116279,12
9,Coffee,2023-10-11,1.1636363636363636,61,1.3633440514469453,7
9,Coffee,2023-10-14,1.1043771043771045,59,1.103942652329749,13
9,Coffee,2023-10-18,1.1954545454545453,62,1.459807073954984,8
9,Coffee,2023-10-24,0.8194444444444444,51,0.693339015555082,8
9,Coffee,2023-10-27,1.3746794871794872,96,1.6464839058371368,24
9,Coffee,2023-11-04,1.2911392405063291,107,1.5152122278553053,22
9,Coffee,2023-11-11,1.3743589743589744,101,1.6576086956521738,25
9,Coffee,2023-11-14,1.3055696202531646,114,1.6509695290858726,23
9,Coffee,2023-11-20,1.7825018896447467,100,2.2527840953650693,16
9,Coffee,2023-12-12,1.6174406165400401,60,2.0387212643678163,14
9,Coffee,2023-12-15,1.140625,73,1.1331719128329298,17
9,Coffee,2024-01-07,1.3628318584070795,133,1.6509695290858726,27
9,Coffee,2024-01-23,1.8316715542521993,116,2.2896551724137932,19
9,Coffee,2024-01-27,1.4394904458598725,65,1.5095541401273886,13
9,Coffee,2024-02-17,1.8664596273291925,122,2.2896551724137932,21
9,Coffee,2024-02-29,1.3906126985597185,70,1.525861407413092,14
9,Coffee,2024-03-14,1.7191011235955056,71,2.1215106732348112,18
9,Coffee,2024-03-24,1.3695090439276485,163,1.745054945054945,31
9,Coffee,2024-04-04,1.3708609271523178,167,1.6875,33
9,Coffee,2024-04-06,1.9221472588185295,136,2.2896551724137932,23
9,Coffee,2024-04-26,1.427450980392157,177,1.745054945054945,35
9,Coffee,2024-05-04,0.9443438914027149,86,0.8735632183908046,23
9,Coffee,2024-05-05,1.42104256336681,180,1.7162774725274725,36
9,Coffee,2024-05-11,1.4,187,1.6848958333333335,38
9,Coffee,2024-05-15,1.4005988023952094,190,1.6822916666666667,39
9,Coffee,2024-05-21,1.401197604790419,191,1.6848958333333335,40
9,Coffee,2024-05-26,2.018292682926829,149,2.3046636517806673,28
9,Coffee,2024-05-27,1.4109324261635998,154,1.6858710763152118,32
9,Coffee,2024-06-01,1.4137931034482758,155,1.7109826589595376,33
9,Coffee,2024-06-12,1.7383720930232558,85,2.1215106732348112,22
9,Coffee,2024-06-22,0.9502262443438914,95,0.9701492537313433,25
9,Coffee,2024-06-27,1.3835616438356164,165,1.65918409466153,36
9,Coffee,2024-06-28,1.3815028901734103,205,1.6144755902310097,46
9,Coffee,2024-08-01,1.5966072832067066,106,2.1215106732348112,24
9,Coffee,2024-08-10,1.366170451167364,226,1.5299334811529934,51
9,Coffee,2024-08-15,1.568181023938494,112,2.1149425287356323,25
9,Coffee,2024-08-19,1.9111111111111112,169,2.2804878048780486,33
9,Coffee,2024-08-24,1.3601594483947426,184,1.6576086956521738,39
9,Coffee,2024-08-27,1.9111111111111112,171,2.285071488645921,34
9,Coffee,2024-08-30,1.3518518518518519,187,1.6353591160220995,41
9,Coffee,2024-09-09,1.5225806451612902,119,2.1149425287356323,27
9,Coffee,2024-09-11,0.9365204888569374,108,0.921856236061074,28
9,Coffee,2024-09-16,1.910344827586207,179,2.2804878048780486,37
9,Coffee,2024-10-05,1.4597306910569106,197,1.6491301907968574,43
9,Coffee,2024-10-19,1.358974358974359,201,1.6576086956521738,45
9,Coffee,2024-10-28,1.3714285714285714,205,1.65918409466153,46
9,Coffee,2024-11-08,1.4754983851208374,106,1.654320987654321,21
9,Coffee,2024-11-19,1.178833107191316,158,1.2923076923076924,25
9,Coffee,2024-11-20,0.9365204888569374,118,0.909607696151924,32
9,Coffee,2024-11-26,1.361344537815126,207,1.6576086956521738,47
9,Coffee,2024-12-10,1.3419354838709678,259,1.5,57
9,Coffee,2024-12-21,1.5176194365046958,126,2.12807881773399,29
9,Coffee,2024-12-23,1.5176194365046958,126,2.12807881773399,29
9,Coffee,2024-12-26,0.9365204888569374,118,0.909607696151924,32
9,Coffee,2024-12-29,1.361344537815126,207,1.6576086956521738,47
9,Coffee,2024-12-30,1.178833107191316,158,1.2923076923076924,25
9,Juice & Smoothie,2023-01-03,1.0,0,1.0,0
9,Juice & Smoothie,2023-02-02,1.0912698412698414,10,1.0912698412698414,0
9,Juice & Smoothie,2023-02-07,1.0485347985347984,14,1.1666666666666667,1
9,Juice & Smoothie,2023-02-24,1.0909090909090908,7,1.4,4
9,Juice & Smoothie,2023-03-04,1.1388888888888888,26,1.1666666666666667,3
9,Juice & Smoothie,2023-03-11,1.717948717948718,14,3.0,3
9,Juice & Smoothie,2023-03-18,1.2019230769230769,14,1.5238095238095237,1
9,Juice & Smoothie,2023-04-11,1.2916666666666665,20,1.5238095238095237,3
9,Juice & Smoothie,2023-04-12,1.4482758620689655,31,1.7575757575757576,5
9,Juice & Smoothie,2023-04-18,1.3125,44,1.7471590909090908,6
9,Juice & Smoothie,2023-05-05,1.0645833333333332,20,1.0625,5
9,Juice & Smoothie,2023-05-06,1.5,41,2.033333333333333,8
9,Juice & Smoothie,2023-05-12,2.25,33,2.746153846153846,6
9,Juice & Smoothie,2023-05-13,1.5,51,1.6818181818181819,9
9,Juice & Smoothie,2023-06-29,1.2019230769230769,36,1.1547987616099071,8
9,Juice & Smoothie,2023-07-03,0.9090909090909092,28,1.0952380952380953,1
9,Juice & Smoothie,2023-08-08,1.5,77,1.604066985645933,14
9,Juice & Smoothie,2023-08-11,1.393939393939394,77,2.0,16
9,Juice & Smoothie,2023-08-13,1.6694677871148458,34,2.2857142857142856,5
9,Juice & Smoothie,2023-08-22,1.0666666666666667,39,1.5789473684210527,9
9,Juice & Smoothie,2023-09-13,1.1764705882352942,53,1.2222222222222223,5
9,Juice & Smoothie,2023-09-21,1.8247619047619048,44,2.2807881773399012,10
9,Juice & Smoothie,2023-09-26,1.8095238095238095,45,2.2758620689655173,11
9,Juice & Smoothie,2023-10-10,1.8095238095238095,49,2.2017608217168014,12
9,Juice & Smoothie,2023-10-11,1.1764705882352942,61,1.2666666666666666,7
9,Juice & Smoothie,2023-10-14,1.1538461538461537,59,1.0555555555555556,13
9,Juice & Smoothie,2023-10-18,1.1969309462915603,62,1.4333333333333333,8
9,Juice & Smoothie,2023-10-24,0.9230769230769231,51,0.7747252747252746,8
9,Juice & Smoothie,2023-10-27,1.4365079365079365,96,1.908466819221968,24
9,Juice & Smoothie,2023-11-04,1.5,107,1.5993589743589745,22
9,Juice & Smoothie,2023-11-11,1.4285714285714286,101,1.9473684210526316,25
9,Juice & Smoothie,2023-11-14,1.513157894736842,114,1.6153846153846154,23
9,Juice & Smoothie,2023-11-20,1.9545454545454546,100,2.6018099547511313,16
9,Juice & Smoothie,2023-12-12,1.7547619047619047,60,2.2017608217168014,14
9,Juice & Smoothie,2023-12-15,1.2,73,1.0909090909090908,17
9,Juice & Smoothie,2024-01-07,1.5714285714285714,133,1.625,27
9,Juice & Smoothie,2024-01-23,2.0,116,2.588235294117647,19
9,Juice & Smoothie,2024-01-27,1.5454545454545454,65,1.8,13
9,Juice & Smoothie,2024-02-17,2.0,122,2.5714285714285716,21
9,Juice & Smoothie,2024-02-29,1.4423076923076923,70,1.7571428571428571,14
9,Juice & Smoothie,2024-03-14,1.84,71,2.2967032967032965,18
9,Juice & Smoothie,2024-03-24,1.5714285714285714,163,1.625,31
9,Juice & Smoothie,2024-04-04,1.5714285714285714,167,1.6153846153846154,33
9,Juice & Smoothie,2024-04-06,2.0555555555555554,136,2.5714285714285716,23
9,Juice & Smoothie,2024-04-26,1.5714285714285714,177,1.6153846153846154,35
9,Juice & Smoothie,2024-05-04,1.0,86,0.7142857142857143,23
9,Juice & Smoothie,2024-05-05,1.5714285714285714,180,1.6201923076923077,36
9,Juice & Smoothie,2024-05-11,1.5714285714285714,187,1.6201923076923077,38
9,Juice & Smoothie,2024-05-15,1.5714285714285714,190,1.6153846153846154,39
9,Juice & Smoothie,2024-05-21,1.5714285714285714,191,1.6201923076923077,40
9,Juice & Smoothie,2024-05-26,2.1538461538461537,149,2.5798319327731094,28
9,Juice & Smoothie,2024-05-27,1.418859649122807,154,2.0,32
9,Juice & Smoothie,2024-06-01,1.4210526315789473,155,2.0,33
9,Juice & Smoothie,2024-06-12,1.84,85,2.2967032967032965,22
9,Juice & Smoothie,2024-06-22,1.0,95,0.75,25
9,Juice & Smoothie,2024-06-27,1.4,165,1.973684210526316,36
9,Juice & Smoothie,2024-06-28,1.5714285714285714,205,1.5833333333333333,46
9,Juice & Smoothie,2024-08-01,1.7,106,2.2967032967032965,24
9,Juice & Smoothie,2024-08-10,1.5,226,1.5555555555555556,51
9,Juice & Smoothie,2024-08-15,1.6416666666666666,112,2.2857142857142856,25
9,Juice & Smoothie,2024-08-19,2.051282051282051,169,2.5454545454545454,33
9,Juice & Smoothie,2024-08-24,1.4,184,1.9473684210526316,39
9,Juice & Smoothie,2024-08-27,2.0625,171,2.5584415584415585,34
9,Juice & Smoothie,2024-08-30,1.393939393939394,187,1.8695652173913044,41
9,Juice & Smoothie,2024-09-09,1.5714285714285714,119,2.2758620689655173,27
9,Juice & Smoothie,2024-09-11,0.9615384615384616,108,0.7321428571428572,28
9,Juice & Smoothie,2024-09-16,2.111111111111111,179,2.5714285714285716,37
9,Juice & Smoothie,2024-10-05,1.6064516129032258,197,1.8695652173913044,43
9,Juice & Smoothie,2024-10-19,1.4,201,1.9333333333333333,45
9,Juice & Smoothie,2024-10-28,1.4,205,1.9403508771929825,46
9,Juice & Smoothie,2024-11-08,1.6189516129032258,106,1.8,21
9,Juice & Smoothie,2024-11-19,1.2264957264957266,158,1.3125,25
9,Juice & Smoothie,2024-11-20,0.9198717948717949,118,0.775,32
9,Juice & Smoothie,2024-11-26,1.4,207,1.9473684210526316,47
9,Juice & Smoothie,2024-12-10,1.4736842105263157,259,1.4857142857142858,57
9,Juice & Smoothie,2024-12-21,1.5539772727272727,126,2.2758620689655173,29
9,Juice & Smoothie,2024-12-23,1.5539772727272727,126,2.2758620689655173,29
9,Juice & Smoothie,2024-12-26,0.9198717948717949,118,0.775,32
9,Juice & Smoothie,2024-12-29,1.4,207,1.9473684210526316,47
9,Juice & Smoothie,2024-12-30,1.2264957264957266,158,1.3125,25
9,Merchandise,2023-01-03,1.0,0,1.0,0
9,Merchandise,2023-02-02,1.3333333333333335,10,1.3333333333333335,0
9,Merchandise,2023-02-07,1.0833333333333335,14,1.263157894736842,1
9,Merchandise,2023-02-24,1.12,7,1.4975,4
9,Merchandise,2023-03-04,1.0,26,1.263157894736842,3
9,Merchandise,2023-03-11,1.7695652173913043,14,1.875,3
9,Merchandise,2023-03-18,0.6862745098039216,14,2.5,1
9,Merchandise,2023-04-11,0.9074074074074074,20,1.25,3
9,Merchandise,2023-04-12,1.3333333333333333,31,1.4,5
9,Merchandise,2023-04-18,1.2315789473684209,44,1.4649122807017543,6
9,Merchandise,2023-05-05,1.1600000000000001,20,1.2727272727272727,5
9,Merchandise,2023-05-06,1.5,41,1.4857142857142858,8
9,Merchandise,2023-05-12,2.25,33,2.416666666666667,6
9,Merchandise,2023-05-13,1.263157894736842,51,1.263157894736842,9
9,Merchandise,2023-06-29,0.8359788359788359,36,1.0384615384615383,8
9,Merchandise,2023-07-03,0.9,28,0.38461538461538464,1
9,Merchandise,2023-08-08,1.3333333333333333,77,1.409356725146199,14
9,Merchandise,2023-08-11,1.3333333333333333,77,1.619047619047619,16
9,Merchandise,2023-08-13,1.8492063492063493,34,2.3,5
9,Merchandise,2023-08-22,1.2,39,1.7777777777777777,9
9,Merchandise,2023-09-13,1.3333333333333333,53,1.4166666666666667,5
9,Merchandise,2023-09-21,1.8492063492063493,44,2.0476190476190474,10
9,Merchandise,2023-09-26,1.8095238095238095,45,2.0,11
9,Merchandise,2023-10-10,1.8095238095238095,49,2.0,12
9,Merchandise,2023-10-11,1.3333333333333333,61,1.4166666666666667,7
9,Merchandise,2023-10-14,0.9411764705882353,59,1.0,13
9,Merchandise,2023-10-18,1.3333333333333333,62,1.375,8
9,Merchandise,2023-10-24,0.8,51,0.6666666666666667,8
9,Merchandise,2023-10-27,1.3484848484848484,96,1.7070707070707072,24
9,Merchandise,2023-11-04,1.3333333333333333,107,1.409356725146199,22
9,Merchandise,2023-11-11,1.4,101,1.68,25
9,Merchandise,2023-11-14,1.3541666666666665,114,1.5555555555555556,23
9,Merchandise,2023-11-20,1.8214285714285714,100,2.3511904761904763,16
9,Merchandise,2023-12-12,1.8492063492063493,60,2.0,14
9,Merchandise,2023-12-15,1.0,73,1.0,17
9,Merchandise,2024-01-07,1.4736842105263157,133,1.5555555555555556,27
9,Merchandise,2024-01-23,1.875,116,2.5,19
9,Merchandise,2024-01-27,1.3333333333333333,65,1.6363636363636365,13
9,Merchandise,2024-02-17,2.0,122,2.4166666666666665,21
9,Merchandise,2024-02-29,1.3333333333333333,70,1.595959595959596,14
9,Merchandise,2024-03-14,1.8095238095238095,71,2.0476190476190474,18
9,Merchandise,2024-03-24,1.4,163,1.6296296296296295,31
9,Merchandise,2024-04-04,1.4,167,1.6666666666666667,33
9,Merchandise,2024-04-06,2.1088235294117648,136,2.4166666666666665,23
9,Merchandise,2024-04-26,1.5,177,1.75,35
9,Merchandise,2024-05-04,0.9375,86,0.8181818181818182,23
9,Merchandise,2024-05-05,1.5,180,1.7083333333333335,36
9,Merchandise,2024-05-11,1.4736842105263157,187,1.6481481481481481,38
9,Merchandise,2024-05-15,1.486842105263158,190,1.6666666666666667,39
9,Merchandise,2024-05-21,1.5,191,1.6733333333333333,40
9,Merchandise,2024-05-26,2.1666666666666665,149,2.458333333333333,28
9,Merchandise,2024-05-27,1.4285714285714286,154,1.7936507936507935,32
9,Merchandise,2024-06-01,1.4285714285714286,155,1.8095238095238095,33
9,Merchandise,2024-06-12,1.8095238095238095,85,2.0476190476190474,22
9,Merchandise,2024-06-22,1.0,95,0.8421052631578947,25
9,Merchandise,2024-06-27,1.4,165,1.7288888888888887,36
9,Merchandise,2024-06-28,1.4285714285714286,205,1.4777777777777779,46
9,Merchandise,2024-08-01,1.656862745098039,106,2.0476190476190474,24
9,Merchandise,2024-08-10,1.3875,226,1.4,51
9,Merchandise,2024-08-15,1.625,112,2.0,25
9,Merchandise,2024-08-19,2.0,169,2.2857142857142856,33
9,Merchandise,2024-08-24,1.3333333333333333,184,1.6666666666666667,39
9,Merchandise,2024-08-27,2.0,171,2.330357142857143,34
9,Merchandise,2024-08-30,1.3333333333333333,187,1.5714285714285714,41
9,Merchandise,2024-09-09,1.5714285714285714,119,2.0,27
9,Merchandise,2024-09-11,1.0,108,0.8301435406698565,28
9,Merchandise,2024-09-16,2.0,179,2.2857142857142856,37
9,Merchandise,2024-10-05,1.4285714285714286,197,1.641711229946524,43
9,Merchandise,2024-10-19,1.3333333333333333,201,1.6,45
9,Merchandise,2024-10-28,1.3333333333333333,205,1.6333333333333333,46
9,Merchandise,2024-11-08,1.4476190476190476,106,1.6470588235294117,21
9,Merchandise,2024-11-19,1.25,158,1.25,25
9,Merchandise,2024-11-20,1.0,118,0.8301435406698565,32
9,Merchandise,2024-11-26,1.3636363636363635,207,1.6,47
9,Merchandise,2024-12-10,1.4,259,1.375,57
9,Merchandise,2024-12-21,1.6125,126,2.0,29
9,Merchandise,2024-12-23,1.6125,126,2.0,29
9,Merchandise,2024-12-26,1.0,118,0.8301435406698565,32
9,Merchandise,2024-12-29,1.3636363636363635,207,1.6,47
9,Merchandise,2024-12-30,1.25,158,1.25,25
9,Savory Bakery,2023-01-03,1.0,0,1.0,0
9,Savory Bakery,2023-02-02,1.2652129817444218,10,1.2652129817444218,0
9,Savory Bakery,2023-02-07,1.2652129817444218,14,1.7746478873239437,1
9,Savory Bakery,2023-02-24,1.3870967741935485,7,1.3364055299539173,4
9,Savory Bakery,2023-03-04,1.203448275862069,26,1.7746478873239437,3
9,Savory Bakery,2023-03-11,1.848684210526316,14,2.8923076923076922,3
9,Savory Bakery,2023-03-18,1.3002392344497609,14,1.4528301886792452,1
9,Savory Bakery,2023-04-11,1.3647450110864745,20,1.1134020618556701,3
9,Savory Bakery,2023-04-12,1.3103448275862069,31,1.7037037037037037,5
9,Savory Bakery,2023-04-18,1.3789954337899544,44,1.7826727808712741,6
9,Savory Bakery,2023-05-05,1.2104166666666667,20,1.3548387096774193,5
9,Savory Bakery,2023-05-06,1.358974358974359,41,2.065263157894737,8
9,Savory Bakery,2023-05-12,2.210526315789474,33,2.7831103678929763,6
9,Savory Bakery,2023-05-13,1.4246575342465753,51,1.7746478873239437,9
9,Savory Bakery,2023-06-29,1.2573529411764706,36,1.0886159245448563,8
9,Savory Bakery,2023-07-03,0.8712121212121212,28,0.32608695652173914,1
9,Savory Bakery,2023-08-08,1.375,77,1.6315099901735999,14
9,Savory Bakery,2023-08-11,1.3170731707317074,77,1.8656603773584906,16
9,Savory Bakery,2023-08-13,1.5222816399286987,34,1.8780487804878048,5
9,Savory Bakery,2023-08-22,1.1515151515151516,39,1.3870967741935485,9
9,Savory Bakery,2023-09-13,1.0769230769230769,53,1.1458333333333333,5
9,Savory Bakery,2023-09-21,1.5388994307400379,44,1.8808848553601814,10
9,Savory Bakery,2023-09-26,1.5483870967741935,45,1.8780487804878048,11
9,Savory Bakery,2023-10-10,1.5483870967741935,49,1.805691056910569,12
9,Savory Bakery,2023-10-11,1.0769230769230769,61,1.4324324324324325,7
9,Savory Bakery,2023-10-14,1.1578947368421053,59,1.1134020618556701,13
9,Savory Bakery,2023-10-18,1.0717948717948718,62,1.2891328828828827,8
9,Savory Bakery,2023-10-24,0.7894736842105263,51,0.5643648763853368,8
9,Savory Bakery,2023-10-27,1.3642105263157895,96,1.7607142857142857,24
9,Savory Bakery,2023-11-04,1.380952380952381,107,1.6814415907207954,22
9,Savory Bakery,2023-11-11,1.36,101,1.7714285714285714,25
9,Savory Bakery,2023-11-14,1.3816526610644257,114,1.7746478873239437,23
9,Savory Bakery,2023-11-20,1.8903903903903903,100,2.611150070126227,16
9,Savory Bakery,2023-12-12,1.6052631578947367,60,1.8808848553601814,14
9,Savory Bakery,2023-12-15,1.2413793103448276,73,1.11864406779661,17
9,Savory Bakery,2024-01-07,1.441860465116279,133,1.6857142857142857,27
9,Savory Bakery,2024-01-23,1.9859154929577465,116,2.6470588235294117,19
9,Savory Bakery,2024-01-27,1.4375,65,1.5625,13
9,Savory Bakery,2024-02-17,2.0,122,2.6470588235294117,21
9,Savory Bakery,2024-02-29,1.3753665689149561,70,1.6047794117647058,14
9,Savory Bakery,2024-03-14,1.7333333333333334,71,2.0861111111111112,18
9,Savory Bakery,2024-03-24,1.4411764705882353,163,1.6857142857142857,31
9,Savory Bakery,2024-04-04,1.441860465116279,167,1.6857142857142857,33
9,Savory Bakery,2024-04-06,2.0,136,2.6739130434782608,23
9,Savory Bakery,2024-04-26,1.4848484848484849,177,1.6857142857142857,35
9,Savory Bakery,2024-05-04,0.9090909090909091,86,0.8985507246376812,23
9,Savory Bakery,2024-05-05,1.477118119975263,180,1.6815668202764977,36
9,Savory Bakery,2024-05-11,1.46875,187,1.6704853783539342,38
9,Savory Bakery,2024-05-15,1.4629464285714286,190,1.6635514018691588,39
9,Savory Bakery,2024-05-21,1.46875,191,1.625893347993403,40
9,Savory Bakery,2024-05-26,2.0689655172413794,149,2.6762422360248443,28
9,Savory Bakery,2024-05-27,1.5,154,1.7607142857142857,32
9,Savory Bakery,2024-06-01,1.5,155,1.7714285714285714,33
9,Savory Bakery,2024-06-12,1.7777777777777777,85,2.2186440677966104,22
9,Savory Bakery,2024-06-22,0.9090909090909091,95,0.8985507246376812,25
9,Savory Bakery,2024-06-27,1.4444444444444444,165,1.7453703703703702,36
9,Savory Bakery,2024-06-28,1.441860465116279,205,1.5633484162895928,46
9,Savory Bakery,2024-08-01,1.5536053130929792,106,2.2186440677966104,24
9,Savory Bakery,2024-08-10,1.4027027027027028,226,1.4883720930232558,51
9,Savory Bakery,2024-08-15,1.5222816399286987,112,2.2,25
9,Savory Bakery,2024-08-19,2.0,169,2.6470588235294117,33
9,Savory Bakery,2024-08-24,1.4214235377026077,184,1.7037037037037037,39
9,Savory Bakery,2024-08-27,2.0,171,2.6299810246679316,34
9,Savory Bakery,2024-08-30,1.4,187,1.6756756756756757,41
9,Savory Bakery,2024-09-09,1.5,119,1.9722222222222223,27
9,Savory Bakery,2024-09-11,0.9090909090909091,108,0.8915830546265329,28
9,Savory Bakery,2024-09-16,2.0,179,2.5483870967741935,37
9,Savory Bakery,2024-10-05,1.505813953488372,197,1.6756756756756757,43
9,Savory Bakery,2024-10-19,1.4186046511627908,201,1.7037037037037037,45
9,Savory Bakery,2024-10-28,1.4242424242424243,205,1.7222222222222223,46
9,Savory Bakery,2024-11-08,1.523671096345515,106,1.6470588235294117,21
9,Savory Bakery,2024-11-19,1.1323815704088254,158,1.1458333333333333,25
9,Savory Bakery,2024-11-20,0.9145454545454546,118,0.8867521367521367,32
9,Savory Bakery,2024-11-26,1.4242424242424243,207,1.7037037037037037,47
9,Savory Bakery,2024-12-10,1.4054054054054055,259,1.46875,57
9,Savory Bakery,2024-12-21,1.4861111111111112,126,2.2,29
9,Savory Bakery,2024-12-23,1.4861111111111112,126,2.2,29
9,Savory Bakery,2024-12-26,0.9145454545454546,118,0.8867521367521367,32
9,Savory Bakery,2024-12-29,1.4242424242424243,207,1.7037037037037037,47
9,Savory Bakery,2024-12-30,1.1323815704088254,158,1.1458333333333333,25
9,Tea,2023-01-03,1.0,0,1.0,0
9,Tea,2023-02-02,1.167330016583748,10,1.167330016583748,0
9,Tea,2023-02-07,1.167330016583748,14,1.3071895424836601,1
9,Tea,2023-02-24,1.8571428571428572,7,1.8804912612187057,4
9,Tea,2023-03-04,1.2259158751696067,26,1.3071895424836601,3
9,Tea,2023-03-11,2.0025891829689297,14,3.0,3
9,Tea,2023-03-18,1.1612215909090908,14,1.2777777777777777,1
9,Tea,2023-04-11,1.1752464403066814,20,1.1686746987951808,3
9,Tea,2023-04-12,1.337837837837838,31,1.4492753623188406,5
9,Tea,2023-04-18,1.2983316133470932,44,1.7274461284668523,6
9,Tea,2023-05-05,1.2045454545454546,20,1.6575342465753424,5
9,Tea,2023-05-06,1.4054054054054055,41,1.5874451754385965,8
9,Tea,2023-05-12,2.2882882882882885,33,2.9156626506024095,6
9,Tea,2023-05-13,1.3071895424836601,51,1.6352201257861636,9
9,Tea,2023-06-29,1.1196581196581197,36,1.1015787287079353,8
9,Tea,2023-07-03,0.792022792022792,28,0.3218390804597701,1
9,Tea,2023-08-08,1.3071895424836601,77,1.370662100456621,14
9,Tea,2023-08-11,1.2873563218390804,77,1.6879464285714287,16
9,Tea,2023-08-13,1.536082474226804,34,1.6862745098039216,5
9,Tea,2023-08-22,1.1818181818181819,39,1.6575342465753424,9
9,Tea,2023-09-13,1.15,53,1.0136986301369864,5
9,Tea,2023-09-21,1.561282932416953,44,1.8625547306301162,10
9,Tea,2023-09-26,1.5670103092783505,45,1.7636363636363637,11
9,Tea,2023-10-10,1.6571428571428573,49,1.7621600621600622,12
9,Tea,2023-10-11,1.2105263157894737,61,1.3846153846153846,7
9,Tea,2023-10-14,1.1686746987951808,59,1.1428571428571428,13
9,Tea,2023-10-18,1.1978557504873293,62,1.2136752136752138,8
9,Tea,2023-10-24,0.76,51,0.5708333333333333,8
9,Tea,2023-10-27,1.3125970798384592,96,1.673399014778325,24
9,Tea,2023-11-04,1.3166666666666667,107,1.4316270127373227,22
9,Tea,2023-11-11,1.2873563218390804,101,1.6896551724137931,25
9,Tea,2023-11-14,1.339080459770115,114,1.4385964912280702,23
9,Tea,2023-11-20,1.891812865497076,100,2.4434523809523814,16
9,Tea,2023-12-12,1.6666666666666667,60,1.8476301476301478,14
9,Tea,2023-12-15,1.162162162162162,73,1.162162162162162,17
9,Tea,2024-01-07,1.4246575342465753,133,1.4615384615384615,27
9,Tea,2024-01-23,1.9555335968379448,116,2.557377049180328,19
9,Tea,2024-01-27,1.6,65,1.8666666666666667,13
9,Tea,2024-02-17,1.9693877551020407,122,2.557377049180328,21
9,Tea,2024-02-29,1.5322209436133487,70,1.7770833333333333,14
9,Tea,2024-03-14,1.6862745098039216,71,1.9852294415401213,18
9,Tea,2024-03-24,1.4385964912280702,163,1.6140350877192982,31
9,Tea,2024-04-04,1.4390243902439024,167,1.5483870967741935,33
9,Tea,2024-04-06,2.0449242988334575,136,2.557377049180328,23
9,Tea,2024-04-26,1.4696969696969697,177,1.6140350877192982,35
9,Tea,2024-05-04,0.9128787878787878,86,0.9777777777777777,23
9,Tea,2024-05-05,1.4656177156177157,180,1.581211092246746,36
9,Tea,2024-05-11,1.4615384615384615,187,1.5049627791563274,38
9,Tea,2024-05-15,1.4615384615384615,190,1.4615384615384615,39
9,Tea,2024-05-21,1.4615384615384615,191,1.5049627791563274,40
9,Tea,2024-05-26,2.075,149,2.562110984483212,28
9,Tea,2024-05-27,1.4094742063492065,154,1.758251404494382,32
9,Tea,2024-06-01,1.4126984126984128,155,1.797752808988764,33
9,Tea,2024-06-12,1.6842105263157894,85,2.0345689908796705,22
9,Tea,2024-06-22,0.9166666666666666,95,1.019108280254777,25
9,Tea,2024-06-27,1.4,165,1.7042025862068966,36
9,Tea,2024-06-28,1.4545454545454546,205,1.458041958041958,46
9,Tea,2024-08-01,1.561282932416953,106,2.0345689908796705,24
9,Tea,2024-08-10,1.4223907225691348,226,1.4246575342465753,51
9,Tea,2024-08-15,1.5474290780141844,112,2.0303030303030303,25
9,Tea,2024-08-19,2.0,169,2.4464285714285716,33
9,Tea,2024-08-24,1.3227650727650728,184,1.6896551724137931,39
9,Tea,2024-08-27,2.0,171,2.445436507936508,34
9,Tea,2024-08-30,1.2873563218390804,187,1.6571428571428573,41
9,Tea,2024-09-09,1.5051546391752577,119,2.0303030303030303,27
9,Tea,2024-09-11,0.8947044334975369,108,0.9984430290162774,28
9,Tea,2024-09-16,2.0,179,2.4404761904761907,37
9,Tea,2024-10-05,1.5150492264416315,197,1.694813829787234,43
9,Tea,2024-10-19,1.3076923076923077,201,1.6571428571428573,45
9,Tea,2024-10-28,1.337837837837838,205,1.673399014778325,46
9,Tea,2024-11-08,1.5322209436133487,106,1.702127659574468,21
9,Tea,2024-11-19,1.1967754467754468,158,1.0508474576271187,25
9,Tea,2024-11-20,0.9028213166144201,118,0.9984430290162774,32
9,Tea,2024-11-26,1.337837837837838,207,1.6571428571428573,47
9,Tea,2024-12-10,1.4081632653061225,259,1.423728813559322,57
9,Tea,2024-12-21,1.5025773195876289,126,2.0388349514563107,29
9,Tea,2024-12-23,1.5025773195876289,126,2.0388349514563107,29
9,Tea,2024-12-26,0.9028213166144201,118,0.9984430290162774,32
9,Tea,2024-12-29,1.337837837837838,207,1.6571428571428573,47
9,Tea,2024-12-30,1.1967754467754468,158,1.0508474576271187,25
10,Bakery,2023-01-07,1.0,0,1.0,0
10,Bakery,2023-01-09,1.0,0,1.0,0
10,Bakery,2023-01-19,2.7254901960784315,1,2.7254901960784315,1
10,Bakery,2023-01-20,1.9801364023870418,2,1.9801364023870418,2
10,Bakery,2023-01-22,1.8012181616832779,4,1.697674418604651,1
10,Bakery,2023-02-15,1.697674418604651,9,1.3703425856464115,2
10,Bakery,2023-02-27,1.962962962962963,11,2.0531914893617023,2
10,Bakery,2023-03-01,1.163265306122449,21,1.9,2
10,Bakery,2023-03-10,1.1630280018984338,30,1.3544087769199513,4
10,Bakery,2023-03-23,1.183673469387755,17,1.669626168224299,2
10,Bakery,2023-04-04,1.348148148148148,9,2.3797468354430378,1
10,Bakery,2023-04-28,1.1425837320574161,24,1.1875,5
10,Bakery,2023-04-29,1.259782608695652,46,1.439252336448598,7
10,Bakery,2023-05-07,1.2711462450592885,48,1.4591219665436268,8
10,Bakery,2023-05-14,1.3888888888888888,45,1.6395197923426346,10
10,Bakery,2023-06-02,1.6808510638297873,23,2.3797468354430378,3
10,Bakery,2023-06-10,2.0,48,2.7872340425531914,7
10,Bakery,2023-08-04,1.2727272727272727,73,1.3967095015576323,12
10,Bakery,2023-08-05,1.2727272727272727,75,1.439252336448598,13
10,Bakery,2023-08-14,1.1887351778656128,38,1.5472972972972974,8
10,Bakery,2023-08-18,0.7923850574712643,38,0.48148148148148145,4
10,Bakery,2023-08-20,1.6313883299798793,36,1.9323899371069182,6
10,Bakery,2023-08-22,1.3137254901960784,82,1.439252336448598,15
10,Bakery,2023-09-03,1.3214285714285714,81,1.6216216216216217,19
10,Bakery,2023-09-04,1.3333333333333333,87,1.394736842105263,17
10,Bakery,2023-09-06,1.6689969604863224,40,1.8103448275862069,7
10,Bakery,2023-09-11,1.3414634146341464,91,1.439252336448598,19
10,Bakery,2023-09-21,1.3245073891625616,88,1.6216216216216217,21
10,Bakery,2023-10-02,0.7767857142857142,44,0.5206228956228955,6
10,Bakery,2023-10-09,0.7916666666666666,45,0.5227272727272727,7
10,Bakery,2023-11-01,1.2310276679841898,54,1.564102564102564,11
10,Bakery,2023-11-05,1.11864406779661,63,1.1625711717111178,16
10,Bakery,2023-11-20,1.3513513513513513,105,1.626865671641791,27
10,Bakery,2023-12-01,1.945945945945946,105,2.425,17
10,Bakery,2023-12-09,1.389676113360324,120,1.4772727272727273,25
10,Bakery,2023-12-18,0.8947368421052632,63,0.5853658536585366,13
10,Bakery,2023-12-19,1.394736842105263,123,1.4781321619556915,26
10,Bakery,2023-12-20,1.2291666666666667,81,1.2546296296296298,10
10,Bakery,2024-01-09,1.4330357142857144,134,1.507788481246157,28
10,Bakery,2024-01-15,1.438376168224299,138,1.4789915966386555,29
10,Bakery,2024-02-12,0.9116541353383458,72,0.6333333333333333,17
10,Bakery,2024-02-13,1.7061994609164421,68,2.125,17
10,Bakery,2024-03-14,1.1578947368421053,87,1.1625711717111178,22
10,Bakery,2024-03-28,1.3999446060102478,76,1.5,15
10,Bakery,2024-03-29,1.3975903614457832,165,1.5389348847616917,32
10,Bakery,2024-04-01,1.716117216117216,74,2.1666666666666665,19
10,Bakery,2024-04-20,0.9285714285714286,83,0.7454545454545455,21
10,Bakery,2024-05-02,1.446360153256705,150,1.626865671641791,31
10,Bakery,2024-05-05,2.088235294117647,143,2.5714285714285716,25
10,Bakery,2024-05-09,1.4615384615384615,185,1.5365853658536586,37
10,Bakery,2024-05-29,1.4529364440868866,194,1.5365853658536586,41
10,Bakery,2024-06-04,1.1702127659574468,99,1.1549295774647887,23
10,Bakery,2024-06-12,1.1780436312456017,120,1.310741341991342,16
10,Bakery,2024-06-17,2.0784313725490198,155,2.5714285714285716,31
10,Bakery,2024-06-26,1.4242117117117117,164,1.626865671641791,35
10,Bakery,2024-07-05,1.40994623655914,170,1.6216216216216217,37
10,Bakery,2024-07-18,1.0,99,0.7477272727272728,26
10,Bakery,2024-08-03,1.394736842105263,223,1.4781321619556915,50
10,Bakery,2024-08-17,1.1066856330014225,142,1.25,21
10,Bakery,2024-09-15,1.6153846153846154,121,2.175170068027211,28
10,Bakery,2024-09-18,1.0,109,0.7454545454545455,29
10,Bakery,2024-09-26,1.3846153846153846,242,1.4513274336283186,55
10,Bakery,2024-10-08,1.1081081081081081,153,1.25,23
10,Bakery,2024-10-16,1.1128775834658189,156,1.2546296296296298,24
10,Bakery,2024-10-28,0.9555555555555556,115,0.743097643097643,30
10,Bakery,2024-11-06,1.1515151515151516,127,1.1515151515151516,27
10,Bakery,2024-11-21,1.437799043062201,106,1.564102564102564,21
10,Bakery,2024-12-01,1.393939393939394,207,1.6216216216216217,47
10,Bakery,2024-12-28,1.437799043062201,106,1.564102564102564,21
10,Chocolate & Milk,2023-01-07,1.0,0,1.0,0
10,Chocolate & Milk,2023-01-09,1.0,0,1.0,0
10,Chocolate & Milk,2023-01-19,2.1875,1,2.1875,1
10,Chocolate & Milk,2023-01-20,1.6543560606060606,2,1.6543560606060606,2
10,Chocolate & Milk,2023-01-22,1.9322916666666665,4,1.7083333333333333,1
10,Chocolate & Milk,2023-02-15,1.2622950819672132,9,1.4853142076502732,2
10,Chocolate & Milk,2023-02-27,2.380952380952381,11,1.9791666666666667,2
10,Chocolate & Milk,2023-03-01,1.1176470588235294,21,1.803921568627451,2
10,Chocolate & Milk,2023-03-10,1.158675799086758,30,1.4603174603174602,4
10,Chocolate & Milk,2023-03-23,1.3,17,1.6956115779645191,2
10,Chocolate & Milk,2023-04-04,1.6842105263157894,9,1.6862745098039216,1
10,Chocolate & Milk,2023-04-28,1.0529556650246306,24,0.9428571428571428,5
10,Chocolate & Milk,2023-04-29,1.1978557504873293,46,1.5873015873015872,7
10,Chocolate & Milk,2023-05-07,1.2574370709382152,48,1.7936507936507935,8
10,Chocolate & Milk,2023-05-14,1.3225806451612903,45,1.7083333333333333,10
10,Chocolate & Milk,2023-06-02,1.68,23,1.6862745098039216,3
10,Chocolate & Milk,2023-06-10,1.9589603283173735,48,2.5238095238095237,7
10,Chocolate & Milk,2023-08-04,1.2608695652173914,73,1.543103448275862,12
10,Chocolate & Milk,2023-08-05,1.2608695652173914,75,1.5555555555555556,13
10,Chocolate & Milk,2023-08-14,1.4772727272727273,38,1.7272727272727273,8
10,Chocolate & Milk,2023-08-18,0.8605769230769231,38,0.3494208494208494,4
10,Chocolate & Milk,2023-08-20,1.666923076923077,36,1.8931372549019607,6
10,Chocolate & Milk,2023-08-22,1.2774936061381075,82,1.52,15
10,Chocolate & Milk,2023-09-03,1.25,81,1.7083333333333333,19
10,Chocolate & Milk,2023-09-04,1.2941176470588236,87,1.52,17
10,Chocolate & Milk,2023-09-06,1.666923076923077,40,1.7,7
10,Chocolate & Milk,2023-09-11,1.3043478260869565,91,1.5555555555555556,19
10,Chocolate & Milk,2023-09-21,1.267511177347243,88,1.7083333333333333,21
10,Chocolate & Milk,2023-10-02,0.8461538461538461,44,0.3494208494208494,6
10,Chocolate & Milk,2023-10-09,0.8461538461538461,45,0.42857142857142855,7
10,Chocolate & Milk,2023-11-01,1.556547619047619,54,1.7272727272727273,11
10,Chocolate & Milk,2023-11-05,1.0714285714285714,63,1.0172413793103448,16
10,Chocolate & Milk,2023-11-20,1.3125,105,1.7083333333333333,27
10,Chocolate & Milk,2023-12-01,1.8888888888888888,105,2.297872340425532,17
10,Chocolate & Milk,2023-12-09,1.3923076923076922,120,1.565217391304348,25
10,Chocolate & Milk,2023-12-18,0.9,63,0.5925925925925926,13
10,Chocolate & Milk,2023-12-19,1.4047619047619047,123,1.575712143928036,26
10,Chocolate & Milk,2023-12-20,1.263157894736842,81,1.3476190476190477,10
10,Chocolate & Milk,2024-01-09,1.458041958041958,134,1.575712143928036,28
10,Chocolate & Milk,2024-01-15,1.4666666666666666,138,1.5862068965517242,29
10,Chocolate & Milk,2024-02-12,0.9727088948787062,72,0.875,17
10,Chocolate & Milk,2024-02-13,1.7756892230576442,68,2.1,17
10,Chocolate & Milk,2024-03-14,1.1612903225806452,87,1.1521739130434783,22
10,Chocolate & Milk,2024-03-28,1.5714285714285714,76,1.6896551724137931,15
10,Chocolate & Milk,2024-03-29,1.4166666666666667,165,1.575712143928036,32
10,Chocolate & Milk,2024-04-01,1.7947368421052632,74,2.4615384615384617,19
10,Chocolate & Milk,2024-04-20,0.9811320754716981,83,0.9056603773584906,21
10,Chocolate & Milk,2024-05-02,1.3791257805530777,150,1.7083333333333333,31
10,Chocolate & Milk,2024-05-05,2.0,143,2.4242424242424243,25
10,Chocolate & Milk,2024-05-09,1.4615384615384615,185,1.565217391304348,37
10,Chocolate & Milk,2024-05-29,1.458041958041958,194,1.565217391304348,41
10,Chocolate & Milk,2024-06-04,1.2,99,1.1304347826086956,23
10,Chocolate & Milk,2024-06-12,1.2342857142857144,120,1.2061224489795919,16
10,Chocolate & Milk,2024-06-17,2.0,155,2.4242424242424243,31
10,Chocolate & Milk,2024-06-26,1.3416666666666668,164,1.7083333333333333,35
10,Chocolate & Milk,2024-07-05,1.3279569892473118,170,1.6818181818181819,37
10,Chocolate & Milk,2024-07-18,0.9642857142857143,99,0.9222179437812861,26
10,Chocolate & Milk,2024-08-03,1.3846153846153846,223,1.4891304347826086,50
10,Chocolate & Milk,2024-08-17,1.1590909090909092,142,1.0384615384615385,21
10,Chocolate & Milk,2024-09-15,1.6170212765957446,121,2.2423076923076923,28
10,Chocolate & Milk,2024-09-18,0.9642857142857143,109,0.9056603773584906,29
10,Chocolate & Milk,2024-09-26,1.3779761904761905,242,1.4366197183098592,55
10,Chocolate & Milk,2024-10-08,1.1666666666666667,153,1.0384615384615385,23
10,Chocolate & Milk,2024-10-16,1.1666666666666667,156,1.0442307692307693,24
10,Chocolate & Milk,2024-10-28,0.9473684210526315,115,0.8951378809869376,30
10,Chocolate & Milk,2024-11-06,1.1612903225806452,127,1.1304347826086956,27
10,Chocolate & Milk,2024-11-21,1.5700280112044818,106,1.6896551724137931,21
10,Chocolate & Milk,2024-12-01,1.2727272727272727,207,1.6818181818181819,47
10,Chocolate & Milk,2024-12-28,1.5700280112044818,106,1.6896551724137931,21
10,Coffee,2023-01-07,1.0,0,1.0,0
10,Coffee,2023-01-09,1.0,0,1.0,0
10,Coffee,2023-01-19,2.0620842572062084,1,2.0620842572062084,1
10,Coffee,2023-01-20,1.671840354767184,2,1.671840354767184,2
10,Coffee,2023-01-22,1.6251096269311205,4,1.530054644808743,1
10,Coffee,2023-02-15,1.530054644808743,9,1.4668077378346385,2
10,Coffee,2023-02-27,1.752,11,2.036723163841808,2
10,Coffee,2023-03-01,1.1343283582089552,21,1.7134670487106016,2
10,Coffee,2023-03-10,1.2290673025967145,30,1.2026029997930556,4
10,Coffee,2023-03-23,1.0446927374301676,17,1.7959740306844147,2
10,Coffee,2023-04-04,1.4183976261127595,9,2.302857142857143,1
10,Coffee,2023-04-28,1.112877841745611,24,1.0429906542056075,5
10,Coffee,2023-04-29,1.2911475409836066,46,1.835820895522388,7
10,Coffee,2023-05-07,1.3285393258426965,48,1.8409873708381173,8
10,Coffee,2023-05-14,1.4137931034482758,45,1.6217868039664378,10
10,Coffee,2023-06-02,1.5225806451612902,23,2.302197802197802,3
10,Coffee,2023-06-10,1.99843171534348,48,2.319672131147541,7
10,Coffee,2023-08-04,1.2911392405063291,73,1.533477463312369,12
10,Coffee,2023-08-05,1.32,75,1.6509695290858726,13
10,Coffee,2023-08-14,1.2930288102701897,38,1.4905494277872715,8
10,Coffee,2023-08-18,0.8034507042253521,38,0.5383070744516527,4
10,Coffee,2023-08-20,1.511290322580645,36,2.194964916767672,6
10,Coffee,2023-08-22,1.2822883702531644,82,1.379454926624738,15
10,Coffee,2023-09-03,1.372168284789644,81,1.6576086956521738,19
10,Coffee,2023-09-04,1.2734375,87,1.2514285714285713,17
10,Coffee,2023-09-06,1.5511208310552214,40,2.12807881773399,7
10,Coffee,2023-09-11,1.2734375,91,1.379454926624738,19
10,Coffee,2023-09-21,1.3667564113023851,88,1.6576086956521738,21
10,Coffee,2023-10-02,0.8034507042253521,44,0.6107692307692307,6
10,Coffee,2023-10-09,0.8169014084507042,45,0.683076923076923,7
10,Coffee,2023-11-01,1.3574358974358973,54,1.4715447154471544,11
10,Coffee,2023-11-05,1.132867132867133,63,1.136898456416465,16
10,Coffee,2023-11-20,1.375,105,1.6576086956521738,27
10,Coffee,2023-12-01,1.7687074829931972,105,2.2804878048780486,17
10,Coffee,2023-12-09,1.3311899282523352,120,1.5779816513761469,25
10,Coffee,2023-12-18,0.9186046511627907,63,0.8088642659279779,13
10,Coffee,2023-12-19,1.3370786516853932,123,1.6144755902310097,26
10,Coffee,2023-12-20,1.2461538461538462,81,1.4793929098667313,10
10,Coffee,2024-01-09,1.366170451167364,134,1.6692347645429364,28
10,Coffee,2024-01-15,1.3832758504091434,138,1.6875,29
10,Coffee,2024-02-12,0.9443438914027149,72,0.8735632183908046,17
10,Coffee,2024-02-13,1.7072501966118987,68,2.1149425287356323,17
10,Coffee,2024-03-14,1.1440677966101696,87,1.136898456416465,22
10,Coffee,2024-03-28,1.4555175806535134,76,1.5421686746987953,15
10,Coffee,2024-03-29,1.3708609271523178,165,1.7162774725274725,32
10,Coffee,2024-04-01,1.7136539052627984,74,2.12807881773399,19
10,Coffee,2024-04-20,0.9384615384615385,83,0.8735632183908046,21
10,Coffee,2024-05-02,1.4058162898697288,150,1.660759493670886,31
10,Coffee,2024-05-05,1.9625,143,2.319672131147541,25
10,Coffee,2024-05-09,1.401197604790419,185,1.6875,37
10,Coffee,2024-05-29,1.4005988023952094,194,1.6875,41
10,Coffee,2024-06-04,1.1548556430446195,99,1.140625,23
10,Coffee,2024-06-12,1.270288206295032,120,1.3829298873586926,16
10,Coffee,2024-06-17,1.9655172413793103,155,2.2896551724137932,31
10,Coffee,2024-06-26,1.3865176640230714,164,1.660759493670886,35
10,Coffee,2024-07-05,1.3732636295743093,170,1.6576086956521738,37
10,Coffee,2024-07-18,0.9345794392523364,99,0.921856236061074,26
10,Coffee,2024-08-03,1.3695090439276485,223,1.5373010345246234,50
10,Coffee,2024-08-17,1.178833107191316,142,1.2853185595567866,21
10,Coffee,2024-09-15,1.5225806451612902,121,2.1215106732348112,28
10,Coffee,2024-09-18,0.9345794392523364,109,0.8735632183908046,29
10,Coffee,2024-09-26,1.3514372381915354,242,1.5299334811529934,55
10,Coffee,2024-10-08,1.1416666666666666,153,1.2853185595567866,23
10,Coffee,2024-10-16,1.152651515151515,156,1.2888131259322395,24
10,Coffee,2024-10-28,0.9192546583850931,115,0.8432564293392872,30
10,Coffee,2024-11-06,1.141025641025641,127,1.1331719128329298,27
10,Coffee,2024-11-21,1.4754983851208374,106,1.654320987654321,21
10,Coffee,2024-12-01,1.361344537815126,207,1.6576086956521738,47
10,Coffee,2024-12-28,1.4754983851208374,106,1.654320987654321,21
10,Juice & Smoothie,2023-01-07,1.0,0,1.0,0
10,Juice & Smoothie,2023-01-09,1.0,0,1.0,0
10,Juice & Smoothie,2023-01-19,1.8,1,1.8,1
10,Juice & Smoothie,2023-01-20,1.2958333333333334,2,1.2958333333333334,2
10,Juice & Smoothie,2023-01-22,1.7476190476190476,4,2.066666666666667,1
10,Juice & Smoothie,2023-02-15,1.7333333333333334,9,2.1133333333333333,2
10,Juice & Smoothie,2023-02-27,1.7692307692307692,11,1.8461538461538463,2
10,Juice & Smoothie,2023-03-01,1.0833333333333335,21,2.5,2
10,Juice & Smoothie,2023-03-10,1.25625,30,1.4242424242424243,4
10,Juice & Smoothie,2023-03-23,1.0,17,2.3088235294117645,2
10,Juice & Smoothie,2023-04-04,1.4107142857142858,9,2.2758620689655173,1
10,Juice & Smoothie,2023-04-28,1.2916666666666665,24,1.368421052631579,5
10,Juice & Smoothie,2023-04-29,1.3835227272727273,46,1.6818181818181819,7
10,Juice & Smoothie,2023-05-07,1.4772727272727273,48,1.7471590909090908,8
10,Juice & Smoothie,2023-05-14,1.5,45,2.033333333333333,10
10,Juice & Smoothie,2023-06-02,1.8095238095238095,23,2.2857142857142856,3
10,Juice & Smoothie,2023-06-10,2.133928571428571,48,2.8,7
10,Juice & Smoothie,2023-08-04,1.5,73,1.604066985645933,12
10,Juice & Smoothie,2023-08-05,1.5,75,1.6818181818181819,13
10,Juice & Smoothie,2023-08-14,1.0787878787878786,38,1.6894736842105265,8
10,Juice & Smoothie,2023-08-18,0.7840909090909092,38,0.6674208144796381,4
10,Juice & Smoothie,2023-08-20,1.6694677871148458,36,2.2807881773399012,6
10,Juice & Smoothie,2023-08-22,1.5,82,1.5263157894736843,15
10,Juice & Smoothie,2023-09-03,1.393939393939394,81,1.9473684210526316,19
10,Juice & Smoothie,2023-09-04,1.5,87,1.5263157894736843,17
10,Juice & Smoothie,2023-09-06,1.5147058823529411,40,2.2758620689655173,7
10,Juice & Smoothie,2023-09-11,1.5,91,1.6153846153846154,19
10,Juice & Smoothie,2023-09-21,1.4,88,1.8695652173913044,21
10,Juice & Smoothie,2023-10-02,0.7840909090909092,44,0.6564986737400531,6
10,Juice & Smoothie,2023-10-09,0.8181818181818182,45,0.6923076923076923,7
10,Juice & Smoothie,2023-11-01,1.1425925925925926,54,1.5789473684210527,11
10,Juice & Smoothie,2023-11-05,1.1428571428571428,63,1.110671936758893,16
10,Juice & Smoothie,2023-11-20,1.4285714285714286,105,2.0,27
10,Juice & Smoothie,2023-12-01,1.9090909090909092,105,2.588235294117647,17
10,Juice & Smoothie,2023-12-09,1.5603864734299517,120,1.6153846153846154,25
10,Juice & Smoothie,2023-12-18,1.0,63,0.7142857142857143,13
10,Juice & Smoothie,2023-12-19,1.565217391304348,123,1.6201923076923077,26
10,Juice & Smoothie,2023-12-20,1.2666666666666666,81,1.5,10
10,Juice & Smoothie,2024-01-09,1.5683229813664596,134,1.6201923076923077,28
10,Juice & Smoothie,2024-01-15,1.5714285714285714,138,1.625,29
10,Juice & Smoothie,2024-02-12,1.0,72,0.7142857142857143,17
10,Juice & Smoothie,2024-02-13,1.8247619047619048,68,2.2857142857142856,17
10,Juice & Smoothie,2024-03-14,1.2,87,1.110671936758893,22
10,Juice & Smoothie,2024-03-28,1.5505050505050506,76,1.7142857142857142,15
10,Juice & Smoothie,2024-03-29,1.5714285714285714,165,1.6201923076923077,32
10,Juice & Smoothie,2024-04-01,1.8247619047619048,74,2.3076923076923075,19
10,Juice & Smoothie,2024-04-20,1.0,83,0.7142857142857143,21
10,Juice & Smoothie,2024-05-02,1.4248120300751879,150,2.0,31
10,Juice & Smoothie,2024-05-05,2.142857142857143,143,2.588235294117647,25
10,Juice & Smoothie,2024-05-09,1.5714285714285714,185,1.625,37
10,Juice & Smoothie,2024-05-29,1.5714285714285714,194,1.6153846153846154,41
10,Juice & Smoothie,2024-06-04,1.2,99,1.0909090909090908,23
10,Juice & Smoothie,2024-06-12,1.2857142857142858,120,1.4307692307692306,16
10,Juice & Smoothie,2024-06-17,2.142857142857143,155,2.5714285714285716,31
10,Juice & Smoothie,2024-06-26,1.4073170731707316,164,2.0,35
10,Juice & Smoothie,2024-07-05,1.4073170731707316,170,1.9473684210526316,37
10,Juice & Smoothie,2024-07-18,1.0,99,0.7321428571428572,26
10,Juice & Smoothie,2024-08-03,1.5,223,1.5634920634920635,50
10,Juice & Smoothie,2024-08-17,1.2086956521739132,142,1.2666666666666666,21
10,Juice & Smoothie,2024-09-15,1.5625,121,2.2017608217168014,28
10,Juice & Smoothie,2024-09-18,0.9230769230769231,109,0.75,29
10,Juice & Smoothie,2024-09-26,1.4928571428571429,242,1.5263157894736843,55
10,Juice & Smoothie,2024-10-08,1.2222222222222223,153,1.2666666666666666,23
10,Juice & Smoothie,2024-10-16,1.2264957264957266,156,1.2895833333333333,24
10,Juice & Smoothie,2024-10-28,0.9230769230769231,115,0.775,30
10,Juice & Smoothie,2024-11-06,1.1666666666666667,127,1.0714285714285714,27
10,Juice & Smoothie,2024-11-21,1.6189516129032258,106,1.8,21
10,Juice & Smoothie,2024-12-01,1.4,207,1.9473684210526316,47
10,Juice & Smoothie,2024-12-28,1.6189516129032258,106,1.8,21
10,Merchandise,2023-01-07,1.0,0,1.0,0
10,Merchandise,2023-01-09,1.0,0,1.0,0
10,Merchandise,2023-01-19,2.1818181818181817,1,2.1818181818181817,1
10,Merchandise,2023-01-20,1.6509090909090909,2,1.6509090909090909,2
10,Merchandise,2023-01-22,1.75,4,2.0,1
10,Merchandise,2023-02-15,1.3333333333333333,9,1.5833333333333335,2
10,Merchandise,2023-02-27,1.8,11,2.0,2
10,Merchandise,2023-03-01,1.2666666666666666,21,1.3333333333333333,2
10,Merchandise,2023-03-10,1.0,30,1.131578947368421,4
10,Merchandise,2023-03-23,1.3333333333333333,17,1.7166666666666668,2
10,Merchandise,2023-04-04,1.6666666666666667,9,2.5,1
10,Merchandise,2023-04-28,0.9074074074074074,24,1.25,5
10,Merchandise,2023-04-29,1.2315789473684209,46,1.263157894736842,7
10,Merchandise,2023-05-07,1.2982456140350878,48,1.4649122807017543,8
10,Merchandise,2023-05-14,1.4444444444444444,45,1.4857142857142858,10
10,Merchandise,2023-06-02,2.0,23,2.4,3
10,Merchandise,2023-06-10,1.8375,48,2.4166666666666665,7
10,Merchandise,2023-08-04,1.3333333333333333,73,1.4649122807017543,12
10,Merchandise,2023-08-05,1.3333333333333333,75,1.5555555555555556,13
10,Merchandise,2023-08-14,1.2,38,1.7556818181818183,8
10,Merchandise,2023-08-18,0.75,38,0.6013986013986015,4
10,Merchandise,2023-08-20,1.8492063492063493,36,2.197619047619048,6
10,Merchandise,2023-08-22,1.3333333333333333,82,1.263157894736842,15
10,Merchandise,2023-09-03,1.3333333333333333,81,1.52,19
10,Merchandise,2023-09-04,1.3333333333333333,87,1.2222222222222223,17
10,Merchandise,2023-09-06,1.8492063492063493,40,2.0952380952380953,7
10,Merchandise,2023-09-11,1.3333333333333333,91,1.263157894736842,19
10,Merchandise,2023-09-21,1.3333333333333333,88,1.5714285714285714,21
10,Merchandise,2023-10-02,0.7638888888888888,44,0.5811965811965812,6
10,Merchandise,2023-10-09,0.7777777777777778,45,0.7777777777777778,7
10,Merchandise,2023-11-01,1.3166666666666667,54,1.7777777777777777,11
10,Merchandise,2023-11-05,1.0,63,1.0,16
10,Merchandise,2023-11-20,1.4,105,1.68,27
10,Merchandise,2023-12-01,1.8333333333333333,105,2.4166666666666665,17
10,Merchandise,2023-12-09,1.3541666666666665,120,1.263157894736842,25
10,Merchandise,2023-12-18,0.8333333333333334,63,0.7777777777777778,13
10,Merchandise,2023-12-19,1.4,123,1.409356725146199,26
10,Merchandise,2023-12-20,1.4166666666666667,81,1.375,10
10,Merchandise,2024-01-09,1.4511278195488722,134,1.409356725146199,28
10,Merchandise,2024-01-15,1.486842105263158,138,1.5555555555555556,29
10,Merchandise,2024-02-12,0.8585526315789473,72,0.7777777777777778,17
10,Merchandise,2024-02-13,1.8492063492063493,68,2.0,17
10,Merchandise,2024-03-14,1.0,87,1.0,22
10,Merchandise,2024-03-28,1.3541666666666665,76,1.6363636363636365,15
10,Merchandise,2024-03-29,1.4,165,1.6481481481481481,32
10,Merchandise,2024-04-01,1.7797619047619047,74,2.0952380952380953,19
10,Merchandise,2024-04-20,0.875,83,0.8181818181818182,21
10,Merchandise,2024-05-02,1.4285714285714286,150,1.8095238095238095,31
10,Merchandise,2024-05-05,2.2,143,2.5,25
10,Merchandise,2024-05-09,1.5,185,1.6666666666666667,37
10,Merchandise,2024-05-29,1.486842105263158,194,1.6666666666666667,41
10,Merchandise,2024-06-04,1.1,99,1.0,23
10,Merchandise,2024-06-12,1.343137254901961,120,1.2916666666666665,16
10,Merchandise,2024-06-17,2.1176470588235294,155,2.4166666666666665,31
10,Merchandise,2024-06-26,1.4,164,1.7777777777777777,35
10,Merchandise,2024-07-05,1.3484848484848484,170,1.68,37
10,Merchandise,2024-07-18,1.0,99,0.8441295546558705,26
10,Merchandise,2024-08-03,1.4,223,1.4,50
10,Merchandise,2024-08-17,1.25,142,1.1538461538461537,21
10,Merchandise,2024-09-15,1.5714285714285714,121,2.0,28
10,Merchandise,2024-09-18,1.0,109,0.8181818181818182,29
10,Merchandise,2024-09-26,1.375,242,1.375,55
10,Merchandise,2024-10-08,1.25,153,1.1538461538461537,23
10,Merchandise,2024-10-16,1.25,156,1.2019230769230769,24
10,Merchandise,2024-10-28,1.0,115,0.8301435406698565,30
10,Merchandise,2024-11-06,1.0,127,1.0,27
10,Merchandise,2024-11-21,1.4476190476190476,106,1.6470588235294117,21
10,Merchandise,2024-12-01,1.3636363636363635,207,1.6,47
10,Merchandise,2024-12-28,1.4476190476190476,106,1.6470588235294117,21
10,Savory Bakery,2023-01-07,1.0,0,1.0,0
10,Savory Bakery,2023-01-09,1.0,0,1.0,0
10,Savory Bakery,2023-01-19,1.934065934065934,1,1.934065934065934,1
10,Savory Bakery,2023-01-20,1.6024496336996337,2,1.6024496336996337,2
10,Savory Bakery,2023-01-22,1.7725,4,1.92,1
10,Savory Bakery,2023-02-15,1.625,9,1.8118518518518518,2
10,Savory Bakery,2023-02-27,1.9473684210526316,11,2.1052631578947367,2
10,Savory Bakery,2023-03-01,1.206896551724138,21,1.4324324324324325,2
10,Savory Bakery,2023-03-10,1.203448275862069,30,1.6315099901735999,4
10,Savory Bakery,2023-03-23,1.0140845070422535,17,2.0654225654225655,2
10,Savory Bakery,2023-04-04,1.3571428571428572,9,2.4776119402985075,1
10,Savory Bakery,2023-04-28,1.3647450110864745,24,1.1134020618556701,5
10,Savory Bakery,2023-04-29,1.4123287671232876,46,1.7746478873239437,7
10,Savory Bakery,2023-05-07,1.4329170024174052,48,1.7826727808712741,8
10,Savory Bakery,2023-05-14,1.358974358974359,45,1.989126213592233,10
10,Savory Bakery,2023-06-02,1.5789473684210527,23,2.4285714285714284,3
10,Savory Bakery,2023-06-10,1.9859154929577465,48,2.8923076923076922,7
10,Savory Bakery,2023-08-04,1.375,73,1.6315099901735999,12
10,Savory Bakery,2023-08-05,1.375,75,1.7746478873239437,13
10,Savory Bakery,2023-08-14,1.2111742424242424,38,1.5423855963990998,8
10,Savory Bakery,2023-08-18,0.7860411899313502,38,0.4238805970149254,4
10,Savory Bakery,2023-08-20,1.5222816399286987,36,1.8808848553601814,6
10,Savory Bakery,2023-08-22,1.368659420289855,82,1.4883720930232558,15
10,Savory Bakery,2023-09-03,1.3243243243243243,81,1.8113207547169812,19
10,Savory Bakery,2023-09-04,1.3513513513513513,87,1.4,17
10,Savory Bakery,2023-09-06,1.5222816399286987,40,1.8780487804878048,7
10,Savory Bakery,2023-09-11,1.3513513513513513,91,1.4883720930232558,19
10,Savory Bakery,2023-09-21,1.3416493416493416,88,1.8113207547169812,21
10,Savory Bakery,2023-10-02,0.7860411899313502,44,0.498390400936494,6
10,Savory Bakery,2023-10-09,0.7894736842105263,45,0.5490196078431373,7
10,Savory Bakery,2023-11-01,1.3440860215053763,54,1.3870967741935485,11
10,Savory Bakery,2023-11-05,1.2307692307692308,63,1.1160230648261402,16
10,Savory Bakery,2023-11-20,1.36,105,1.7714285714285714,27
10,Savory Bakery,2023-12-01,1.9047619047619047,105,2.5483870967741935,17
10,Savory Bakery,2023-12-09,1.393069306930693,120,1.7746478873239437,25
10,Savory Bakery,2023-12-18,0.8387096774193549,63,0.8387096774193549,13
10,Savory Bakery,2023-12-19,1.411764705882353,123,1.7190996445965512,26
10,Savory Bakery,2023-12-20,1.1458333333333333,81,1.2891328828828827,10
10,Savory Bakery,2024-01-09,1.4415184678522572,134,1.6746328437917222,28
10,Savory Bakery,2024-01-15,1.4482029598308668,138,1.6857142857142857,29
10,Savory Bakery,2024-02-12,0.906158357771261,72,0.8985507246376812,17
10,Savory Bakery,2024-02-13,1.7323383084577113,68,1.9722222222222223,17
10,Savory Bakery,2024-03-14,1.2647058823529411,87,1.2456896551724137,22
10,Savory Bakery,2024-03-28,1.4924242424242424,76,1.639344262295082,15
10,Savory Bakery,2024-03-29,1.4411764705882353,165,1.6746328437917222,32
10,Savory Bakery,2024-04-01,1.7323383084577113,74,2.2,19
10,Savory Bakery,2024-04-20,0.9090909090909091,83,0.8985507246376812,21
10,Savory Bakery,2024-05-02,1.4969879518072289,150,1.7714285714285714,31
10,Savory Bakery,2024-05-05,2.0232558139534884,143,2.6785714285714284,25
10,Savory Bakery,2024-05-09,1.469387755102041,185,1.6774193548387097,37
10,Savory Bakery,2024-05-29,1.4629464285714286,194,1.6216216216216217,41
10,Savory Bakery,2024-06-04,1.25,99,1.2413793103448276,23
10,Savory Bakery,2024-06-12,1.2444005270092227,120,1.2591765873015874,16
10,Savory Bakery,2024-06-17,2.0232558139534884,155,2.6739130434782608,31
10,Savory Bakery,2024-06-26,1.4472727272727273,164,1.75,35
10,Savory Bakery,2024-07-05,1.4285714285714286,170,1.7407407407407407,37
10,Savory Bakery,2024-07-18,0.9032258064516129,99,0.8915830546265329,26
10,Savory Bakery,2024-08-03,1.4054054054054055,223,1.508891928864569,50
10,Savory Bakery,2024-08-17,1.1498397435897436,142,1.0769230769230769,21
10,Savory Bakery,2024-09-15,1.5,121,2.0861111111111112,28
10,Savory Bakery,2024-09-18,0.9090909090909091,109,0.8888888888888888,29
10,Savory Bakery,2024-09-26,1.396969696969697,242,1.46875,55
10,Savory Bakery,2024-10-08,1.1304347826086956,153,1.0769230769230769,23
10,Savory Bakery,2024-10-16,1.1323815704088254,156,1.111378205128205,24
10,Savory Bakery,2024-10-28,0.9090909090909091,115,0.8867521367521367,30
10,Savory Bakery,2024-11-06,1.2328767123287672,127,1.2413793103448276,27
10,Savory Bakery,2024-11-21,1.523671096345515,106,1.6470588235294117,21
10,Savory Bakery,2024-12-01,1.4242424242424243,207,1.7037037037037037,47
10,Savory Bakery,2024-12-28,1.523671096345515,106,1.6470588235294117,21
10,Tea,2023-01-07,1.0,0,1.0,0
10,Tea,2023-01-09,1.0,0,1.0,0
10,Tea,2023-01-19,2.9361702127659575,1,2.9361702127659575,1
10,Tea,2023-01-20,2.116360968451944,2,2.116360968451944,2
10,Tea,2023-01-22,1.9149307285956345,4,1.8425196850393701,1
10,Tea,2023-02-15,1.8425196850393701,9,1.6239625452223878,2
10,Tea,2023-02-27,2.050632911392405,11,2.156862745098039,2
10,Tea,2023-03-01,1.1791044776119404,21,1.7647058823529411,2
10,Tea,2023-03-10,1.2259158751696067,30,1.471204834134912,4
10,Tea,2023-03-23,1.2452830188679245,17,1.9258312020460358,2
10,Tea,2023-04-04,1.4461538461538461,9,1.6862745098039216,1
10,Tea,2023-04-28,1.1752464403066814,24,1.1686746987951808,5
10,Tea,2023-04-29,1.3103111891522778,46,1.6352201257861636,7
10,Tea,2023-05-07,1.3103111891522778,48,1.7274461284668523,8
10,Tea,2023-05-14,1.4054054054054055,45,1.758251404494382,10
10,Tea,2023-06-02,1.6666666666666667,23,1.6862745098039216,3
10,Tea,2023-06-10,2.0628164556962023,48,3.0,7
10,Tea,2023-08-04,1.3134328358208955,73,1.5299388300163694,12
10,Tea,2023-08-05,1.3134328358208955,75,1.4246575342465753,13
10,Tea,2023-08-14,1.165909090909091,38,1.8804912612187057,8
10,Tea,2023-08-18,0.7543103448275862,38,0.48571428571428577,4
10,Tea,2023-08-20,1.536082474226804,36,1.905637254901961,6
10,Tea,2023-08-22,1.3103111891522778,82,1.4246575342465753,15
10,Tea,2023-09-03,1.2873563218390804,81,1.6896551724137931,19
10,Tea,2023-09-04,1.3134328358208955,87,1.3272727272727274,17
10,Tea,2023-09-06,1.561282932416953,40,1.6862745098039216,7
10,Tea,2023-09-11,1.3134328358208955,91,1.4246575342465753,19
10,Tea,2023-09-21,1.2836781609195402,88,1.6896551724137931,21
10,Tea,2023-10-02,0.7543103448275862,44,0.5708333333333333,6
10,Tea,2023-10-09,0.7586206896551724,45,0.6166666666666667,7
10,Tea,2023-11-01,1.3334610472541506,54,1.6842105263157894,11
10,Tea,2023-11-05,1.1686746987951808,63,1.1654184304786714,16
10,Tea,2023-11-20,1.337837837837838,105,1.6896551724137931,27
10,Tea,2023-12-01,1.894736842105263,105,2.4464285714285716,17
10,Tea,2023-12-09,1.3868004522329,120,1.4385964912280702,25
10,Tea,2023-12-18,0.8163265306122449,63,0.6428571428571429,13
10,Tea,2023-12-19,1.4,123,1.450067476383266,26
10,Tea,2023-12-20,1.2777777777777777,81,1.2177314211212518,10
10,Tea,2024-01-09,1.4316270127373227,134,1.5377867746288798,28
10,Tea,2024-01-15,1.4388104407359863,138,1.4615384615384615,29
10,Tea,2024-02-12,0.8879310344827587,72,0.9777777777777777,17
10,Tea,2024-02-13,1.6754385964912282,68,1.9316239316239316,17
10,Tea,2024-03-14,1.1818181818181819,87,1.1654184304786714,22
10,Tea,2024-03-28,1.5727272727272728,76,1.6875,15
10,Tea,2024-03-29,1.4385964912280702,165,1.5377867746288798,32
10,Tea,2024-04-01,1.6852425180598556,74,2.0388349514563107,19
10,Tea,2024-04-20,0.9090909090909091,83,0.9777777777777777,21
10,Tea,2024-05-02,1.4058277027027026,150,1.797752808988764,31
10,Tea,2024-05-05,2.0588235294117645,143,2.580246913580247,25
10,Tea,2024-05-09,1.4615384615384615,185,1.5483870967741935,37
10,Tea,2024-05-29,1.4615384615384615,194,1.5483870967741935,41
10,Tea,2024-06-04,1.1962616822429906,99,1.162162162162162,23
10,Tea,2024-06-12,1.2817460317460316,120,1.2054334554334554,16
10,Tea,2024-06-17,2.054054054054054,155,2.557377049180328,31
10,Tea,2024-06-26,1.3935483870967742,164,1.71875,35
10,Tea,2024-07-05,1.3774762550881954,170,1.6896551724137931,37
10,Tea,2024-07-18,0.896551724137931,99,0.9984430290162774,26
10,Tea,2024-08-03,1.423728813559322,223,1.4316270127373227,50
10,Tea,2024-08-17,1.190883190883191,142,1.0458715596330275,21
10,Tea,2024-09-15,1.5051546391752577,121,2.0345689908796705,28
10,Tea,2024-09-18,0.8928571428571429,109,0.9777777777777777,29
10,Tea,2024-09-26,1.411628802464382,242,1.423728813559322,55
10,Tea,2024-10-08,1.1965811965811965,153,1.0458715596330275,23
10,Tea,2024-10-16,1.1967754467754468,156,1.0483595086300732,24
10,Tea,2024-10-28,0.8928571428571429,115,0.9661616161616162,30
10,Tea,2024-11-06,1.1686746987951808,127,1.1428571428571428,27
10,Tea,2024-11-21,1.5322209436133487,106,1.702127659574468,21
10,Tea,2024-12-01,1.337837837837838,207,1.6571428571428573,47
10,Tea,2024-12-28,1.5322209436133487,106,1.702127659574468,21
11,Bakery,2023-01-06,1.0,0,1.0,0
11,Bakery,2023-01-14,2.5977011494252875,1,2.5977011494252875,0
11,Bakery,2023-01-19,0.5416666666666666,1,0.5416666666666666,0
11,Bakery,2023-01-31,0.9573934837092732,8,1.625,1
11,Bakery,2023-02-12,1.163265306122449,17,0.8196969696969697,2
11,Bakery,2023-02-20,0.896551724137931,8,0.6715517241379311,4
11,Bakery,2023-03-04,1.174074074074074,10,1.174074074074074,5
11,Bakery,2023-03-11,1.1666666666666667,15,1.6282894736842106,2
11,Bakery,2023-04-03,1.2291666666666667,21,1.631578947368421,3
11,Bakery,2023-04-07,1.245018115942029,22,1.6282894736842106,4
11,Bakery,2023-04-11,2.108695652173913,24,2.108695652173913,6
11,Bakery,2023-04-12,1.6851851851851851,11,2.142857142857143,1
11,Bakery,2023-04-14,2.0,25,2.0,7
11,Bakery,2023-05-08,1.7179487179487178,17,2.0047619047619047,2
11,Bakery,2023-05-16,1.1956521739130435,25,0.9130434782608695,3
11,Bakery,2023-05-27,1.6851851851851851,21,1.8666666666666667,3
11,Bakery,2023-07-07,1.1272727272727272,37,0.9666666666666667,6
11,Bakery,2023-07-11,1.2711462450592885,66,1.13986013986014,6
11,Bakery,2023-07-18,1.1780436312456017,40,1.6595394736842106,8
11,Bakery,2023-07-26,0.8439201451905627,34,0.7298850574712643,12
11,Bakery,2023-07-29,1.9595959595959596,63,1.9743589743589745,10
11,Bakery,2023-08-19,0.7916666666666666,39,0.6568627450980392,14
11,Bakery,2023-08-21,1.1666666666666667,50,1.631578947368421,9
11,Bakery,2023-08-26,1.6689969604863224,83,1.5078014184397164,7
11,Bakery,2023-09-08,1.3414634146341464,89,1.2424242424242424,8
11,Bakery,2023-09-21,1.1780436312456017,56,1.625,11
11,Bakery,2023-10-14,0.7916666666666666,47,0.6666666666666666,15
11,Bakery,2023-10-16,1.1887351778656128,48,0.989855072463768,6
11,Bakery,2023-10-21,1.9595959595959596,87,1.9143589743589744,14
11,Bakery,2023-10-22,1.346938775510204,103,1.2424242424242424,12
11,Bakery,2023-11-23,1.367983367983368,106,1.0,11
11,Bakery,2023-12-14,1.394736842105263,121,1.2121212121212122,14
11,Bakery,2024-01-09,1.9836065573770492,113,1.9143589743589744,18
11,Bakery,2024-01-12,1.4166666666666667,121,0.9814814814814814,12
11,Bakery,2024-02-03,1.4208333333333334,126,1.0,14
11,Bakery,2024-03-09,1.206420068027211,100,1.565217391304348,15
11,Bakery,2024-03-28,1.4234234234234233,141,1.0,17
11,Bakery,2024-04-02,1.1578947368421053,91,0.9333333333333333,13
11,Bakery,2024-04-03,1.183673469387755,107,1.547314578005115,16
11,Bakery,2024-04-17,1.4819444444444445,82,1.1385964912280702,8
11,Bakery,2024-05-09,1.4615384615384615,185,1.1428571428571428,25
11,Bakery,2024-06-09,1.4425612052730696,158,1.15,20
11,Bakery,2024-06-10,1.1724137931034482,119,1.547314578005115,18
11,Bakery,2024-06-14,1.0,94,0.7333333333333333,19
11,Bakery,2024-06-19,2.0548406862745097,156,2.0,21
11,Bakery,2024-06-28,1.420045045045045,166,1.15,22
11,Bakery,2024-07-01,1.4166666666666667,169,1.15,23
11,Bakery,2024-07-02,1.7061994609164421,96,1.148936170212766,11
11,Bakery,2024-07-15,1.0,97,0.7490196078431373,20
11,Bakery,2024-07-19,2.028169014084507,163,2.0,23
11,Bakery,2024-07-23,1.3953488372093024,217,1.1471861471861473,28
11,Bakery,2024-08-02,1.1532223644899702,110,0.9333333333333333,19
11,Bakery,2024-08-12,1.393939393939394,181,1.163235294117647,26
11,Bakery,2024-08-14,1.396969696969697,182,1.1764705882352942,27
11,Bakery,2024-08-28,2.0,172,1.9143589743589744,26
11,Bakery,2024-09-07,1.3846153846153846,235,1.1471861471861473,30
11,Bakery,2024-09-14,1.396969696969697,192,1.1764705882352942,29
11,Bakery,2024-09-16,2.0,179,1.9243589743589742,28
11,Bakery,2024-09-18,2.0,182,1.9487179487179487,29
11,Bakery,2024-10-16,1.380952380952381,247,1.1515151515151516,31
11,Bakery,2024-10-18,1.4545454545454546,105,1.2052631578947368,12
11,Bakery,2024-10-22,2.023859649122807,196,1.9243589743589742,30
11,Bakery,2024-10-30,1.380952380952381,257,1.1868686868686869,34
11,Bakery,2024-10-31,2.0274178403755867,198,1.9487179487179487,31
11,Bakery,2024-12-02,1.380952380952381,259,1.1515151515151516,35
11,Bakery,2024-12-05,2.028169014084507,199,1.9743589743589745,32
11,Bakery,2024-12-16,1.1515151515151516,127,0.9403508771929825,24
11,Chocolate & Milk,2023-01-06,1.0,0,1.0,0
11,Chocolate & Milk,2023-01-14,2.380952380952381,1,2.380952380952381,0
11,Chocolate & Milk,2023-01-19,0.7727272727272727,1,0.7727272727272727,0
11,Chocolate & Milk,2023-01-31,1.4131578947368422,8,1.3,1
11,Chocolate & Milk,2023-02-12,1.0454545454545454,17,1.0378787878787878,2
11,Chocolate & Milk,2023-02-20,0.8348416289592759,8,0.8348416289592759,4
11,Chocolate & Milk,2023-03-04,1.3036437246963564,10,1.3036437246963564,5
11,Chocolate & Milk,2023-03-11,1.2272727272727273,15,1.4166666666666667,2
11,Chocolate & Milk,2023-04-03,1.3,21,1.3,3
11,Chocolate & Milk,2023-04-07,1.3095744680851062,22,1.3772727272727274,4
11,Chocolate & Milk,2023-04-11,2.2660465116279074,24,2.2905263157894735,6
11,Chocolate & Milk,2023-04-12,1.6862745098039216,11,1.7894736842105263,1
11,Chocolate & Milk,2023-04-14,2.372093023255814,25,2.4210526315789473,7
11,Chocolate & Milk,2023-05-08,1.6842105263157894,17,1.7347368421052631,2
11,Chocolate & Milk,2023-05-16,1.5416666666666667,25,2.5,3
11,Chocolate & Milk,2023-05-27,1.6842105263157894,21,1.68,3
11,Chocolate & Milk,2023-07-07,1.0,37,0.7142857142857143,6
11,Chocolate & Milk,2023-07-11,1.318840579710145,66,1.1388888888888888,6
11,Chocolate & Milk,2023-07-18,1.2342857142857144,40,1.3772727272727274,8
11,Chocolate & Milk,2023-07-26,0.8605769230769231,34,0.8605769230769231,12
11,Chocolate & Milk,2023-07-29,1.8888888888888888,63,2.16,10
11,Chocolate & Milk,2023-08-19,0.8461538461538461,39,0.8605769230769231,14
11,Chocolate & Milk,2023-08-21,1.2272727272727273,50,1.3,9
11,Chocolate & Milk,2023-08-26,1.6821052631578945,83,1.6548148148148147,7
11,Chocolate & Milk,2023-09-08,1.3043478260869565,89,1.1388888888888888,8
11,Chocolate & Milk,2023-09-21,1.227922077922078,56,1.3,11
11,Chocolate & Milk,2023-10-14,0.8461538461538461,47,0.875,15
11,Chocolate & Milk,2023-10-16,1.5355392156862746,48,1.6666666666666665,6
11,Chocolate & Milk,2023-10-21,1.8888888888888888,87,1.8221153846153846,14
11,Chocolate & Milk,2023-10-22,1.3170731707317074,103,1.0555555555555556,12
11,Chocolate & Milk,2023-11-23,1.317540322580645,106,1.0,11
11,Chocolate & Milk,2023-12-14,1.4,121,1.1388888888888888,14
11,Chocolate & Milk,2024-01-09,1.9166666666666667,113,1.8221153846153846,18
11,Chocolate & Milk,2024-01-12,1.35,121,0.9444444444444444,12
11,Chocolate & Milk,2024-02-03,1.356818181818182,126,1.0,14
11,Chocolate & Milk,2024-03-09,1.2679425837320575,100,1.3,15
11,Chocolate & Milk,2024-03-28,1.3333333333333333,141,1.0,17
11,Chocolate & Milk,2024-04-02,1.173913043478261,91,1.0,13
11,Chocolate & Milk,2024-04-03,1.24,107,1.2055555555555557,16
11,Chocolate & Milk,2024-04-17,1.5900621118012421,82,1.2777777777777777,8
11,Chocolate & Milk,2024-05-09,1.4615384615384615,185,1.2857142857142858,25
11,Chocolate & Milk,2024-06-09,1.3660287081339713,158,1.1071428571428572,20
11,Chocolate & Milk,2024-06-10,1.2285714285714286,119,1.2055555555555557,18
11,Chocolate & Milk,2024-06-14,1.0,94,0.8461538461538461,19
11,Chocolate & Milk,2024-06-19,1.9883720930232558,156,1.875,21
11,Chocolate & Milk,2024-06-28,1.3416666666666668,166,1.1071428571428572,22
11,Chocolate & Milk,2024-07-01,1.3333333333333333,169,1.2142857142857142,23
11,Chocolate & Milk,2024-07-02,1.6931372549019608,96,1.4444444444444444,11
11,Chocolate & Milk,2024-07-15,0.9811320754716981,97,0.8348416289592759,20
11,Chocolate & Milk,2024-07-19,1.9487179487179487,163,1.875,23
11,Chocolate & Milk,2024-07-23,1.3846153846153846,217,1.3095238095238095,28
11,Chocolate & Milk,2024-08-02,1.1520737327188941,110,1.1,19
11,Chocolate & Milk,2024-08-12,1.2727272727272727,181,1.1626984126984126,26
11,Chocolate & Milk,2024-08-14,1.2926136363636362,182,1.2142857142857142,27
11,Chocolate & Milk,2024-08-28,1.9473319473319473,172,1.8422619047619047,26
11,Chocolate & Milk,2024-09-07,1.3846153846153846,235,1.3095238095238095,30
11,Chocolate & Milk,2024-09-14,1.2727272727272727,192,1.1111111111111112,29
11,Chocolate & Milk,2024-09-16,1.9767441860465116,179,1.7893772893772892,28
11,Chocolate & Milk,2024-09-18,1.9473319473319473,182,1.7692307692307692,29
11,Chocolate & Milk,2024-10-16,1.36,247,1.2857142857142858,31
11,Chocolate & Milk,2024-10-18,1.5686274509803921,105,1.1736111111111112,12
11,Chocolate & Milk,2024-10-22,1.9627310673822302,196,1.7893772893772892,30
11,Chocolate & Milk,2024-10-30,1.36,257,1.253968253968254,34
11,Chocolate & Milk,2024-10-31,1.9883720930232558,198,1.8095238095238095,31
11,Chocolate & Milk,2024-12-02,1.36,259,1.2222222222222223,35
11,Chocolate & Milk,2024-12-05,1.9767441860465116,199,1.8422619047619047,32
11,Chocolate & Milk,2024-12-16,1.1612903225806452,127,1.05,24
11,Coffee,2023-01-06,1.0,0,1.0,0
11,Coffee,2023-01-14,2.2222222222222223,1,2.2222222222222223,0
11,Coffee,2023-01-19,0.7283950617283951,1,0.7283950617283951,0
11,Coffee,2023-01-31,1.1552895752895753,8,2.027027027027027,1
11,Coffee,2023-02-12,1.1206896551724137,17,0.793780193236715,2
11,Coffee,2023-02-20,0.6795384399551067,8,0.5792229828564741,4
11,Coffee,2023-03-04,1.5632559098405716,10,1.5632559098405716,5
11,Coffee,2023-03-11,1.0446927374301676,15,1.738003309431881,2
11,Coffee,2023-04-03,1.1111111111111112,21,1.4489795918367347,3
11,Coffee,2023-04-07,1.1373737373737374,22,1.4455424274973148,4
11,Coffee,2023-04-11,2.12037284809562,24,1.766346153846154,6
11,Coffee,2023-04-12,1.5225806451612902,11,1.2758620689655173,1
11,Coffee,2023-04-14,2.135135135135135,25,1.9326923076923077,7
11,Coffee,2023-05-08,1.8691588785046729,17,1.7031484257871066,2
11,Coffee,2023-05-16,1.4105960264900663,25,1.5037593984962405,3
11,Coffee,2023-05-27,1.7062937062937062,21,1.2758620689655173,3
11,Coffee,2023-07-07,1.1218130311614731,37,1.278985507246377,6
11,Coffee,2023-07-11,1.3395070677781806,66,1.1029411764705883,6
11,Coffee,2023-07-18,1.1104336043360434,40,1.4455424274973148,8
11,Coffee,2023-07-26,0.8181729264475743,34,0.5845679012345679,12
11,Coffee,2023-07-29,1.7207207207207207,63,1.8039529914529915,10
11,Coffee,2023-08-19,0.79,39,0.5845679012345679,14
11,Coffee,2023-08-21,1.1030824372759858,50,1.4421052631578948,9
11,Coffee,2023-08-26,1.5511208310552214,83,1.2588101553618796,7
11,Coffee,2023-09-08,1.2911392405063291,89,1.2321546596166555,8
11,Coffee,2023-09-21,1.1104336043360434,56,1.4421052631578948,11
11,Coffee,2023-10-14,0.8169014084507042,47,0.5888888888888889,15
11,Coffee,2023-10-16,1.3160173160173159,48,1.3160173160173159,6
11,Coffee,2023-10-21,1.7207207207207207,87,1.7601874827681279,14
11,Coffee,2023-10-22,1.2875,103,1.130718954248366,12
11,Coffee,2023-11-23,1.379280821917808,106,1.1538461538461537,11
11,Coffee,2023-12-14,1.3370786516853932,121,1.2321546596166555,14
11,Coffee,2024-01-09,1.8508771929824561,113,1.8006294256490953,18
11,Coffee,2024-01-12,1.403560830860534,121,1.1421404682274248,12
11,Coffee,2024-02-03,1.3965172575355302,126,1.157169990503324,14
11,Coffee,2024-03-09,1.2695707070707072,100,1.4142857142857144,15
11,Coffee,2024-03-28,1.3835616438356164,141,1.1538461538461537,17
11,Coffee,2024-04-02,1.1454545454545455,91,1.037037037037037,13
11,Coffee,2024-04-03,1.2777777777777777,107,1.4281954887218045,16
11,Coffee,2024-04-17,1.486520899192132,82,1.3059771553747457,8
11,Coffee,2024-05-09,1.401197604790419,185,1.2584269662921348,25
11,Coffee,2024-06-09,1.4058162898697288,158,1.157169990503324,20
11,Coffee,2024-06-10,1.2627986348122866,119,1.4281954887218045,18
11,Coffee,2024-06-14,0.9601877490376174,94,0.5903614457831325,19
11,Coffee,2024-06-19,1.964008620689655,156,1.8451612903225807,21
11,Coffee,2024-06-28,1.379280821917808,166,1.157169990503324,22
11,Coffee,2024-07-01,1.3743589743589744,169,1.1538461538461537,23
11,Coffee,2024-07-02,1.7072501966118987,96,1.2210526315789474,11
11,Coffee,2024-07-15,0.9384615384615385,97,0.6069454287739192,20
11,Coffee,2024-07-19,1.9326923076923077,163,1.7560975609756098,23
11,Coffee,2024-07-23,1.3708609271523178,217,1.2403245942571786,28
11,Coffee,2024-08-02,1.1408253205128205,110,1.0,19
11,Coffee,2024-08-12,1.361344537815126,181,1.1512474012474012,26
11,Coffee,2024-08-14,1.3663865546218488,182,1.1538461538461537,27
11,Coffee,2024-08-28,1.9107279693486592,172,1.7156556180946425,26
11,Coffee,2024-09-07,1.3587786259541985,235,1.2611579275905118,30
11,Coffee,2024-09-14,1.3554131054131053,192,1.1538461538461537,29
11,Coffee,2024-09-16,1.910344827586207,179,1.6376068376068376,28
11,Coffee,2024-09-18,1.9102285935683843,182,1.6752136752136753,29
11,Coffee,2024-10-16,1.3419354838709678,247,1.2584269662921348,31
11,Coffee,2024-10-18,1.4715447154471544,105,1.3059771553747457,12
11,Coffee,2024-10-22,1.9113566605279313,196,1.6376068376068376,30
11,Coffee,2024-10-30,1.3419354838709678,257,1.2403245942571786,34
11,Coffee,2024-10-31,1.92008681925809,198,1.6752136752136753,31
11,Coffee,2024-12-02,1.3419354838709678,259,1.2584269662921348,35
11,Coffee,2024-12-05,1.9285714285714286,199,1.7156556180946425,32
11,Coffee,2024-12-16,1.141025641025641,127,0.9855072463768115,24
11,Juice & Smoothie,2023-01-06,1.0,0,1.0,0
11,Juice & Smoothie,2023-01-14,3.0,1,3.0,0
11,Juice & Smoothie,2023-01-19,0.26666666666666666,1,0.26666666666666666,0
11,Juice & Smoothie,2023-01-31,0.9444444444444444,8,1.0,1
11,Juice & Smoothie,2023-02-12,1.0256410256410255,17,1.1607142857142856,2
11,Juice & Smoothie,2023-02-20,0.6402714932126696,8,0.4607843137254902,4
11,Juice & Smoothie,2023-03-04,1.3482142857142858,10,1.3482142857142858,5
11,Juice & Smoothie,2023-03-11,1.1666666666666667,15,0.9666666666666667,2
11,Juice & Smoothie,2023-04-03,1.1764705882352942,21,0.9333333333333333,3
11,Juice & Smoothie,2023-04-07,1.1993464052287583,22,0.9666666666666667,4
11,Juice & Smoothie,2023-04-11,2.121212121212121,24,1.25,6
11,Juice & Smoothie,2023-04-12,1.5294117647058822,11,0.5,1
11,Juice & Smoothie,2023-04-14,2.0,25,1.2857142857142858,7
11,Juice & Smoothie,2023-05-08,1.9130434782608696,17,1.25,2
11,Juice & Smoothie,2023-05-16,1.0909090909090908,25,1.2727272727272727,3
11,Juice & Smoothie,2023-05-27,1.8095238095238095,21,1.3846153846153846,3
11,Juice & Smoothie,2023-07-07,1.1538461538461537,37,1.675,6
11,Juice & Smoothie,2023-07-11,1.5488721804511278,66,1.512987012987013,6
11,Juice & Smoothie,2023-07-18,1.2198067632850242,40,1.3333333333333335,8
11,Juice & Smoothie,2023-07-26,0.8706293706293706,34,0.9090909090909092,12
11,Juice & Smoothie,2023-07-29,2.0,63,1.3928571428571428,10
11,Juice & Smoothie,2023-08-19,0.75,39,0.9090909090909092,14
11,Juice & Smoothie,2023-08-21,1.1764705882352942,50,1.75,9
11,Juice & Smoothie,2023-08-26,1.5147058823529411,83,1.4545454545454546,7
11,Juice & Smoothie,2023-09-08,1.5,89,1.512987012987013,8
11,Juice & Smoothie,2023-09-21,1.1969309462915603,56,1.0,11
11,Juice & Smoothie,2023-10-14,0.8571428571428571,47,1.0,15
11,Juice & Smoothie,2023-10-16,1.0787878787878786,48,0.8782051282051282,6
11,Juice & Smoothie,2023-10-21,1.9090909090909092,87,1.5,14
11,Juice & Smoothie,2023-10-22,1.5,103,1.155844155844156,12
11,Juice & Smoothie,2023-11-23,1.4365079365079365,106,1.2,11
11,Juice & Smoothie,2023-12-14,1.565217391304348,121,0.8901098901098901,14
11,Juice & Smoothie,2024-01-09,2.0,113,1.5833333333333335,18
11,Juice & Smoothie,2024-01-12,1.4482758620689655,121,1.1,12
11,Juice & Smoothie,2024-02-03,1.446360153256705,126,1.1,14
11,Juice & Smoothie,2024-03-09,1.2696969696969695,100,1.1428571428571428,15
11,Juice & Smoothie,2024-03-28,1.4,141,1.0,17
11,Juice & Smoothie,2024-04-02,1.2,91,1.6,13
11,Juice & Smoothie,2024-04-03,1.2727272727272727,107,1.1714285714285713,16
11,Juice & Smoothie,2024-04-17,1.5672514619883042,82,0.7738095238095238,8
11,Juice & Smoothie,2024-05-09,1.5714285714285714,185,1.4545454545454546,25
11,Juice & Smoothie,2024-06-09,1.4083333333333332,158,1.0714285714285714,20
11,Juice & Smoothie,2024-06-10,1.2857142857142858,119,1.2666666666666666,18
11,Juice & Smoothie,2024-06-14,1.0,94,1.0,19
11,Juice & Smoothie,2024-06-19,2.142857142857143,156,1.7142857142857142,21
11,Juice & Smoothie,2024-06-28,1.4073170731707316,166,1.1714285714285713,22
11,Juice & Smoothie,2024-07-01,1.4146341463414633,169,1.2,23
11,Juice & Smoothie,2024-07-02,1.7,96,1.0769230769230769,11
11,Juice & Smoothie,2024-07-15,1.0,97,1.0,20
11,Juice & Smoothie,2024-07-19,2.1095890410958904,163,1.7142857142857142,23
11,Juice & Smoothie,2024-07-23,1.5263157894736843,217,1.4772727272727273,28
11,Juice & Smoothie,2024-08-02,1.1483516483516483,110,1.1666666666666667,19
11,Juice & Smoothie,2024-08-12,1.4,181,1.2,26
11,Juice & Smoothie,2024-08-14,1.4073170731707316,182,1.2,27
11,Juice & Smoothie,2024-08-28,2.0860445205479454,172,1.7738095238095237,26
11,Juice & Smoothie,2024-09-07,1.5,235,1.3701298701298703,30
11,Juice & Smoothie,2024-09-14,1.4,192,1.2,29
11,Juice & Smoothie,2024-09-16,2.111111111111111,179,1.7738095238095237,28
11,Juice & Smoothie,2024-09-18,2.0860445205479454,182,1.7142857142857142,29
11,Juice & Smoothie,2024-10-16,1.4736842105263157,247,1.2857142857142858,31
11,Juice & Smoothie,2024-10-18,1.6129032258064515,105,0.9615384615384616,12
11,Juice & Smoothie,2024-10-22,2.133928571428571,196,1.6904761904761905,30
11,Juice & Smoothie,2024-10-30,1.4857142857142858,257,1.4772727272727273,34
11,Juice & Smoothie,2024-10-31,2.133928571428571,198,1.7142857142857142,31
11,Juice & Smoothie,2024-12-02,1.4736842105263157,259,1.4545454545454546,35
11,Juice & Smoothie,2024-12-05,2.125,199,1.6904761904761905,32
11,Juice & Smoothie,2024-12-16,1.1666666666666667,127,1.5357142857142856,24
11,Merchandise,2023-01-06,1.0,0,1.0,0
11,Merchandise,2023-01-14,2.933333333333333,1,2.933333333333333,0
11,Merchandise,2023-01-19,0.4444444444444444,1,0.4444444444444444,0
11,Merchandise,2023-01-31,1.0416666666666665,8,2.6666666666666665,1
11,Merchandise,2023-02-12,1.0,17,0.7083333333333333,2
11,Merchandise,2023-02-20,0.8333333333333333,8,0.5833333333333333,4
11,Merchandise,2023-03-04,1.482905982905983,10,1.482905982905983,5
11,Merchandise,2023-03-11,1.3333333333333333,15,2.083333333333333,2
11,Merchandise,2023-04-03,1.3333333333333333,21,2.6666666666666665,3
11,Merchandise,2023-04-07,1.380952380952381,22,2.1666666666666665,4
11,Merchandise,2023-04-11,2.0588235294117645,24,1.6142857142857143,6
11,Merchandise,2023-04-12,1.8888888888888888,11,1.6666666666666667,1
11,Merchandise,2023-04-14,2.0,25,1.5555555555555556,7
11,Merchandise,2023-05-08,1.8888888888888888,17,2.3333333333333335,2
11,Merchandise,2023-05-16,1.2,25,0.75,3
11,Merchandise,2023-05-27,2.0,21,2.6666666666666665,3
11,Merchandise,2023-07-07,0.8571428571428571,37,0.5833333333333333,6
11,Merchandise,2023-07-11,1.3333333333333333,66,0.7596153846153846,6
11,Merchandise,2023-07-18,1.3333333333333333,40,1.6666666666666667,8
11,Merchandise,2023-07-26,0.8090909090909091,34,0.5833333333333333,12
11,Merchandise,2023-07-29,1.8492063492063493,63,1.6777777777777778,10
11,Merchandise,2023-08-19,0.75,39,0.5,14
11,Merchandise,2023-08-21,1.3333333333333333,50,1.6666666666666667,9
11,Merchandise,2023-08-26,1.8492063492063493,83,2.1666666666666665,7
11,Merchandise,2023-09-08,1.3333333333333333,89,0.9846153846153847,8
11,Merchandise,2023-09-21,1.3333333333333333,56,1.6666666666666667,11
11,Merchandise,2023-10-14,0.7777777777777778,47,0.5,15
11,Merchandise,2023-10-16,1.2613636363636362,48,0.875,6
11,Merchandise,2023-10-21,1.8571428571428572,87,1.8,14
11,Merchandise,2023-10-22,1.3333333333333333,103,0.9846153846153847,12
11,Merchandise,2023-11-23,1.4142857142857141,106,1.3333333333333333,11
11,Merchandise,2023-12-14,1.375,121,0.9401709401709402,14
11,Merchandise,2024-01-09,1.875,113,1.7333333333333334,18
11,Merchandise,2024-01-12,1.4285714285714286,121,1.3333333333333333,12
11,Merchandise,2024-02-03,1.4285714285714286,126,1.3333333333333333,14
11,Merchandise,2024-03-09,1.3958333333333335,100,1.6666666666666667,15
11,Merchandise,2024-03-28,1.4285714285714286,141,1.3333333333333333,17
11,Merchandise,2024-04-02,1.0,91,0.6666666666666666,13
11,Merchandise,2024-04-03,1.3529411764705883,107,1.6666666666666667,16
11,Merchandise,2024-04-17,1.4285714285714286,82,0.7083333333333333,8
11,Merchandise,2024-05-09,1.5,185,1.3333333333333333,25
11,Merchandise,2024-06-09,1.4285714285714286,158,1.2916666666666665,20
11,Merchandise,2024-06-10,1.3333333333333333,119,1.6666666666666667,18
11,Merchandise,2024-06-14,1.0,94,0.5,19
11,Merchandise,2024-06-19,2.1088235294117648,156,1.75,21
11,Merchandise,2024-06-28,1.4,166,1.25,22
11,Merchandise,2024-07-01,1.3636363636363635,169,1.25,23
11,Merchandise,2024-07-02,1.6666666666666667,96,1.6666666666666667,11
11,Merchandise,2024-07-15,1.0,97,0.5833333333333333,20
11,Merchandise,2024-07-19,2.0,163,1.6666666666666667,23
11,Merchandise,2024-07-23,1.4,217,1.3333333333333333,28
11,Merchandise,2024-08-02,1.0769230769230769,110,1.2,19
11,Merchandise,2024-08-12,1.3333333333333333,181,1.25,26
11,Merchandise,2024-08-14,1.3333333333333333,182,1.25,27
11,Merchandise,2024-08-28,2.0,172,1.6666666666666667,26
11,Merchandise,2024-09-07,1.375,235,1.3333333333333333,30
11,Merchandise,2024-09-14,1.3333333333333333,192,1.25,29
11,Merchandise,2024-09-16,2.0,179,1.6666666666666667,28
11,Merchandise,2024-09-18,2.0,182,1.6666666666666667,29
11,Merchandise,2024-10-16,1.375,247,1.3333333333333333,31
11,Merchandise,2024-10-18,1.4285714285714286,105,0.875,12
11,Merchandise,2024-10-22,2.0,196,1.6666666666666667,30
11,Merchandise,2024-10-30,1.3846153846153846,257,1.3333333333333333,34
11,Merchandise,2024-10-31,2.0,198,1.6666666666666667,31
11,Merchandise,2024-12-02,1.4,259,1.3333333333333333,35
11,Merchandise,2024-12-05,2.0,199,1.6666666666666667,32
11,Merchandise,2024-12-16,1.0,127,1.0,24
11,Savory Bakery,2023-01-06,1.0,0,1.0,0
11,Savory Bakery,2023-01-14,2.557377049180328,1,2.557377049180328,0
11,Savory Bakery,2023-01-19,0.625,1,0.625,0
11,Savory Bakery,2023-01-31,0.9962121212121212,8,0.75,1
11,Savory Bakery,2023-02-12,1.206896551724138,17,1.018939393939394,2
11,Savory Bakery,2023-02-20,0.8947368421052632,8,0.8095238095238095,4
11,Savory Bakery,2023-03-04,1.3392857142857144,10,1.3392857142857144,5
11,Savory Bakery,2023-03-11,1.05,15,0.9,2
11,Savory Bakery,2023-04-03,1.05,21,0.75,3
11,Savory Bakery,2023-04-07,1.101923076923077,22,0.9,4
11,Savory Bakery,2023-04-11,1.9859154929577465,24,2.105263157894737,6
11,Savory Bakery,2023-04-12,1.5,11,1.3571428571428572,1
11,Savory Bakery,2023-04-14,1.971830985915493,25,2.0,7
11,Savory Bakery,2023-05-08,1.75,17,1.5674603174603174,2
11,Savory Bakery,2023-05-16,1.2857142857142858,25,1.0,3
11,Savory Bakery,2023-05-27,1.7313432835820894,21,1.5151515151515151,3
11,Savory Bakery,2023-07-07,1.25,37,1.396103896103896,6
11,Savory Bakery,2023-07-11,1.380569306930693,66,1.3181818181818183,6
11,Savory Bakery,2023-07-18,1.0921641791044776,40,1.275,8
11,Savory Bakery,2023-07-26,0.8166666666666667,34,0.8166666666666667,12
11,Savory Bakery,2023-07-29,1.8837209302325582,63,2.154054054054054,10
11,Savory Bakery,2023-08-19,0.7894736842105263,39,0.775,14
11,Savory Bakery,2023-08-21,1.1356483993488877,50,1.2413793103448276,9
11,Savory Bakery,2023-08-26,1.5222816399286987,83,1.1818181818181819,7
11,Savory Bakery,2023-09-08,1.3623188405797102,89,1.3181818181818183,8
11,Savory Bakery,2023-09-21,1.105625717566016,56,1.2307692307692308,11
11,Savory Bakery,2023-10-14,0.7894736842105263,47,0.75,15
11,Savory Bakery,2023-10-16,1.2111742424242424,48,1.1666666666666665,6
11,Savory Bakery,2023-10-21,1.75,87,1.8823529411764706,14
11,Savory Bakery,2023-10-22,1.375,103,1.0524475524475525,12
11,Savory Bakery,2023-11-23,1.3642105263157895,106,1.2307692307692308,11
11,Savory Bakery,2023-12-14,1.4,121,1.1575757575757577,14
11,Savory Bakery,2024-01-09,1.971830985915493,113,2.0,18
11,Savory Bakery,2024-01-12,1.4186046511627908,121,1.170940170940171,12
11,Savory Bakery,2024-02-03,1.4264069264069263,126,1.2995951417004048,14
11,Savory Bakery,2024-03-09,1.2444005270092227,100,1.1304347826086956,15
11,Savory Bakery,2024-03-28,1.4242424242424243,141,1.368421052631579,17
11,Savory Bakery,2024-04-02,1.2647058823529411,91,1.2307692307692308,13
11,Savory Bakery,2024-04-03,1.2424242424242424,107,1.180602006688963,16
11,Savory Bakery,2024-04-17,1.505813953488372,82,1.3854166666666665,8
11,Savory Bakery,2024-05-09,1.469387755102041,185,1.411764705882353,25
11,Savory Bakery,2024-06-09,1.4969879518072289,158,1.45,20
11,Savory Bakery,2024-06-10,1.2424242424242424,119,1.3028846153846154,18
11,Savory Bakery,2024-06-14,0.9090909090909091,94,0.8,19
11,Savory Bakery,2024-06-19,2.033605928954766,156,2.0,21
11,Savory Bakery,2024-06-28,1.442222222222222,166,1.3875,22
11,Savory Bakery,2024-07-01,1.4285714285714286,169,1.375,23
11,Savory Bakery,2024-07-02,1.6814611154752552,96,1.0,11
11,Savory Bakery,2024-07-15,0.9090909090909091,97,0.775,20
11,Savory Bakery,2024-07-19,2.0,163,2.0,23
11,Savory Bakery,2024-07-23,1.411764705882353,217,1.2855072463768116,28
11,Savory Bakery,2024-08-02,1.2348594087959626,110,1.0769230769230769,19
11,Savory Bakery,2024-08-12,1.4242424242424243,181,1.3717105263157894,26
11,Savory Bakery,2024-08-14,1.4264069264069263,182,1.375,27
11,Savory Bakery,2024-08-28,2.0,172,1.973684210526316,26
11,Savory Bakery,2024-09-07,1.393939393939394,235,1.3580562659846547,30
11,Savory Bakery,2024-09-14,1.4093023255813955,192,1.368421052631579,29
11,Savory Bakery,2024-09-16,2.0,179,1.973684210526316,28
11,Savory Bakery,2024-09-18,2.0,182,2.0,29
11,Savory Bakery,2024-10-16,1.4,247,1.411764705882353,31
11,Savory Bakery,2024-10-18,1.5116279069767442,105,1.3854166666666665,12
11,Savory Bakery,2024-10-22,2.0,196,1.973684210526316,30
11,Savory Bakery,2024-10-30,1.4054054054054055,257,1.3580562659846547,34
11,Savory Bakery,2024-10-31,2.0,198,1.9473684210526316,31
11,Savory Bakery,2024-12-02,1.4054054054054055,259,1.3043478260869565,35
11,Savory Bakery,2024-12-05,2.0,199,1.9403508771929825,32
11,Savory Bakery,2024-12-16,1.2328767123287672,127,1.1009615384615383,24
11,Tea,2023-01-06,1.0,0,1.0,0
11,Tea,2023-01-14,2.050632911392405,1,2.050632911392405,0
11,Tea,2023-01-19,0.6304347826086957,1,0.6304347826086957,0
11,Tea,2023-01-31,1.098809523809524,8,1.15,1
11,Tea,2023-02-12,1.1555555555555554,17,0.81,2
11,Tea,2023-02-20,0.7596153846153846,8,0.6299019607843137,4
11,Tea,2023-03-04,1.5065820777160983,10,1.5065820777160983,5
11,Tea,2023-03-11,1.15,15,1.197641509433962,2
11,Tea,2023-04-03,1.2452830188679245,21,1.2452830188679245,3
11,Tea,2023-04-07,1.27541928721174,22,1.327186963979417,4
11,Tea,2023-04-11,2.1083333333333334,24,2.018939393939394,6
11,Tea,2023-04-12,1.5670103092783505,11,0.4583333333333333,1
11,Tea,2023-04-14,2.0833333333333335,25,1.9545454545454546,7
11,Tea,2023-05-08,1.6862745098039216,17,1.6609848484848486,2
11,Tea,2023-05-16,1.296551724137931,25,1.2272727272727273,3
11,Tea,2023-05-27,1.6862745098039216,21,1.446808510638298,3
11,Tea,2023-07-07,1.1111111111111112,37,1.1196581196581197,6
11,Tea,2023-07-11,1.3868004522329,66,1.2540045766590389,6
11,Tea,2023-07-18,1.1675925925925925,40,1.4245454545454546,8
11,Tea,2023-07-26,0.7593103448275862,34,0.6609848484848485,12
11,Tea,2023-07-29,1.9545454545454546,63,1.9934017595307918,10
11,Tea,2023-08-19,0.75,39,0.6609848484848485,14
11,Tea,2023-08-21,1.134415064102564,50,1.4090909090909092,9
11,Tea,2023-08-26,1.536082474226804,83,1.4210526315789473,7
11,Tea,2023-09-08,1.3166666666666667,89,1.4883040935672516,8
11,Tea,2023-09-21,1.1675925925925925,56,1.4090909090909092,11
11,Tea,2023-10-14,0.7586206896551724,47,0.625,15
11,Tea,2023-10-16,1.2045454545454546,48,1.0090744101633393,6
11,Tea,2023-10-21,1.9210526315789473,87,1.8426573426573427,14
11,Tea,2023-10-22,1.3166666666666667,103,1.219298245614035,12
11,Tea,2023-11-23,1.3379330034259613,106,1.2105263157894737,11
11,Tea,2023-12-14,1.396551724137931,121,1.3771929824561404,14
11,Tea,2024-01-09,1.9565217391304348,113,1.8426573426573427,18
11,Tea,2024-01-12,1.3870967741935485,121,1.2052631578947368,12
11,Tea,2024-02-03,1.3935483870967742,126,1.2052631578947368,14
11,Tea,2024-03-09,1.227904667328699,100,1.4090909090909092,15
11,Tea,2024-03-28,1.3818181818181818,141,1.2,17
11,Tea,2024-04-02,1.183673469387755,91,1.1282051282051282,13
11,Tea,2024-04-03,1.2777777777777777,107,1.412878787878788,16
11,Tea,2024-04-17,1.648767123287671,82,0.9549808429118773,8
11,Tea,2024-05-09,1.4615384615384615,185,1.4,25
11,Tea,2024-06-09,1.4058277027027026,158,1.2,20
11,Tea,2024-06-10,1.2777777777777777,119,1.4283333333333332,18
11,Tea,2024-06-14,0.9356060606060606,94,0.696969696969697,19
11,Tea,2024-06-19,2.0523434827232294,156,2.0,21
11,Tea,2024-06-28,1.3935483870967742,166,1.2,22
11,Tea,2024-07-01,1.3818181818181818,169,1.2,23
11,Tea,2024-07-02,1.6433862433862434,96,1.411764705882353,11
11,Tea,2024-07-15,0.9090909090909091,97,0.6609848484848485,20
11,Tea,2024-07-19,2.0392156862745097,163,1.9545454545454546,23
11,Tea,2024-07-23,1.4246575342465753,217,1.4105263157894736,28
11,Tea,2024-08-02,1.1752464403066814,110,1.1111111111111112,19
11,Tea,2024-08-12,1.3380281690140845,181,1.1539473684210526,26
11,Tea,2024-08-14,1.3379330034259613,182,1.1578947368421053,27
11,Tea,2024-08-28,2.0,172,1.7403846153846154,26
11,Tea,2024-09-07,1.4210526315789473,235,1.4724310776942355,30
11,Tea,2024-09-14,1.3227650727650728,192,1.1578947368421053,29
11,Tea,2024-09-16,2.0,179,1.7225274725274726,28
11,Tea,2024-09-18,2.0,182,1.7307692307692308,29
11,Tea,2024-10-16,1.4,247,1.4210526315789473,31
11,Tea,2024-10-18,1.518987341772152,105,1.0090744101633393,12
11,Tea,2024-10-22,2.0,196,1.7403846153846154,30
11,Tea,2024-10-30,1.4081632653061225,257,1.4724310776942355,34
11,Tea,2024-10-31,2.0,198,1.75,31
11,Tea,2024-12-02,1.4081632653061225,259,1.4210526315789473,35
11,Tea,2024-12-05,2.0,199,1.8097826086956523,32
11,Tea,2024-12-16,1.1686746987951808,127,1.0598141695702672,24
12,Bakery,2023-01-24,1.697674418604651,5,1.697674418604651,0
12,Bakery,2023-01-25,0.4230072463768116,2,0.30434782608695654,1
12,Bakery,2023-02-07,1.1977942692228405,14,0.8666666666666667,1
12,Bakery,2023-02-17,1.0,7,0.7931034482758621,3
12,Bakery,2023-02-19,1.359375,5,2.0,1
12,Bakery,2023-03-07,1.962962962962963,13,2.108695652173913,2
12,Bakery,2023-03-10,0.9263063063063063,8,0.7491228070175439,2
12,Bakery,2023-03-12,1.962962962962963,15,2.0,3
12,Bakery,2023-03-19,0.7931034482758621,13,0.6715517241379311,6
12,Bakery,2023-03-21,1.3513513513513513,21,1.736842105263158,1
12,Bakery,2023-03-22,1.3513513513513513,23,1.3229665071770336,2
12,Bakery,2023-03-28,1.9918032786885247,18,2.217391304347826,5
12,Bakery,2023-04-17,1.1887351778656128,16,1.24,2
12,Bakery,2023-05-11,1.0333333333333332,20,0.896551724137931,8
12,Bakery,2023-05-14,2.3384615384615386,35,2.108695652173913,8
12,Bakery,2023-05-17,1.3944444444444444,46,1.3434210526315788,4
12,Bakery,2023-05-27,2.1666666666666665,41,2.0,9
12,Bakery,2023-06-21,1.245018115942029,34,1.6875,7
12,Bakery,2023-07-01,1.367983367983368,62,1.15,5
12,Bakery,2023-07-15,1.6313883299798793,30,1.5078014184397164,4
12,Bakery,2023-08-07,1.3448275862068966,75,1.0499999999999998,6
12,Bakery,2023-08-22,1.333128078817734,80,1.0,7
12,Bakery,2023-09-03,1.962962962962963,73,2.0,11
12,Bakery,2023-09-06,1.3214285714285714,85,0.975,8
12,Bakery,2023-09-08,1.3414634146341464,89,1.2424242424242424,8
12,Bakery,2023-09-22,1.3373983739837398,94,1.2424242424242424,10
12,Bakery,2023-09-25,1.9487179487179487,79,1.9743589743589745,12
12,Bakery,2023-10-07,1.6571428571428573,47,1.8666666666666667,7
12,Bakery,2023-10-26,1.9612794612794613,90,1.9487179487179487,15
12,Bakery,2023-11-08,1.3541666666666667,109,1.1515151515151516,13
12,Bakery,2023-11-11,1.0926553672316384,64,0.9666666666666667,10
12,Bakery,2023-11-20,1.6808510638297873,55,1.5078014184397164,8
12,Bakery,2023-12-16,0.8439201451905627,62,0.7222222222222222,17
12,Bakery,2023-12-17,1.389676113360324,122,1.1515151515151516,15
12,Bakery,2023-12-23,1.6981132075471699,63,1.148936170212766,9
12,Bakery,2024-01-17,1.4208333333333334,124,1.0,13
12,Bakery,2024-02-18,2.0210526315789474,123,1.9487179487179487,19
12,Bakery,2024-02-24,1.438376168224299,150,1.1515151515151516,19
12,Bakery,2024-03-07,1.3975903614457832,73,1.0666666666666667,7
12,Bakery,2024-03-19,1.3975903614457832,161,1.1428571428571428,21
12,Bakery,2024-03-30,1.420045045045045,142,1.075,18
12,Bakery,2024-04-05,2.03125,135,1.9743589743589745,20
12,Bakery,2024-04-23,1.1724137931034482,111,1.5294117647058822,17
12,Bakery,2024-04-25,1.4468988954970263,176,1.15,23
12,Bakery,2024-05-07,1.458041958041958,182,1.1471861471861473,24
12,Bakery,2024-05-08,1.1684397163120568,94,1.0,15
12,Bakery,2024-06-16,1.4444444444444444,159,1.15,21
12,Bakery,2024-06-19,1.1622807017543861,104,0.9333333333333333,17
12,Bakery,2024-06-28,1.7061994609164421,94,1.3699226305609284,10
12,Bakery,2024-07-02,1.1549295774647887,107,0.9403508771929825,18
12,Bakery,2024-07-16,1.0,98,0.7333333333333333,21
12,Bakery,2024-07-20,1.12,133,1.547314578005115,20
12,Bakery,2024-07-26,1.393939393939394,177,1.15,25
12,Bakery,2024-08-16,2.0105263157894737,168,1.9743589743589745,24
12,Bakery,2024-08-23,2.0105263157894737,170,1.9487179487179487,25
12,Bakery,2024-09-02,1.1471861471861473,116,0.9,20
12,Bakery,2024-09-11,1.1471861471861473,118,0.9333333333333333,21
12,Bakery,2024-09-12,1.393939393939394,189,1.163235294117647,28
12,Bakery,2024-10-10,1.1128775834658189,154,1.5263157894736843,23
12,Bakery,2024-10-24,1.380952380952381,253,1.1868686868686869,32
12,Bakery,2024-11-02,1.437799043062201,106,1.2105263157894737,13
12,Bakery,2024-11-13,0.9673611111111111,118,0.7647058823529411,25
12,Bakery,2024-11-14,0.9673611111111111,118,0.7647058823529411,25
12,Bakery,2024-11-15,1.380952380952381,259,1.1515151515151516,35
12,Bakery,2024-11-30,1.380952380952381,259,1.1515151515151516,35
12,Bakery,2024-12-09,1.393939393939394,207,1.3125,31
12,Bakery,2024-12-22,1.437799043062201,106,1.2105263157894737,13
12,Chocolate & Milk,2023-01-24,1.7083333333333333,5,1.7083333333333333,0
12,Chocolate & Milk,2023-01-25,0.8094405594405594,2,0.8461538461538461,1
12,Chocolate & Milk,2023-02-07,1.0815508021390374,14,0.9090909090909091,1
12,Chocolate & Milk,2023-02-17,0.8235294117647058,7,0.8235294117647058,3
12,Chocolate & Milk,2023-02-19,1.7272727272727273,5,2.5,1
12,Chocolate & Milk,2023-03-07,2.380952380952381,13,2.708333333333333,2
12,Chocolate & Milk,2023-03-10,0.9347826086956521,8,0.7142857142857143,2
12,Chocolate & Milk,2023-03-12,2.090909090909091,15,2.5,3
12,Chocolate & Milk,2023-03-19,0.8235294117647058,13,0.8348416289592759,6
12,Chocolate & Milk,2023-03-21,1.2622950819672132,21,1.0,1
12,Chocolate & Milk,2023-03-22,1.2622950819672132,23,0.7916666666666667,2
12,Chocolate & Milk,2023-03-28,2.1254545454545455,18,2.4210526315789473,5
12,Chocolate & Milk,2023-04-17,1.4164619164619165,16,1.9166666666666665,2
12,Chocolate & Milk,2023-05-11,0.9743589743589743,20,0.8605769230769231,8
12,Chocolate & Milk,2023-05-14,2.1666666666666665,35,2.2905263157894735,8
12,Chocolate & Milk,2023-05-17,1.343108504398827,46,1.1363636363636362,4
12,Chocolate & Milk,2023-05-27,2.090909090909091,41,2.16,9
12,Chocolate & Milk,2023-06-21,1.27,34,1.4545454545454546,7
12,Chocolate & Milk,2023-07-01,1.343108504398827,62,1.0,5
12,Chocolate & Milk,2023-07-15,1.666923076923077,30,1.6548148148148147,4
12,Chocolate & Milk,2023-08-07,1.2622950819672132,75,1.1071428571428572,6
12,Chocolate & Milk,2023-08-22,1.2561475409836067,80,1.0,7
12,Chocolate & Milk,2023-09-03,1.8888888888888888,73,2.16,11
12,Chocolate & Milk,2023-09-06,1.2622950819672132,85,1.0,8
12,Chocolate & Milk,2023-09-08,1.3043478260869565,89,1.1388888888888888,8
12,Chocolate & Milk,2023-09-22,1.3107104984093318,94,1.1388888888888888,10
12,Chocolate & Milk,2023-09-25,1.875,79,2.0175,12
12,Chocolate & Milk,2023-10-07,1.68,47,1.6296296296296295,7
12,Chocolate & Milk,2023-10-26,1.8944444444444444,90,1.875,15
12,Chocolate & Milk,2023-11-08,1.35,109,1.1111111111111112,13
12,Chocolate & Milk,2023-11-11,1.0857142857142859,64,1.0,10
12,Chocolate & Milk,2023-11-20,1.7,55,1.6548148148148147,8
12,Chocolate & Milk,2023-12-16,0.8875,62,0.8461538461538461,17
12,Chocolate & Milk,2023-12-17,1.4023809523809523,122,1.1666666666666667,15
12,Chocolate & Milk,2023-12-23,1.7894736842105263,63,1.6296296296296295,9
12,Chocolate & Milk,2024-01-17,1.356818181818182,124,1.0,13
12,Chocolate & Milk,2024-02-18,1.9333333333333333,123,1.7692307692307692,19
12,Chocolate & Milk,2024-02-24,1.458041958041958,150,1.3333333333333333,19
12,Chocolate & Milk,2024-03-07,1.5714285714285714,73,1.3333333333333333,7
12,Chocolate & Milk,2024-03-19,1.4444444444444444,161,1.2857142857142858,21
12,Chocolate & Milk,2024-03-30,1.3279569892473118,142,1.0,18
12,Chocolate & Milk,2024-04-05,1.945945945945946,135,1.8221153846153846,20
12,Chocolate & Milk,2024-04-23,1.24,111,1.3,17
12,Chocolate & Milk,2024-04-25,1.4494949494949494,176,1.2857142857142858,23
12,Chocolate & Milk,2024-05-07,1.458041958041958,182,1.3095238095238095,24
12,Chocolate & Milk,2024-05-08,1.1827012025901942,94,1.1,15
12,Chocolate & Milk,2024-06-16,1.368421052631579,159,1.2142857142857142,21
12,Chocolate & Milk,2024-06-19,1.1827012025901942,104,1.1,17
12,Chocolate & Milk,2024-06-28,1.730952380952381,94,1.537037037037037,10
12,Chocolate & Milk,2024-07-02,1.1612903225806452,107,1.1,18
12,Chocolate & Milk,2024-07-16,0.9727088948787062,98,0.8235294117647058,21
12,Chocolate & Milk,2024-07-20,1.2,133,1.275,20
12,Chocolate & Milk,2024-07-26,1.3125,177,1.2142857142857142,25
12,Chocolate & Milk,2024-08-16,1.9435612082670906,168,1.8422619047619047,24
12,Chocolate & Milk,2024-08-23,1.9435612082670906,170,1.8095238095238095,25
12,Chocolate & Milk,2024-09-02,1.1520737327188941,116,1.1,20
12,Chocolate & Milk,2024-09-11,1.1520737327188941,118,1.1,21
12,Chocolate & Milk,2024-09-12,1.2727272727272727,189,1.1626984126984126,28
12,Chocolate & Milk,2024-10-10,1.175170068027211,154,1.3,23
12,Chocolate & Milk,2024-10-24,1.36,253,1.3095238095238095,32
12,Chocolate & Milk,2024-11-02,1.5700280112044818,106,1.2222222222222223,13
12,Chocolate & Milk,2024-11-13,0.9430719656283566,118,0.8461538461538461,25
12,Chocolate & Milk,2024-11-14,0.9430719656283566,118,0.8461538461538461,25
12,Chocolate & Milk,2024-11-15,1.36,259,1.2222222222222223,35
12,Chocolate & Milk,2024-11-30,1.36,259,1.2222222222222223,35
12,Chocolate & Milk,2024-12-09,1.2727272727272727,207,1.1111111111111112,31
12,Chocolate & Milk,2024-12-22,1.5700280112044818,106,1.2222222222222223,13
12,Coffee,2023-01-24,1.530054644808743,5,1.530054644808743,0
12,Coffee,2023-01-25,0.6532970569305483,2,0.5781990521327014,1
12,Coffee,2023-02-07,1.1632860040567952,14,0.6527777777777778,1
12,Coffee,2023-02-17,0.7283950617283951,7,0.5802469135802469,3
12,Coffee,2023-02-19,1.4715447154471544,5,1.5037593984962405,1
12,Coffee,2023-03-07,1.752,13,1.7182258530942742,2
12,Coffee,2023-03-10,0.9815487909536069,8,1.241052874624798,2
12,Coffee,2023-03-12,1.752,15,1.6,3
12,Coffee,2023-03-19,0.79,13,0.5792229828564741,6
12,Coffee,2023-03-21,1.3894736842105264,21,1.6029411764705883,1
12,Coffee,2023-03-22,1.3043478260869565,23,1.366687979539642,2
12,Coffee,2023-03-28,1.9042343526039178,18,1.9326923076923077,5
12,Coffee,2023-04-17,1.2578781159712422,16,1.1038796992481203,2
12,Coffee,2023-05-11,0.9365204888569374,20,0.7174738841405508,8
12,Coffee,2023-05-14,2.135135135135135,35,2.1134049773755654,8
12,Coffee,2023-05-17,1.4201832650108512,46,1.278504104591061,4
12,Coffee,2023-05-27,2.095617529880478,41,1.9326923076923077,9
12,Coffee,2023-06-21,1.1373737373737374,34,1.4489795918367347,7
12,Coffee,2023-07-01,1.3965172575355302,62,1.1604938271604939,5
12,Coffee,2023-07-15,1.511290322580645,30,1.2588101553618796,4
12,Coffee,2023-08-07,1.3743589743589744,75,1.1454643048845947,6
12,Coffee,2023-08-22,1.3732636295743093,80,1.1604938271604939,7
12,Coffee,2023-09-03,1.6752136752136753,73,1.6752136752136753,11
12,Coffee,2023-09-06,1.372168284789644,85,1.1454643048845947,8
12,Coffee,2023-09-08,1.2911392405063291,89,1.2321546596166555,8
12,Coffee,2023-09-22,1.2686631944444444,94,1.2321546596166555,10
12,Coffee,2023-09-25,1.6838235294117647,79,1.6376068376068376,12
12,Coffee,2023-10-07,1.587878787878788,47,1.2758620689655173,7
12,Coffee,2023-10-26,1.720966420966421,90,1.8451612903225807,15
12,Coffee,2023-11-08,1.2911392405063291,109,1.2058823529411764,13
12,Coffee,2023-11-11,1.1273400820143031,64,1.196969696969697,10
12,Coffee,2023-11-20,1.6023054755043227,55,1.2588101553618796,8
12,Coffee,2023-12-16,0.8960839347767977,62,0.5903614457831325,17
12,Coffee,2023-12-17,1.3311899282523352,122,1.2058823529411764,15
12,Coffee,2023-12-23,1.7062937062937062,63,1.2417582417582418,9
12,Coffee,2024-01-17,1.3965172575355302,124,1.1538461538461537,13
12,Coffee,2024-02-18,1.875776397515528,123,1.7560975609756098,19
12,Coffee,2024-02-24,1.387815903020341,150,1.2584269662921348,19
12,Coffee,2024-03-07,1.4394904458598725,73,1.2987012987012987,7
12,Coffee,2024-03-19,1.3695090439276485,161,1.2222222222222223,21
12,Coffee,2024-03-30,1.379280821917808,142,1.1512474012474012,18
12,Coffee,2024-04-05,1.9116022099447514,135,1.8006294256490953,20
12,Coffee,2024-04-23,1.2777777777777777,111,1.4142857142857144,17
12,Coffee,2024-04-25,1.4137254901960783,176,1.2584269662921348,23
12,Coffee,2024-05-07,1.407915875565941,182,1.2611579275905118,24
12,Coffee,2024-05-08,1.1553059253597815,94,1.1666666666666667,15
12,Coffee,2024-06-16,1.4080717488789238,159,1.1604938271604939,21
12,Coffee,2024-06-19,1.1501550942495826,104,1.037037037037037,17
12,Coffee,2024-06-28,1.7072501966118987,94,1.2314054366685947,10
12,Coffee,2024-07-02,1.1440677966101696,107,1.0185185185185186,18
12,Coffee,2024-07-16,0.9365204888569374,98,0.5903614457831325,21
12,Coffee,2024-07-20,1.2386363636363635,133,1.4455424274973148,20
12,Coffee,2024-07-26,1.361344537815126,177,1.1538461538461537,25
12,Coffee,2024-08-16,1.9113566605279313,168,1.8006294256490953,24
12,Coffee,2024-08-23,1.9113566605279313,170,1.7560975609756098,25
12,Coffee,2024-09-02,1.1408253205128205,116,0.9855072463768115,20
12,Coffee,2024-09-11,1.1408253205128205,118,0.9710144927536232,21
12,Coffee,2024-09-12,1.3518518518518519,189,1.1512474012474012,28
12,Coffee,2024-10-10,1.152651515151515,154,1.4142857142857144,23
12,Coffee,2024-10-24,1.3425925925925926,253,1.2611579275905118,32
12,Coffee,2024-11-02,1.4754983851208374,106,1.3132530120481927,13
12,Coffee,2024-11-13,0.9365204888569374,118,0.6235294117647059,25
12,Coffee,2024-11-14,0.9365204888569374,118,0.6235294117647059,25
12,Coffee,2024-11-15,1.3419354838709678,259,1.2584269662921348,35
12,Coffee,2024-11-30,1.3419354838709678,259,1.2584269662921348,35
12,Coffee,2024-12-09,1.361344537815126,207,1.1538461538461537,31
12,Coffee,2024-12-22,1.4754983851208374,106,1.3132530120481927,13
12,Juice & Smoothie,2023-01-24,2.066666666666667,5,2.066666666666667,0
12,Juice & Smoothie,2023-01-25,0.4274509803921569,2,0.5882352941176471,1
12,Juice & Smoothie,2023-02-07,1.0485347985347984,14,0.75,1
12,Juice & Smoothie,2023-02-17,0.6923076923076923,7,0.5882352941176471,3
12,Juice & Smoothie,2023-02-19,1.0,5,0.9230769230769231,1
12,Juice & Smoothie,2023-03-07,1.7692307692307692,13,1.294871794871795,2
12,Juice & Smoothie,2023-03-10,1.3173076923076923,8,1.0,2
12,Juice & Smoothie,2023-03-12,1.6666666666666667,15,0.9230769230769231,3
12,Juice & Smoothie,2023-03-19,0.6666666666666666,13,0.41666666666666663,6
12,Juice & Smoothie,2023-03-21,1.393939393939394,21,2.142857142857143,1
12,Juice & Smoothie,2023-03-22,1.393939393939394,23,1.5714285714285714,2
12,Juice & Smoothie,2023-03-28,1.717948717948718,18,1.0,5
12,Juice & Smoothie,2023-04-17,1.0645833333333332,16,1.097902097902098,2
12,Juice & Smoothie,2023-05-11,0.6899038461538461,20,0.5441176470588236,8
12,Juice & Smoothie,2023-05-14,2.25,35,1.3928571428571428,8
12,Juice & Smoothie,2023-05-17,1.5357142857142856,46,1.1,4
12,Juice & Smoothie,2023-05-27,2.242424242424242,41,1.5,9
12,Juice & Smoothie,2023-06-21,1.2198067632850242,34,1.6666666666666667,7
12,Juice & Smoothie,2023-07-01,1.5,62,1.2,5
12,Juice & Smoothie,2023-07-15,1.6694677871148458,30,1.2307692307692308,4
12,Juice & Smoothie,2023-08-07,1.4,75,1.2999999999999998,6
12,Juice & Smoothie,2023-08-22,1.396969696969697,80,1.2,7
12,Juice & Smoothie,2023-09-03,2.0,73,1.5,11
12,Juice & Smoothie,2023-09-06,1.4,85,1.1,8
12,Juice & Smoothie,2023-09-08,1.5,89,1.512987012987013,8
12,Juice & Smoothie,2023-09-22,1.513157894736842,94,1.512987012987013,10
12,Juice & Smoothie,2023-09-25,1.9090909090909092,79,1.5,12
12,Juice & Smoothie,2023-10-07,1.8095238095238095,47,1.3846153846153846,7
12,Juice & Smoothie,2023-10-26,1.9545454545454546,90,1.5,15
12,Juice & Smoothie,2023-11-08,1.5,109,0.9230769230769231,13
12,Juice & Smoothie,2023-11-11,1.1366459627329193,64,1.7321428571428572,10
12,Juice & Smoothie,2023-11-20,1.8095238095238095,55,1.2307692307692308,8
12,Juice & Smoothie,2023-12-16,1.0,62,1.0,17
12,Juice & Smoothie,2023-12-17,1.5603864734299517,122,0.8571428571428571,15
12,Juice & Smoothie,2023-12-23,1.84,63,1.0769230769230769,9
12,Juice & Smoothie,2024-01-17,1.446360153256705,124,1.0,13
12,Juice & Smoothie,2024-02-18,2.0,123,1.6666666666666667,19
12,Juice & Smoothie,2024-02-24,1.5714285714285714,150,0.9230769230769231,19
12,Juice & Smoothie,2024-03-07,1.5454545454545454,73,0.8333333333333334,7
12,Juice & Smoothie,2024-03-19,1.5714285714285714,161,1.0,21
12,Juice & Smoothie,2024-03-30,1.4,142,1.0,18
12,Juice & Smoothie,2024-04-05,2.0,135,1.6904761904761905,20
12,Juice & Smoothie,2024-04-23,1.2857142857142858,111,1.2,17
12,Juice & Smoothie,2024-04-25,1.5714285714285714,176,1.0,23
12,Juice & Smoothie,2024-05-07,1.5714285714285714,182,1.2272727272727273,24
12,Juice & Smoothie,2024-05-08,1.275,94,1.6,15
12,Juice & Smoothie,2024-06-16,1.4166666666666667,159,1.1428571428571428,21
12,Juice & Smoothie,2024-06-19,1.1833333333333333,104,1.5714285714285714,17
12,Juice & Smoothie,2024-06-28,1.725,94,1.0769230769230769,10
12,Juice & Smoothie,2024-07-02,1.1538461538461537,107,1.369047619047619,18
12,Juice & Smoothie,2024-07-16,1.0,98,1.0,21
12,Juice & Smoothie,2024-07-20,1.2307692307692308,133,1.2666666666666666,20
12,Juice & Smoothie,2024-07-26,1.4,177,1.2,25
12,Juice & Smoothie,2024-08-16,2.0568910256410255,168,1.7738095238095237,24
12,Juice & Smoothie,2024-08-23,2.0568910256410255,170,1.7142857142857142,25
12,Juice & Smoothie,2024-09-02,1.1483516483516483,116,1.369047619047619,20
12,Juice & Smoothie,2024-09-11,1.1483516483516483,118,1.5714285714285714,21
12,Juice & Smoothie,2024-09-12,1.4,189,1.2,28
12,Juice & Smoothie,2024-10-10,1.2264957264957266,154,1.3333333333333333,23
12,Juice & Smoothie,2024-10-24,1.4736842105263157,253,1.3701298701298703,32
12,Juice & Smoothie,2024-11-02,1.6189516129032258,106,1.0,13
12,Juice & Smoothie,2024-11-13,0.9198717948717949,118,0.8,25
12,Juice & Smoothie,2024-11-14,0.9198717948717949,118,0.8,25
12,Juice & Smoothie,2024-11-15,1.4736842105263157,259,1.4545454545454546,35
12,Juice & Smoothie,2024-11-30,1.4736842105263157,259,1.4545454545454546,35
12,Juice & Smoothie,2024-12-09,1.4,207,1.2,31
12,Juice & Smoothie,2024-12-22,1.6189516129032258,106,1.0,13
12,Merchandise,2023-01-24,1.5,5,1.5,0
12,Merchandise,2023-01-25,0.7676767676767676,2,1.0909090909090908,1
12,Merchandise,2023-02-07,1.0833333333333335,14,0.6666666666666666,1
12,Merchandise,2023-02-17,1.0,7,0.6666666666666666,3
12,Merchandise,2023-02-19,1.0,5,0.6666666666666666,1
12,Merchandise,2023-03-07,1.8,13,1.2333333333333334,2
12,Merchandise,2023-03-10,0.6862745098039216,8,0.5833333333333333,2
12,Merchandise,2023-03-12,1.8,15,0.6666666666666666,3
12,Merchandise,2023-03-19,0.8,13,0.5833333333333333,6
12,Merchandise,2023-03-21,1.4,21,1.3333333333333333,1
12,Merchandise,2023-03-22,1.4,23,1.0416666666666665,2
12,Merchandise,2023-03-28,1.9375,18,1.8,5
12,Merchandise,2023-04-17,1.1600000000000001,16,0.9333333333333333,2
12,Merchandise,2023-05-11,1.0839160839160837,20,0.6666666666666666,8
12,Merchandise,2023-05-14,2.25,35,1.6777777777777778,8
12,Merchandise,2023-05-17,1.422222222222222,46,1.1666666666666665,4
12,Merchandise,2023-05-27,2.0,41,1.5555555555555556,9
12,Merchandise,2023-06-21,1.4226190476190477,34,1.6666666666666667,7
12,Merchandise,2023-07-01,1.3333333333333333,62,1.3333333333333333,5
12,Merchandise,2023-07-15,1.8492063492063493,30,2.1666666666666665,4
12,Merchandise,2023-08-07,1.3333333333333333,75,1.1666666666666665,6
12,Merchandise,2023-08-22,1.3333333333333333,80,1.3333333333333333,7
12,Merchandise,2023-09-03,1.7391304347826086,73,1.8,11
12,Merchandise,2023-09-06,1.3333333333333333,85,1.5,8
12,Merchandise,2023-09-08,1.3333333333333333,89,0.9846153846153847,8
12,Merchandise,2023-09-22,1.3333333333333333,94,1.4333333333333333,10
12,Merchandise,2023-09-25,1.8571428571428572,79,1.8,12
12,Merchandise,2023-10-07,1.75,47,2.6666666666666665,7
12,Merchandise,2023-10-26,1.8333333333333335,90,1.8,15
12,Merchandise,2023-11-08,1.375,109,1.1111111111111112,13
12,Merchandise,2023-11-11,1.0,64,0.6666666666666666,10
12,Merchandise,2023-11-20,1.8888888888888888,55,2.333333333333333,8
12,Merchandise,2023-12-16,0.8377192982456141,62,0.5,17
12,Merchandise,2023-12-17,1.3875,122,1.1111111111111112,15
12,Merchandise,2023-12-23,1.9615384615384615,63,2.0,9
12,Merchandise,2024-01-17,1.4285714285714286,124,1.3333333333333333,13
12,Merchandise,2024-02-18,2.0,123,1.75,19
12,Merchandise,2024-02-24,1.486842105263158,150,1.2,19
12,Merchandise,2024-03-07,1.3333333333333333,73,0.75,7
12,Merchandise,2024-03-19,1.4285714285714286,161,1.1111111111111112,21
12,Merchandise,2024-03-30,1.4142857142857141,142,1.2916666666666665,18
12,Merchandise,2024-04-05,2.1176470588235294,135,1.775,20
12,Merchandise,2024-04-23,1.3333333333333333,111,1.6666666666666667,17
12,Merchandise,2024-04-25,1.486842105263158,176,1.25,23
12,Merchandise,2024-05-07,1.486842105263158,182,1.2666666666666666,24
12,Merchandise,2024-05-08,1.0384615384615383,94,1.2,15
12,Merchandise,2024-06-16,1.4285714285714286,159,1.25,21
12,Merchandise,2024-06-19,1.0884615384615386,104,1.2,17
12,Merchandise,2024-06-28,1.6833333333333333,94,1.8333333333333335,10
12,Merchandise,2024-07-02,1.0769230769230769,107,1.1,18
12,Merchandise,2024-07-16,1.0,98,0.5,21
12,Merchandise,2024-07-20,1.3,133,1.6666666666666667,20
12,Merchandise,2024-07-26,1.3333333333333333,177,1.25,25
12,Merchandise,2024-08-16,2.0,168,1.7083333333333335,24
12,Merchandise,2024-08-23,2.0,170,1.6666666666666667,25
12,Merchandise,2024-09-02,1.0,116,1.1,20
12,Merchandise,2024-09-11,1.0,118,1.0,21
12,Merchandise,2024-09-12,1.3333333333333333,189,1.25,28
12,Merchandise,2024-10-10,1.25,154,1.6666666666666667,23
12,Merchandise,2024-10-24,1.375,253,1.3333333333333333,32
12,Merchandise,2024-11-02,1.4476190476190476,106,1.0,13
12,Merchandise,2024-11-13,1.0,118,0.6666666666666666,25
12,Merchandise,2024-11-14,1.0,118,0.6666666666666666,25
12,Merchandise,2024-11-15,1.4,259,1.3333333333333333,35
12,Merchandise,2024-11-30,1.4,259,1.3333333333333333,35
12,Merchandise,2024-12-09,1.3636363636363635,207,1.25,31
12,Merchandise,2024-12-22,1.4476190476190476,106,1.0,13
12,Savory Bakery,2023-01-24,1.7037037037037037,5,1.7037037037037037,0
12,Savory Bakery,2023-01-25,0.6019736842105263,2,0.5789473684210527,1
12,Savory Bakery,2023-02-07,1.2652129817444218,14,1.4545454545454546,1
12,Savory Bakery,2023-02-17,0.7894736842105263,7,0.6190476190476191,3
12,Savory Bakery,2023-02-19,1.5625,5,3.0,1
12,Savory Bakery,2023-03-07,1.9473684210526316,13,2.605263157894737,2
12,Savory Bakery,2023-03-10,1.397212543554007,8,1.1233766233766234,2
12,Savory Bakery,2023-03-12,1.8837209302325582,15,2.210526315789474,3
12,Savory Bakery,2023-03-19,1.0,13,0.8095238095238095,6
12,Savory Bakery,2023-03-21,1.368421052631579,21,1.368421052631579,1
12,Savory Bakery,2023-03-22,1.3243243243243243,23,1.1578947368421053,2
12,Savory Bakery,2023-03-28,1.973684210526316,18,2.210526315789474,5
12,Savory Bakery,2023-04-17,1.2104166666666667,16,2.0,2
12,Savory Bakery,2023-05-11,1.057795698924731,20,0.875,8
12,Savory Bakery,2023-05-14,2.210526315789474,35,2.105263157894737,8
12,Savory Bakery,2023-05-17,1.3594871794871795,46,1.1578947368421053,4
12,Savory Bakery,2023-05-27,2.0232558139534884,41,2.2,9
12,Savory Bakery,2023-06-21,1.1400808457711442,34,1.5,7
12,Savory Bakery,2023-07-01,1.3416493416493416,62,1.2307692307692308,5
12,Savory Bakery,2023-07-15,1.5222816399286987,30,1.4361471861471862,4
12,Savory Bakery,2023-08-07,1.3170731707317074,75,1.170940170940171,6
12,Savory Bakery,2023-08-22,1.3416493416493416,80,1.2307692307692308,7
12,Savory Bakery,2023-09-03,1.75,73,2.108108108108108,11
12,Savory Bakery,2023-09-06,1.3243243243243243,85,1.170940170940171,8
12,Savory Bakery,2023-09-08,1.3623188405797102,89,1.3181818181818183,8
12,Savory Bakery,2023-09-22,1.3568350959655309,94,1.0524475524475525,10
12,Savory Bakery,2023-09-25,1.75,79,2.054054054054054,12
12,Savory Bakery,2023-10-07,1.5483870967741935,47,1.3571428571428572,7
12,Savory Bakery,2023-10-26,1.8242134062927495,90,2.0,15
12,Savory Bakery,2023-11-08,1.380952380952381,109,1.1333333333333333,13
12,Savory Bakery,2023-11-11,1.2338056680161944,64,1.3025078369905956,10
12,Savory Bakery,2023-11-20,1.5789473684210527,55,1.1785714285714286,8
12,Savory Bakery,2023-12-16,0.8686302010285181,62,0.75,17
12,Savory Bakery,2023-12-17,1.4058823529411764,122,1.1818181818181819,15
12,Savory Bakery,2023-12-23,1.7313432835820894,63,1.0,9
12,Savory Bakery,2024-01-17,1.4214235377026077,124,1.2307692307692308,13
12,Savory Bakery,2024-02-18,2.0,123,2.0,19
12,Savory Bakery,2024-02-24,1.4415184678522572,150,1.411764705882353,19
12,Savory Bakery,2024-03-07,1.4375,73,1.3333333333333333,7
12,Savory Bakery,2024-03-19,1.441860465116279,161,1.411764705882353,21
12,Savory Bakery,2024-03-30,1.4264069264069263,142,1.3842105263157896,18
12,Savory Bakery,2024-04-05,2.0,135,2.0,20
12,Savory Bakery,2024-04-23,1.2424242424242424,111,1.2307692307692308,17
12,Savory Bakery,2024-04-25,1.477118119975263,176,1.411764705882353,23
12,Savory Bakery,2024-05-07,1.4690688775510203,182,1.4331550802139037,24
12,Savory Bakery,2024-05-08,1.2573529411764706,94,1.2307692307692308,15
12,Savory Bakery,2024-06-16,1.4939759036144578,159,1.4,21
12,Savory Bakery,2024-06-19,1.2413793103448276,104,1.125,17
12,Savory Bakery,2024-06-28,1.6814611154752552,94,1.1785714285714286,10
12,Savory Bakery,2024-07-02,1.236842105263158,107,1.1009615384615383,18
12,Savory Bakery,2024-07-16,0.906158357771261,98,0.75,21
12,Savory Bakery,2024-07-20,1.1538461538461537,133,1.3028846153846154,20
12,Savory Bakery,2024-07-26,1.4285714285714286,177,1.375,25
12,Savory Bakery,2024-08-16,2.0,168,2.0,24
12,Savory Bakery,2024-08-23,2.0,170,2.0,25
12,Savory Bakery,2024-09-02,1.231822971548999,116,1.1009615384615383,20
12,Savory Bakery,2024-09-11,1.231822971548999,118,1.125,21
12,Savory Bakery,2024-09-12,1.4,189,1.3717105263157894,28
12,Savory Bakery,2024-10-10,1.1323815704088254,154,1.1304347826086956,23
12,Savory Bakery,2024-10-24,1.411764705882353,253,1.4201680672268908,32
12,Savory Bakery,2024-11-02,1.523671096345515,106,1.4375,13
12,Savory Bakery,2024-11-13,0.9145454545454546,118,0.75,25
12,Savory Bakery,2024-11-14,0.9145454545454546,118,0.75,25
12,Savory Bakery,2024-11-15,1.4054054054054055,259,1.3043478260869565,35
12,Savory Bakery,2024-11-30,1.4054054054054055,259,1.3043478260869565,35
12,Savory Bakery,2024-12-09,1.4242424242424243,207,1.368421052631579,31
12,Savory Bakery,2024-12-22,1.523671096345515,106,1.4375,13
12,Tea,2023-01-24,1.8425196850393701,5,1.8425196850393701,0
12,Tea,2023-01-25,0.5701193520886616,2,0.5098039215686274,1
12,Tea,2023-02-07,1.167330016583748,14,0.9,1
12,Tea,2023-02-17,0.75,7,0.5098039215686274,3
12,Tea,2023-02-19,1.8571428571428572,5,2.588235294117647,1
12,Tea,2023-03-07,2.050632911392405,13,2.3357843137254903,2
12,Tea,2023-03-10,1.0467898243488793,8,0.8571428571428572,2
12,Tea,2023-03-12,2.050632911392405,15,2.0833333333333335,3
12,Tea,2023-03-19,0.75,13,0.5674019607843137,6
12,Tea,2023-03-21,1.4492753623188406,21,1.9090909090909092,1
12,Tea,2023-03-22,1.4054054054054055,23,1.5545454545454547,2
12,Tea,2023-03-28,2.066983122362869,18,2.0833333333333335,5
12,Tea,2023-04-17,1.2391849529780563,16,1.573529411764706,2
12,Tea,2023-05-11,0.7937062937062938,20,0.6609848484848485,8
12,Tea,2023-05-14,2.2882882882882885,35,2.018939393939394,8
12,Tea,2023-05-17,1.427340383862123,46,1.5545454545454547,4
12,Tea,2023-05-27,2.1333333333333333,41,2.032258064516129,9
12,Tea,2023-06-21,1.215234102026555,34,1.44,7
12,Tea,2023-07-01,1.3600267379679143,62,1.2173913043478262,5
12,Tea,2023-07-15,1.536082474226804,30,1.2034042553191489,4
12,Tea,2023-08-07,1.2873563218390804,75,1.2086956521739132,6
12,Tea,2023-08-22,1.3125970798384592,80,1.2173913043478262,7
12,Tea,2023-09-03,1.9210526315789473,73,1.9545454545454546,11
12,Tea,2023-09-06,1.2873563218390804,85,1.2139588100686498,8
12,Tea,2023-09-08,1.3166666666666667,89,1.4883040935672516,8
12,Tea,2023-09-22,1.3103111891522778,94,1.2540045766590389,10
12,Tea,2023-09-25,1.858974358974359,79,1.8426573426573427,12
12,Tea,2023-10-07,1.6571428571428573,47,1.446808510638298,7
12,Tea,2023-10-26,1.873931623931624,90,1.7307692307692308,15
12,Tea,2023-11-08,1.3272727272727274,109,1.3333333333333333,13
12,Tea,2023-11-11,1.1654184304786714,64,1.1559392987964416,10
12,Tea,2023-11-20,1.6666666666666667,55,1.4317375886524824,8
12,Tea,2023-12-16,0.8155706727135299,62,0.696969696969697,17
12,Tea,2023-12-17,1.3982758620689655,122,1.4,15
12,Tea,2023-12-23,1.6842105263157894,63,1.4166666666666667,9
12,Tea,2024-01-17,1.3844574780058652,124,1.2,13
12,Tea,2024-02-18,1.9795918367346939,123,1.9545454545454546,19
12,Tea,2024-02-24,1.4316270127373227,150,1.3333333333333333,19
12,Tea,2024-03-07,1.5454545454545454,73,0.9655172413793104,7
12,Tea,2024-03-19,1.4385964912280702,161,1.3333333333333333,21
12,Tea,2024-03-30,1.3600267379679143,142,1.1789473684210527,18
12,Tea,2024-04-05,2.0392156862745097,135,1.9772727272727273,20
12,Tea,2024-04-23,1.2857142857142858,111,1.4166666666666667,17
12,Tea,2024-04-25,1.4656177156177157,176,1.3703703703703705,23
12,Tea,2024-05-07,1.4615384615384615,182,1.3851851851851853,24
12,Tea,2024-05-08,1.188934217236104,94,1.183673469387755,15
12,Tea,2024-06-16,1.40625,159,1.2,21
12,Tea,2024-06-19,1.188934217236104,104,1.1282051282051282,17
12,Tea,2024-06-28,1.6433862433862434,94,1.4142156862745099,10
12,Tea,2024-07-02,1.183673469387755,107,1.1196581196581197,18
12,Tea,2024-07-16,0.9028213166144201,98,0.625,21
12,Tea,2024-07-20,1.2105263157894737,133,1.4283333333333332,20
12,Tea,2024-07-26,1.338235294117647,177,1.1578947368421053,25
12,Tea,2024-08-16,2.0,168,1.8522727272727273,24
12,Tea,2024-08-23,2.0,170,1.75,25
12,Tea,2024-09-02,1.1654184304786714,116,1.0555555555555556,20
12,Tea,2024-09-11,1.1654184304786714,118,1.0952380952380953,21
12,Tea,2024-09-12,1.3076923076923077,189,1.1539473684210526,28
12,Tea,2024-10-10,1.1967754467754468,154,1.4166666666666667,23
12,Tea,2024-10-24,1.4074074074074074,253,1.4105263157894736,32
12,Tea,2024-11-02,1.5322209436133487,106,1.0526315789473684,13
12,Tea,2024-11-13,0.9028213166144201,118,0.625,25
12,Tea,2024-11-14,0.9028213166144201,118,0.625,25
12,Tea,2024-11-15,1.4081632653061225,259,1.4210526315789473,35
12,Tea,2024-11-30,1.4081632653061225,259,1.4210526315789473,35
12,Tea,2024-12-09,1.337837837837838,207,1.2,31
12,Tea,2024-12-22,1.5322209436133487,106,1.0526315789473684,13
13,Bakery,2023-01-06,1.0,0,1.0,0
13,Bakery,2023-01-08,1.0,0,1.0,0
13,Bakery,2023-01-20,1.4084043066045315,4,1.4084043066045315,0
13,Bakery,2023-01-25,1.0,0,1.0,0
13,Bakery,2023-01-30,0.5416666666666666,3,0.5487256371814093,2
13,Bakery,2023-02-01,2.217391304347826,7,2.217391304347826,1
13,Bakery,2023-02-20,0.9066666666666666,5,0.631578947368421,1
13,Bakery,2023-03-14,1.1977942692228405,32,0.8666666666666667,3
13,Bakery,2023-03-17,1.973284760170006,16,2.108695652173913,4
13,Bakery,2023-03-28,1.0392734413352969,16,0.8666666666666667,3
13,Bakery,2023-04-14,1.0666666666666667,21,0.9333333333333333,4
13,Bakery,2023-04-19,1.0,17,0.7931034482758621,7
13,Bakery,2023-04-20,1.3500609508329946,24,1.631578947368421,5
13,Bakery,2023-04-24,1.3214285714285714,37,0.95,3
13,Bakery,2023-05-07,1.2711462450592885,48,1.1,4
13,Bakery,2023-05-15,1.3767690253671563,28,1.8435672514619883,6
13,Bakery,2023-06-03,1.0,23,0.7931034482758621,9
13,Bakery,2023-06-06,1.1547049441786283,28,1.0,5
13,Bakery,2023-06-29,1.0,27,0.7298850574712643,10
13,Bakery,2023-07-01,1.1887351778656128,32,1.1315217391304349,4
13,Bakery,2023-07-08,1.2727272727272727,65,1.1282051282051282,5
13,Bakery,2023-07-10,1.0,29,0.7931034482758621,11
13,Bakery,2023-07-30,1.0571428571428572,40,0.9333333333333333,7
13,Bakery,2023-08-09,0.8439201451905627,36,0.6666666666666666,13
13,Bakery,2023-08-18,1.0465367965367967,48,0.9,8
13,Bakery,2023-09-03,1.1666666666666667,51,1.6282894736842106,10
13,Bakery,2023-09-04,1.1887351778656128,42,0.9130434782608695,5
13,Bakery,2023-09-26,1.9473319473319473,89,1.9487179487179487,13
13,Bakery,2023-09-28,1.3442010950721752,96,1.3333333333333333,11
13,Bakery,2023-10-20,1.3432835820895523,93,0.9814814814814814,10
13,Bakery,2023-10-27,0.7781862745098038,52,0.6944444444444444,16
13,Bakery,2023-11-14,1.206420068027211,68,1.5951086956521738,12
13,Bakery,2023-11-20,1.9174174174174174,100,1.9143589743589744,16
13,Bakery,2023-11-30,1.9174174174174174,104,1.88,17
13,Bakery,2023-12-04,1.1724137931034482,73,1.5951086956521738,14
13,Bakery,2023-12-26,1.3964695993275429,128,1.2121212121212122,16
13,Bakery,2024-01-18,1.1622807017543861,78,0.9333333333333333,11
13,Bakery,2024-02-13,1.4375,145,1.2727272727272727,17
13,Bakery,2024-02-18,1.425,131,1.0,15
13,Bakery,2024-02-22,1.439252336448598,149,1.2121212121212122,18
13,Bakery,2024-02-26,1.1564121571534471,84,0.9666666666666667,12
13,Bakery,2024-02-27,0.8947368421052632,75,0.7277777777777777,18
13,Bakery,2024-02-28,1.4375,151,1.1471861471861473,20
13,Bakery,2024-03-26,1.4242117117117117,140,1.075,16
13,Bakery,2024-04-15,1.1622807017543861,92,0.9666666666666667,14
13,Bakery,2024-04-23,1.439252336448598,175,1.1355311355311355,22
13,Bakery,2024-06-04,1.4452898850384583,198,1.1355311355311355,26
13,Bakery,2024-06-05,1.1684397163120568,100,0.9666666666666667,16
13,Bakery,2024-06-17,1.438376168224299,200,1.1428571428571428,27
13,Bakery,2024-06-29,1.1627906976744187,127,1.565217391304348,19
13,Bakery,2024-07-06,1.4016129032258065,172,1.15,24
13,Bakery,2024-07-13,2.029469122426869,160,1.9743589743589745,22
13,Bakery,2024-08-14,1.6521008403361344,110,1.098277608915907,12
13,Bakery,2024-08-23,1.1066856330014225,144,1.5294117647058822,21
13,Bakery,2024-08-30,1.4639175257731958,99,1.2105263157894737,9
13,Bakery,2024-08-31,1.394736842105263,233,1.1515151515151516,29
13,Bakery,2024-09-03,2.0,174,1.9,27
13,Bakery,2024-09-05,1.4545454545454546,101,1.2052631578947368,10
13,Bakery,2024-09-06,1.1081081081081081,147,1.5278637770897832,22
13,Bakery,2024-09-20,1.437799043062201,102,1.2,11
13,Bakery,2024-09-26,0.9895833333333333,110,0.7490196078431373,24
13,Bakery,2024-09-28,1.3914141414141414,196,1.2444852941176472,30
13,Bakery,2024-10-11,1.1515151515151516,125,0.9333333333333333,23
13,Bakery,2024-10-27,1.380952380952381,254,1.1515151515151516,33
13,Bakery,2024-11-06,1.1128775834658189,158,1.5278637770897832,24
13,Bakery,2024-11-19,1.1515151515151516,127,0.9403508771929825,24
13,Bakery,2024-12-02,1.1515151515151516,127,0.9403508771929825,24
13,Bakery,2024-12-09,1.393939393939394,207,1.3125,31
13,Bakery,2024-12-14,0.9673611111111111,118,0.7647058823529411,25
13,Bakery,2024-12-22,2.028169014084507,199,1.9743589743589745,32
13,Chocolate & Milk,2023-01-06,1.0,0,1.0,0
13,Chocolate & Milk,2023-01-08,1.0,0,1.0,0
13,Chocolate & Milk,2023-01-20,1.392156862745098,4,1.392156862745098,0
13,Chocolate & Milk,2023-01-25,1.0,0,1.0,0
13,Chocolate & Milk,2023-01-30,0.7727272727272727,3,0.6958041958041958,2
13,Chocolate & Milk,2023-02-01,2.380952380952381,7,2.9166666666666665,1
13,Chocolate & Milk,2023-02-20,0.8695652173913043,5,1.0,1
13,Chocolate & Milk,2023-03-14,1.175925925925926,32,1.1666666666666667,3
13,Chocolate & Milk,2023-03-17,2.1254545454545455,16,2.33,4
13,Chocolate & Milk,2023-03-28,1.0357142857142856,16,1.0,3
13,Chocolate & Milk,2023-04-14,1.0714285714285714,21,0.7142857142857143,4
13,Chocolate & Milk,2023-04-19,0.9230769230769231,17,0.8461538461538461,7
13,Chocolate & Milk,2023-04-20,1.3095744680851062,24,1.4545454545454546,5
13,Chocolate & Milk,2023-04-24,1.3125,37,1.0,3
13,Chocolate & Milk,2023-05-07,1.2574370709382152,48,1.0378787878787878,4
13,Chocolate & Milk,2023-05-15,1.3461416322642108,28,1.4939393939393941,6
13,Chocolate & Milk,2023-06-03,1.0,23,0.875,9
13,Chocolate & Milk,2023-06-06,1.0,28,1.0,5
13,Chocolate & Milk,2023-06-29,0.9230769230769231,27,0.8605769230769231,10
13,Chocolate & Milk,2023-07-01,1.4772727272727273,32,1.9166666666666665,4
13,Chocolate & Milk,2023-07-08,1.3043478260869565,65,1.1111111111111112,5
13,Chocolate & Milk,2023-07-10,0.875,29,0.8461538461538461,11
13,Chocolate & Milk,2023-07-30,1.0172413793103448,40,1.0,7
13,Chocolate & Milk,2023-08-09,0.8605769230769231,36,0.875,13
13,Chocolate & Milk,2023-08-18,1.0,48,0.8529411764705883,8
13,Chocolate & Milk,2023-09-03,1.2285714285714286,51,1.3772727272727274,10
13,Chocolate & Milk,2023-09-04,1.4772727272727273,42,1.3333333333333333,5
13,Chocolate & Milk,2023-09-26,1.8699324324324325,89,1.875,13
13,Chocolate & Milk,2023-09-28,1.3107104984093318,96,1.1111111111111112,11
13,Chocolate & Milk,2023-10-20,1.3125,93,1.0,10
13,Chocolate & Milk,2023-10-27,0.8605769230769231,52,0.8605769230769231,16
13,Chocolate & Milk,2023-11-14,1.227922077922078,68,1.3,12
13,Chocolate & Milk,2023-11-20,1.8819444444444444,100,1.8221153846153846,16
13,Chocolate & Milk,2023-11-30,1.8888888888888888,104,1.875,17
13,Chocolate & Milk,2023-12-04,1.2272727272727273,73,1.3,14
13,Chocolate & Milk,2023-12-26,1.4305555555555556,128,1.25,16
13,Chocolate & Milk,2024-01-18,1.1520737327188941,78,1.0,11
13,Chocolate & Milk,2024-02-13,1.4666666666666666,145,1.3333333333333333,17
13,Chocolate & Milk,2024-02-18,1.3636363636363635,131,1.0,15
13,Chocolate & Milk,2024-02-22,1.4545454545454546,149,1.2777777777777777,18
13,Chocolate & Milk,2024-02-26,1.1520737327188941,84,1.0,12
13,Chocolate & Milk,2024-02-27,0.9811320754716981,75,0.8605769230769231,18
13,Chocolate & Milk,2024-02-28,1.4545454545454546,151,1.2777777777777777,20
13,Chocolate & Milk,2024-03-26,1.3416666666666668,140,1.0,16
13,Chocolate & Milk,2024-04-15,1.1827012025901942,92,1.05,14
13,Chocolate & Milk,2024-04-23,1.4444444444444444,175,1.253968253968254,22
13,Chocolate & Milk,2024-06-04,1.4494949494949494,198,1.3095238095238095,26
13,Chocolate & Milk,2024-06-05,1.195744680851064,100,1.1125,16
13,Chocolate & Milk,2024-06-17,1.4405320813771518,200,1.2857142857142858,27
13,Chocolate & Milk,2024-06-29,1.2173913043478262,127,1.25,19
13,Chocolate & Milk,2024-07-06,1.3279569892473118,172,1.2321428571428572,24
13,Chocolate & Milk,2024-07-13,1.9473319473319473,160,1.8422619047619047,22
13,Chocolate & Milk,2024-08-14,1.6417378917378915,110,1.4722222222222223,12
13,Chocolate & Milk,2024-08-23,1.1590909090909092,144,1.25,21
13,Chocolate & Milk,2024-08-30,1.5714285714285714,99,1.3333333333333333,9
13,Chocolate & Milk,2024-08-31,1.380952380952381,233,1.2857142857142858,29
13,Chocolate & Milk,2024-09-03,1.9473319473319473,174,1.8095238095238095,27
13,Chocolate & Milk,2024-09-05,1.5686274509803921,101,1.2777777777777777,10
13,Chocolate & Milk,2024-09-06,1.1666666666666667,147,1.275,22
13,Chocolate & Milk,2024-09-20,1.5570409982174689,102,1.2222222222222223,11
13,Chocolate & Milk,2024-09-26,0.9558270676691729,110,0.8348416289592759,24
13,Chocolate & Milk,2024-09-28,1.2727272727272727,196,1.0555555555555556,30
13,Chocolate & Milk,2024-10-11,1.173913043478261,125,1.1,23
13,Chocolate & Milk,2024-10-27,1.36,254,1.2857142857142858,33
13,Chocolate & Milk,2024-11-06,1.175170068027211,158,1.275,24
13,Chocolate & Milk,2024-11-19,1.1612903225806452,127,1.05,24
13,Chocolate & Milk,2024-12-02,1.1612903225806452,127,1.05,24
13,Chocolate & Milk,2024-12-09,1.2727272727272727,207,1.1111111111111112,31
13,Chocolate & Milk,2024-12-14,0.9430719656283566,118,0.8461538461538461,25
13,Chocolate & Milk,2024-12-22,1.9767441860465116,199,1.8422619047619047,32
13,Coffee,2023-01-06,1.0,0,1.0,0
13,Coffee,2023-01-08,1.0,0,1.0,0
13,Coffee,2023-01-20,1.4634062927496578,4,1.4634062927496578,0
13,Coffee,2023-01-25,1.0,0,1.0,0
13,Coffee,2023-01-30,0.5802469135802469,3,0.5792229828564741,2
13,Coffee,2023-02-01,1.9326923076923077,7,1.9326923076923077,1
13,Coffee,2023-02-20,0.7529411764705882,5,1.6229508196721312,1
13,Coffee,2023-03-14,1.2290673025967145,32,0.9347826086956522,3
13,Coffee,2023-03-17,1.8423461538461539,16,1.766346153846154,4
13,Coffee,2023-03-28,1.0726064382139149,16,1.5147058823529411,3
13,Coffee,2023-04-14,1.1022222222222222,21,1.242860187553282,4
13,Coffee,2023-04-19,0.8547008547008547,17,0.5802469135802469,7
13,Coffee,2023-04-20,1.2332467532467533,24,1.4489795918367347,5
13,Coffee,2023-04-24,1.3894736842105264,37,1.1304347826086956,3
13,Coffee,2023-05-07,1.3285393258426965,48,1.0703324808184143,4
13,Coffee,2023-05-15,1.3218831168831169,28,1.592545351473923,6
13,Coffee,2023-06-03,0.9345794392523364,23,0.5888888888888889,9
13,Coffee,2023-06-06,1.112877841745611,28,1.1666666666666667,5
13,Coffee,2023-06-29,0.8547008547008547,27,0.5845679012345679,10
13,Coffee,2023-07-01,1.28447638708362,32,1.277921365914787,4
13,Coffee,2023-07-08,1.3419354838709678,65,1.0,5
13,Coffee,2023-07-10,0.8194444444444444,29,0.5888888888888889,11
13,Coffee,2023-07-30,1.112877841745611,40,1.1666666666666667,7
13,Coffee,2023-08-09,0.8181729264475743,36,0.5888888888888889,13
13,Coffee,2023-08-18,1.1030824372759858,48,1.068840579710145,8
13,Coffee,2023-09-03,1.0508474576271187,51,1.3599415204678362,10
13,Coffee,2023-09-04,1.2930288102701897,42,1.2987012987012987,5
13,Coffee,2023-09-26,1.690187626774848,89,1.6752136752136753,13
13,Coffee,2023-09-28,1.2686631944444444,96,1.2058823529411764,11
13,Coffee,2023-10-20,1.3743589743589744,93,1.1454643048845947,10
13,Coffee,2023-10-27,0.8370726495726495,52,0.5896251673360107,16
13,Coffee,2023-11-14,1.2367132867132868,68,1.3599415204678362,12
13,Coffee,2023-11-20,1.7825018896447467,100,1.8006294256490953,16
13,Coffee,2023-11-30,1.7624025219844035,104,1.7560975609756098,17
13,Coffee,2023-12-04,1.1940298507462686,73,1.3599415204678362,14
13,Coffee,2023-12-26,1.3483149298366688,128,1.2321546596166555,16
13,Coffee,2024-01-18,1.1447611710323575,78,1.1666666666666667,11
13,Coffee,2024-02-13,1.3870967741935485,145,1.2584269662921348,17
13,Coffee,2024-02-18,1.403560830860534,131,1.1604938271604939,15
13,Coffee,2024-02-22,1.3885350318471337,149,1.2611579275905118,18
13,Coffee,2024-02-26,1.1447611710323575,84,1.1018518518518519,12
13,Coffee,2024-02-27,0.9384615384615385,75,0.6310585854869861,18
13,Coffee,2024-02-28,1.3870967741935485,151,1.2403245942571786,20
13,Coffee,2024-03-26,1.3865176640230714,140,1.157169990503324,16
13,Coffee,2024-04-15,1.1501550942495826,92,1.1018518518518519,14
13,Coffee,2024-04-23,1.4,175,1.2403245942571786,22
13,Coffee,2024-06-04,1.3942675159235667,198,1.2403245942571786,26
13,Coffee,2024-06-05,1.1501550942495826,100,1.1018518518518519,16
13,Coffee,2024-06-17,1.387815903020341,200,1.2222222222222223,27
13,Coffee,2024-06-29,1.249122807017544,127,1.4421052631578948,19
13,Coffee,2024-07-06,1.3717984281091078,172,1.1512474012474012,24
13,Coffee,2024-07-13,1.9451597131681877,160,1.8006294256490953,22
13,Coffee,2024-08-14,1.5837699024139702,110,1.2127990430622009,12
13,Coffee,2024-08-23,1.178833107191316,144,1.4421052631578948,21
13,Coffee,2024-08-30,1.4794520547945205,99,1.3132530120481927,9
13,Coffee,2024-08-31,1.3587786259541985,233,1.2584269662921348,29
13,Coffee,2024-09-03,1.9102285935683843,174,1.6752136752136753,27
13,Coffee,2024-09-05,1.4715447154471544,101,1.3059771553747457,10
13,Coffee,2024-09-06,1.1636363636363636,147,1.4281954887218045,22
13,Coffee,2024-09-20,1.4597306910569106,102,1.2987012987012987,11
13,Coffee,2024-09-26,0.9269170488187148,110,0.6069454287739192,24
13,Coffee,2024-09-28,1.3509259259259259,196,1.1512474012474012,30
13,Coffee,2024-10-11,1.141025641025641,125,0.9710144927536232,23
13,Coffee,2024-10-27,1.34226403823178,254,1.2584269662921348,33
13,Coffee,2024-11-06,1.178833107191316,158,1.4268880800727934,24
13,Coffee,2024-11-19,1.141025641025641,127,0.9855072463768115,24
13,Coffee,2024-12-02,1.141025641025641,127,0.9855072463768115,24
13,Coffee,2024-12-09,1.361344537815126,207,1.1538461538461537,31
13,Coffee,2024-12-14,0.9365204888569374,118,0.6235294117647059,25
13,Coffee,2024-12-22,1.9285714285714286,199,1.7156556180946425,32
13,Juice & Smoothie,2023-01-06,1.0,0,1.0,0
13,Juice & Smoothie,2023-01-08,1.0,0,1.0,0
13,Juice & Smoothie,2023-01-20,1.5982142857142856,4,1.5982142857142856,0
13,Juice & Smoothie,2023-01-25,1.0,0,1.0,0
13,Juice & Smoothie,2023-01-30,0.26666666666666666,3,0.41911764705882354,2
13,Juice & Smoothie,2023-02-01,3.0,7,1.6666666666666667,1
13,Juice & Smoothie,2023-02-20,1.25,5,1.6,1
13,Juice & Smoothie,2023-03-14,1.3125,32,1.5714285714285714,3
13,Juice & Smoothie,2023-03-17,1.717948717948718,16,1.294871794871795,4
13,Juice & Smoothie,2023-03-28,1.2019230769230769,16,1.6,3
13,Juice & Smoothie,2023-04-14,1.25,21,1.1,4
13,Juice & Smoothie,2023-04-19,0.6666666666666666,17,0.5,7
13,Juice & Smoothie,2023-04-20,1.2198067632850242,24,1.0,5
13,Juice & Smoothie,2023-04-24,1.5,37,1.0,3
13,Juice & Smoothie,2023-05-07,1.4772727272727273,48,1.1607142857142856,4
13,Juice & Smoothie,2023-05-15,1.2777777777777777,28,1.5,6
13,Juice & Smoothie,2023-06-03,0.75,23,0.5882352941176471,9
13,Juice & Smoothie,2023-06-06,1.2019230769230769,28,1.6,5
13,Juice & Smoothie,2023-06-29,0.8181818181818182,27,0.7032085561497327,10
13,Juice & Smoothie,2023-07-01,1.0645833333333332,32,1.097902097902098,4
13,Juice & Smoothie,2023-07-08,1.5714285714285714,65,1.5714285714285714,5
13,Juice & Smoothie,2023-07-10,0.8181818181818182,29,0.8181818181818182,11
13,Juice & Smoothie,2023-07-30,1.0634920634920635,40,1.6,7
13,Juice & Smoothie,2023-08-09,0.8706293706293706,36,1.0,13
13,Juice & Smoothie,2023-08-18,1.1071428571428572,48,1.675,8
13,Juice & Smoothie,2023-09-03,1.1764705882352942,51,1.3333333333333335,10
13,Juice & Smoothie,2023-09-04,1.0645833333333332,42,0.9230769230769231,5
13,Juice & Smoothie,2023-09-26,1.8957219251336899,89,1.5,13
13,Juice & Smoothie,2023-09-28,1.5,96,1.4545454545454546,11
13,Juice & Smoothie,2023-10-20,1.4285714285714286,93,1.2999999999999998,10
13,Juice & Smoothie,2023-10-27,0.8990384615384616,52,0.9090909090909092,16
13,Juice & Smoothie,2023-11-14,1.2361111111111112,68,1.0714285714285714,12
13,Juice & Smoothie,2023-11-20,1.9545454545454546,100,1.5833333333333335,16
13,Juice & Smoothie,2023-11-30,1.8957219251336899,104,1.5,17
13,Juice & Smoothie,2023-12-04,1.2666666666666666,73,1.0714285714285714,14
13,Juice & Smoothie,2023-12-26,1.5683229813664596,128,0.8901098901098901,16
13,Juice & Smoothie,2024-01-18,1.275,78,1.7142857142857142,11
13,Juice & Smoothie,2024-02-13,1.5714285714285714,145,0.9230769230769231,17
13,Juice & Smoothie,2024-02-18,1.4285714285714286,131,1.0,15
13,Juice & Smoothie,2024-02-22,1.5714285714285714,149,0.9615384615384616,18
13,Juice & Smoothie,2024-02-26,1.225,84,1.657142857142857,12
13,Juice & Smoothie,2024-02-27,1.0,75,1.0,18
13,Juice & Smoothie,2024-02-28,1.5714285714285714,151,0.9615384615384616,20
13,Juice & Smoothie,2024-03-26,1.4083333333333332,140,1.0,16
13,Juice & Smoothie,2024-04-15,1.225,92,1.5857142857142859,14
13,Juice & Smoothie,2024-04-23,1.5714285714285714,175,1.2272727272727273,22
13,Juice & Smoothie,2024-06-04,1.5714285714285714,198,1.2272727272727273,26
13,Juice & Smoothie,2024-06-05,1.1833333333333333,100,1.5857142857142859,16
13,Juice & Smoothie,2024-06-17,1.5714285714285714,200,1.4545454545454546,27
13,Juice & Smoothie,2024-06-29,1.2727272727272727,127,1.3333333333333333,19
13,Juice & Smoothie,2024-07-06,1.4,172,1.1714285714285713,24
13,Juice & Smoothie,2024-07-13,2.1180555555555554,160,1.6904761904761905,22
13,Juice & Smoothie,2024-08-14,1.6416666666666666,110,1.0769230769230769,12
13,Juice & Smoothie,2024-08-23,1.2086956521739132,144,1.2,21
13,Juice & Smoothie,2024-08-30,1.5789473684210527,99,0.8333333333333334,9
13,Juice & Smoothie,2024-08-31,1.5,233,1.4545454545454546,29
13,Juice & Smoothie,2024-09-03,2.0860445205479454,174,1.8333333333333333,27
13,Juice & Smoothie,2024-09-05,1.5833333333333333,101,0.8782051282051282,10
13,Juice & Smoothie,2024-09-06,1.2173913043478262,147,1.2666666666666666,22
13,Juice & Smoothie,2024-09-20,1.5916666666666668,102,0.9230769230769231,11
13,Juice & Smoothie,2024-09-26,0.9615384615384616,110,0.8090909090909091,24
13,Juice & Smoothie,2024-09-28,1.396969696969697,196,1.2,30
13,Juice & Smoothie,2024-10-11,1.1538461538461537,125,1.5,23
13,Juice & Smoothie,2024-10-27,1.4796992481203008,254,1.4545454545454546,33
13,Juice & Smoothie,2024-11-06,1.2264957264957266,158,1.3333333333333333,24
13,Juice & Smoothie,2024-11-19,1.1666666666666667,127,1.5357142857142856,24
13,Juice & Smoothie,2024-12-02,1.1666666666666667,127,1.5357142857142856,24
13,Juice & Smoothie,2024-12-09,1.4,207,1.2,31
13,Juice & Smoothie,2024-12-14,0.9198717948717949,118,0.8,25
13,Juice & Smoothie,2024-12-22,2.125,199,1.6904761904761905,32
13,Merchandise,2023-01-06,1.0,0,1.0,0
13,Merchandise,2023-01-08,1.0,0,1.0,0
13,Merchandise,2023-01-20,1.5227272727272727,4,1.5227272727272727,0
13,Merchandise,2023-01-25,1.0,0,1.0,0
13,Merchandise,2023-01-30,0.6666666666666666,3,0.8787878787878787,2
13,Merchandise,2023-02-01,2.933333333333333,7,1.8,1
13,Merchandise,2023-02-20,0.6666666666666666,5,0.6666666666666666,1
13,Merchandise,2023-03-14,1.0384615384615383,32,0.75,3
13,Merchandise,2023-03-17,1.8375,16,1.2333333333333334,4
13,Merchandise,2023-03-28,0.7442455242966752,16,0.5,3
13,Merchandise,2023-04-14,0.8148148148148148,21,0.5833333333333333,4
13,Merchandise,2023-04-19,1.0,17,0.6666666666666666,7
13,Merchandise,2023-04-20,1.4642857142857144,24,1.6666666666666667,5
13,Merchandise,2023-04-24,1.4,37,1.0,3
13,Merchandise,2023-05-07,1.2982456140350878,48,0.7596153846153846,4
13,Merchandise,2023-05-15,1.4642857142857144,28,2.1666666666666665,6
13,Merchandise,2023-06-03,1.0769230769230769,23,0.6666666666666666,9
13,Merchandise,2023-06-06,0.8359788359788359,28,0.6666666666666666,5
13,Merchandise,2023-06-29,0.8,27,0.5833333333333333,10
13,Merchandise,2023-07-01,1.2,32,0.7083333333333333,4
13,Merchandise,2023-07-08,1.3333333333333333,65,0.75,5
13,Merchandise,2023-07-10,0.8421052631578947,29,0.6666666666666666,11
13,Merchandise,2023-07-30,0.9285714285714286,40,0.6666666666666666,7
13,Merchandise,2023-08-09,0.775,36,0.5,13
13,Merchandise,2023-08-18,0.7987117552334944,48,0.5833333333333333,8
13,Merchandise,2023-09-03,1.3333333333333333,51,1.6666666666666667,10
13,Merchandise,2023-09-04,1.225,42,0.75,5
13,Merchandise,2023-09-26,1.8571428571428572,89,1.8,13
13,Merchandise,2023-09-28,1.3333333333333333,96,1.2,11
13,Merchandise,2023-10-20,1.3333333333333333,93,1.5,10
13,Merchandise,2023-10-27,0.8090909090909091,52,0.5,16
13,Merchandise,2023-11-14,1.3333333333333333,68,1.7083333333333335,12
13,Merchandise,2023-11-20,1.8214285714285714,100,1.7333333333333334,16
13,Merchandise,2023-11-30,1.8214285714285714,104,1.6666666666666667,17
13,Merchandise,2023-12-04,1.3333333333333333,73,1.7083333333333335,14
13,Merchandise,2023-12-26,1.4511278195488722,128,1.1555555555555554,16
13,Merchandise,2024-01-18,1.0,78,0.6666666666666666,11
13,Merchandise,2024-02-13,1.5,145,1.2,17
13,Merchandise,2024-02-18,1.4285714285714286,131,1.3333333333333333,15
13,Merchandise,2024-02-22,1.5,149,1.2666666666666666,18
13,Merchandise,2024-02-26,1.0,84,0.9333333333333333,12
13,Merchandise,2024-02-27,0.8421052631578947,75,0.5833333333333333,18
13,Merchandise,2024-02-28,1.4736842105263157,151,1.1555555555555554,20
13,Merchandise,2024-03-26,1.4285714285714286,140,1.3333333333333333,16
13,Merchandise,2024-04-15,1.0384615384615383,92,0.9333333333333333,14
13,Merchandise,2024-04-23,1.5,175,1.1555555555555554,22
13,Merchandise,2024-06-04,1.4285714285714286,198,1.2666666666666666,26
13,Merchandise,2024-06-05,1.0884615384615386,100,1.225,16
13,Merchandise,2024-06-17,1.4511278195488722,200,1.3333333333333333,27
13,Merchandise,2024-06-29,1.3333333333333333,127,1.6666666666666667,19
13,Merchandise,2024-07-06,1.3333333333333333,172,1.25,24
13,Merchandise,2024-07-13,2.08125,160,1.7083333333333335,22
13,Merchandise,2024-08-14,1.625,110,1.5,12
13,Merchandise,2024-08-23,1.25,144,1.6666666666666667,21
13,Merchandise,2024-08-30,1.4285714285714286,99,0.75,9
13,Merchandise,2024-08-31,1.375,233,1.3333333333333333,29
13,Merchandise,2024-09-03,2.0,174,1.6666666666666667,27
13,Merchandise,2024-09-05,1.375,101,0.7083333333333333,10
13,Merchandise,2024-09-06,1.25,147,1.6666666666666667,22
13,Merchandise,2024-09-20,1.4017857142857144,102,0.75,11
13,Merchandise,2024-09-26,1.0,110,0.5833333333333333,24
13,Merchandise,2024-09-28,1.3333333333333333,196,1.25,30
13,Merchandise,2024-10-11,1.0769230769230769,125,1.0,23
13,Merchandise,2024-10-27,1.375,254,1.3333333333333333,33
13,Merchandise,2024-11-06,1.25,158,1.6666666666666667,24
13,Merchandise,2024-11-19,1.0,127,1.0,24
13,Merchandise,2024-12-02,1.0,127,1.0,24
13,Merchandise,2024-12-09,1.3636363636363635,207,1.25,31
13,Merchandise,2024-12-14,1.0,118,0.6666666666666666,25
13,Merchandise,2024-12-22,2.0,199,1.6666666666666667,32
13,Savory Bakery,2023-01-06,1.0,0,1.0,0
13,Savory Bakery,2023-01-08,1.0,0,1.0,0
13,Savory Bakery,2023-01-20,1.190909090909091,4,1.190909090909091,0
13,Savory Bakery,2023-01-25,1.0,0,1.0,0
13,Savory Bakery,2023-01-30,0.6190476190476191,3,0.5989974937343359,2
13,Savory Bakery,2023-02-01,2.210526315789474,7,2.210526315789474,1
13,Savory Bakery,2023-02-20,1.0740740740740742,5,0.8181818181818182,1
13,Savory Bakery,2023-03-14,1.2652129817444218,32,1.4545454545454546,3
13,Savory Bakery,2023-03-17,1.915544675642595,16,2.430263157894737,4
13,Savory Bakery,2023-03-28,1.1973684210526316,16,1.3636363636363635,3
13,Savory Bakery,2023-04-14,1.3636363636363635,21,1.396103896103896,4
13,Savory Bakery,2023-04-19,1.032258064516129,17,0.75,7
13,Savory Bakery,2023-04-20,1.1440872560275546,24,1.05,5
13,Savory Bakery,2023-04-24,1.3170731707317074,37,0.9473684210526315,3
13,Savory Bakery,2023-05-07,1.4329170024174052,48,1.6606060606060606,4
13,Savory Bakery,2023-05-15,1.1981351981351982,28,1.49375,6
13,Savory Bakery,2023-06-03,1.032258064516129,23,0.8,9
13,Savory Bakery,2023-06-06,1.3068181818181817,28,1.3636363636363635,5
13,Savory Bakery,2023-06-29,0.9090909090909091,27,0.8545454545454545,10
13,Savory Bakery,2023-07-01,1.1507575757575759,32,0.8888888888888888,4
13,Savory Bakery,2023-07-08,1.386138613861386,65,1.4545454545454546,5
13,Savory Bakery,2023-07-10,0.8333333333333334,29,0.8333333333333334,11
13,Savory Bakery,2023-07-30,1.239110707803993,40,1.3636363636363635,7
13,Savory Bakery,2023-08-09,0.7947368421052632,36,0.8,13
13,Savory Bakery,2023-08-18,1.194331983805668,48,1.3025078369905956,8
13,Savory Bakery,2023-09-03,1.0666666666666667,51,1.275,10
13,Savory Bakery,2023-09-04,1.1507575757575759,42,1.0,5
13,Savory Bakery,2023-09-26,1.7467948717948718,89,2.0,13
13,Savory Bakery,2023-09-28,1.368659420289855,96,1.1818181818181819,11
13,Savory Bakery,2023-10-20,1.368421052631579,93,1.2995951417004048,10
13,Savory Bakery,2023-10-27,0.7947368421052632,52,0.7279411764705883,16
13,Savory Bakery,2023-11-14,1.0717948717948718,68,1.1403846153846153,12
13,Savory Bakery,2023-11-20,1.8903903903903903,100,2.0,16
13,Savory Bakery,2023-11-30,1.8983268983268982,104,2.0,17
13,Savory Bakery,2023-12-04,1.0666666666666667,73,1.1403846153846153,14
13,Savory Bakery,2023-12-26,1.4329170024174052,128,1.2967914438502675,16
13,Savory Bakery,2024-01-18,1.2573529411764706,78,1.2413793103448276,11
13,Savory Bakery,2024-02-13,1.441860465116279,145,1.411764705882353,17
13,Savory Bakery,2024-02-18,1.4285714285714286,131,1.368421052631579,15
13,Savory Bakery,2024-02-22,1.441860465116279,149,1.4331550802139037,18
13,Savory Bakery,2024-02-26,1.2687165775401068,84,1.2360742705570291,12
13,Savory Bakery,2024-02-27,0.9090909090909091,75,0.775,18
13,Savory Bakery,2024-02-28,1.441860465116279,151,1.4331550802139037,20
13,Savory Bakery,2024-03-26,1.4264069264069263,140,1.3842105263157896,16
13,Savory Bakery,2024-04-15,1.2573529411764706,92,1.1778846153846154,14
13,Savory Bakery,2024-04-23,1.469387755102041,175,1.33921568627451,22
13,Savory Bakery,2024-06-04,1.4629464285714286,198,1.33921568627451,26
13,Savory Bakery,2024-06-05,1.2456896551724137,100,1.1778846153846154,16
13,Savory Bakery,2024-06-17,1.4558441558441557,200,1.3043478260869565,27
13,Savory Bakery,2024-06-29,1.21875,127,1.375,19
13,Savory Bakery,2024-07-06,1.4264069264069263,172,1.3717105263157894,24
13,Savory Bakery,2024-07-13,2.0,160,2.0,22
13,Savory Bakery,2024-08-14,1.5222816399286987,110,1.0625,12
13,Savory Bakery,2024-08-23,1.1498397435897436,144,1.2307692307692308,21
13,Savory Bakery,2024-08-30,1.5357142857142858,99,1.4375,9
13,Savory Bakery,2024-08-31,1.3888888888888888,233,1.3043478260869565,29
13,Savory Bakery,2024-09-03,2.0,174,1.9473684210526316,27
13,Savory Bakery,2024-09-05,1.5116279069767442,101,1.3854166666666665,10
13,Savory Bakery,2024-09-06,1.1343283582089552,147,1.180602006688963,22
13,Savory Bakery,2024-09-20,1.505813953488372,102,1.3333333333333333,11
13,Savory Bakery,2024-09-26,0.906158357771261,110,0.75,24
13,Savory Bakery,2024-09-28,1.3976744186046512,196,1.3660287081339713,30
13,Savory Bakery,2024-10-11,1.2328767123287672,125,1.125,23
13,Savory Bakery,2024-10-27,1.4085850556438793,254,1.411764705882353,33
13,Savory Bakery,2024-11-06,1.1323815704088254,158,1.180602006688963,24
13,Savory Bakery,2024-11-19,1.2328767123287672,127,1.1009615384615383,24
13,Savory Bakery,2024-12-02,1.2328767123287672,127,1.1009615384615383,24
13,Savory Bakery,2024-12-09,1.4242424242424243,207,1.368421052631579,31
13,Savory Bakery,2024-12-14,0.9145454545454546,118,0.75,25
13,Savory Bakery,2024-12-22,2.0,199,1.9403508771929825,32
13,Tea,2023-01-06,1.0,0,1.0,0
13,Tea,2023-01-08,1.0,0,1.0,0
13,Tea,2023-01-20,1.472463768115942,4,1.472463768115942,0
13,Tea,2023-01-25,1.0,0,1.0,0
13,Tea,2023-01-30,0.5098039215686274,3,0.45860566448801743,2
13,Tea,2023-02-01,2.050632911392405,7,2.0833333333333335,1
13,Tea,2023-02-20,1.0384615384615385,5,1.0,1
13,Tea,2023-03-14,1.2259158751696067,32,0.9,3
13,Tea,2023-03-17,2.066983122362869,16,2.279761904761905,4
13,Tea,2023-03-28,1.1546498493975905,16,1.0,3
13,Tea,2023-04-14,1.1686746987951808,21,1.0555555555555556,4
13,Tea,2023-04-19,0.7586206896551724,17,0.625,7
13,Tea,2023-04-20,1.27541928721174,24,1.4090909090909092,5
13,Tea,2023-04-24,1.338235294117647,37,1.2,3
13,Tea,2023-05-07,1.3103111891522778,48,1.2277777777777779,4
13,Tea,2023-05-15,1.3573232323232323,28,1.4245454545454546,6
13,Tea,2023-06-03,0.8148148148148148,23,0.696969696969697,9
13,Tea,2023-06-06,1.134415064102564,28,1.1111111111111112,5
13,Tea,2023-06-29,0.7692307692307693,27,0.6609848484848485,10
13,Tea,2023-07-01,1.165909090909091,32,1.0963949843260188,4
13,Tea,2023-07-08,1.3770491803278688,65,1.0869565217391304,5
13,Tea,2023-07-10,0.7692307692307693,29,0.696969696969697,11
13,Tea,2023-07-30,1.1205541770057899,40,1.1282051282051282,7
13,Tea,2023-08-09,0.7543103448275862,36,0.625,13
13,Tea,2023-08-18,1.1205541770057899,48,1.1196581196581197,8
13,Tea,2023-09-03,1.15,51,1.412878787878788,10
13,Tea,2023-09-04,1.2045454545454546,42,1.0526315789473684,5
13,Tea,2023-09-26,1.8900134952766532,89,1.9545454545454546,13
13,Tea,2023-09-28,1.3103111891522778,96,1.105263157894737,11
13,Tea,2023-10-20,1.2873563218390804,93,1.2139588100686498,10
13,Tea,2023-10-27,0.7646153846153847,52,0.6609848484848485,16
13,Tea,2023-11-14,1.1978557504873293,68,1.412878787878788,12
13,Tea,2023-11-20,1.891812865497076,100,1.7225274725274726,16
13,Tea,2023-11-30,1.891812865497076,104,1.7307692307692308,17
13,Tea,2023-12-04,1.2105263157894737,73,1.412878787878788,14
13,Tea,2023-12-26,1.414607948442535,128,1.4105263157894736,16
13,Tea,2024-01-18,1.1752464403066814,78,1.1282051282051282,11
13,Tea,2024-02-13,1.4385964912280702,145,1.4,17
13,Tea,2024-02-18,1.4,131,1.2,15
13,Tea,2024-02-22,1.4385964912280702,149,1.3666666666666667,18
13,Tea,2024-02-26,1.1827458256029684,84,1.1559392987964416,12
13,Tea,2024-02-27,0.9090909090909091,75,0.7234848484848485,18
13,Tea,2024-02-28,1.4246575342465753,151,1.3518518518518519,20
13,Tea,2024-03-26,1.3844574780058652,140,1.2,16
13,Tea,2024-04-15,1.186176357335387,92,1.1559392987964416,14
13,Tea,2024-04-23,1.4615384615384615,175,1.3518518518518519,22
13,Tea,2024-06-04,1.4607692307692308,198,1.4105263157894736,26
13,Tea,2024-06-05,1.19272543571609,100,1.1559392987964416,16
13,Tea,2024-06-17,1.4597297297297298,200,1.4,27
13,Tea,2024-06-29,1.2577319587628866,127,1.44,19
13,Tea,2024-07-06,1.355684811237928,172,1.1789473684210527,24
13,Tea,2024-07-13,2.0449242988334575,160,1.9772727272727273,22
13,Tea,2024-08-14,1.5474290780141844,110,1.3877005347593583,12
13,Tea,2024-08-23,1.190883190883191,144,1.4166666666666667,21
13,Tea,2024-08-30,1.5454545454545454,99,0.9655172413793104,9
13,Tea,2024-08-31,1.4150943396226414,233,1.4210526315789473,29
13,Tea,2024-09-03,2.0,174,1.7307692307692308,27
13,Tea,2024-09-05,1.518987341772152,101,0.9549808429118773,10
13,Tea,2024-09-06,1.1851851851851851,147,1.412878787878788,22
13,Tea,2024-09-20,1.5150492264416315,102,0.9655172413793104,11
13,Tea,2024-09-26,0.8947044334975369,110,0.6168478260869565,24
13,Tea,2024-09-28,1.3038461538461539,196,1.1789473684210527,30
13,Tea,2024-10-11,1.1686746987951808,125,1.0952380952380953,23
13,Tea,2024-10-27,1.407785336356765,254,1.4210526315789473,33
13,Tea,2024-11-06,1.1967754467754468,158,1.412878787878788,24
13,Tea,2024-11-19,1.1686746987951808,127,1.0598141695702672,24
13,Tea,2024-12-02,1.1686746987951808,127,1.0598141695702672,24
13,Tea,2024-12-09,1.337837837837838,207,1.2,31
13,Tea,2024-12-14,0.9028213166144201,118,0.625,25
13,Tea,2024-12-22,2.0,199,1.8097826086956523,32
14,Bakery,2023-01-28,2.217391304347826,5,2.217391304347826,0
14,Bakery,2023-02-27,0.8866666666666667,6,0.7297297297297297,1
14,Bakery,2023-03-01,0.9066666666666666,7,0.880328782390638,2
14,Bakery,2023-03-11,0.9459459459459459,9,1.0309278350515463,3
14,Bakery,2023-03-23,1.0,15,1.0,0
14,Bakery,2023-04-04,1.0392734413352969,18,1.0571428571428572,6
14,Bakery,2023-04-09,1.0476190476190477,19,1.0666666666666667,7
14,Bakery,2023-04-29,2.375752508361204,30,2.4138388123011665,6
14,Bakery,2023-05-08,1.4,43,2.1454545454545455,5
14,Bakery,2023-05-22,1.2695652173913043,55,1.3630393996247654,12
14,Bakery,2023-06-06,1.3944444444444444,52,1.8833333333333333,8
14,Bakery,2023-06-20,1.2608695652173914,33,1.3142857142857143,7
14,Bakery,2023-06-24,1.6808510638297873,25,2.2855755220981058,2
14,Bakery,2023-06-27,1.0666666666666667,35,1.4773706896551724,10
14,Bakery,2023-06-28,1.3333333333333333,59,1.3911028730305839,14
14,Bakery,2023-07-03,1.2727272727272727,61,1.3846153846153846,15
14,Bakery,2023-07-13,1.2291666666666667,37,1.3142857142857143,9
14,Bakery,2023-07-23,1.9836065573770492,59,1.972972972972973,16
14,Bakery,2023-07-28,1.2727272727272727,69,1.3846153846153846,17
14,Bakery,2023-08-04,1.2727272727272727,73,1.3911028730305839,18
14,Bakery,2023-08-10,1.2727272727272727,79,1.3846153846153846,19
14,Bakery,2023-08-11,1.2941176470588236,81,1.3911028730305839,20
14,Bakery,2023-08-18,1.0465367965367967,48,1.4375,13
14,Bakery,2023-09-01,1.1818181818181819,41,1.4866739686016794,6
14,Bakery,2023-09-02,1.1503436426116838,50,1.183673469387755,11
14,Bakery,2023-09-05,1.3214285714285714,83,1.4132916053019144,16
14,Bakery,2023-09-17,1.183673469387755,55,1.3142857142857143,13
14,Bakery,2023-10-12,1.9473319473319473,84,1.8888888888888888,25
14,Bakery,2023-10-30,1.2266666666666666,51,1.7189984101748808,10
14,Bakery,2023-11-11,1.6571428571428573,53,1.5969345484672743,6
14,Bakery,2023-12-04,1.1272727272727272,69,1.2244897959183674,17
14,Bakery,2023-12-24,1.6916491963661775,64,1.8518518518518519,9
14,Bakery,2023-12-25,0.8439201451905627,64,1.7391304347826086,7
14,Bakery,2023-12-30,1.3953488372093024,129,1.4415584415584415,28
14,Bakery,2024-01-06,1.2546296296296298,86,1.5119047619047619,22
14,Bakery,2024-01-08,1.973284760170006,112,1.972972972972973,32
14,Bakery,2024-01-11,1.4285714285714286,135,1.4772727272727273,30
14,Bakery,2024-02-18,1.425,131,1.467381174277726,30
14,Bakery,2024-02-24,1.7142857142857142,69,1.9794973544973544,10
14,Bakery,2024-03-09,1.716117216117216,70,1.8571428571428572,11
14,Bakery,2024-03-14,1.425,137,1.4864864864864864,31
14,Bakery,2024-03-27,2.029469122426869,130,1.972972972972973,34
14,Bakery,2024-03-28,2.0310096153846153,132,2.0,35
14,Bakery,2024-04-05,1.4022988505747127,77,1.8611111111111112,17
14,Bakery,2024-06-09,1.439252336448598,199,1.5127118644067796,40
14,Bakery,2024-06-20,1.5,89,2.0,20
14,Bakery,2024-06-25,1.7061994609164421,92,1.9047619047619047,14
14,Bakery,2024-06-26,2.03125,157,1.972972972972973,40
14,Bakery,2024-07-09,1.6938841899804815,98,1.8753799392097266,16
14,Bakery,2024-07-14,1.3964695993275429,214,1.5127118644067796,44
14,Bakery,2024-07-29,1.0,101,1.3043478260869565,13
14,Bakery,2024-08-06,2.0210526315789474,167,1.8888888888888888,43
14,Bakery,2024-08-10,1.389676113360324,226,1.4772727272727273,46
14,Bakery,2024-09-13,1.1428571428571428,119,1.4606854838709677,28
14,Bakery,2024-10-06,1.3827838827838828,246,1.4415584415584415,50
14,Bakery,2024-11-09,1.380952380952381,259,1.4285714285714286,51
14,Bakery,2024-11-14,1.393939393939394,207,1.3524928548745634,40
14,Bakery,2024-11-16,0.9673611111111111,118,1.2195121951219512,15
14,Bakery,2024-11-17,1.1128775834658189,158,1.31890756302521,36
14,Bakery,2024-11-23,0.9673611111111111,118,1.2195121951219512,15
14,Bakery,2024-11-24,2.028169014084507,199,1.8888888888888888,47
14,Bakery,2024-12-02,0.9673611111111111,118,1.2195121951219512,15
14,Bakery,2024-12-05,1.380952380952381,259,1.4285714285714286,51
14,Bakery,2024-12-19,1.437799043062201,106,1.8611111111111112,23
14,Chocolate & Milk,2023-01-28,2.380952380952381,5,2.380952380952381,0
14,Chocolate & Milk,2023-02-27,0.7889492753623188,6,0.8695652173913043,1
14,Chocolate & Milk,2023-03-01,0.8695652173913043,7,0.9704968944099379,2
14,Chocolate & Milk,2023-03-11,1.0,9,1.0714285714285714,3
14,Chocolate & Milk,2023-03-23,0.8461538461538461,15,0.8461538461538461,0
14,Chocolate & Milk,2023-04-04,1.0357142857142856,18,1.7097872340425533,6
14,Chocolate & Milk,2023-04-09,1.0714285714285714,19,1.6595744680851063,7
14,Chocolate & Milk,2023-04-29,2.2693798449612403,30,2.4241417497231454,6
14,Chocolate & Milk,2023-05-08,1.3636363636363635,43,2.0476190476190474,5
14,Chocolate & Milk,2023-05-22,1.3043478260869565,55,1.2574370709382152,12
14,Chocolate & Milk,2023-06-06,1.4557848194546796,52,1.8166666666666667,8
14,Chocolate & Milk,2023-06-20,1.3,33,2.0,7
14,Chocolate & Milk,2023-06-24,1.68,25,2.3719512195121952,2
14,Chocolate & Milk,2023-06-27,1.0,35,1.6446020488573678,10
14,Chocolate & Milk,2023-06-28,1.35,59,1.3271739130434783,14
14,Chocolate & Milk,2023-07-03,1.3333333333333333,61,1.6875,15
14,Chocolate & Milk,2023-07-13,1.24,37,2.0,9
14,Chocolate & Milk,2023-07-23,1.935483870967742,59,1.8625,16
14,Chocolate & Milk,2023-07-28,1.2941176470588236,69,1.3043478260869565,17
14,Chocolate & Milk,2023-08-04,1.2608695652173914,73,1.2574370709382152,18
14,Chocolate & Milk,2023-08-10,1.25,79,1.2105263157894737,19
14,Chocolate & Milk,2023-08-11,1.2608695652173914,81,1.2574370709382152,20
14,Chocolate & Milk,2023-08-18,1.0,48,1.6296296296296295,13
14,Chocolate & Milk,2023-09-01,1.4545454545454546,41,1.5543478260869565,6
14,Chocolate & Milk,2023-09-02,1.227922077922078,50,1.6666666666666667,11
14,Chocolate & Milk,2023-09-05,1.25,83,1.5741935483870968,16
14,Chocolate & Milk,2023-09-17,1.2285714285714286,55,1.6666666666666667,13
14,Chocolate & Milk,2023-10-12,1.8699324324324325,84,1.7551020408163265,25
14,Chocolate & Milk,2023-10-30,1.5416666666666667,51,1.9,10
14,Chocolate & Milk,2023-11-11,1.6862745098039216,53,2.3719512195121952,6
14,Chocolate & Milk,2023-12-04,1.1,69,1.4444444444444444,17
14,Chocolate & Milk,2023-12-24,1.7756892230576442,64,2.5,9
14,Chocolate & Milk,2023-12-25,0.9115384615384616,64,1.6333333333333333,7
14,Chocolate & Milk,2023-12-30,1.4444444444444444,129,1.4238095238095236,28
14,Chocolate & Milk,2024-01-06,1.2679425837320575,86,1.7380952380952381,22
14,Chocolate & Milk,2024-01-08,1.9083333333333332,112,1.8313172043010753,32
14,Chocolate & Milk,2024-01-11,1.4615384615384615,135,1.4666666666666666,30
14,Chocolate & Milk,2024-02-18,1.3636363636363635,131,1.33125,30
14,Chocolate & Milk,2024-02-24,1.7894736842105263,69,2.541666666666667,10
14,Chocolate & Milk,2024-03-09,1.7947368421052632,70,2.5833333333333335,11
14,Chocolate & Milk,2024-03-14,1.3636363636363635,137,1.35,31
14,Chocolate & Milk,2024-03-27,1.9435612082670906,130,1.8799283154121862,34
14,Chocolate & Milk,2024-03-28,1.9435612082670906,132,1.8888888888888888,35
14,Chocolate & Milk,2024-04-05,1.5714285714285714,77,1.96,17
14,Chocolate & Milk,2024-06-09,1.4444444444444444,199,1.4721362229102168,40
14,Chocolate & Milk,2024-06-20,1.6153846153846154,89,2.166666666666667,20
14,Chocolate & Milk,2024-06-25,1.7756892230576442,92,2.541666666666667,14
14,Chocolate & Milk,2024-06-26,1.9767441860465116,157,1.911111111111111,40
14,Chocolate & Milk,2024-07-09,1.6931372549019608,98,2.4558823529411766,16
14,Chocolate & Milk,2024-07-14,1.3879598662207357,214,1.4666666666666666,44
14,Chocolate & Milk,2024-07-29,0.9473684210526315,101,1.625,13
14,Chocolate & Milk,2024-08-06,1.945945945945946,167,1.8709677419354838,43
14,Chocolate & Milk,2024-08-10,1.3827838827838828,226,1.4238095238095236,46
14,Chocolate & Milk,2024-09-13,1.1428571428571428,119,1.4603174603174605,28
14,Chocolate & Milk,2024-10-06,1.3556756756756756,246,1.3625,50
14,Chocolate & Milk,2024-11-09,1.36,259,1.375,51
14,Chocolate & Milk,2024-11-14,1.2727272727272727,207,1.287828947368421,40
14,Chocolate & Milk,2024-11-16,0.9430719656283566,118,1.3846153846153846,15
14,Chocolate & Milk,2024-11-17,1.175170068027211,158,1.384469696969697,36
14,Chocolate & Milk,2024-11-23,0.9430719656283566,118,1.3846153846153846,15
14,Chocolate & Milk,2024-11-24,1.9767441860465116,199,1.8709677419354838,47
14,Chocolate & Milk,2024-12-02,0.9430719656283566,118,1.3846153846153846,15
14,Chocolate & Milk,2024-12-05,1.36,259,1.375,51
14,Chocolate & Milk,2024-12-19,1.5700280112044818,106,1.96,23
14,Coffee,2023-01-28,1.9326923076923077,5,1.9326923076923077,0
14,Coffee,2023-02-27,0.8060480530240265,6,0.5733333333333334,1
14,Coffee,2023-03-01,0.8591549295774648,7,1.0345658263305322,2
14,Coffee,2023-03-11,1.103942652329749,9,1.4321608040201006,3
14,Coffee,2023-03-23,0.8169014084507042,15,0.8169014084507042,0
14,Coffee,2023-04-04,1.0726064382139149,18,1.2769869175907869,6
14,Coffee,2023-04-09,1.1022222222222222,19,1.4321608040201006,7
14,Coffee,2023-04-29,2.150440495744363,30,2.181183658906431,6
14,Coffee,2023-05-08,1.4265734265734267,43,1.5591836734693878,5
14,Coffee,2023-05-22,1.32,55,1.3370186335403726,12
14,Coffee,2023-06-06,1.4201832650108512,52,1.4864883884588318,8
14,Coffee,2023-06-20,1.1636363636363636,33,1.392,7
14,Coffee,2023-06-24,1.5225806451612902,25,2.046424164071223,2
14,Coffee,2023-06-27,1.1218130311614731,35,1.6797173414820472,10
14,Coffee,2023-06-28,1.3370786516853932,59,1.3770186335403727,14
14,Coffee,2023-07-03,1.3419354838709678,61,1.4,15
14,Coffee,2023-07-13,1.1111111111111112,37,1.392,9
14,Coffee,2023-07-23,1.875776397515528,59,1.6921360612949399,16
14,Coffee,2023-07-28,1.32,69,1.4,17
14,Coffee,2023-08-04,1.2911392405063291,73,1.4146282973621103,18
14,Coffee,2023-08-10,1.2734375,79,1.4292565947242206,19
14,Coffee,2023-08-11,1.2734375,81,1.4146282973621103,20
14,Coffee,2023-08-18,1.1030824372759858,48,1.4321608040201006,13
14,Coffee,2023-09-01,1.2873563218390804,41,1.4850513453789158,6
14,Coffee,2023-09-02,1.0772244174955716,50,1.392,11
14,Coffee,2023-09-05,1.372168284789644,83,1.3929806941189598,16
14,Coffee,2023-09-17,1.1111111111111112,55,1.392,13
14,Coffee,2023-10-12,1.7159159159159159,84,1.696551724137931,25
14,Coffee,2023-10-30,1.3333333333333333,51,1.8020945731513804,10
14,Coffee,2023-11-11,1.5909090909090908,53,1.8318702574021724,6
14,Coffee,2023-12-04,1.132867132867133,69,1.304812834224599,17
14,Coffee,2023-12-24,1.6694347319347318,64,2.0549450549450547,9
14,Coffee,2023-12-25,0.9189296547739418,64,1.6090909090909091,7
14,Coffee,2023-12-30,1.3540372670807452,129,1.4525928896017108,28
14,Coffee,2024-01-06,1.2815481686672823,86,1.6532199628640007,22
14,Coffee,2024-01-08,1.8480192416525183,112,1.823586744639376,32
14,Coffee,2024-01-11,1.3695090439276485,135,1.4525928896017108,30
14,Coffee,2024-02-18,1.403560830860534,131,1.3717984281091078,30
14,Coffee,2024-02-24,1.7082066869300911,69,2.1629865461641162,10
14,Coffee,2024-03-09,1.7136539052627984,70,2.0549450549450547,11
14,Coffee,2024-03-14,1.3894736842105264,137,1.372168284789644,31
14,Coffee,2024-03-27,1.9106117353308365,130,1.904252155813262,34
14,Coffee,2024-03-28,1.9113566605279313,132,1.9576271186440677,35
14,Coffee,2024-04-05,1.4479166666666667,77,2.049586776859504,17
14,Coffee,2024-06-09,1.3885350318471337,199,1.4605358495537333,40
14,Coffee,2024-06-20,1.5,89,2.1323082042019204,20
14,Coffee,2024-06-25,1.7072501966118987,92,2.0061959317278464,14
14,Coffee,2024-06-26,1.9625,157,1.961572180011689,40
14,Coffee,2024-07-09,1.7072501966118987,98,2.0061959317278464,16
14,Coffee,2024-07-14,1.375157926888528,214,1.4402096927109476,44
14,Coffee,2024-07-29,0.9345794392523364,101,1.4104477611940298,13
14,Coffee,2024-08-06,1.9116022099447514,167,1.910344827586207,43
14,Coffee,2024-08-10,1.366170451167364,226,1.4146282973621103,46
14,Coffee,2024-09-13,1.140625,119,1.486360698125404,28
14,Coffee,2024-10-06,1.34226403823178,246,1.3852777104050449,50
14,Coffee,2024-11-09,1.3419354838709678,259,1.3834586466165413,51
14,Coffee,2024-11-14,1.361344537815126,207,1.3286213786213787,40
14,Coffee,2024-11-16,0.9365204888569374,118,1.4104477611940298,15
14,Coffee,2024-11-17,1.178833107191316,158,1.391488721804511,36
14,Coffee,2024-11-23,0.9365204888569374,118,1.4104477611940298,15
14,Coffee,2024-11-24,1.9285714285714286,199,1.910344827586207,47
14,Coffee,2024-12-02,0.9365204888569374,118,1.4104477611940298,15
14,Coffee,2024-12-05,1.3419354838709678,259,1.3834586466165413,51
14,Coffee,2024-12-19,1.4754983851208374,106,2.049586776859504,23
14,Juice & Smoothie,2023-01-28,1.6666666666666667,5,1.6666666666666667,0
14,Juice & Smoothie,2023-02-27,0.90625,6,1.25,1
14,Juice & Smoothie,2023-03-01,1.25,7,1.4485294117647058,2
14,Juice & Smoothie,2023-03-11,1.3846153846153846,9,1.3846153846153846,3
14,Juice & Smoothie,2023-03-23,0.6666666666666666,15,0.6666666666666666,0
14,Juice & Smoothie,2023-04-04,1.2019230769230769,18,1.2019230769230769,6
14,Juice & Smoothie,2023-04-09,1.25,19,1.25,7
14,Juice & Smoothie,2023-04-29,2.1926406926406923,30,2.96875,6
14,Juice & Smoothie,2023-05-08,1.5714285714285714,43,1.7333333333333334,5
14,Juice & Smoothie,2023-05-22,1.5,55,1.3835227272727273,12
14,Juice & Smoothie,2023-06-06,1.5357142857142856,52,1.6523809523809523,8
14,Juice & Smoothie,2023-06-20,1.2222222222222223,33,1.9,7
14,Juice & Smoothie,2023-06-24,1.8095238095238095,25,1.7613636363636365,2
14,Juice & Smoothie,2023-06-27,1.25,35,1.2019230769230769,10
14,Juice & Smoothie,2023-06-28,1.5714285714285714,59,1.6096256684491979,14
14,Juice & Smoothie,2023-07-03,1.5263157894736843,61,1.8666666666666667,15
14,Juice & Smoothie,2023-07-13,1.2173913043478262,37,1.9,9
14,Juice & Smoothie,2023-07-23,2.111111111111111,59,2.0769230769230766,16
14,Juice & Smoothie,2023-07-28,1.5263157894736843,69,1.7647058823529411,17
14,Juice & Smoothie,2023-08-04,1.5,73,1.8511029411764706,18
14,Juice & Smoothie,2023-08-10,1.4545454545454546,79,1.7647058823529411,19
14,Juice & Smoothie,2023-08-11,1.5,81,1.8511029411764706,20
14,Juice & Smoothie,2023-08-18,1.1071428571428572,48,1.25,13
14,Juice & Smoothie,2023-09-01,1.0625,41,1.8523076923076922,6
14,Juice & Smoothie,2023-09-02,1.1969309462915603,50,1.8333333333333333,11
14,Juice & Smoothie,2023-09-05,1.393939393939394,83,1.2225705329153604,16
14,Juice & Smoothie,2023-09-17,1.2173913043478262,55,1.8333333333333333,13
14,Juice & Smoothie,2023-10-12,1.9545454545454546,84,1.9090909090909092,25
14,Juice & Smoothie,2023-10-30,1.0909090909090908,51,2.2788461538461537,10
14,Juice & Smoothie,2023-11-11,1.7,53,1.5318181818181817,6
14,Juice & Smoothie,2023-12-04,1.1538461538461537,69,1.1538461538461537,17
14,Juice & Smoothie,2023-12-24,1.8247619047619048,64,1.7,9
14,Juice & Smoothie,2023-12-25,1.0,64,1.8571428571428572,7
14,Juice & Smoothie,2023-12-30,1.5714285714285714,129,1.8323529411764705,28
14,Juice & Smoothie,2024-01-06,1.2792207792207793,86,1.75,22
14,Juice & Smoothie,2024-01-08,2.0,112,1.9545454545454546,32
14,Juice & Smoothie,2024-01-11,1.5714285714285714,135,1.6948529411764706,30
14,Juice & Smoothie,2024-02-18,1.4285714285714286,131,1.2613636363636362,30
14,Juice & Smoothie,2024-02-24,1.84,69,1.773076923076923,10
14,Juice & Smoothie,2024-03-09,1.8247619047619048,70,1.7,11
14,Juice & Smoothie,2024-03-14,1.4210526315789473,137,1.2727272727272727,31
14,Juice & Smoothie,2024-03-27,2.0,130,2.0,34
14,Juice & Smoothie,2024-03-28,2.0555555555555554,132,2.0,35
14,Juice & Smoothie,2024-04-05,1.5454545454545454,77,2.272727272727273,17
14,Juice & Smoothie,2024-06-09,1.5714285714285714,199,1.7394957983193278,40
14,Juice & Smoothie,2024-06-20,1.5833333333333333,89,2.3138461538461534,20
14,Juice & Smoothie,2024-06-25,1.725,92,1.7,14
14,Juice & Smoothie,2024-06-26,2.142857142857143,157,2.0769230769230766,40
14,Juice & Smoothie,2024-07-09,1.7,98,1.773076923076923,16
14,Juice & Smoothie,2024-07-14,1.513157894736842,214,1.7032967032967032,44
14,Juice & Smoothie,2024-07-29,1.0,101,1.8,13
14,Juice & Smoothie,2024-08-06,2.0625,167,2.0,43
14,Juice & Smoothie,2024-08-10,1.5,226,1.6586538461538463,46
14,Juice & Smoothie,2024-09-13,1.1538461538461537,119,1.2019230769230769,28
14,Juice & Smoothie,2024-10-06,1.4796992481203008,246,1.6125,50
14,Juice & Smoothie,2024-11-09,1.4736842105263157,259,1.6,51
14,Juice & Smoothie,2024-11-14,1.4,207,1.25,40
14,Juice & Smoothie,2024-11-16,0.9198717948717949,118,1.5,15
14,Juice & Smoothie,2024-11-17,1.2264957264957266,158,1.6458333333333335,36
14,Juice & Smoothie,2024-11-23,0.9198717948717949,118,1.5,15
14,Juice & Smoothie,2024-11-24,2.125,199,2.0,47
14,Juice & Smoothie,2024-12-02,0.9198717948717949,118,1.5,15
14,Juice & Smoothie,2024-12-05,1.4736842105263157,259,1.6,51
14,Juice & Smoothie,2024-12-19,1.6189516129032258,106,2.272727272727273,23
14,Merchandise,2023-01-28,1.8,5,1.8,0
14,Merchandise,2023-02-27,0.5833333333333333,6,1.6,1
14,Merchandise,2023-03-01,0.6666666666666666,7,1.1529411764705884,2
14,Merchandise,2023-03-11,0.6666666666666666,9,0.782608695652174,3
14,Merchandise,2023-03-23,0.8,15,0.8,0
14,Merchandise,2023-04-04,0.7987117552334944,18,0.8913043478260869,6
14,Merchandise,2023-04-09,0.8148148148148148,19,1.0,7
14,Merchandise,2023-04-29,2.291666666666667,30,2.457516339869281,6
14,Merchandise,2023-05-08,1.5,43,1.8461538461538463,5
14,Merchandise,2023-05-22,1.263157894736842,55,0.9742647058823529,12
14,Merchandise,2023-06-06,1.422222222222222,52,1.5659340659340661,8
14,Merchandise,2023-06-20,1.4285714285714286,33,1.3333333333333333,7
14,Merchandise,2023-06-24,2.0,25,2.5,2
14,Merchandise,2023-06-27,0.8148148148148148,35,1.0833333333333335,10
14,Merchandise,2023-06-28,1.3333333333333333,59,1.2291666666666665,14
14,Merchandise,2023-07-03,1.4166666666666667,61,1.3333333333333333,15
14,Merchandise,2023-07-13,1.4166666666666667,37,1.3333333333333333,9
14,Merchandise,2023-07-23,1.875,59,1.8181818181818183,16
14,Merchandise,2023-07-28,1.3333333333333333,69,1.3333333333333333,17
14,Merchandise,2023-08-04,1.3333333333333333,73,1.3541666666666665,18
14,Merchandise,2023-08-10,1.3333333333333333,79,1.375,19
14,Merchandise,2023-08-11,1.3333333333333333,81,1.3541666666666665,20
14,Merchandise,2023-08-18,0.7987117552334944,48,1.0,13
14,Merchandise,2023-09-01,1.2,41,1.619047619047619,6
14,Merchandise,2023-09-02,1.3166666666666667,50,1.3,11
14,Merchandise,2023-09-05,1.3333333333333333,83,1.2261904761904763,16
14,Merchandise,2023-09-17,1.3333333333333333,55,1.3333333333333333,13
14,Merchandise,2023-10-12,1.8571428571428572,84,1.6363636363636365,25
14,Merchandise,2023-10-30,1.2727272727272727,51,1.6666666666666667,10
14,Merchandise,2023-11-11,1.8095238095238095,53,2.333333333333333,6
14,Merchandise,2023-12-04,1.0,69,1.1428571428571428,17
14,Merchandise,2023-12-24,1.925213675213675,64,2.2,9
14,Merchandise,2023-12-25,0.8257575757575758,64,1.625,7
14,Merchandise,2023-12-30,1.4736842105263157,129,1.486842105263158,28
14,Merchandise,2024-01-06,1.3541666666666665,86,1.555023923444976,22
14,Merchandise,2024-01-08,1.875,112,1.8571428571428572,32
14,Merchandise,2024-01-11,1.4736842105263157,135,1.4511278195488722,30
14,Merchandise,2024-02-18,1.4285714285714286,131,1.2857142857142858,30
14,Merchandise,2024-02-24,1.8888888888888888,69,2.4333333333333336,10
14,Merchandise,2024-03-09,1.8492063492063493,70,2.2,11
14,Merchandise,2024-03-14,1.4285714285714286,137,1.2857142857142858,31
14,Merchandise,2024-03-27,2.0,130,1.9285714285714286,34
14,Merchandise,2024-03-28,2.05,132,2.0,35
14,Merchandise,2024-04-05,1.375,77,1.75,17
14,Merchandise,2024-06-09,1.4285714285714286,199,1.5147058823529411,40
14,Merchandise,2024-06-20,1.4666666666666666,89,1.8888888888888888,20
14,Merchandise,2024-06-25,1.6833333333333333,92,1.875,14
14,Merchandise,2024-06-26,2.1,157,2.130252100840336,40
14,Merchandise,2024-07-09,1.6666666666666667,98,1.75,16
14,Merchandise,2024-07-14,1.4,214,1.486842105263158,44
14,Merchandise,2024-07-29,1.0,101,1.3333333333333333,13
14,Merchandise,2024-08-06,2.0,167,2.0,43
14,Merchandise,2024-08-10,1.3875,226,1.4511278195488722,46
14,Merchandise,2024-09-13,1.0,119,1.25,28
14,Merchandise,2024-10-06,1.3541666666666665,246,1.4285714285714286,50
14,Merchandise,2024-11-09,1.4,259,1.4285714285714286,51
14,Merchandise,2024-11-14,1.3636363636363635,207,1.2428571428571429,40
14,Merchandise,2024-11-16,1.0,118,1.25,15
14,Merchandise,2024-11-17,1.25,158,1.4511278195488722,36
14,Merchandise,2024-11-23,1.0,118,1.25,15
14,Merchandise,2024-11-24,2.0,199,1.8571428571428572,47
14,Merchandise,2024-12-02,1.0,118,1.25,15
14,Merchandise,2024-12-05,1.4,259,1.4285714285714286,51
14,Merchandise,2024-12-19,1.4476190476190476,106,1.7777777777777777,23
14,Savory Bakery,2023-01-28,2.210526315789474,5,2.210526315789474,0
14,Savory Bakery,2023-02-27,1.2513227513227514,6,1.0740740740740742,1
14,Savory Bakery,2023-03-01,1.3658536585365855,7,1.2199638663053298,2
14,Savory Bakery,2023-03-11,1.3658536585365855,9,1.3658536585365855,3
14,Savory Bakery,2023-03-23,1.0,15,1.0,0
14,Savory Bakery,2023-04-04,1.3002392344497609,18,1.3013478818998716,6
14,Savory Bakery,2023-04-09,1.3636363636363635,19,1.3658536585365855,7
14,Savory Bakery,2023-04-29,2.0588235294117645,30,2.0338235294117646,6
14,Savory Bakery,2023-05-08,1.36,43,1.5342465753424657,5
14,Savory Bakery,2023-05-22,1.4,55,1.251596424010217,12
14,Savory Bakery,2023-06-06,1.3594871794871795,52,1.447123287671233,8
14,Savory Bakery,2023-06-20,1.1458333333333333,33,1.2592592592592593,7
14,Savory Bakery,2023-06-24,1.5789473684210527,25,2.3656716417910446,2
14,Savory Bakery,2023-06-27,1.25,35,1.629090909090909,10
14,Savory Bakery,2023-06-28,1.4,59,1.3604769152714358,14
14,Savory Bakery,2023-07-03,1.4,61,1.4246575342465753,15
14,Savory Bakery,2023-07-13,1.1343283582089552,37,1.2592592592592593,9
14,Savory Bakery,2023-07-23,1.9473684210526316,59,1.712091503267974,16
14,Savory Bakery,2023-07-28,1.3333333333333333,69,1.4246575342465753,17
14,Savory Bakery,2023-08-04,1.375,73,1.440900195694716,18
14,Savory Bakery,2023-08-10,1.3623188405797102,79,1.4246575342465753,19
14,Savory Bakery,2023-08-11,1.3623188405797102,81,1.3934881874131428,20
14,Savory Bakery,2023-08-18,1.194331983805668,48,1.44,13
14,Savory Bakery,2023-09-01,1.15,41,1.5202020202020203,6
14,Savory Bakery,2023-09-02,1.0583333333333333,50,1.2592592592592593,11
14,Savory Bakery,2023-09-05,1.3170731707317074,83,1.3277272727272726,16
14,Savory Bakery,2023-09-17,1.1343283582089552,55,1.2666666666666666,13
14,Savory Bakery,2023-10-12,1.7467948717948718,84,1.7037037037037037,25
14,Savory Bakery,2023-10-30,1.2857142857142858,51,1.7399425287356323,10
14,Savory Bakery,2023-11-11,1.5588235294117647,53,2.0404448938321536,6
14,Savory Bakery,2023-12-04,1.2307692307692308,69,1.3658536585365855,17
14,Savory Bakery,2023-12-24,1.7323383084577113,64,2.1739130434782608,9
14,Savory Bakery,2023-12-25,0.8686302010285181,64,1.7735849056603774,7
14,Savory Bakery,2023-12-30,1.4411764705882353,129,1.4495016611295681,28
14,Savory Bakery,2024-01-06,1.1538461538461537,86,1.3660287081339713,22
14,Savory Bakery,2024-01-08,1.9609154929577466,112,1.721813725490196,32
14,Savory Bakery,2024-01-11,1.441860465116279,135,1.4495016611295681,30
14,Savory Bakery,2024-02-18,1.4285714285714286,131,1.4393939393939394,30
14,Savory Bakery,2024-02-24,1.7333333333333334,69,2.2460474308300395,10
14,Savory Bakery,2024-03-09,1.7416666666666667,70,2.1739130434782608,11
14,Savory Bakery,2024-03-14,1.4285714285714286,137,1.4545454545454546,31
14,Savory Bakery,2024-03-27,2.0,130,1.8120915032679739,34
14,Savory Bakery,2024-03-28,2.0,132,1.8888888888888888,35
14,Savory Bakery,2024-04-05,1.5,77,2.0416666666666665,17
14,Savory Bakery,2024-06-09,1.457142857142857,199,1.477118119975263,40
14,Savory Bakery,2024-06-20,1.55,89,2.1425925925925924,20
14,Savory Bakery,2024-06-25,1.7323383084577113,92,2.142512077294686,14
14,Savory Bakery,2024-06-26,2.0232558139534884,157,1.8903903903903903,40
14,Savory Bakery,2024-07-09,1.6814611154752552,98,2.142512077294686,16
14,Savory Bakery,2024-07-14,1.4329170024174052,214,1.477118119975263,44
14,Savory Bakery,2024-07-29,0.9032258064516129,101,1.3125,13
14,Savory Bakery,2024-08-06,2.0,167,1.7714285714285714,43
14,Savory Bakery,2024-08-10,1.4027027027027028,226,1.463265306122449,46
14,Savory Bakery,2024-09-13,1.2307692307692308,119,1.4283333333333332,28
14,Savory Bakery,2024-10-06,1.396969696969697,246,1.463265306122449,50
14,Savory Bakery,2024-11-09,1.4054054054054055,259,1.469387755102041,51
14,Savory Bakery,2024-11-14,1.4242424242424243,207,1.3675000000000002,40
14,Savory Bakery,2024-11-16,0.9145454545454546,118,1.0952380952380953,15
14,Savory Bakery,2024-11-17,1.1323815704088254,158,1.3660287081339713,36
14,Savory Bakery,2024-11-23,0.9145454545454546,118,1.0952380952380953,15
14,Savory Bakery,2024-11-24,2.0,199,1.7352941176470589,47
14,Savory Bakery,2024-12-02,0.9145454545454546,118,1.0952380952380953,15
14,Savory Bakery,2024-12-05,1.4054054054054055,259,1.469387755102041,51
14,Savory Bakery,2024-12-19,1.523671096345515,106,2.0416666666666665,23
14,Tea,2023-01-28,2.0833333333333335,5,2.0833333333333335,0
14,Tea,2023-02-27,1.0192307692307692,6,1.0384615384615385,1
14,Tea,2023-03-01,1.0384615384615385,7,1.2211538461538463,2
14,Tea,2023-03-11,1.0551181102362204,9,1.0551181102362204,3
14,Tea,2023-03-23,0.75,15,0.75,0
14,Tea,2023-04-04,1.1546498493975905,18,1.283978397839784,6
14,Tea,2023-04-09,1.1686746987951808,19,1.386138613861386,7
14,Tea,2023-04-29,2.2123259623259623,30,2.310810810810811,6
14,Tea,2023-05-08,1.4492753623188406,43,1.9423076923076923,5
14,Tea,2023-05-22,1.3071895424836601,55,1.3654166666666665,12
14,Tea,2023-06-06,1.427340383862123,52,1.6620629370629372,8
14,Tea,2023-06-20,1.2452830188679245,33,1.794871794871795,7
14,Tea,2023-06-24,1.6666666666666667,25,2.225472813238771,2
14,Tea,2023-06-27,1.1282051282051282,35,1.439423076923077,10
14,Tea,2023-06-28,1.3134328358208955,59,1.52,14
14,Tea,2023-07-03,1.3134328358208955,61,1.6512820512820512,15
14,Tea,2023-07-13,1.1851851851851851,37,1.6347826086956523,9
14,Tea,2023-07-23,1.9795918367346939,59,2.0837962962962964,16
14,Tea,2023-07-28,1.3770491803278688,69,1.46,17
14,Tea,2023-08-04,1.3134328358208955,73,1.52,18
14,Tea,2023-08-10,1.3071895424836601,79,1.46,19
14,Tea,2023-08-11,1.3071895424836601,81,1.4185245901639343,20
14,Tea,2023-08-18,1.1205541770057899,48,1.4038461538461537,13
14,Tea,2023-09-01,1.1818181818181819,41,1.513877551020408,6
14,Tea,2023-09-02,1.1375,50,1.6347826086956523,11
14,Tea,2023-09-05,1.2873563218390804,83,1.2274944567627495,16
14,Tea,2023-09-17,1.1851851851851851,55,1.6222222222222222,13
14,Tea,2023-10-12,1.8900134952766532,84,1.9210526315789473,25
14,Tea,2023-10-30,1.2272727272727273,51,1.7122093023255816,10
14,Tea,2023-11-11,1.6666666666666667,53,1.7554006968641116,6
14,Tea,2023-12-04,1.140625,69,1.386138613861386,17
14,Tea,2023-12-24,1.6754385964912282,64,1.853658536585366,9
14,Tea,2023-12-25,0.8172541743970316,64,1.425531914893617,7
14,Tea,2023-12-30,1.4081632653061225,129,1.5803225806451613,28
14,Tea,2024-01-06,1.2615303983228512,86,1.6388198757763974,22
14,Tea,2024-01-08,1.9555335968379448,112,1.989795918367347,32
14,Tea,2024-01-11,1.4246575342465753,135,1.5803225806451613,30
14,Tea,2024-02-18,1.4,131,1.3337662337662337,30
14,Tea,2024-02-24,1.6842105263157894,69,1.8955792682926829,10
14,Tea,2024-03-09,1.6852425180598556,70,1.853658536585366,11
14,Tea,2024-03-14,1.3870967741935485,137,1.3818181818181818,31
14,Tea,2024-03-27,2.0161290322580645,130,1.989795918367347,34
14,Tea,2024-03-28,2.0357368753953193,132,2.0,35
14,Tea,2024-04-05,1.6,77,1.8545454545454545,17
14,Tea,2024-06-09,1.46,199,1.534186046511628,40
14,Tea,2024-06-20,1.64,89,1.9607843137254903,20
14,Tea,2024-06-25,1.661904761904762,92,1.8342366757000903,14
14,Tea,2024-06-26,2.050632911392405,157,2.0294117647058822,40
14,Tea,2024-07-09,1.6433862433862434,98,1.8342366757000903,16
14,Tea,2024-07-14,1.4388104407359863,214,1.534186046511628,44
14,Tea,2024-07-29,0.896551724137931,101,1.3953488372093024,13
14,Tea,2024-08-06,2.0,167,1.9795918367346939,43
14,Tea,2024-08-10,1.4223907225691348,226,1.4741860465116279,46
14,Tea,2024-09-13,1.162162162162162,119,1.439423076923077,28
14,Tea,2024-10-06,1.4037037037037037,246,1.4492419248516808,50
14,Tea,2024-11-09,1.4081632653061225,259,1.4390243902439024,51
14,Tea,2024-11-14,1.337837837837838,207,1.270764119601329,40
14,Tea,2024-11-16,0.9028213166144201,118,1.3953488372093024,15
14,Tea,2024-11-17,1.1967754467754468,158,1.6285024154589371,36
14,Tea,2024-11-23,0.9028213166144201,118,1.3953488372093024,15
14,Tea,2024-11-24,2.0,199,1.9375,47
14,Tea,2024-12-02,0.9028213166144201,118,1.3953488372093024,15
14,Tea,2024-12-05,1.4081632653061225,259,1.4390243902439024,51
14,Tea,2024-12-19,1.5322209436133487,106,1.8545454545454545,23
15,Bakery,2023-01-13,1.3408662900188322,2,1.3408662900188322,0
15,Bakery,2023-02-22,1.3237552966101696,6,1.2881355932203389,3
15,Bakery,2023-03-20,1.333570412517781,20,1.4766355140186915,3
15,Bakery,2023-03-24,1.2828947368421053,26,1.564404713531085,4
15,Bakery,2023-03-25,1.0476190476190477,15,1.0470833333333334,2
15,Bakery,2023-04-20,1.096969696969697,22,1.1023706896551724,4
15,Bakery,2023-04-26,1.3363899613899615,38,1.4766355140186915,7
15,Bakery,2023-05-07,1.3944444444444444,42,1.626865671641791,9
15,Bakery,2023-05-20,1.439252336448598,29,1.439252336448598,3
15,Bakery,2023-05-29,1.6830181245074862,22,2.689873417721519,2
15,Bakery,2023-06-09,1.6830181245074862,24,2.273206751054852,4
15,Bakery,2023-06-18,1.1393939393939394,32,1.1875,7
15,Bakery,2023-06-25,1.0,26,1.0,0
15,Bakery,2023-07-03,1.2727272727272727,61,1.439252336448598,11
15,Bakery,2023-07-19,0.8947368421052632,31,0.48148148148148145,2
15,Bakery,2023-07-27,1.9612794612794613,62,2.7872340425531914,11
15,Bakery,2023-08-13,1.318609022556391,78,1.6216216216216217,17
15,Bakery,2023-08-18,1.9595959595959596,67,2.562847790507365,12
15,Bakery,2023-08-19,1.9612794612794613,68,2.3384615384615386,13
15,Bakery,2023-09-12,1.6571428571428573,43,1.8103448275862069,9
15,Bakery,2023-09-13,1.0666666666666667,53,1.1702127659574468,9
15,Bakery,2023-09-19,1.0666666666666667,55,1.1788563829787235,10
15,Bakery,2023-09-20,1.3333333333333333,93,1.4169945892769307,20
15,Bakery,2023-09-21,1.9473319473319473,78,2.36013986013986,14
15,Bakery,2023-09-28,1.0666666666666667,56,1.1702127659574468,11
15,Bakery,2023-10-04,1.3373983739837398,98,1.439252336448598,21
15,Bakery,2023-10-11,1.0666666666666667,57,1.1608639587362992,12
15,Bakery,2023-10-22,1.335434894493052,94,1.6216216216216217,23
15,Bakery,2023-10-25,1.9595959595959596,89,2.381818181818182,15
15,Bakery,2023-11-17,0.7781862745098038,54,0.5684210526315789,9
15,Bakery,2023-11-23,1.3846153846153846,117,1.4582625318606626,24
15,Bakery,2023-11-27,0.7647058823529411,55,0.5679943100995732,10
15,Bakery,2023-12-07,0.7916666666666666,59,0.5768934531450578,12
15,Bakery,2023-12-10,1.9541569541569541,108,2.4744047619047618,18
15,Bakery,2023-12-13,1.1724137931034482,77,1.25,9
15,Bakery,2023-12-20,1.2291666666666667,81,1.2546296296296298,10
15,Bakery,2024-01-01,0.8439201451905627,66,0.5768934531450578,14
15,Bakery,2024-01-04,1.3644701086956523,64,1.532051282051282,12
15,Bakery,2024-01-06,1.2546296296296298,86,1.2650462962962963,18
15,Bakery,2024-02-01,1.1578947368421053,79,1.1702127659574468,19
15,Bakery,2024-02-02,2.0,119,2.5476190476190474,20
15,Bakery,2024-02-03,1.4208333333333334,126,1.626865671641791,29
15,Bakery,2024-02-20,1.1622807017543861,82,1.1702127659574468,21
15,Bakery,2024-03-07,0.8947368421052632,77,0.609349593495935,18
15,Bakery,2024-03-11,2.026666666666667,127,2.5476190476190474,22
15,Bakery,2024-04-05,1.4130808950086058,168,1.5389348847616917,34
15,Bakery,2024-04-15,0.8947368421052632,81,0.6333333333333333,19
15,Bakery,2024-04-16,2.0833333333333335,138,2.5714285714285716,24
15,Bakery,2024-04-26,1.488888888888889,83,1.532051282051282,16
15,Bakery,2024-05-02,0.9791666666666666,85,0.7477272727272728,22
15,Bakery,2024-05-03,1.4944444444444445,84,1.564102564102564,17
15,Bakery,2024-05-08,2.088235294117647,145,2.5905923344947737,26
15,Bakery,2024-05-10,1.183673469387755,113,1.310741341991342,14
15,Bakery,2024-05-23,1.756845238095238,80,2.1666666666666665,21
15,Bakery,2024-05-30,1.4529364440868866,196,1.5172413793103448,43
15,Bakery,2024-06-03,2.088235294117647,151,2.5905923344947737,30
15,Bakery,2024-06-18,1.4375,201,1.51619644723093,44
15,Bakery,2024-06-19,1.4375,202,1.5151515151515151,45
15,Bakery,2024-06-29,1.4130808950086058,206,1.4945054945054945,47
15,Bakery,2024-07-10,1.3975903614457832,211,1.486748545572075,48
15,Bakery,2024-07-25,1.1270103092783506,134,1.2592592592592593,19
15,Bakery,2024-08-01,1.3950428396572827,222,1.4789915966386555,49
15,Bakery,2024-08-05,1.1188235294117648,136,1.2546296296296298,20
15,Bakery,2024-08-22,1.6571428571428573,113,2.175170068027211,27
15,Bakery,2024-08-29,1.3914141414141414,186,1.607685810810811,40
15,Bakery,2024-09-08,1.3846153846153846,236,1.4772727272727273,53
15,Bakery,2024-09-13,1.396969696969697,190,1.607685810810811,42
15,Bakery,2024-09-14,2.0,178,2.5183150183150182,36
15,Bakery,2024-09-30,1.1515151515151516,123,1.1515151515151516,25
15,Bakery,2024-10-05,1.393939393939394,197,1.59375,43
15,Bakery,2024-10-16,1.380952380952381,247,1.4452898850384583,56
15,Bakery,2024-11-06,1.437799043062201,207,1.6216216216216217,47
15,Bakery,2024-11-09,0.9673611111111111,118,0.7477272727272728,32
15,Bakery,2024-11-27,1.393939393939394,207,1.6216216216216217,47
15,Bakery,2024-12-01,1.1515151515151516,127,1.1515151515151516,27
15,Bakery,2024-12-18,1.380952380952381,259,1.439252336448598,57
15,Bakery,2024-12-22,2.028169014084507,199,2.5128205128205128,41
15,Chocolate & Milk,2023-01-13,1.328125,2,1.328125,0
15,Chocolate & Milk,2023-02-22,1.5528255528255528,6,1.7272727272727273,3
15,Chocolate & Milk,2023-03-20,1.1978142076502731,20,1.7083333333333333,3
15,Chocolate & Milk,2023-03-24,1.2561475409836067,26,1.6741666666666666,4
15,Chocolate & Milk,2023-03-25,1.0714285714285714,15,1.0237381309345328,2
15,Chocolate & Milk,2023-04-20,1.0529556650246306,22,0.9886699507389163,4
15,Chocolate & Milk,2023-04-26,1.317540322580645,38,1.7083333333333333,7
15,Chocolate & Milk,2023-05-07,1.343108504398827,42,1.7083333333333333,9
15,Chocolate & Milk,2023-05-20,1.3191489361702127,29,1.5873015873015872,3
15,Chocolate & Milk,2023-05-29,1.6821052631578945,22,2.343137254901961,2
15,Chocolate & Milk,2023-06-09,1.6821052631578945,24,1.8931372549019607,4
15,Chocolate & Milk,2023-06-18,1.0,32,0.8735632183908046,7
15,Chocolate & Milk,2023-06-25,0.9615384615384616,26,0.9615384615384616,0
15,Chocolate & Milk,2023-07-03,1.3333333333333333,61,1.5862068965517242,11
15,Chocolate & Milk,2023-07-19,0.875,31,0.3439153439153439,2
15,Chocolate & Milk,2023-07-27,1.911111111111111,62,2.5238095238095237,11
15,Chocolate & Milk,2023-08-13,1.2561475409836067,78,1.7083333333333333,17
15,Chocolate & Milk,2023-08-18,1.875,67,2.345238095238095,12
15,Chocolate & Milk,2023-08-19,1.8819444444444444,68,2.297872340425532,13
15,Chocolate & Milk,2023-09-12,1.6538461538461537,43,1.7,9
15,Chocolate & Milk,2023-09-13,1.0,53,0.8735632183908046,9
15,Chocolate & Milk,2023-09-19,1.0344827586206897,55,0.9082101806239737,10
15,Chocolate & Milk,2023-09-20,1.3043478260869565,93,1.5603864734299517,20
15,Chocolate & Milk,2023-09-21,1.8699324324324325,78,2.3610573823339784,14
15,Chocolate & Milk,2023-09-28,1.0172413793103448,56,0.9428571428571428,11
15,Chocolate & Milk,2023-10-04,1.3107104984093318,98,1.5555555555555556,21
15,Chocolate & Milk,2023-10-11,1.0344827586206897,57,0.9714285714285714,12
15,Chocolate & Milk,2023-10-22,1.2926136363636362,94,1.7083333333333333,23
15,Chocolate & Milk,2023-10-25,1.8888888888888888,89,2.297872340425532,15
15,Chocolate & Milk,2023-11-17,0.8461538461538461,54,0.5454545454545454,9
15,Chocolate & Milk,2023-11-23,1.380952380952381,117,1.5603864734299517,24
15,Chocolate & Milk,2023-11-27,0.8461538461538461,55,0.569023569023569,10
15,Chocolate & Milk,2023-12-07,0.875,59,0.5904139433551199,12
15,Chocolate & Milk,2023-12-10,1.8944444444444444,108,2.3572695035460995,18
15,Chocolate & Milk,2023-12-13,1.2285714285714286,77,1.2285714285714286,9
15,Chocolate & Milk,2023-12-20,1.263157894736842,81,1.3476190476190477,10
15,Chocolate & Milk,2024-01-01,0.9309262166405023,66,0.6162962962962963,14
15,Chocolate & Milk,2024-01-04,1.6120401337792643,64,1.7272727272727273,12
15,Chocolate & Milk,2024-01-06,1.2679425837320575,86,1.2061224489795919,18
15,Chocolate & Milk,2024-02-01,1.1428571428571428,79,1.173913043478261,19
15,Chocolate & Milk,2024-02-02,1.9333333333333333,119,2.4204545454545454,20
15,Chocolate & Milk,2024-02-03,1.356818181818182,126,1.7083333333333333,29
15,Chocolate & Milk,2024-02-20,1.1520737327188941,82,1.173913043478261,21
15,Chocolate & Milk,2024-03-07,0.9811320754716981,77,0.8903301886792453,18
15,Chocolate & Milk,2024-03-11,1.9365079365079365,127,2.3572695035460995,22
15,Chocolate & Milk,2024-04-05,1.4494949494949494,168,1.5815649867374004,34
15,Chocolate & Milk,2024-04-15,0.9642857142857143,81,0.875,19
15,Chocolate & Milk,2024-04-16,1.9627310673822302,138,2.4204545454545454,24
15,Chocolate & Milk,2024-04-26,1.608695652173913,83,1.6556383970177073,16
15,Chocolate & Milk,2024-05-02,1.0,85,0.9222179437812861,22
15,Chocolate & Milk,2024-05-03,1.6120401337792643,84,1.6896551724137931,17
15,Chocolate & Milk,2024-05-08,2.0,145,2.4507575757575757,26
15,Chocolate & Milk,2024-05-10,1.24,113,1.3476190476190477,14
15,Chocolate & Milk,2024-05-23,1.8611111111111112,80,2.4615384615384617,21
15,Chocolate & Milk,2024-05-30,1.4494949494949494,196,1.5555555555555556,43
15,Chocolate & Milk,2024-06-03,2.0714285714285716,151,2.4507575757575757,30
15,Chocolate & Milk,2024-06-18,1.4444444444444444,201,1.5603864734299517,44
15,Chocolate & Milk,2024-06-19,1.4405320813771518,202,1.5555555555555556,45
15,Chocolate & Milk,2024-06-29,1.4107142857142856,206,1.52,47
15,Chocolate & Milk,2024-07-10,1.4,211,1.51,48
15,Chocolate & Milk,2024-07-25,1.1918367346938776,134,1.05,19
15,Chocolate & Milk,2024-08-01,1.3879598662207357,222,1.5,49
15,Chocolate & Milk,2024-08-05,1.175170068027211,136,1.0442307692307693,20
15,Chocolate & Milk,2024-08-22,1.6538461538461537,113,2.4230769230769234,27
15,Chocolate & Milk,2024-08-29,1.2727272727272727,186,1.667832167832168,40
15,Chocolate & Milk,2024-09-08,1.3827838827838828,236,1.4782608695652173,53
15,Chocolate & Milk,2024-09-13,1.2727272727272727,190,1.667832167832168,42
15,Chocolate & Milk,2024-09-14,1.9627310673822302,178,2.375,36
15,Chocolate & Milk,2024-09-30,1.1612903225806452,123,1.0714285714285714,25
15,Chocolate & Milk,2024-10-05,1.2727272727272727,197,1.6538461538461537,43
15,Chocolate & Milk,2024-10-16,1.36,247,1.420690811535882,56
15,Chocolate & Milk,2024-11-06,1.5700280112044818,207,1.6896551724137931,47
15,Chocolate & Milk,2024-11-09,0.9430719656283566,118,0.8951378809869376,32
15,Chocolate & Milk,2024-11-27,1.2727272727272727,207,1.6818181818181819,47
15,Chocolate & Milk,2024-12-01,1.1612903225806452,127,1.1304347826086956,27
15,Chocolate & Milk,2024-12-18,1.36,259,1.4047619047619047,57
15,Chocolate & Milk,2024-12-22,1.9767441860465116,199,2.4166666666666665,41
15,Coffee,2023-01-13,1.1908599827139152,2,1.1908599827139152,0
15,Coffee,2023-02-22,1.4189225408737602,6,1.4715447154471544,3
15,Coffee,2023-03-20,1.3965172575355302,20,1.530054644808743,3
15,Coffee,2023-03-24,1.2781901732060799,26,1.4668077378346385,4
15,Coffee,2023-03-25,1.1022222222222222,15,1.0734666532676784,2
15,Coffee,2023-04-20,1.1030824372759858,22,1.0265204527309444,4
15,Coffee,2023-04-26,1.3965172575355302,38,1.530054644808743,7
15,Coffee,2023-05-07,1.4201832650108512,42,1.5859649122807018,9
15,Coffee,2023-05-20,1.302857142857143,29,1.7134670487106016,3
15,Coffee,2023-05-29,1.6144371757274982,22,2.3025274725274727,2
15,Coffee,2023-06-09,1.6144371757274982,24,2.215138309965896,4
15,Coffee,2023-06-18,1.1274924719972015,32,1.0429906542056075,7
15,Coffee,2023-06-25,0.8866527529318227,26,0.8866527529318227,0
15,Coffee,2023-07-03,1.3419354838709678,61,1.6875,11
15,Coffee,2023-07-19,0.8194444444444444,31,0.5192307692307692,2
15,Coffee,2023-07-27,1.7363603603603603,62,2.319672131147541,11
15,Coffee,2023-08-13,1.3732636295743093,78,1.6576086956521738,17
15,Coffee,2023-08-18,1.6752136752136753,67,2.3046636517806673,12
15,Coffee,2023-08-19,1.67951860231272,68,2.2896551724137932,13
15,Coffee,2023-09-12,1.5796610169491525,43,2.12807881773399,9
15,Coffee,2023-09-13,1.103942652329749,53,1.0429906542056075,9
15,Coffee,2023-09-19,1.1043771043771045,55,1.0734666532676784,10
15,Coffee,2023-09-20,1.2638888888888888,93,1.3154417490266548,20
15,Coffee,2023-09-21,1.67951860231272,78,2.285071488645921,14
15,Coffee,2023-09-28,1.1041598783534268,56,1.0429906542056075,11
15,Coffee,2023-10-04,1.2686631944444444,98,1.379454926624738,21
15,Coffee,2023-10-11,1.1043771043771045,57,1.0734666532676784,12
15,Coffee,2023-10-22,1.3732636295743093,94,1.6576086956521738,23
15,Coffee,2023-10-25,1.7207207207207207,89,2.2804878048780486,15
15,Coffee,2023-11-17,0.8370726495726495,54,0.703601108033241,9
15,Coffee,2023-11-23,1.32,117,1.5152122278553053,24
15,Coffee,2023-11-27,0.8194444444444444,55,0.7089434111594777,10
15,Coffee,2023-12-07,0.872093023255814,59,0.761574990106846,12
15,Coffee,2023-12-10,1.7967967967967968,108,2.285071488645921,18
15,Coffee,2023-12-13,1.1940298507462686,77,1.4025157232704402,9
15,Coffee,2023-12-20,1.2461538461538462,81,1.4793929098667313,10
15,Coffee,2024-01-01,0.9269170488187148,66,0.8412137421593913,14
15,Coffee,2024-01-04,1.4250432361749694,64,1.4905494277872715,12
15,Coffee,2024-01-06,1.2815481686672823,86,1.3829298873586926,18
15,Coffee,2024-02-01,1.1440677966101696,79,1.140625,19
15,Coffee,2024-02-02,1.8508771929824561,119,2.3046636517806673,20
15,Coffee,2024-02-03,1.3965172575355302,126,1.660759493670886,29
15,Coffee,2024-02-20,1.1447611710323575,82,1.140625,21
15,Coffee,2024-03-07,0.9345794392523364,77,0.8432564293392872,18
15,Coffee,2024-03-11,1.8818181818181818,127,2.285071488645921,22
15,Coffee,2024-04-05,1.375157926888528,168,1.7162774725274725,34
15,Coffee,2024-04-15,0.9345794392523364,81,0.8129496402877698,19
15,Coffee,2024-04-16,1.9451597131681877,138,2.3046636517806673,24
15,Coffee,2024-04-26,1.4935897435897436,83,1.525861407413092,16
15,Coffee,2024-05-02,0.9502262443438914,85,0.921856236061074,22
15,Coffee,2024-05-03,1.4967948717948718,84,1.5421686746987953,17
15,Coffee,2024-05-08,1.9655172413793103,145,2.3046636517806673,26
15,Coffee,2024-05-10,1.2853185595567866,113,1.4793929098667313,14
15,Coffee,2024-05-23,1.740398167723749,80,2.1149425287356323,21
15,Coffee,2024-05-30,1.4005988023952094,196,1.6822916666666667,43
15,Coffee,2024-06-03,2.018292682926829,151,2.3046636517806673,30
15,Coffee,2024-06-18,1.3885350318471337,201,1.6666305978762697,44
15,Coffee,2024-06-19,1.387815903020341,202,1.6509695290858726,45
15,Coffee,2024-06-29,1.3804789083990743,206,1.5779816513761469,47
15,Coffee,2024-07-10,1.379454926624738,211,1.5613251196362001,48
15,Coffee,2024-07-25,1.2329545454545454,134,1.2923076923076924,19
15,Coffee,2024-08-01,1.370184985539983,222,1.5446685878962536,49
15,Coffee,2024-08-05,1.2186363636363637,136,1.2888131259322395,20
15,Coffee,2024-08-22,1.5796610169491525,113,2.1215106732348112,27
15,Coffee,2024-08-29,1.3554131054131053,186,1.6464839058371368,40
15,Coffee,2024-09-08,1.3564079465174719,236,1.5299334811529934,53
15,Coffee,2024-09-13,1.3554131054131053,190,1.6464839058371368,42
15,Coffee,2024-09-14,1.9102285935683843,178,2.2734588225100723,36
15,Coffee,2024-09-30,1.141025641025641,123,1.1331719128329298,25
15,Coffee,2024-10-05,1.3518518518518519,197,1.6353591160220995,43
15,Coffee,2024-10-16,1.3419354838709678,247,1.5149667405764968,56
15,Coffee,2024-11-06,1.4754983851208374,207,1.6576086956521738,47
15,Coffee,2024-11-09,0.9365204888569374,118,0.909607696151924,32
15,Coffee,2024-11-27,1.361344537815126,207,1.6576086956521738,47
15,Coffee,2024-12-01,1.141025641025641,127,1.1331719128329298,27
15,Coffee,2024-12-18,1.3419354838709678,259,1.5,57
15,Coffee,2024-12-22,1.9285714285714286,199,2.2896551724137932,41
15,Juice & Smoothie,2023-01-13,1.6235294117647059,2,1.6235294117647059,0
15,Juice & Smoothie,2023-02-22,1.0454545454545454,6,1.0,3
15,Juice & Smoothie,2023-03-20,1.4112554112554112,20,2.066666666666667,3
15,Juice & Smoothie,2023-03-24,1.3743890518084068,26,1.912121212121212,4
15,Juice & Smoothie,2023-03-25,1.1538461538461537,15,1.1437229437229437,2
15,Juice & Smoothie,2023-04-20,1.2916666666666665,22,1.1437229437229437,4
15,Juice & Smoothie,2023-04-26,1.4741379310344827,38,2.0,7
15,Juice & Smoothie,2023-05-07,1.5357142857142856,42,2.0,9
15,Juice & Smoothie,2023-05-20,1.3333333333333333,29,2.1176470588235294,3
15,Juice & Smoothie,2023-05-29,1.6694677871148458,22,2.291777188328912,2
15,Juice & Smoothie,2023-06-09,1.8612836438923397,24,2.2967032967032965,4
15,Juice & Smoothie,2023-06-18,1.2019230769230769,32,0.9411764705882353,7
15,Juice & Smoothie,2023-06-25,0.7840909090909092,26,0.7840909090909092,0
15,Juice & Smoothie,2023-07-03,1.5263157894736843,61,1.6818181818181819,11
15,Juice & Smoothie,2023-07-19,0.8181818181818182,31,0.7535014005602241,2
15,Juice & Smoothie,2023-07-27,2.0555555555555554,62,2.8,11
15,Juice & Smoothie,2023-08-13,1.3743890518084068,78,2.0,17
15,Juice & Smoothie,2023-08-18,2.0,67,2.746153846153846,12
15,Juice & Smoothie,2023-08-19,2.0,68,2.6923076923076925,13
15,Juice & Smoothie,2023-09-12,1.8095238095238095,43,2.2758620689655173,9
15,Juice & Smoothie,2023-09-13,1.1538461538461537,53,1.0555555555555556,9
15,Juice & Smoothie,2023-09-19,1.1538461538461537,55,1.2119883040935673,10
15,Juice & Smoothie,2023-09-20,1.5,93,1.5854700854700856,20
15,Juice & Smoothie,2023-09-21,1.8957219251336899,78,2.618881118881119,14
15,Juice & Smoothie,2023-09-28,1.2019230769230769,56,1.368421052631579,11
15,Juice & Smoothie,2023-10-04,1.486842105263158,98,1.5833333333333333,21
15,Juice & Smoothie,2023-10-11,1.1538461538461537,57,1.2119883040935673,12
15,Juice & Smoothie,2023-10-22,1.4248120300751879,94,1.8695652173913044,23
15,Juice & Smoothie,2023-10-25,1.9090909090909092,89,2.588235294117647,15
15,Juice & Smoothie,2023-11-17,0.9615384615384616,54,0.8571428571428571,9
15,Juice & Smoothie,2023-11-23,1.5263157894736843,117,1.5993589743589745,24
15,Juice & Smoothie,2023-11-27,0.9230769230769231,55,0.7747252747252746,10
15,Juice & Smoothie,2023-12-07,1.0,59,0.7857142857142857,12
15,Juice & Smoothie,2023-12-10,2.0,108,2.5798319327731094,18
15,Juice & Smoothie,2023-12-13,1.2222222222222223,77,1.4,9
15,Juice & Smoothie,2023-12-20,1.2666666666666666,81,1.5,10
15,Juice & Smoothie,2024-01-01,1.0,66,0.7032967032967032,14
15,Juice & Smoothie,2024-01-04,1.465034965034965,64,1.6894736842105265,12
15,Juice & Smoothie,2024-01-06,1.2792207792207793,86,1.4307692307692306,18
15,Juice & Smoothie,2024-02-01,1.25,79,1.1304347826086956,19
15,Juice & Smoothie,2024-02-02,2.0,119,2.5798319327731094,20
15,Juice & Smoothie,2024-02-03,1.446360153256705,126,2.0,29
15,Juice & Smoothie,2024-02-20,1.275,82,1.1304347826086956,21
15,Juice & Smoothie,2024-03-07,1.0,77,0.7119815668202765,18
15,Juice & Smoothie,2024-03-11,2.0,127,2.5584415584415585,22
15,Juice & Smoothie,2024-04-05,1.5714285714285714,168,1.6018099547511313,34
15,Juice & Smoothie,2024-04-15,1.0,81,0.7142857142857143,19
15,Juice & Smoothie,2024-04-16,2.1180555555555554,138,2.5798319327731094,24
15,Juice & Smoothie,2024-04-26,1.5555555555555556,83,1.6696428571428572,16
15,Juice & Smoothie,2024-05-02,1.0,85,0.7321428571428572,22
15,Juice & Smoothie,2024-05-03,1.5672514619883042,84,1.7142857142857142,17
15,Juice & Smoothie,2024-05-08,2.142857142857143,145,2.5798319327731094,26
15,Juice & Smoothie,2024-05-10,1.2857142857142858,113,1.5307692307692307,14
15,Juice & Smoothie,2024-05-23,1.8430769230769233,80,2.2857142857142856,21
15,Juice & Smoothie,2024-05-30,1.5714285714285714,196,1.588235294117647,43
15,Juice & Smoothie,2024-06-03,2.1538461538461537,151,2.5798319327731094,30
15,Juice & Smoothie,2024-06-18,1.5714285714285714,201,1.5857843137254901,44
15,Juice & Smoothie,2024-06-19,1.5714285714285714,202,1.5833333333333333,45
15,Juice & Smoothie,2024-06-29,1.5683229813664596,206,1.5833333333333333,47
15,Juice & Smoothie,2024-07-10,1.5454545454545454,211,1.5773809523809523,48
15,Juice & Smoothie,2024-07-25,1.2264957264957266,134,1.2666666666666666,19
15,Juice & Smoothie,2024-08-01,1.513157894736842,222,1.5714285714285714,49
15,Juice & Smoothie,2024-08-05,1.2264957264957266,136,1.2895833333333333,20
15,Juice & Smoothie,2024-08-22,1.7,113,2.2807881773399012,27
15,Juice & Smoothie,2024-08-29,1.396969696969697,186,1.908466819221968,40
15,Juice & Smoothie,2024-09-08,1.5,236,1.5263157894736843,53
15,Juice & Smoothie,2024-09-13,1.4,190,1.901449275362319,42
15,Juice & Smoothie,2024-09-14,2.110350076103501,178,2.5584415584415585,36
15,Juice & Smoothie,2024-09-30,1.1538461538461537,123,1.0714285714285714,25
15,Juice & Smoothie,2024-10-05,1.4,197,1.8695652173913044,43
15,Juice & Smoothie,2024-10-16,1.4736842105263157,247,1.506015037593985,56
15,Juice & Smoothie,2024-11-06,1.6189516129032258,207,1.9473684210526316,47
15,Juice & Smoothie,2024-11-09,0.9198717948717949,118,0.775,32
15,Juice & Smoothie,2024-11-27,1.4,207,1.9473684210526316,47
15,Juice & Smoothie,2024-12-01,1.1666666666666667,127,1.0714285714285714,27
15,Juice & Smoothie,2024-12-18,1.4736842105263157,259,1.4857142857142858,57
15,Juice & Smoothie,2024-12-22,2.125,199,2.5714285714285716,41
15,Merchandise,2023-01-13,1.0833333333333333,2,1.0833333333333333,0
15,Merchandise,2023-02-22,1.06,6,1.12,3
15,Merchandise,2023-03-20,1.3666666666666667,20,1.4,3
15,Merchandise,2023-03-24,1.3333333333333333,26,1.4857142857142858,4
15,Merchandise,2023-03-25,0.7058823529411765,15,1.6574074074074074,2
15,Merchandise,2023-04-20,0.9074074074074074,22,1.0324074074074074,4
15,Merchandise,2023-04-26,1.422222222222222,38,1.4,7
15,Merchandise,2023-05-07,1.4722222222222223,42,1.4,9
15,Merchandise,2023-05-20,1.5,29,2.0,3
15,Merchandise,2023-05-29,1.9807692307692308,22,2.45,2
15,Merchandise,2023-06-09,2.0,24,2.3499999999999996,4
15,Merchandise,2023-06-18,0.8359788359788359,32,1.0,7
15,Merchandise,2023-06-25,0.9,26,0.9,0
15,Merchandise,2023-07-03,1.3333333333333333,61,1.263157894736842,11
15,Merchandise,2023-07-19,0.8,31,0.6133603238866396,2
15,Merchandise,2023-07-27,1.8,62,2.4166666666666665,11
15,Merchandise,2023-08-13,1.3333333333333333,78,1.5714285714285714,17
15,Merchandise,2023-08-18,1.7391304347826086,67,2.3511904761904763,12
15,Merchandise,2023-08-19,1.7695652173913043,68,2.4166666666666665,13
15,Merchandise,2023-09-12,1.8095238095238095,43,2.0952380952380953,9
15,Merchandise,2023-09-13,0.8571428571428571,53,1.0769230769230769,9
15,Merchandise,2023-09-19,0.8571428571428571,55,1.0384615384615383,10
15,Merchandise,2023-09-20,1.3333333333333333,93,1.2426900584795322,20
15,Merchandise,2023-09-21,1.8285714285714287,78,2.5,14
15,Merchandise,2023-09-28,0.8991596638655461,56,1.0,11
15,Merchandise,2023-10-04,1.3333333333333333,98,1.263157894736842,21
15,Merchandise,2023-10-11,0.8571428571428571,57,1.0,12
15,Merchandise,2023-10-22,1.3333333333333333,94,1.6666666666666667,23
15,Merchandise,2023-10-25,1.8571428571428572,89,2.4166666666666665,15
15,Merchandise,2023-11-17,0.8090909090909091,54,0.7777777777777778,9
15,Merchandise,2023-11-23,1.3333333333333333,117,1.409356725146199,24
15,Merchandise,2023-11-27,0.8,55,0.6666666666666667,10
15,Merchandise,2023-12-07,0.8181818181818182,59,0.6666666666666667,12
15,Merchandise,2023-12-10,1.8571428571428572,108,2.458333333333333,18
15,Merchandise,2023-12-13,1.3333333333333333,77,1.3333333333333333,9
15,Merchandise,2023-12-20,1.4166666666666667,81,1.375,10
15,Merchandise,2024-01-01,0.8257575757575758,66,0.7388888888888889,14
15,Merchandise,2024-01-04,1.3333333333333333,64,1.7070707070707072,12
15,Merchandise,2024-01-06,1.3541666666666665,86,1.2916666666666665,18
15,Merchandise,2024-02-01,1.0,79,1.0769230769230769,19
15,Merchandise,2024-02-02,1.9,119,2.458333333333333,20
15,Merchandise,2024-02-03,1.4285714285714286,126,1.8095238095238095,29
15,Merchandise,2024-02-20,1.0,82,1.0,21
15,Merchandise,2024-03-07,0.8333333333333334,77,0.7388888888888889,18
15,Merchandise,2024-03-11,2.0,127,2.3511904761904763,22
15,Merchandise,2024-04-05,1.4142857142857141,168,1.7083333333333335,34
15,Merchandise,2024-04-15,0.8421052631578947,81,0.7777777777777778,19
15,Merchandise,2024-04-16,2.130252100840336,138,2.458333333333333,24
15,Merchandise,2024-04-26,1.4285714285714286,83,1.641711229946524,16
15,Merchandise,2024-05-02,1.0,85,0.8301435406698565,22
15,Merchandise,2024-05-03,1.4285714285714286,84,1.6363636363636365,17
15,Merchandise,2024-05-08,2.1666666666666665,145,2.458333333333333,26
15,Merchandise,2024-05-10,1.3529411764705883,113,1.375,14
15,Merchandise,2024-05-23,1.925213675213675,80,2.0952380952380953,21
15,Merchandise,2024-05-30,1.4511278195488722,196,1.6296296296296295,43
15,Merchandise,2024-06-03,2.1666666666666665,151,2.458333333333333,30
15,Merchandise,2024-06-18,1.4736842105263157,201,1.5925925925925926,44
15,Merchandise,2024-06-19,1.4511278195488722,202,1.5555555555555556,45
15,Merchandise,2024-06-29,1.4142857142857141,206,1.4,47
15,Merchandise,2024-07-10,1.4,211,1.45,48
15,Merchandise,2024-07-25,1.3,134,1.1538461538461537,19
15,Merchandise,2024-08-01,1.4,222,1.4,49
15,Merchandise,2024-08-05,1.292857142857143,136,1.2019230769230769,20
15,Merchandise,2024-08-22,1.625,113,2.0476190476190474,27
15,Merchandise,2024-08-29,1.3333333333333333,186,1.619047619047619,40
15,Merchandise,2024-09-08,1.3875,236,1.4,53
15,Merchandise,2024-09-13,1.3333333333333333,190,1.5857142857142859,42
15,Merchandise,2024-09-14,2.0,178,2.2857142857142856,36
15,Merchandise,2024-09-30,1.0,123,1.0,25
15,Merchandise,2024-10-05,1.3333333333333333,197,1.5714285714285714,43
15,Merchandise,2024-10-16,1.375,247,1.319078947368421,56
15,Merchandise,2024-11-06,1.4476190476190476,207,1.6470588235294117,47
15,Merchandise,2024-11-09,1.0,118,0.8301435406698565,32
15,Merchandise,2024-11-27,1.3636363636363635,207,1.6,47
15,Merchandise,2024-12-01,1.0,127,1.0,27
15,Merchandise,2024-12-18,1.4,259,1.375,57
15,Merchandise,2024-12-22,2.0,199,2.2857142857142856,41
15,Savory Bakery,2023-01-13,1.1875,2,1.1875,0
15,Savory Bakery,2023-02-22,1.4241071428571428,6,1.2857142857142858,3
15,Savory Bakery,2023-03-20,1.3935128518971849,20,1.92,3
15,Savory Bakery,2023-03-24,1.2999092558983665,26,1.8118518518518518,4
15,Savory Bakery,2023-03-25,1.236842105263158,15,1.2831161252674577,2
15,Savory Bakery,2023-04-20,1.3025078369905956,22,1.0886159245448563,4
15,Savory Bakery,2023-04-26,1.3206987475280159,38,1.92,7
15,Savory Bakery,2023-05-07,1.3594871794871795,42,1.92,9
15,Savory Bakery,2023-05-20,1.2424242424242424,29,1.4324324324324325,3
15,Savory Bakery,2023-05-29,1.6551453260015712,22,2.453091684434968,2
15,Savory Bakery,2023-06-09,1.6551453260015712,24,2.1533101045296164,4
15,Savory Bakery,2023-06-18,1.3647450110864745,32,1.1134020618556701,7
15,Savory Bakery,2023-06-25,0.9545454545454546,26,0.9545454545454546,0
15,Savory Bakery,2023-07-03,1.4,61,1.7746478873239437,11
15,Savory Bakery,2023-07-19,0.8,31,0.386924075275795,2
15,Savory Bakery,2023-07-27,1.8863049095607236,62,2.8923076923076922,11
15,Savory Bakery,2023-08-13,1.3206987475280159,78,1.8113207547169812,17
15,Savory Bakery,2023-08-18,1.7435897435897436,67,2.7831103678929763,12
15,Savory Bakery,2023-08-19,1.7467948717948718,68,2.6739130434782608,13
15,Savory Bakery,2023-09-12,1.5294117647058822,43,1.8780487804878048,9
15,Savory Bakery,2023-09-13,1.1578947368421053,53,1.0638297872340425,9
15,Savory Bakery,2023-09-19,1.1578947368421053,55,1.0886159245448563,10
15,Savory Bakery,2023-09-20,1.3513513513513513,93,1.5383036935704513,20
15,Savory Bakery,2023-09-21,1.7467948717948718,78,2.3838315217391304,14
15,Savory Bakery,2023-09-28,1.1356483993488877,56,1.0638297872340425,11
15,Savory Bakery,2023-10-04,1.3568350959655309,98,1.588235294117647,21
15,Savory Bakery,2023-10-11,1.11864406779661,57,1.0886159245448563,12
15,Savory Bakery,2023-10-22,1.3642105263157895,94,1.7714285714285714,23
15,Savory Bakery,2023-10-25,1.7647058823529411,89,2.6739130434782608,15
15,Savory Bakery,2023-11-17,0.7947368421052632,54,0.5797101449275363,9
15,Savory Bakery,2023-11-23,1.3823529411764706,117,1.6814415907207954,24
15,Savory Bakery,2023-11-27,0.7894736842105263,55,0.5829585207396302,10
15,Savory Bakery,2023-12-07,0.8333333333333334,59,0.7124582869855395,12
15,Savory Bakery,2023-12-10,1.9486842105263158,108,2.5977229601518026,18
15,Savory Bakery,2023-12-13,1.1304347826086956,77,1.1458333333333333,9
15,Savory Bakery,2023-12-20,1.1458333333333333,81,1.2891328828828827,10
15,Savory Bakery,2024-01-01,0.9008882655446471,66,0.8686302010285181,14
15,Savory Bakery,2024-01-04,1.4122983870967742,64,1.51707779886148,12
15,Savory Bakery,2024-01-06,1.2413793103448276,86,1.1800116890707188,18
15,Savory Bakery,2024-02-01,1.25,79,1.2413793103448276,19
15,Savory Bakery,2024-02-02,2.0,119,2.6604859335038364,20
15,Savory Bakery,2024-02-03,1.4264069264069263,126,1.7714285714285714,29
15,Savory Bakery,2024-02-20,1.2687165775401068,82,1.25,21
15,Savory Bakery,2024-03-07,0.9032258064516129,77,0.8686302010285181,18
15,Savory Bakery,2024-03-11,2.0,127,2.6604859335038364,22
15,Savory Bakery,2024-04-05,1.4482029598308668,168,1.717857142857143,34
15,Savory Bakery,2024-04-15,0.9090909090909091,81,0.8985507246376812,19
15,Savory Bakery,2024-04-16,2.0,138,2.6762422360248443,24
15,Savory Bakery,2024-04-26,1.5116279069767442,83,1.6432015429122468,16
15,Savory Bakery,2024-05-02,0.9090909090909091,85,0.9008882655446471,22
15,Savory Bakery,2024-05-03,1.530813953488372,84,1.6470588235294117,17
15,Savory Bakery,2024-05-08,2.043956043956044,145,2.6762422360248443,26
15,Savory Bakery,2024-05-10,1.2463768115942029,113,1.3035178035178037,14
15,Savory Bakery,2024-05-23,1.8279132791327912,80,2.2,21
15,Savory Bakery,2024-05-30,1.4690688775510203,196,1.6216216216216217,43
15,Savory Bakery,2024-06-03,2.0689655172413794,151,2.6762422360248443,30
15,Savory Bakery,2024-06-18,1.4545454545454546,201,1.6049284578696343,44
15,Savory Bakery,2024-06-19,1.4545454545454546,202,1.588235294117647,45
15,Savory Bakery,2024-06-29,1.4415184678522572,206,1.5384615384615385,47
15,Savory Bakery,2024-07-10,1.4411764705882353,211,1.5339366515837103,48
15,Savory Bakery,2024-07-25,1.1538461538461537,134,1.1458333333333333,19
15,Savory Bakery,2024-08-01,1.4085850556438793,222,1.5294117647058822,49
15,Savory Bakery,2024-08-05,1.1498397435897436,136,1.111378205128205,20
15,Savory Bakery,2024-08-22,1.5294117647058822,113,2.0861111111111112,27
15,Savory Bakery,2024-08-29,1.4093023255813955,186,1.6896896896896898,40
15,Savory Bakery,2024-09-08,1.396969696969697,236,1.46875,53
15,Savory Bakery,2024-09-13,1.3976744186046512,190,1.663419233186675,42
15,Savory Bakery,2024-09-14,2.0,178,2.5806451612903225,36
15,Savory Bakery,2024-09-30,1.2307692307692308,123,1.2328767123287672,25
15,Savory Bakery,2024-10-05,1.4,197,1.6756756756756757,43
15,Savory Bakery,2024-10-16,1.4,247,1.4684175531914894,56
15,Savory Bakery,2024-11-06,1.523671096345515,207,1.7037037037037037,47
15,Savory Bakery,2024-11-09,0.9145454545454546,118,0.8867521367521367,32
15,Savory Bakery,2024-11-27,1.4242424242424243,207,1.7037037037037037,47
15,Savory Bakery,2024-12-01,1.2328767123287672,127,1.2413793103448276,27
15,Savory Bakery,2024-12-18,1.4054054054054055,259,1.46875,57
15,Savory Bakery,2024-12-22,2.0,199,2.6129032258064515,41
15,Tea,2023-01-13,1.3076243744480425,2,1.3076243744480425,0
15,Tea,2023-02-22,1.7573385518590998,6,1.6575342465753424,3
15,Tea,2023-03-20,1.427340383862123,20,1.4492753623188406,3
15,Tea,2023-03-24,1.2206896551724138,26,1.4527078565980167,4
15,Tea,2023-03-25,1.140625,15,1.1244380218368657,2
15,Tea,2023-04-20,1.1546498493975905,22,1.1015787287079353,4
15,Tea,2023-04-26,1.3600267379679143,38,1.456140350877193,7
15,Tea,2023-05-07,1.427340383862123,42,1.71875,9
15,Tea,2023-05-20,1.4090909090909092,29,1.7647058823529411,3
15,Tea,2023-05-29,1.6764705882352942,22,2.246363061353574,2
15,Tea,2023-06-09,1.6764705882352942,24,1.905637254901961,4
15,Tea,2023-06-18,1.134415064102564,32,1.0344827586206897,7
15,Tea,2023-06-25,0.792022792022792,26,0.792022792022792,0
15,Tea,2023-07-03,1.3134328358208955,61,1.6352201257861636,11
15,Tea,2023-07-19,0.76,31,0.3841338259441708,2
15,Tea,2023-07-27,1.937799043062201,62,3.0,11
15,Tea,2023-08-13,1.3125970798384592,78,1.6896551724137931,17
15,Tea,2023-08-18,1.9210526315789473,67,2.9156626506024095,12
15,Tea,2023-08-19,1.9327485380116958,68,2.8313253012048194,13
15,Tea,2023-09-12,1.5555555555555556,43,1.6862745098039216,9
15,Tea,2023-09-13,1.1686746987951808,53,1.0344827586206897,9
15,Tea,2023-09-19,1.1818181818181819,55,1.1015787287079353,10
15,Tea,2023-09-20,1.3071895424836601,93,1.3759651307596514,20
15,Tea,2023-09-21,1.8128205128205128,78,2.6388769363166955,14
15,Tea,2023-09-28,1.1827458256029684,56,1.1686746987951808,11
15,Tea,2023-10-04,1.3103111891522778,98,1.4246575342465753,21
15,Tea,2023-10-11,1.1818181818181819,57,1.1015787287079353,12
15,Tea,2023-10-22,1.2865353037766831,94,1.6896551724137931,23
15,Tea,2023-10-25,1.8888888888888888,89,2.4464285714285716,15
15,Tea,2023-11-17,0.7799642218246869,54,0.6166666666666667,9
15,Tea,2023-11-23,1.3448275862068966,117,1.4316270127373227,24
15,Tea,2023-11-27,0.7692307692307693,55,0.5913522012578616,10
15,Tea,2023-12-07,0.8125,59,0.6297619047619047,12
15,Tea,2023-12-10,1.9327485380116958,108,2.5019028103044496,18
15,Tea,2023-12-13,1.2105263157894737,77,1.0508474576271187,9
15,Tea,2023-12-20,1.2777777777777777,81,1.2177314211212518,10
15,Tea,2024-01-01,0.8321678321678322,66,0.7445054945054945,14
15,Tea,2024-01-04,1.5727272727272728,64,1.8778195488721805,12
15,Tea,2024-01-06,1.2615303983228512,86,1.1654184304786714,18
15,Tea,2024-02-01,1.1818181818181819,79,1.1686746987951808,19
15,Tea,2024-02-02,1.9565217391304348,119,2.6943511751925735,20
15,Tea,2024-02-03,1.3935483870967742,126,1.71875,29
15,Tea,2024-02-20,1.1827458256029684,82,1.1686746987951808,21
15,Tea,2024-03-07,0.896551724137931,77,1.029872495446266,18
15,Tea,2024-03-11,2.0,127,2.5019028103044496,22
15,Tea,2024-04-05,1.4492419248516808,168,1.581211092246746,34
15,Tea,2024-04-15,0.896551724137931,81,0.9777777777777777,19
15,Tea,2024-04-16,2.0523434827232294,138,2.5688119813802874,24
15,Tea,2024-04-26,1.64,83,1.7750477099236641,16
15,Tea,2024-05-02,0.9166666666666666,85,1.029872495446266,22
15,Tea,2024-05-03,1.648767123287671,84,1.8625954198473282,17
15,Tea,2024-05-08,2.075,145,2.5735459166831713,26
15,Tea,2024-05-10,1.2857142857142858,113,1.2905982905982905,14
15,Tea,2024-05-23,1.6852425180598556,80,2.0303030303030303,21
15,Tea,2024-05-30,1.4607692307692308,196,1.4615384615384615,43
15,Tea,2024-06-03,2.075,151,2.562110984483212,30
15,Tea,2024-06-18,1.46,201,1.4807692307692308,44
15,Tea,2024-06-19,1.4597297297297298,202,1.4615384615384615,45
15,Tea,2024-06-29,1.4467849223946785,206,1.4545454545454546,47
15,Tea,2024-07-10,1.4390243902439024,211,1.4465709728867624,48
15,Tea,2024-07-25,1.2052631578947368,134,1.0508474576271187,19
15,Tea,2024-08-01,1.4241931739029488,222,1.4385964912280702,49
15,Tea,2024-08-05,1.1984848484848485,136,1.0483595086300732,20
15,Tea,2024-08-22,1.553191489361702,113,2.0345689908796705,27
15,Tea,2024-08-29,1.297524314765694,186,1.673399014778325,40
15,Tea,2024-09-08,1.4180734856007944,236,1.423728813559322,53
15,Tea,2024-09-13,1.3227650727650728,190,1.6569296375266525,42
15,Tea,2024-09-14,2.0,178,2.4424603174603177,36
15,Tea,2024-09-30,1.1686746987951808,123,1.1428571428571428,25
15,Tea,2024-10-05,1.3076923076923077,197,1.6567164179104477,43
15,Tea,2024-10-16,1.4,247,1.4155681104833646,56
15,Tea,2024-11-06,1.5322209436133487,207,1.702127659574468,47
15,Tea,2024-11-09,0.9028213166144201,118,0.9984430290162774,32
15,Tea,2024-11-27,1.337837837837838,207,1.6571428571428573,47
15,Tea,2024-12-01,1.1686746987951808,127,1.1428571428571428,27
15,Tea,2024-12-18,1.4081632653061225,259,1.423728813559322,57
15,Tea,2024-12-22,2.0,199,2.4444444444444446,41
16,Bakery,2023-01-18,1.0,0,1.0,0
16,Bakery,2023-02-01,1.7172582619339045,6,1.7172582619339045,0
16,Bakery,2023-02-07,1.348148148148148,9,1.6851851851851851,2
16,Bakery,2023-02-14,1.174074074074074,6,1.6851851851851851,1
16,Bakery,2023-02-19,1.174074074074074,6,1.6851851851851851,1
16,Bakery,2023-02-22,1.4766355140186915,11,0.835625554569654,2
16,Bakery,2023-03-02,1.2881355932203389,9,1.2881355932203389,0
16,Bakery,2023-03-17,1.973284760170006,16,1.5,1
16,Bakery,2023-04-09,1.318609022556391,30,1.0408163265306123,5
16,Bakery,2023-04-16,1.1887351778656128,16,1.1956521739130435,1
16,Bakery,2023-04-17,1.3214285714285714,33,1.0408163265306123,5
16,Bakery,2023-05-02,2.2779264214046826,32,1.5,1
16,Bakery,2023-05-08,1.439252336448598,27,0.8095238095238095,3
16,Bakery,2023-06-02,1.1547049441786283,28,0.9459459459459459,1
16,Bakery,2023-06-13,1.4,55,0.9459459459459459,6
16,Bakery,2023-06-28,1.3867521367521367,60,0.8404081632653062,6
16,Bakery,2023-07-09,1.1686868686868688,34,1.1956521739130435,1
16,Bakery,2023-07-14,1.1555555555555554,35,1.0263975155279503,2
16,Bakery,2023-07-29,1.5775916761832254,32,1.6689969604863224,4
16,Bakery,2023-08-02,1.3214285714285714,73,1.0408163265306123,7
16,Bakery,2023-08-10,1.2727272727272727,79,1.5806451612903225,3
16,Bakery,2023-08-12,1.1666666666666667,43,0.8095238095238095,3
16,Bakery,2023-08-24,1.1695402298850575,46,1.230848861283644,4
16,Bakery,2023-08-28,1.1503436426116838,48,0.8095238095238095,5
16,Bakery,2023-09-07,1.1887351778656128,44,1.1956521739130435,3
16,Bakery,2023-09-18,1.9595959595959596,75,1.45,4
16,Bakery,2023-09-27,1.3414634146341464,95,1.5403225806451613,6
16,Bakery,2023-10-25,1.3432835820895523,95,1.0408163265306123,9
16,Bakery,2023-11-03,1.2347826086956522,55,1.6432806324110671,4
16,Bakery,2023-11-30,0.7781862745098038,56,0.993452380952381,2
16,Bakery,2024-01-01,1.1532223644899702,74,0.9957002457002457,2
16,Bakery,2024-01-04,1.4130808950086058,132,1.5246478873239435,10
16,Bakery,2024-01-13,1.4330357142857144,136,1.5492957746478873,11
16,Bakery,2024-03-03,1.4285714285714286,155,1.564970467969105,12
16,Bakery,2024-03-15,1.2291666666666667,101,1.1289655172413795,8
16,Bakery,2024-03-21,0.8821510297482837,78,1.225,3
16,Bakery,2024-04-02,1.7443910256410255,76,1.6830181245074862,8
16,Bakery,2024-04-19,1.4375,173,1.5492957746478873,15
16,Bakery,2024-05-08,1.458041958041958,184,1.564970467969105,16
16,Bakery,2024-05-11,1.4545454545454546,187,1.5806451612903225,17
16,Bakery,2024-05-15,1.4944444444444445,86,1.9310344827586208,9
16,Bakery,2024-05-20,1.5,90,2.010971786833856,10
16,Bakery,2024-05-24,1.1666666666666667,97,1.3977272727272727,4
16,Bakery,2024-06-22,1.7179487179487178,89,1.6851851851851851,9
16,Bakery,2024-06-23,1.1666666666666667,125,1.12,9
16,Bakery,2024-07-01,1.1564121571534471,106,1.2602272727272728,6
16,Bakery,2024-07-09,1.4,173,1.16,15
16,Bakery,2024-07-16,1.6896551724137931,101,1.6830181245074862,10
16,Bakery,2024-08-03,1.394736842105263,223,1.5589616128141397,20
16,Bakery,2024-08-05,1.3914141414141414,178,1.100408163265306,16
16,Bakery,2024-08-08,1.3888888888888888,179,1.0408163265306123,17
16,Bakery,2024-08-10,1.661904761904762,108,1.6808510638297873,11
16,Bakery,2024-08-13,0.9895833333333333,102,1.146341463414634,5
16,Bakery,2024-09-12,1.3846153846153846,239,1.5492957746478873,21
16,Bakery,2024-09-24,1.1066856330014225,150,1.0,11
16,Bakery,2024-10-11,0.9895833333333333,112,1.098170731707317,6
16,Bakery,2024-10-12,1.1176470588235294,155,0.9473684210526316,12
16,Bakery,2024-10-15,1.6153846153846154,124,1.6571428571428573,13
16,Bakery,2024-11-18,1.6153846153846154,126,1.6689969604863224,14
16,Bakery,2024-11-27,1.380952380952381,259,1.4375,25
16,Bakery,2024-12-28,1.6153846153846154,126,1.6689969604863224,14
16,Chocolate & Milk,2023-01-18,1.0,0,1.0,0
16,Chocolate & Milk,2023-02-01,1.4853142076502732,6,1.4853142076502732,0
16,Chocolate & Milk,2023-02-07,1.6842105263157894,9,1.6842105263157894,2
16,Chocolate & Milk,2023-02-14,1.3036437246963564,6,1.6842105263157894,1
16,Chocolate & Milk,2023-02-19,1.3036437246963564,6,1.6842105263157894,1
16,Chocolate & Milk,2023-02-22,1.2622950819672132,11,0.8076923076923077,2
16,Chocolate & Milk,2023-03-02,1.5416666666666667,9,1.5416666666666667,0
16,Chocolate & Milk,2023-03-17,2.1254545454545455,16,1.4545454545454546,1
16,Chocolate & Milk,2023-04-09,1.3191489361702127,30,1.1352509179926562,5
16,Chocolate & Milk,2023-04-16,1.4164619164619165,16,1.4545454545454546,1
16,Chocolate & Milk,2023-04-17,1.3125,33,0.9230769230769231,5
16,Chocolate & Milk,2023-05-02,2.163333333333333,32,1.1162790697674418,1
16,Chocolate & Milk,2023-05-08,1.373134328358209,27,1.24,3
16,Chocolate & Milk,2023-06-02,1.0,28,0.7083333333333334,1
16,Chocolate & Milk,2023-06-13,1.5217391304347827,55,0.8492935635792779,6
16,Chocolate & Milk,2023-06-28,1.37673343605547,60,0.8492935635792779,6
16,Chocolate & Milk,2023-07-09,1.4177489177489178,34,1.4545454545454546,1
16,Chocolate & Milk,2023-07-14,1.380952380952381,35,1.2272727272727273,2
16,Chocolate & Milk,2023-07-29,1.6417378917378915,32,1.6021052631578947,4
16,Chocolate & Milk,2023-08-02,1.25,73,0.7755102040816326,7
16,Chocolate & Milk,2023-08-10,1.25,79,1.5,3
16,Chocolate & Milk,2023-08-12,1.2272727272727273,43,1.24,3
16,Chocolate & Milk,2023-08-24,1.227922077922078,46,1.3831578947368421,4
16,Chocolate & Milk,2023-08-28,1.196969696969697,48,1.24,5
16,Chocolate & Milk,2023-09-07,1.5147058823529411,44,1.4545454545454546,3
16,Chocolate & Milk,2023-09-18,1.875,75,1.4883720930232558,4
16,Chocolate & Milk,2023-09-27,1.3043478260869565,95,1.4085365853658538,6
16,Chocolate & Milk,2023-10-25,1.2727272727272727,95,0.9230769230769231,9
16,Chocolate & Milk,2023-11-03,1.5714285714285714,55,1.512987012987013,4
16,Chocolate & Milk,2023-11-30,0.8605769230769231,56,0.7758620689655173,2
16,Chocolate & Milk,2024-01-01,1.1297619047619047,74,1.0910087719298245,2
16,Chocolate & Milk,2024-01-04,1.458041958041958,132,1.5192307692307692,10
16,Chocolate & Milk,2024-01-13,1.464102564102564,136,1.5384615384615385,11
16,Chocolate & Milk,2024-03-03,1.4545454545454546,155,1.6153846153846154,12
16,Chocolate & Milk,2024-03-15,1.263157894736842,101,1.37,8
16,Chocolate & Milk,2024-03-21,0.9727088948787062,78,1.2758620689655173,3
16,Chocolate & Milk,2024-04-02,1.823611111111111,76,1.6021052631578947,8
16,Chocolate & Milk,2024-04-19,1.4444444444444444,173,1.5,15
16,Chocolate & Milk,2024-05-08,1.458041958041958,184,1.5192307692307692,16
16,Chocolate & Milk,2024-05-11,1.4615384615384615,187,1.5384615384615385,17
16,Chocolate & Milk,2024-05-15,1.6120401337792643,86,1.736842105263158,9
16,Chocolate & Milk,2024-05-20,1.6153846153846154,90,1.868421052631579,10
16,Chocolate & Milk,2024-05-24,1.2,97,1.7618421052631579,4
16,Chocolate & Milk,2024-06-22,1.8,89,1.6842105263157894,9
16,Chocolate & Milk,2024-06-23,1.2272727272727273,125,1.5,9
16,Chocolate & Milk,2024-07-01,1.167601683029453,106,1.4602463605823068,6
16,Chocolate & Milk,2024-07-09,1.3225806451612903,173,1.0,15
16,Chocolate & Milk,2024-07-16,1.7,101,1.6021052631578947,10
16,Chocolate & Milk,2024-08-03,1.3846153846153846,223,1.5906593406593408,20
16,Chocolate & Milk,2024-08-05,1.3125,178,0.9883720930232558,16
16,Chocolate & Milk,2024-08-08,1.3125,179,1.0,17
16,Chocolate & Milk,2024-08-10,1.666923076923077,108,1.52,11
16,Chocolate & Milk,2024-08-13,0.9430719656283566,102,1.2758620689655173,5
16,Chocolate & Milk,2024-09-12,1.380952380952381,239,1.6428571428571428,21
16,Chocolate & Milk,2024-09-24,1.1666666666666667,150,1.24,11
16,Chocolate & Milk,2024-10-11,0.9727088948787062,112,1.2807881773399017,6
16,Chocolate & Milk,2024-10-12,1.1666666666666667,155,1.1533333333333333,12
16,Chocolate & Milk,2024-10-15,1.6085106382978722,124,1.3333333333333333,13
16,Chocolate & Milk,2024-11-18,1.6085106382978722,126,1.4266666666666667,14
16,Chocolate & Milk,2024-11-27,1.36,259,1.5384615384615385,25
16,Chocolate & Milk,2024-12-28,1.6085106382978722,126,1.4266666666666667,14
16,Coffee,2023-01-18,1.0,0,1.0,0
16,Coffee,2023-02-01,1.5664979106396657,6,1.5664979106396657,0
16,Coffee,2023-02-07,1.8691588785046729,9,1.8691588785046729,2
16,Coffee,2023-02-14,1.5632559098405716,6,1.8691588785046729,1
16,Coffee,2023-02-19,1.5632559098405716,6,1.8691588785046729,1
16,Coffee,2023-02-22,1.530054644808743,11,0.7865591397849463,2
16,Coffee,2023-03-02,1.3663003663003663,9,1.3663003663003663,0
16,Coffee,2023-03-17,1.8423461538461539,16,1.4935897435897436,1
16,Coffee,2023-04-09,1.320594965675057,30,0.9261363636363636,5
16,Coffee,2023-04-16,1.2578781159712422,16,1.4935897435897436,1
16,Coffee,2023-04-17,1.3743589743589744,33,0.9261363636363636,5
16,Coffee,2023-05-02,2.12037284809562,32,1.1311053984575836,1
16,Coffee,2023-05-08,1.3409090909090908,27,0.848314606741573,3
16,Coffee,2023-06-02,1.112877841745611,28,0.7471910112359551,1
16,Coffee,2023-06-13,1.4265734265734267,55,0.865752745576571,6
16,Coffee,2023-06-28,1.4086769671544048,60,0.865752745576571,6
16,Coffee,2023-07-09,1.28447638708362,34,1.4935897435897436,1
16,Coffee,2023-07-14,1.2873563218390804,35,1.486520899192132,2
16,Coffee,2023-07-29,1.511290322580645,32,1.6434401987460072,4
16,Coffee,2023-08-02,1.3743589743589744,73,0.9261363636363636,7
16,Coffee,2023-08-10,1.2734375,79,1.2734375,3
16,Coffee,2023-08-12,1.0446927374301676,43,0.848314606741573,3
16,Coffee,2023-08-24,1.0772244174955716,46,1.1749663648594595,4
16,Coffee,2023-08-28,1.0772244174955716,48,1.356164383561644,5
16,Coffee,2023-09-07,1.3160173160173159,44,1.4935897435897436,3
16,Coffee,2023-09-18,1.6635514018691588,75,1.4252777060191164,4
16,Coffee,2023-09-27,1.2638888888888888,95,1.3161080629770994,6
16,Coffee,2023-10-25,1.3743589743589744,95,0.9261363636363636,9
16,Coffee,2023-11-03,1.3663003663003663,55,2.2148799781778505,4
16,Coffee,2023-11-30,0.8370726495726495,56,0.6639999129223267,2
16,Coffee,2024-01-01,1.1423463983050848,74,0.9400290720515441,2
16,Coffee,2024-01-04,1.3608052421806391,132,1.3231393129770992,10
16,Coffee,2024-01-13,1.3744819852761934,136,1.3587786259541985,11
16,Coffee,2024-03-03,1.379454926624738,155,1.3931148031731777,12
16,Coffee,2024-03-15,1.2777777777777777,101,1.2521873391662377,8
16,Coffee,2024-03-21,0.9269170488187148,78,0.6973180076628352,3
16,Coffee,2024-04-02,1.7287366083093807,76,1.8075953122682096,8
16,Coffee,2024-04-19,1.3885350318471337,173,1.427450980392157,15
16,Coffee,2024-05-08,1.407915875565941,184,1.4797805360676382,16
16,Coffee,2024-05-11,1.4,187,1.427450980392157,17
16,Coffee,2024-05-15,1.5018796992481203,86,1.5137254901960784,9
16,Coffee,2024-05-20,1.5037593984962405,90,1.669741532976827,10
16,Coffee,2024-05-24,1.1548556430446195,97,1.4613611026654505,4
16,Coffee,2024-06-22,1.7191011235955056,89,1.8691588785046729,9
16,Coffee,2024-06-23,1.2613636363636365,125,1.2627986348122866,9
16,Coffee,2024-07-01,1.1447611710323575,106,1.4370618155157402,6
16,Coffee,2024-07-09,1.3714285714285714,173,1.0147783251231528,15
16,Coffee,2024-07-16,1.7062937062937062,101,1.8075953122682096,10
16,Coffee,2024-08-03,1.3695090439276485,223,1.432172092137826,20
16,Coffee,2024-08-05,1.3601594483947426,178,0.9939483023465226,16
16,Coffee,2024-08-08,1.361344537815126,179,1.0147783251231528,17
16,Coffee,2024-08-10,1.5893939393939394,108,1.746031746031746,11
16,Coffee,2024-08-13,0.9269170488187148,102,1.295774647887324,5
16,Coffee,2024-09-12,1.3540372670807452,239,1.4368932038834952,21
16,Coffee,2024-09-24,1.1386904761904761,150,1.1940298507462686,11
16,Coffee,2024-10-11,0.9189296547739418,112,1.0911497352911796,6
16,Coffee,2024-10-12,1.1636363636363636,155,1.1218376204085954,12
16,Coffee,2024-10-15,1.5176194365046958,124,1.556701030927835,13
16,Coffee,2024-11-18,1.5176194365046958,126,1.6513663884797904,14
16,Coffee,2024-11-27,1.3419354838709678,259,1.3587786259541985,25
16,Coffee,2024-12-28,1.5176194365046958,126,1.6513663884797904,14
16,Juice & Smoothie,2023-01-18,1.0,0,1.0,0
16,Juice & Smoothie,2023-02-01,2.104761904761905,6,2.104761904761905,0
16,Juice & Smoothie,2023-02-07,1.4107142857142858,9,1.5294117647058822,2
16,Juice & Smoothie,2023-02-14,1.3482142857142858,6,1.5294117647058822,1
16,Juice & Smoothie,2023-02-19,1.3482142857142858,6,1.5294117647058822,1
16,Juice & Smoothie,2023-02-22,1.7333333333333334,11,0.6296296296296295,2
16,Juice & Smoothie,2023-03-02,1.0625,9,1.0625,0
16,Juice & Smoothie,2023-03-17,1.717948717948718,16,1.7692307692307692,1
16,Juice & Smoothie,2023-04-09,1.4642857142857144,30,0.5944741532976827,5
16,Juice & Smoothie,2023-04-16,1.0645833333333332,16,1.0625,1
16,Juice & Smoothie,2023-04-17,1.5,33,0.5454545454545454,5
16,Juice & Smoothie,2023-05-02,2.246212121212121,32,1.7692307692307692,1
16,Juice & Smoothie,2023-05-08,1.3333333333333333,27,0.7647058823529411,3
16,Juice & Smoothie,2023-06-02,1.2019230769230769,28,0.5625,1
16,Juice & Smoothie,2023-06-13,1.5,55,0.6801346801346801,6
16,Juice & Smoothie,2023-06-28,1.5,60,0.6801346801346801,6
16,Juice & Smoothie,2023-07-09,1.0625,34,1.0625,1
16,Juice & Smoothie,2023-07-14,1.0625,35,2.03125,2
16,Juice & Smoothie,2023-07-29,1.6694677871148458,32,1.8101604278074865,4
16,Juice & Smoothie,2023-08-02,1.4,73,0.8148148148148148,7
16,Juice & Smoothie,2023-08-10,1.4545454545454546,79,1.7777777777777777,3
16,Juice & Smoothie,2023-08-12,1.1764705882352942,43,0.7647058823529411,3
16,Juice & Smoothie,2023-08-24,1.1969309462915603,46,0.9910485933503836,4
16,Juice & Smoothie,2023-08-28,1.1969309462915603,48,1.2173913043478262,5
16,Juice & Smoothie,2023-09-07,1.0645833333333332,44,3.0,3
16,Juice & Smoothie,2023-09-18,1.8823529411764706,75,1.465034965034965,4
16,Juice & Smoothie,2023-09-27,1.5,95,1.4797979797979797,6
16,Juice & Smoothie,2023-10-25,1.4285714285714286,95,1.0,9
16,Juice & Smoothie,2023-11-03,1.1851851851851851,55,2.3333333333333335,4
16,Juice & Smoothie,2023-11-30,0.9615384615384616,56,0.5461538461538462,2
16,Juice & Smoothie,2024-01-01,1.2,74,0.6448863636363636,2
16,Juice & Smoothie,2024-01-04,1.5683229813664596,132,1.3522727272727273,10
16,Juice & Smoothie,2024-01-13,1.5714285714285714,136,1.4545454545454546,11
16,Juice & Smoothie,2024-03-03,1.5714285714285714,155,1.5844155844155843,12
16,Juice & Smoothie,2024-03-15,1.2727272727272727,101,1.4696969696969697,8
16,Juice & Smoothie,2024-03-21,1.0,78,0.6923076923076923,3
16,Juice & Smoothie,2024-04-02,1.829090909090909,76,1.974025974025974,8
16,Juice & Smoothie,2024-04-19,1.5714285714285714,173,1.7142857142857142,15
16,Juice & Smoothie,2024-05-08,1.5714285714285714,184,1.7207792207792207,16
16,Juice & Smoothie,2024-05-11,1.5714285714285714,187,1.7142857142857142,17
16,Juice & Smoothie,2024-05-15,1.5672514619883042,86,1.6666666666666667,9
16,Juice & Smoothie,2024-05-20,1.5789473684210527,90,1.6733333333333333,10
16,Juice & Smoothie,2024-05-24,1.2,97,1.6818181818181817,4
16,Juice & Smoothie,2024-06-22,1.8095238095238095,89,1.8571428571428572,9
16,Juice & Smoothie,2024-06-23,1.2727272727272727,125,1.2727272727272727,9
16,Juice & Smoothie,2024-07-01,1.1602564102564101,106,1.227272727272727,6
16,Juice & Smoothie,2024-07-09,1.4,173,1.0,15
16,Juice & Smoothie,2024-07-16,1.75,101,1.7202380952380953,10
16,Juice & Smoothie,2024-08-03,1.5,223,1.6904761904761905,20
16,Juice & Smoothie,2024-08-05,1.4,178,0.9375,16
16,Juice & Smoothie,2024-08-08,1.4,179,0.9166666666666666,17
16,Juice & Smoothie,2024-08-10,1.6416666666666666,108,1.5833333333333333,11
16,Juice & Smoothie,2024-08-13,1.0,102,1.4166666666666667,5
16,Juice & Smoothie,2024-09-12,1.5,239,1.6666666666666667,21
16,Juice & Smoothie,2024-09-24,1.2198067632850242,150,1.2173913043478262,11
16,Juice & Smoothie,2024-10-11,0.9027149321266968,112,1.0544871794871795,6
16,Juice & Smoothie,2024-10-12,1.2307692307692308,155,1.1541501976284585,12
16,Juice & Smoothie,2024-10-15,1.5539772727272727,124,1.5833333333333333,13
16,Juice & Smoothie,2024-11-18,1.5539772727272727,126,1.7202380952380953,14
16,Juice & Smoothie,2024-11-27,1.4736842105263157,259,1.5,25
16,Juice & Smoothie,2024-12-28,1.5539772727272727,126,1.7202380952380953,14
16,Merchandise,2023-01-18,1.0,0,1.0,0
16,Merchandise,2023-02-01,1.4166666666666665,6,1.4166666666666665,0
16,Merchandise,2023-02-07,1.8888888888888888,9,1.8888888888888888,2
16,Merchandise,2023-02-14,1.482905982905983,6,1.8888888888888888,1
16,Merchandise,2023-02-19,1.482905982905983,6,1.8888888888888888,1
16,Merchandise,2023-02-22,1.3333333333333333,11,0.75,2
16,Merchandise,2023-03-02,1.12,9,1.12,0
16,Merchandise,2023-03-17,1.8375,16,1.6666666666666667,1
16,Merchandise,2023-04-09,1.4285714285714286,30,1.0,5
16,Merchandise,2023-04-16,1.1600000000000001,16,1.0,1
16,Merchandise,2023-04-17,1.3333333333333333,33,1.0,5
16,Merchandise,2023-05-02,2.1838235294117645,32,1.6666666666666667,1
16,Merchandise,2023-05-08,1.5,27,0.6666666666666666,3
16,Merchandise,2023-06-02,0.8359788359788359,28,0.5,1
16,Merchandise,2023-06-13,1.4444444444444444,55,0.868421052631579,6
16,Merchandise,2023-06-28,1.3666666666666667,60,0.868421052631579,6
16,Merchandise,2023-07-09,1.1600000000000001,34,1.0,1
16,Merchandise,2023-07-14,1.12,35,0.625,2
16,Merchandise,2023-07-29,1.8492063492063493,32,1.7679738562091503,4
16,Merchandise,2023-08-02,1.3333333333333333,73,0.7368421052631579,7
16,Merchandise,2023-08-10,1.3333333333333333,79,1.2,3
16,Merchandise,2023-08-12,1.3333333333333333,43,0.6666666666666666,3
16,Merchandise,2023-08-24,1.3333333333333333,46,1.0,4
16,Merchandise,2023-08-28,1.3333333333333333,48,1.3333333333333333,5
16,Merchandise,2023-09-07,1.25,44,1.0,3
16,Merchandise,2023-09-18,1.8,75,1.5256410256410255,4
16,Merchandise,2023-09-27,1.3333333333333333,95,1.6,6
16,Merchandise,2023-10-25,1.3333333333333333,95,0.7368421052631579,9
16,Merchandise,2023-11-03,1.3,55,1.6666666666666667,4
16,Merchandise,2023-11-30,0.788888888888889,56,0.7,2
16,Merchandise,2024-01-01,1.0,74,0.8333333333333334,2
16,Merchandise,2024-01-04,1.4511278195488722,132,1.4166666666666665,10
16,Merchandise,2024-01-13,1.4511278195488722,136,1.5,11
16,Merchandise,2024-03-03,1.4285714285714286,155,1.55,12
16,Merchandise,2024-03-15,1.375,101,1.4166666666666665,8
16,Merchandise,2024-03-21,0.8377192982456141,78,1.0,3
16,Merchandise,2024-04-02,1.7797619047619047,76,1.656862745098039,8
16,Merchandise,2024-04-19,1.4736842105263157,173,1.5,15
16,Merchandise,2024-05-08,1.486842105263158,184,1.55,16
16,Merchandise,2024-05-11,1.4736842105263157,187,1.6,17
16,Merchandise,2024-05-15,1.4285714285714286,86,1.5714285714285714,9
16,Merchandise,2024-05-20,1.4285714285714286,90,1.7857142857142856,10
16,Merchandise,2024-05-24,1.0769230769230769,97,1.5208333333333335,4
16,Merchandise,2024-06-22,1.75,89,1.6666666666666667,9
16,Merchandise,2024-06-23,1.3333333333333333,125,1.3333333333333333,9
16,Merchandise,2024-07-01,1.0769230769230769,106,1.1833333333333333,6
16,Merchandise,2024-07-09,1.3333333333333333,173,1.0,15
16,Merchandise,2024-07-16,1.6666666666666667,101,1.656862745098039,10
16,Merchandise,2024-08-03,1.4,223,1.6125,20
16,Merchandise,2024-08-05,1.3333333333333333,178,1.0,16
16,Merchandise,2024-08-08,1.3333333333333333,179,1.0,17
16,Merchandise,2024-08-10,1.6360294117647058,108,1.6470588235294117,11
16,Merchandise,2024-08-13,0.9545454545454546,102,1.625,5
16,Merchandise,2024-09-12,1.375,239,1.6,21
16,Merchandise,2024-09-24,1.25,150,1.2857142857142858,11
16,Merchandise,2024-10-11,1.0,112,1.3839285714285714,6
16,Merchandise,2024-10-12,1.25,155,1.1428571428571428,12
16,Merchandise,2024-10-15,1.5982142857142856,124,1.375,13
16,Merchandise,2024-11-18,1.6125,126,1.5110294117647058,14
16,Merchandise,2024-11-27,1.4,259,1.5,25
16,Merchandise,2024-12-28,1.6125,126,1.5110294117647058,14
16,Savory Bakery,2023-01-18,1.0,0,1.0,0
16,Savory Bakery,2023-02-01,1.6643518518518519,6,1.6643518518518519,0
16,Savory Bakery,2023-02-07,1.75,9,1.75,2
16,Savory Bakery,2023-02-14,1.3392857142857144,6,1.75,1
16,Savory Bakery,2023-02-19,1.3392857142857144,6,1.75,1
16,Savory Bakery,2023-02-22,1.625,11,0.7380174291938998,2
16,Savory Bakery,2023-03-02,1.3548387096774193,9,1.3548387096774193,0
16,Savory Bakery,2023-03-17,1.915544675642595,16,1.5737704918032787,1
16,Savory Bakery,2023-04-09,1.2999092558983665,30,0.9794210764360018,5
16,Savory Bakery,2023-04-16,1.2104166666666667,16,1.15,1
16,Savory Bakery,2023-04-17,1.3243243243243243,33,0.7407407407407407,5
16,Savory Bakery,2023-05-02,2.1640866873065017,32,1.5737704918032787,1
16,Savory Bakery,2023-05-08,1.2424242424242424,27,1.1343283582089552,3
16,Savory Bakery,2023-06-02,1.3068181818181817,28,1.4444444444444444,1
16,Savory Bakery,2023-06-13,1.3647450110864745,55,1.4444444444444444,6
16,Savory Bakery,2023-06-28,1.3206987475280159,60,0.7380174291938998,6
16,Savory Bakery,2023-07-09,1.1507575757575759,34,1.15,1
16,Savory Bakery,2023-07-14,1.15,35,0.9321428571428572,2
16,Savory Bakery,2023-07-29,1.5222816399286987,32,1.5416666666666665,4
16,Savory Bakery,2023-08-02,1.3170731707317074,73,0.7407407407407407,7
16,Savory Bakery,2023-08-10,1.3623188405797102,79,1.375,3
16,Savory Bakery,2023-08-12,1.05,43,1.1343283582089552,3
16,Savory Bakery,2023-08-24,1.0634615384615385,46,1.1883763003165988,4
16,Savory Bakery,2023-08-28,1.0583333333333333,48,1.1343283582089552,5
16,Savory Bakery,2023-09-07,1.2111742424242424,44,1.15,3
16,Savory Bakery,2023-09-18,1.75,75,1.2464285714285714,4
16,Savory Bakery,2023-09-27,1.3623188405797102,95,1.2358870967741935,6
16,Savory Bakery,2023-10-25,1.368421052631579,95,0.7407407407407407,9
16,Savory Bakery,2023-11-03,1.3548387096774193,55,1.2568181818181818,4
16,Savory Bakery,2023-11-30,0.7947368421052632,56,1.0416012558869703,2
16,Savory Bakery,2024-01-01,1.2413793103448276,74,1.2222222222222223,2
16,Savory Bakery,2024-01-04,1.4415184678522572,132,1.4375,10
16,Savory Bakery,2024-01-13,1.4482029598308668,136,1.5,11
16,Savory Bakery,2024-03-03,1.4411764705882353,155,1.4444444444444444,12
16,Savory Bakery,2024-03-15,1.2463768115942029,101,1.1883763003165988,8
16,Savory Bakery,2024-03-21,0.906158357771261,78,1.3076923076923077,3
16,Savory Bakery,2024-04-02,1.7416666666666667,76,1.5601851851851851,8
16,Savory Bakery,2024-04-19,1.457142857142857,173,1.5,15
16,Savory Bakery,2024-05-08,1.4690688775510203,184,1.51,16
16,Savory Bakery,2024-05-11,1.46875,187,1.52,17
16,Savory Bakery,2024-05-15,1.523671096345515,86,1.3636363636363635,9
16,Savory Bakery,2024-05-20,1.5357142857142858,90,1.461818181818182,10
16,Savory Bakery,2024-05-24,1.25,97,1.7962962962962963,4
16,Savory Bakery,2024-06-22,1.75,89,1.75,9
16,Savory Bakery,2024-06-23,1.2307692307692308,125,1.2424242424242424,9
16,Savory Bakery,2024-07-01,1.239110707803993,106,1.6415770609318996,6
16,Savory Bakery,2024-07-09,1.4285714285714286,173,0.8292682926829268,15
16,Savory Bakery,2024-07-16,1.631578947368421,101,1.5601851851851851,10
16,Savory Bakery,2024-08-03,1.4054054054054055,223,1.527857142857143,20
16,Savory Bakery,2024-08-05,1.4264069264069263,178,0.8284272497897393,16
16,Savory Bakery,2024-08-08,1.4242424242424243,179,0.8292682926829268,17
16,Savory Bakery,2024-08-10,1.5388994307400379,108,1.3793103448275863,11
16,Savory Bakery,2024-08-13,0.9008882655446471,102,1.3461538461538463,5
16,Savory Bakery,2024-09-12,1.393939393939394,239,1.5357142857142858,21
16,Savory Bakery,2024-09-24,1.1277173913043477,150,1.1343283582089552,11
16,Savory Bakery,2024-10-11,0.9090909090909091,112,1.326923076923077,6
16,Savory Bakery,2024-10-12,1.1343283582089552,155,1.100497512437811,12
16,Savory Bakery,2024-10-15,1.4861111111111112,124,1.3703703703703705,13
16,Savory Bakery,2024-11-18,1.4861111111111112,126,1.3748403575989783,14
16,Savory Bakery,2024-11-27,1.4054054054054055,259,1.52,25
16,Savory Bakery,2024-12-28,1.4861111111111112,126,1.3748403575989783,14
16,Tea,2023-01-18,1.0,0,1.0,0
16,Tea,2023-02-01,1.8758052970651398,6,1.8758052970651398,0
16,Tea,2023-02-07,1.5670103092783505,9,1.4461538461538461,2
16,Tea,2023-02-14,1.5065820777160983,6,1.4461538461538461,1
16,Tea,2023-02-19,1.5065820777160983,6,1.4461538461538461,1
16,Tea,2023-02-22,1.4492753623188406,11,0.7092252803261978,2
16,Tea,2023-03-02,1.6575342465753424,9,1.6575342465753424,0
16,Tea,2023-03-17,2.066983122362869,16,1.542857142857143,1
16,Tea,2023-04-09,1.3055555555555556,30,0.8073394495412844,5
16,Tea,2023-04-16,1.2391849529780563,16,1.15,1
16,Tea,2023-04-17,1.338235294117647,33,0.8073394495412844,5
16,Tea,2023-05-02,2.2767972053686343,32,1.542857142857143,1
16,Tea,2023-05-08,1.4090909090909092,27,0.86,3
16,Tea,2023-06-02,1.134415064102564,28,1.2619047619047619,1
16,Tea,2023-06-13,1.4492753623188406,55,1.2619047619047619,6
16,Tea,2023-06-28,1.3936117936117935,60,0.8057315804407453,6
16,Tea,2023-07-09,1.1398148148148146,34,1.15,1
16,Tea,2023-07-14,1.15,35,1.3477272727272727,2
16,Tea,2023-07-29,1.536082474226804,32,1.6527293844367015,4
16,Tea,2023-08-02,1.2873563218390804,73,0.8073394495412844,7
16,Tea,2023-08-10,1.3071895424836601,79,1.2972972972972974,3
16,Tea,2023-08-12,1.0758620689655172,43,0.86,3
16,Tea,2023-08-24,1.1129310344827585,46,1.0225925925925925,4
16,Tea,2023-08-28,1.1129310344827585,48,1.1851851851851851,5
16,Tea,2023-09-07,1.2045454545454546,44,1.5454545454545454,3
16,Tea,2023-09-18,1.858974358974359,75,1.4574750830564784,4
16,Tea,2023-09-27,1.3071895424836601,95,1.3053650665590966,6
16,Tea,2023-10-25,1.2873563218390804,95,0.8073394495412844,9
16,Tea,2023-11-03,1.3703703703703705,55,1.9318181818181819,4
16,Tea,2023-11-30,0.7799642218246869,56,0.6912820512820512,2
16,Tea,2024-01-01,1.1654184304786714,74,1.2472314507198228,2
16,Tea,2024-01-04,1.4228550829127613,132,1.4669343410486537,10
16,Tea,2024-01-13,1.4316270127373227,136,1.5890410958904109,11
16,Tea,2024-03-03,1.4246575342465753,155,1.6171011931064958,12
16,Tea,2024-03-15,1.2452830188679245,101,1.1550925925925926,8
16,Tea,2024-03-21,0.8879310344827587,78,0.7692307692307693,3
16,Tea,2024-04-02,1.6852425180598556,76,1.862002567394095,8
16,Tea,2024-04-19,1.4615384615384615,173,1.6451612903225807,15
16,Tea,2024-05-08,1.4615384615384615,184,1.6774193548387097,16
16,Tea,2024-05-11,1.4615384615384615,187,1.6451612903225807,17
16,Tea,2024-05-15,1.648767123287671,86,1.8888888888888888,9
16,Tea,2024-05-20,1.6575342465753424,90,1.957957957957958,10
16,Tea,2024-05-24,1.1891891891891893,97,1.7407084785133566,4
16,Tea,2024-06-22,1.6666666666666667,89,1.829268292682927,9
16,Tea,2024-06-23,1.2692307692307692,125,1.1851851851851851,9
16,Tea,2024-07-01,1.186176357335387,106,1.5709523809523809,6
16,Tea,2024-07-09,1.338235294117647,173,0.8611111111111112,15
16,Tea,2024-07-16,1.6296296296296295,101,1.6646341463414633,10
16,Tea,2024-08-03,1.423728813559322,223,1.646110056925996,20
16,Tea,2024-08-05,1.3381317315658658,178,0.8623737373737375,16
16,Tea,2024-08-08,1.3380281690140845,179,0.8636363636363636,17
16,Tea,2024-08-10,1.5543735224586288,108,1.5853658536585367,11
16,Tea,2024-08-13,0.8947044334975369,102,1.14,5
16,Tea,2024-09-12,1.4150943396226414,239,1.6451612903225807,21
16,Tea,2024-09-24,1.176862255513941,150,1.125,11
16,Tea,2024-10-11,0.8947044334975369,112,0.9628571428571429,6
16,Tea,2024-10-12,1.196969696969697,155,1.1550925925925926,12
16,Tea,2024-10-15,1.5025773195876289,124,1.5,13
16,Tea,2024-11-18,1.5025773195876289,126,1.5426829268292683,14
16,Tea,2024-11-27,1.4081632653061225,259,1.5890410958904109,25
16,Tea,2024-12-28,1.5025773195876289,126,1.5426829268292683,14
17,Bakery,2023-01-02,1.0,0,1.0,0
17,Bakery,2023-01-04,1.0,0,1.0,0
17,Bakery,2023-01-08,1.0,0,1.0,0
17,Bakery,2023-01-09,1.0,0,1.0,0
17,Bakery,2023-01-14,1.0,0,1.0,0
17,Bakery,2023-02-10,1.7172582619339045,8,0.4444444444444444,1
17,Bakery,2023-02-20,0.896551724137931,8,0.5416666666666666,1
17,Bakery,2023-02-26,1.105263157894737,13,1.105263157894737,0
17,Bakery,2023-03-03,1.163265306122449,25,1.163265306122449,0
17,Bakery,2023-03-07,0.7931034482758621,11,0.5504943502824858,2
17,Bakery,2023-03-17,1.348148148148148,7,1.348148148148148,0
17,Bakery,2023-03-19,1.3157894736842106,19,0.5188323917137476,2
17,Bakery,2023-03-23,1.216161616161616,34,0.6352941176470588,1
17,Bakery,2023-04-10,2.217391304347826,23,2.5977011494252875,1
17,Bakery,2023-04-19,1.3214285714285714,33,0.5932203389830508,3
17,Bakery,2023-04-20,1.318609022556391,34,0.8652376204719175,4
17,Bakery,2023-05-16,1.2711462450592885,52,1.0408163265306123,3
17,Bakery,2023-05-28,1.0,22,0.6754943502824858,4
17,Bakery,2023-06-03,1.3142857142857143,31,1.837837837837838,1
17,Bakery,2023-06-15,1.1956521739130435,29,1.1956521739130435,0
17,Bakery,2023-06-22,1.1887351778656128,30,0.6470588235294118,1
17,Bakery,2023-06-25,2.0,52,2.132183908045977,2
17,Bakery,2023-07-07,1.6571428571428573,27,0.9647058823529412,1
17,Bakery,2023-07-20,1.6056338028169015,32,1.4242134062927496,5
17,Bakery,2023-08-08,1.0465367965367967,44,1.0465367965367967,0
17,Bakery,2023-08-29,1.1887351778656128,40,0.7492719860221316,2
17,Bakery,2023-10-02,1.183673469387755,59,1.0535343035343037,2
17,Bakery,2023-10-05,1.3414634146341464,99,0.8745748299319729,4
17,Bakery,2023-10-27,1.346938775510204,105,1.0408163265306123,5
17,Bakery,2023-11-15,0.7647058823529411,53,0.8432017543859649,6
17,Bakery,2023-11-26,1.6689969604863224,56,1.2826086956521738,3
17,Bakery,2023-11-29,1.3846153846153846,118,1.0408163265306123,6
17,Bakery,2023-12-05,1.132601880877743,70,1.725,1
17,Bakery,2023-12-09,1.1379310344827587,71,2.3625,2
17,Bakery,2023-12-25,1.3953488372093024,127,1.0408163265306123,7
17,Bakery,2023-12-31,1.3975903614457832,131,1.2180825818699574,8
17,Bakery,2024-01-01,1.4,117,0.8947368421052632,5
17,Bakery,2024-01-14,1.425,123,1.0159958720330238,6
17,Bakery,2024-01-16,1.7061994609164421,66,1.1236572890025576,4
17,Bakery,2024-02-03,1.439252336448598,141,1.3953488372093024,9
17,Bakery,2024-02-08,1.438376168224299,144,1.2180825818699574,10
17,Bakery,2024-02-21,0.8947368421052632,73,0.8947368421052632,7
17,Bakery,2024-02-28,1.4375,151,1.2790697674418605,11
17,Bakery,2024-03-01,1.1549295774647887,85,3.0,3
17,Bakery,2024-03-13,1.4347222222222222,136,1.1372549019607843,7
17,Bakery,2024-03-20,1.7179487179487178,162,1.2826086956521738,12
17,Bakery,2024-04-14,2.0784313725490198,145,1.6666666666666667,8
17,Bakery,2024-04-16,2.0833333333333335,138,2.132183908045977,4
17,Bakery,2024-05-06,1.4482758620689655,151,1.1372549019607843,9
17,Bakery,2024-05-08,1.1780436312456017,112,0.575,3
17,Bakery,2024-05-28,1.4545454545454546,193,1.0408163265306123,13
17,Bakery,2024-05-30,1.78125,82,1.2826086956521738,7
17,Bakery,2024-05-31,1.4944444444444445,88,0.8636363636363636,5
17,Bakery,2024-06-04,1.0,93,0.9116541353383458,8
17,Bakery,2024-06-25,1.7061994609164421,92,1.2776679841897232,8
17,Bakery,2024-06-28,1.488888888888889,91,0.999719416386083,6
17,Bakery,2024-07-05,1.40994623655914,170,1.164372131831456,10
17,Bakery,2024-07-29,1.12,135,1.0433139534883722,4
17,Bakery,2024-07-31,1.6808510638297873,220,1.2727272727272727,14
17,Bakery,2024-08-12,1.1066856330014225,140,0.7294117647058823,5
17,Bakery,2024-09-13,1.6201923076923077,120,1.2585858585858585,10
17,Bakery,2024-09-25,2.0,184,2.2888888888888888,5
17,Bakery,2024-09-27,1.3846153846153846,243,1.186046511627907,15
17,Bakery,2024-10-23,1.380952380952381,252,1.1134314190792596,16
17,Bakery,2024-10-26,1.6153846153846154,125,1.2444444444444445,11
17,Bakery,2024-11-20,1.393939393939394,207,1.1372549019607843,11
17,Bakery,2024-11-24,1.393939393939394,207,1.1372549019607843,11
17,Bakery,2024-11-28,1.1515151515151516,127,2.368131868131868,4
17,Bakery,2024-12-09,2.028169014084507,199,1.9777777777777779,6
17,Bakery,2024-12-22,1.1128775834658189,158,0.7984408221119773,6
17,Bakery,2024-12-26,1.393939393939394,207,1.1372549019607843,11
17,Chocolate & Milk,2023-01-02,1.0,0,1.0,0
17,Chocolate & Milk,2023-01-04,1.0,0,1.0,0
17,Chocolate & Milk,2023-01-08,1.0,0,1.0,0
17,Chocolate & Milk,2023-01-09,1.0,0,1.0,0
17,Chocolate & Milk,2023-01-14,1.0,0,1.0,0
17,Chocolate & Milk,2023-02-10,1.4853142076502732,8,0.5,1
17,Chocolate & Milk,2023-02-20,0.8348416289592759,8,0.7727272727272727,1
17,Chocolate & Milk,2023-02-26,1.2272727272727273,13,1.2272727272727273,0
17,Chocolate & Milk,2023-03-03,1.1506849315068493,25,1.1506849315068493,0
17,Chocolate & Milk,2023-03-07,0.8235294117647058,11,0.7196969696969697,2
17,Chocolate & Milk,2023-03-17,1.6842105263157894,7,1.6842105263157894,0
17,Chocolate & Milk,2023-03-19,1.1333333333333333,19,0.6,2
17,Chocolate & Milk,2023-03-23,1.158675799086758,34,1.4736842105263157,1
17,Chocolate & Milk,2023-04-10,2.372093023255814,23,2.380952380952381,1
17,Chocolate & Milk,2023-04-19,1.3125,33,0.7,3
17,Chocolate & Milk,2023-04-20,1.2926136363636362,34,0.834375,4
17,Chocolate & Milk,2023-05-16,1.318840579710145,52,0.7083333333333334,3
17,Chocolate & Milk,2023-05-28,1.0128205128205128,22,0.7547846889952152,4
17,Chocolate & Milk,2023-06-03,1.3,31,0.8571428571428571,1
17,Chocolate & Milk,2023-06-15,1.5294117647058822,29,1.5294117647058822,0
17,Chocolate & Milk,2023-06-22,1.5147058823529411,30,0.5,1
17,Chocolate & Milk,2023-06-25,1.9589603283173735,52,2.0423280423280423,2
17,Chocolate & Milk,2023-07-07,1.6538461538461537,27,1.302325581395349,1
17,Chocolate & Milk,2023-07-20,1.6538461538461537,32,1.9069767441860466,5
17,Chocolate & Milk,2023-08-08,1.0,44,1.0,0
17,Chocolate & Milk,2023-08-29,1.4772727272727273,40,0.45833333333333337,2
17,Chocolate & Milk,2023-10-02,1.2285714285714286,59,0.5535714285714286,2
17,Chocolate & Milk,2023-10-05,1.3170731707317074,99,0.9791666666666667,4
17,Chocolate & Milk,2023-10-27,1.3333333333333333,105,0.7727272727272727,5
17,Chocolate & Milk,2023-11-15,0.8461538461538461,53,0.7547846889952152,6
17,Chocolate & Milk,2023-11-26,1.6931372549019608,56,1.6170212765957446,3
17,Chocolate & Milk,2023-11-29,1.5714285714285714,118,1.0113636363636362,6
17,Chocolate & Milk,2023-12-05,1.1026315789473684,70,1.8888888888888888,1
17,Chocolate & Milk,2023-12-09,1.105263157894737,71,2.4444444444444446,2
17,Chocolate & Milk,2023-12-25,1.4444444444444444,127,1.25,7
17,Chocolate & Milk,2023-12-31,1.4545454545454546,131,1.3206521739130435,8
17,Chocolate & Milk,2024-01-01,1.3333333333333333,117,0.96875,5
17,Chocolate & Milk,2024-01-14,1.3636363636363635,123,1.046875,6
17,Chocolate & Milk,2024-01-16,1.7756892230576442,66,1.4596734289955466,4
17,Chocolate & Milk,2024-02-03,1.4666666666666666,141,1.391304347826087,9
17,Chocolate & Milk,2024-02-08,1.4666666666666666,144,1.3206521739130435,10
17,Chocolate & Milk,2024-02-21,0.9642857142857143,73,0.7368421052631579,7
17,Chocolate & Milk,2024-02-28,1.5714285714285714,151,1.25,11
17,Chocolate & Milk,2024-03-01,1.1612903225806452,85,3.0,3
17,Chocolate & Milk,2024-03-13,1.3660287081339713,136,0.96875,7
17,Chocolate & Milk,2024-03-20,1.8,162,1.302325581395349,12
17,Chocolate & Milk,2024-04-14,1.9487179487179487,145,1.8888888888888888,8
17,Chocolate & Milk,2024-04-16,1.9627310673822302,138,2.134920634920635,4
17,Chocolate & Milk,2024-05-06,1.3898305084745763,151,0.96875,9
17,Chocolate & Milk,2024-05-08,1.2342857142857144,112,0.6086956521739131,3
17,Chocolate & Milk,2024-05-28,1.4615384615384615,193,1.1666666666666667,13
17,Chocolate & Milk,2024-05-30,1.9223484848484849,82,1.302325581395349,7
17,Chocolate & Milk,2024-05-31,1.6120401337792643,88,0.7368421052631579,5
17,Chocolate & Milk,2024-06-04,1.0,93,0.7547846889952152,8
17,Chocolate & Milk,2024-06-25,1.7756892230576442,92,1.2152653548002386,8
17,Chocolate & Milk,2024-06-28,1.608695652173913,91,0.8229665071770335,6
17,Chocolate & Milk,2024-07-05,1.3279569892473118,170,0.9459134615384616,10
17,Chocolate & Milk,2024-07-29,1.183673469387755,135,0.7329192546583851,4
17,Chocolate & Milk,2024-07-31,1.6842105263157894,220,1.2272727272727273,14
17,Chocolate & Milk,2024-08-12,1.1590909090909092,140,0.6086956521739131,5
17,Chocolate & Milk,2024-09-13,1.6210106382978724,120,1.264799154334038,10
17,Chocolate & Milk,2024-09-25,1.9627310673822302,184,2.380952380952381,5
17,Chocolate & Milk,2024-09-27,1.375,243,1.1666666666666667,15
17,Chocolate & Milk,2024-10-23,1.36,252,1.1333333333333333,16
17,Chocolate & Milk,2024-10-26,1.6170212765957446,125,1.2272727272727273,11
17,Chocolate & Milk,2024-11-20,1.2727272727272727,207,0.9230769230769231,11
17,Chocolate & Milk,2024-11-24,1.2727272727272727,207,0.9230769230769231,11
17,Chocolate & Milk,2024-11-28,1.1612903225806452,127,2.4444444444444446,4
17,Chocolate & Milk,2024-12-09,1.9767441860465116,199,2.134920634920635,6
17,Chocolate & Milk,2024-12-22,1.175170068027211,158,0.6585144927536233,6
17,Chocolate & Milk,2024-12-26,1.2727272727272727,207,0.9230769230769231,11
17,Coffee,2023-01-02,1.0,0,1.0,0
17,Coffee,2023-01-04,1.0,0,1.0,0
17,Coffee,2023-01-08,1.0,0,1.0,0
17,Coffee,2023-01-09,1.0,0,1.0,0
17,Coffee,2023-01-14,1.0,0,1.0,0
17,Coffee,2023-02-10,1.5446191591390654,8,0.39325842696629215,1
17,Coffee,2023-02-20,0.6795384399551067,8,0.7283950617283951,1
17,Coffee,2023-02-26,1.0446927374301676,13,1.0446927374301676,0
17,Coffee,2023-03-03,1.2058823529411764,25,1.2058823529411764,0
17,Coffee,2023-03-07,0.7283950617283951,11,0.7726482350895496,2
17,Coffee,2023-03-17,1.2758620689655173,7,1.2758620689655173,0
17,Coffee,2023-03-19,1.3894736842105264,19,0.5798627464172779,2
17,Coffee,2023-03-23,1.2058823529411764,34,1.093655589123867,1
17,Coffee,2023-04-10,2.1056105610561056,23,2.2222222222222223,1
17,Coffee,2023-04-19,1.3743589743589744,33,0.7664670658682635,3
17,Coffee,2023-04-20,1.3819163292847505,34,1.1150043662674651,4
17,Coffee,2023-05-16,1.3285393258426965,52,1.0516129032258064,3
17,Coffee,2023-05-28,0.9365204888569374,22,0.8757404238515203,4
17,Coffee,2023-06-03,1.2777777777777777,31,0.9197860962566845,1
17,Coffee,2023-06-15,1.3663003663003663,29,1.3663003663003663,0
17,Coffee,2023-06-22,1.3268283440697233,30,0.7911392405063291,1
17,Coffee,2023-06-25,1.99843171534348,52,2.1939840392879066,2
17,Coffee,2023-07-07,1.5,27,1.4183976261127595,1
17,Coffee,2023-07-20,1.5,32,1.510351550808541,5
17,Coffee,2023-08-08,1.1030824372759858,44,1.1030824372759858,0
17,Coffee,2023-08-29,1.2930288102701897,40,0.8268795244065192,2
17,Coffee,2023-10-02,1.1636363636363636,59,0.7230509428651843,2
17,Coffee,2023-10-05,1.2734375,99,1.0516129032258064,4
17,Coffee,2023-10-27,1.2875,105,1.0516129032258064,5
17,Coffee,2023-11-15,0.8194444444444444,53,0.9265920452075636,6
17,Coffee,2023-11-26,1.5966072832067066,56,1.5796610169491525,3
17,Coffee,2023-11-29,1.4105960264900663,118,1.0726342461748368,6
17,Coffee,2023-12-05,1.1330195228500313,70,1.4331210191082802,1
17,Coffee,2023-12-09,1.1331719128329298,71,2.21656050955414,2
17,Coffee,2023-12-25,1.3425925925925926,127,1.093655589123867,7
17,Coffee,2023-12-31,1.3587786259541985,131,1.0968277945619336,8
17,Coffee,2024-01-01,1.3894736842105264,117,1.1288343558282208,5
17,Coffee,2024-01-14,1.403560830860534,123,1.2961880112474438,6
17,Coffee,2024-01-16,1.7072501966118987,66,1.499029321530956,4
17,Coffee,2024-02-03,1.3885350318471337,141,1.1,9
17,Coffee,2024-02-08,1.387815903020341,144,1.0968277945619336,10
17,Coffee,2024-02-21,0.9384615384615385,73,0.9192546583850931,7
17,Coffee,2024-02-28,1.4105960264900663,151,1.093655589123867,11
17,Coffee,2024-03-01,1.1440677966101696,85,2.5609756097560976,3
17,Coffee,2024-03-13,1.3965172575355302,136,1.2093023255813953,7
17,Coffee,2024-03-20,1.7191011235955056,162,1.4183976261127595,12
17,Coffee,2024-04-14,1.9326923076923077,145,2.165745856353591,8
17,Coffee,2024-04-16,1.9451597131681877,138,2.1939840392879066,4
17,Coffee,2024-05-06,1.4080717488789238,151,1.2093023255813953,9
17,Coffee,2024-05-08,1.2815481686672823,112,0.7,3
17,Coffee,2024-05-28,1.401197604790419,193,1.0516129032258064,13
17,Coffee,2024-05-30,1.7442279942279941,82,1.4183976261127595,7
17,Coffee,2024-05-31,1.5018796992481203,88,0.8626198083067093,5
17,Coffee,2024-06-04,0.9701492537313433,93,0.9269170488187148,8
17,Coffee,2024-06-25,1.7072501966118987,92,1.3717755001729441,8
17,Coffee,2024-06-28,1.5,91,0.8719349041533546,6
17,Coffee,2024-07-05,1.3732636295743093,170,1.241538770859862,10
17,Coffee,2024-07-29,1.2272727272727273,135,0.8098930481283422,4
17,Coffee,2024-07-31,1.6023054755043227,220,1.3251533742331287,14
17,Coffee,2024-08-12,1.178833107191316,140,0.7,5
17,Coffee,2024-09-13,1.5256581386725991,120,1.3221511552016707,10
17,Coffee,2024-09-25,1.9016210652714642,184,2.2189349112426036,5
17,Coffee,2024-09-27,1.3488372093023255,243,1.093655589123867,15
17,Coffee,2024-10-23,1.34226403823178,252,1.0811561527708888,16
17,Coffee,2024-10-26,1.5225806451612902,125,1.3191489361702127,11
17,Coffee,2024-11-20,1.361344537815126,207,1.2093023255813953,11
17,Coffee,2024-11-24,1.361344537815126,207,1.2093023255813953,11
17,Coffee,2024-11-28,1.141025641025641,127,2.2208287139689578,4
17,Coffee,2024-12-09,1.9285714285714286,199,2.192340383798097,6
17,Coffee,2024-12-22,1.178833107191316,158,0.75,6
17,Coffee,2024-12-26,1.361344537815126,207,1.2093023255813953,11
17,Juice & Smoothie,2023-01-02,1.0,0,1.0,0
17,Juice & Smoothie,2023-01-04,1.0,0,1.0,0
17,Juice & Smoothie,2023-01-08,1.0,0,1.0,0
17,Juice & Smoothie,2023-01-09,1.0,0,1.0,0
17,Juice & Smoothie,2023-01-14,1.0,0,1.0,0
17,Juice & Smoothie,2023-02-10,1.9000000000000001,8,0.6,1
17,Juice & Smoothie,2023-02-20,0.6402714932126696,8,0.26666666666666666,1
17,Juice & Smoothie,2023-02-26,1.0,13,1.0,0
17,Juice & Smoothie,2023-03-03,1.1111111111111112,25,1.1111111111111112,0
17,Juice & Smoothie,2023-03-07,0.5882352941176471,11,0.4666666666666667,2
17,Juice & Smoothie,2023-03-17,1.2857142857142858,7,1.2857142857142858,0
17,Juice & Smoothie,2023-03-19,1.4285714285714286,19,0.6636363636363636,2
17,Juice & Smoothie,2023-03-23,1.25625,34,1.2,1
17,Juice & Smoothie,2023-04-10,2.0,23,3.0,1
17,Juice & Smoothie,2023-04-19,1.5,33,0.6,3
17,Juice & Smoothie,2023-04-20,1.4741379310344827,34,0.6666666666666666,4
17,Juice & Smoothie,2023-05-16,1.4772727272727273,52,1.2857142857142858,3
17,Juice & Smoothie,2023-05-28,0.7211538461538461,22,0.6666666666666666,4
17,Juice & Smoothie,2023-06-03,1.25,31,1.1666666666666667,1
17,Juice & Smoothie,2023-06-15,1.0666666666666667,29,1.0666666666666667,0
17,Juice & Smoothie,2023-06-22,1.0645833333333332,30,0.7857142857142857,1
17,Juice & Smoothie,2023-06-25,2.133928571428571,52,2.621212121212121,2
17,Juice & Smoothie,2023-07-07,1.8095238095238095,27,1.8095238095238095,1
17,Juice & Smoothie,2023-07-20,1.5294117647058822,32,1.4464285714285714,5
17,Juice & Smoothie,2023-08-08,1.1126373626373627,44,1.1126373626373627,0
17,Juice & Smoothie,2023-08-29,1.0645833333333332,40,0.9854497354497354,2
17,Juice & Smoothie,2023-10-02,1.1764705882352942,59,0.7976190476190477,2
17,Juice & Smoothie,2023-10-05,1.5,99,1.2428571428571429,4
17,Juice & Smoothie,2023-10-27,1.5,105,1.2,5
17,Juice & Smoothie,2023-11-15,0.9230769230769231,53,0.6770833333333333,6
17,Juice & Smoothie,2023-11-26,1.7547619047619047,56,1.8095238095238095,3
17,Juice & Smoothie,2023-11-29,1.54093567251462,118,1.2428571428571429,6
17,Juice & Smoothie,2023-12-05,1.1602564102564101,70,2.0,1
17,Juice & Smoothie,2023-12-09,1.1666666666666667,71,2.5,2
17,Juice & Smoothie,2023-12-25,1.565217391304348,127,1.2857142857142858,7
17,Juice & Smoothie,2023-12-31,1.565217391304348,131,1.2857142857142858,8
17,Juice & Smoothie,2024-01-01,1.4444444444444444,117,0.6875,5
17,Juice & Smoothie,2024-01-14,1.4482758620689655,123,0.7073863636363636,6
17,Juice & Smoothie,2024-01-16,1.8247619047619048,66,1.6547619047619047,4
17,Juice & Smoothie,2024-02-03,1.5714285714285714,141,1.2857142857142858,9
17,Juice & Smoothie,2024-02-08,1.5714285714285714,144,1.4285714285714286,10
17,Juice & Smoothie,2024-02-21,1.0,73,0.6875,7
17,Juice & Smoothie,2024-02-28,1.5714285714285714,151,1.2857142857142858,11
17,Juice & Smoothie,2024-03-01,1.2,85,3.0,3
17,Juice & Smoothie,2024-03-13,1.4248120300751879,136,0.7272727272727273,7
17,Juice & Smoothie,2024-03-20,1.84,162,1.5,12
17,Juice & Smoothie,2024-04-14,2.111111111111111,145,2.242424242424242,8
17,Juice & Smoothie,2024-04-16,2.1180555555555554,138,2.621212121212121,4
17,Juice & Smoothie,2024-05-06,1.4210526315789473,151,0.7272727272727273,9
17,Juice & Smoothie,2024-05-08,1.2857142857142858,112,0.6428571428571429,3
17,Juice & Smoothie,2024-05-28,1.5714285714285714,193,1.2857142857142858,13
17,Juice & Smoothie,2024-05-30,1.8516483516483517,82,1.5,7
17,Juice & Smoothie,2024-05-31,1.581140350877193,88,0.9166666666666666,5
17,Juice & Smoothie,2024-06-04,1.0,93,0.84375,8
17,Juice & Smoothie,2024-06-25,1.725,92,1.4807692307692308,8
17,Juice & Smoothie,2024-06-28,1.5833333333333333,91,1.0509259259259258,6
17,Juice & Smoothie,2024-07-05,1.4073170731707316,170,0.8303030303030303,10
17,Juice & Smoothie,2024-07-29,1.2307692307692308,135,0.9047619047619049,4
17,Juice & Smoothie,2024-07-31,1.7,220,1.4615384615384615,14
17,Juice & Smoothie,2024-08-12,1.2086956521739132,140,0.6428571428571429,5
17,Juice & Smoothie,2024-09-13,1.5669642857142856,120,1.4615384615384615,10
17,Juice & Smoothie,2024-09-25,2.0568910256410255,184,2.8,5
17,Juice & Smoothie,2024-09-27,1.4857142857142858,243,1.2857142857142858,15
17,Juice & Smoothie,2024-10-23,1.4676113360323886,252,1.2428571428571429,16
17,Juice & Smoothie,2024-10-26,1.5625,125,1.4615384615384615,11
17,Juice & Smoothie,2024-11-20,1.4,207,0.7272727272727273,11
17,Juice & Smoothie,2024-11-24,1.4,207,0.7272727272727273,11
17,Juice & Smoothie,2024-11-28,1.1666666666666667,127,2.5,4
17,Juice & Smoothie,2024-12-09,2.125,199,2.521212121212121,6
17,Juice & Smoothie,2024-12-22,1.2264957264957266,158,0.6317733990147784,6
17,Juice & Smoothie,2024-12-26,1.4,207,0.7272727272727273,11
17,Merchandise,2023-01-02,1.0,0,1.0,0
17,Merchandise,2023-01-04,1.0,0,1.0,0
17,Merchandise,2023-01-08,1.0,0,1.0,0
17,Merchandise,2023-01-09,1.0,0,1.0,0
17,Merchandise,2023-01-14,1.0,0,1.0,0
17,Merchandise,2023-02-10,1.4166666666666665,8,0.6666666666666666,1
17,Merchandise,2023-02-20,0.8333333333333333,8,0.4444444444444444,1
17,Merchandise,2023-02-26,1.2,13,1.2,0
17,Merchandise,2023-03-03,1.0,25,1.0,0
17,Merchandise,2023-03-07,1.0,11,0.7606837606837606,2
17,Merchandise,2023-03-17,1.6666666666666667,7,1.6666666666666667,0
17,Merchandise,2023-03-19,1.3333333333333333,19,0.875,2
17,Merchandise,2023-03-23,1.1009615384615383,34,0.5714285714285714,1
17,Merchandise,2023-04-10,2.1176470588235294,23,2.933333333333333,1
17,Merchandise,2023-04-19,1.3333333333333333,33,1.0833333333333333,3
17,Merchandise,2023-04-20,1.3333333333333333,34,1.3598484848484849,4
17,Merchandise,2023-05-16,1.2982456140350878,52,1.3333333333333333,3
17,Merchandise,2023-05-28,1.0839160839160837,22,0.9134615384615384,4
17,Merchandise,2023-06-03,1.5,31,1.4285714285714286,1
17,Merchandise,2023-06-15,1.2,29,1.2,0
17,Merchandise,2023-06-22,1.2,30,0.875,1
17,Merchandise,2023-06-25,2.0,52,2.0083333333333333,2
17,Merchandise,2023-07-07,1.9615384615384615,27,0.7058823529411765,1
17,Merchandise,2023-07-20,1.8095238095238095,32,1.1029411764705883,5
17,Merchandise,2023-08-08,0.8359788359788359,44,0.8359788359788359,0
17,Merchandise,2023-08-29,1.225,40,1.1708333333333334,2
17,Merchandise,2023-10-02,1.3333333333333333,59,1.2142857142857144,2
17,Merchandise,2023-10-05,1.3333333333333333,99,1.2666666666666666,4
17,Merchandise,2023-10-27,1.3333333333333333,105,1.2,5
17,Merchandise,2023-11-15,0.8181818181818182,53,0.9134615384615384,6
17,Merchandise,2023-11-26,1.8492063492063493,56,1.5,3
17,Merchandise,2023-11-29,1.3333333333333333,118,1.2666666666666666,6
17,Merchandise,2023-12-05,1.0,70,0.6666666666666666,1
17,Merchandise,2023-12-09,1.0,71,1.8333333333333333,2
17,Merchandise,2023-12-25,1.4285714285714286,127,1.3333333333333333,7
17,Merchandise,2023-12-31,1.4285714285714286,131,1.3333333333333333,8
17,Merchandise,2024-01-01,1.4285714285714286,117,1.625,5
17,Merchandise,2024-01-14,1.4285714285714286,123,1.6306818181818183,6
17,Merchandise,2024-01-16,1.925213675213675,66,1.5,4
17,Merchandise,2024-02-03,1.5,141,1.3333333333333333,9
17,Merchandise,2024-02-08,1.5,144,1.3333333333333333,10
17,Merchandise,2024-02-21,0.8421052631578947,73,0.75,7
17,Merchandise,2024-02-28,1.4736842105263157,151,1.3333333333333333,11
17,Merchandise,2024-03-01,1.0,85,1.4,3
17,Merchandise,2024-03-13,1.4285714285714286,136,1.625,7
17,Merchandise,2024-03-20,1.8095238095238095,162,1.5,12
17,Merchandise,2024-04-14,2.1176470588235294,145,1.3541666666666665,8
17,Merchandise,2024-04-16,2.130252100840336,138,2.0083333333333333,4
17,Merchandise,2024-05-06,1.4285714285714286,151,1.625,9
17,Merchandise,2024-05-08,1.343137254901961,112,1.0,3
17,Merchandise,2024-05-28,1.5,193,1.2,13
17,Merchandise,2024-05-30,1.925213675213675,82,1.5,7
17,Merchandise,2024-05-31,1.4476190476190476,88,0.875,5
17,Merchandise,2024-06-04,1.0,93,0.9134615384615384,8
17,Merchandise,2024-06-25,1.6833333333333333,92,1.3055555555555556,8
17,Merchandise,2024-06-28,1.4666666666666666,91,1.1708333333333334,6
17,Merchandise,2024-07-05,1.3484848484848484,170,1.3541666666666665,10
17,Merchandise,2024-07-29,1.3,135,1.2142857142857144,4
17,Merchandise,2024-07-31,1.6666666666666667,220,1.3333333333333333,14
17,Merchandise,2024-08-12,1.25,140,1.0,5
17,Merchandise,2024-09-13,1.5982142857142856,120,1.2291666666666665,10
17,Merchandise,2024-09-25,2.0,184,2.933333333333333,5
17,Merchandise,2024-09-27,1.375,243,1.125,15
17,Merchandise,2024-10-23,1.375,252,1.1625,16
17,Merchandise,2024-10-26,1.625,125,1.125,11
17,Merchandise,2024-11-20,1.3636363636363635,207,1.0833333333333333,11
17,Merchandise,2024-11-24,1.3636363636363635,207,1.0833333333333333,11
17,Merchandise,2024-11-28,1.0,127,2.033333333333333,4
17,Merchandise,2024-12-09,2.0,199,2.4,6
17,Merchandise,2024-12-22,1.25,158,0.8125,6
17,Merchandise,2024-12-26,1.3636363636363635,207,1.0833333333333333,11
17,Savory Bakery,2023-01-02,1.0,0,1.0,0
17,Savory Bakery,2023-01-04,1.0,0,1.0,0
17,Savory Bakery,2023-01-08,1.0,0,1.0,0
17,Savory Bakery,2023-01-09,1.0,0,1.0,0
17,Savory Bakery,2023-01-14,1.0,0,1.0,0
17,Savory Bakery,2023-02-10,1.6385869565217392,8,0.75,1
17,Savory Bakery,2023-02-20,0.8947368421052632,8,0.625,1
17,Savory Bakery,2023-02-26,1.0140845070422535,13,1.0140845070422535,0
17,Savory Bakery,2023-03-03,1.206896551724138,25,1.206896551724138,0
17,Savory Bakery,2023-03-07,0.7894736842105263,11,0.5997340425531915,2
17,Savory Bakery,2023-03-17,1.3571428571428572,7,1.3571428571428572,0
17,Savory Bakery,2023-03-19,1.368421052631579,19,0.984375,2
17,Savory Bakery,2023-03-23,1.2652129817444218,34,0.8732394366197183,1
17,Savory Bakery,2023-04-10,2.0,23,2.557377049180328,1
17,Savory Bakery,2023-04-19,1.3243243243243243,33,1.21875,3
17,Savory Bakery,2023-04-20,1.3173345759552655,34,1.1745923913043477,4
17,Savory Bakery,2023-05-16,1.4329170024174052,52,0.6904761904761905,3
17,Savory Bakery,2023-05-28,1.057795698924731,22,0.6031976744186047,4
17,Savory Bakery,2023-06-03,1.1538461538461537,31,1.35,1
17,Savory Bakery,2023-06-15,1.2708333333333333,29,1.2708333333333333,0
17,Savory Bakery,2023-06-22,1.2111742424242424,30,0.9444444444444444,1
17,Savory Bakery,2023-06-25,1.9859154929577465,52,2.081157660392633,2
17,Savory Bakery,2023-07-07,1.5151515151515151,27,1.1830985915492958,1
17,Savory Bakery,2023-07-20,1.5151515151515151,32,1.3562551781275891,5
17,Savory Bakery,2023-08-08,1.2338056680161944,44,1.2338056680161944,0
17,Savory Bakery,2023-08-29,1.1507575757575759,40,0.8865079365079365,2
17,Savory Bakery,2023-10-02,1.0769230769230769,59,0.8250000000000001,2
17,Savory Bakery,2023-10-05,1.3623188405797102,99,0.7818578135479544,4
17,Savory Bakery,2023-10-27,1.375,105,0.8732394366197183,5
17,Savory Bakery,2023-11-15,0.8,53,0.7038043478260869,6
17,Savory Bakery,2023-11-26,1.5688854489164088,56,1.5294117647058822,3
17,Savory Bakery,2023-11-29,1.3842457775189283,118,1.0223340040241449,6
17,Savory Bakery,2023-12-05,1.2338056680161944,70,1.4137931034482758,1
17,Savory Bakery,2023-12-09,1.236842105263158,71,2.206896551724138,2
17,Savory Bakery,2023-12-25,1.4411764705882353,127,1.1714285714285715,7
17,Savory Bakery,2023-12-31,1.4411764705882353,131,1.222077922077922,8
17,Savory Bakery,2024-01-01,1.3953488372093024,117,1.1304347826086956,5
17,Savory Bakery,2024-01-14,1.4242424242424243,123,1.1745923913043477,6
17,Savory Bakery,2024-01-16,1.7323383084577113,66,1.3562551781275891,4
17,Savory Bakery,2024-02-03,1.4545454545454546,141,1.2727272727272727,9
17,Savory Bakery,2024-02-08,1.4482029598308668,144,1.222077922077922,10
17,Savory Bakery,2024-02-21,0.9032258064516129,73,0.625,7
17,Savory Bakery,2024-02-28,1.441860465116279,151,1.1714285714285715,11
17,Savory Bakery,2024-03-01,1.2647058823529411,85,2.7777777777777777,3
17,Savory Bakery,2024-03-13,1.4415584415584415,136,1.21875,7
17,Savory Bakery,2024-03-20,1.7333333333333334,162,1.1830985915492958,12
17,Savory Bakery,2024-04-14,2.0,145,1.6049382716049383,8
17,Savory Bakery,2024-04-16,2.0,138,2.081157660392633,4
17,Savory Bakery,2024-05-06,1.5,151,1.21875,9
17,Savory Bakery,2024-05-08,1.2444005270092227,112,0.75,3
17,Savory Bakery,2024-05-28,1.46875,193,0.9444444444444444,13
17,Savory Bakery,2024-05-30,1.8511865524060647,82,1.1830985915492958,7
17,Savory Bakery,2024-05-31,1.542857142857143,88,0.9333333333333333,5
17,Savory Bakery,2024-06-04,0.9090909090909091,93,0.7038043478260869,8
17,Savory Bakery,2024-06-25,1.7323383084577113,92,1.2974316487158244,8
17,Savory Bakery,2024-06-28,1.55,91,0.9388888888888889,6
17,Savory Bakery,2024-07-05,1.4285714285714286,170,1.250400641025641,10
17,Savory Bakery,2024-07-29,1.1538461538461537,135,1.05,4
17,Savory Bakery,2024-07-31,1.5588235294117647,220,1.2647058823529411,14
17,Savory Bakery,2024-08-12,1.1498397435897436,140,0.75,5
17,Savory Bakery,2024-09-13,1.5,120,1.2239022369511185,10
17,Savory Bakery,2024-09-25,2.0,184,2.5294117647058822,5
17,Savory Bakery,2024-09-27,1.393939393939394,243,0.9696969696969697,15
17,Savory Bakery,2024-10-23,1.4085850556438793,252,1.0289661319073082,16
17,Savory Bakery,2024-10-26,1.5,125,1.1830985915492958,11
17,Savory Bakery,2024-11-20,1.4242424242424243,207,1.21875,11
17,Savory Bakery,2024-11-24,1.4242424242424243,207,1.21875,11
17,Savory Bakery,2024-11-28,1.2328767123287672,127,2.149452269170579,4
17,Savory Bakery,2024-12-09,2.0,199,2.077205882352941,6
17,Savory Bakery,2024-12-22,1.1323815704088254,158,0.7178571428571429,6
17,Savory Bakery,2024-12-26,1.4242424242424243,207,1.21875,11
17,Tea,2023-01-02,1.0,0,1.0,0
17,Tea,2023-01-04,1.0,0,1.0,0
17,Tea,2023-01-08,1.0,0,1.0,0
17,Tea,2023-01-09,1.0,0,1.0,0
17,Tea,2023-01-14,1.0,0,1.0,0
17,Tea,2023-02-10,1.8758052970651398,8,0.627906976744186,1
17,Tea,2023-02-20,0.7596153846153846,8,0.6304347826086957,1
17,Tea,2023-02-26,1.15,13,1.15,0
17,Tea,2023-03-03,1.2727272727272727,25,1.2727272727272727,0
17,Tea,2023-03-07,0.6304347826086957,11,0.6102993585174625,2
17,Tea,2023-03-17,1.4461538461538461,7,1.4461538461538461,0
17,Tea,2023-03-19,1.4492753623188406,19,0.6368701550387597,2
17,Tea,2023-03-23,1.2259158751696067,34,1.0222222222222221,1
17,Tea,2023-04-10,2.1333333333333333,23,2.050632911392405,1
17,Tea,2023-04-19,1.338235294117647,33,0.6458333333333334,3
17,Tea,2023-04-20,1.3380365659777425,34,0.8829166666666668,4
17,Tea,2023-05-16,1.3103111891522778,52,1.1956521739130435,3
17,Tea,2023-05-28,0.7937062937062938,22,0.724308300395257,4
17,Tea,2023-06-03,1.3055555555555556,31,0.6923076923076923,1
17,Tea,2023-06-15,1.2272727272727273,29,1.2272727272727273,0
17,Tea,2023-06-22,1.2045454545454546,30,0.7391304347826086,1
17,Tea,2023-06-25,2.0628164556962023,52,1.857249228805446,2
17,Tea,2023-07-07,1.5670103092783505,27,1.3043478260869565,1
17,Tea,2023-07-20,1.5051546391752577,32,1.4047512326311071,5
17,Tea,2023-08-08,1.1120071684587813,44,1.1120071684587813,0
17,Tea,2023-08-29,1.2045454545454546,40,0.8091256569517439,2
17,Tea,2023-10-02,1.2105263157894737,59,0.5061538461538462,2
17,Tea,2023-10-05,1.3134328358208955,99,1.1089371980676328,4
17,Tea,2023-10-27,1.3166666666666667,105,1.0222222222222221,5
17,Tea,2023-11-15,0.7692307692307693,53,0.8164983164983165,6
17,Tea,2023-11-26,1.661904761904762,56,1.5051546391752577,3
17,Tea,2023-11-29,1.396551724137931,118,1.1089371980676328,6
17,Tea,2023-12-05,1.1417410714285714,70,1.3902439024390243,1
17,Tea,2023-12-09,1.1428571428571428,71,2.1951219512195124,2
17,Tea,2023-12-25,1.4210526315789473,127,1.1956521739130435,7
17,Tea,2023-12-31,1.4210526315789473,131,1.149909420289855,8
17,Tea,2024-01-01,1.338235294117647,117,0.8181818181818182,5
17,Tea,2024-01-14,1.3870967741935485,123,0.9690909090909092,6
17,Tea,2024-01-16,1.6852425180598556,66,1.5234106529209623,4
17,Tea,2024-02-03,1.4390243902439024,141,1.1956521739130435,9
17,Tea,2024-02-08,1.4388104407359863,144,1.149909420289855,10
17,Tea,2024-02-21,0.896551724137931,73,0.8163265306122449,7
17,Tea,2024-02-28,1.5454545454545454,151,1.1956521739130435,11
17,Tea,2024-03-01,1.1818181818181819,85,2.875,3
17,Tea,2024-03-13,1.3935483870967742,136,0.8235294117647058,7
17,Tea,2024-03-20,1.6862745098039216,162,1.5051546391752577,12
17,Tea,2024-04-14,2.050632911392405,145,1.6638655462184875,8
17,Tea,2024-04-16,2.0523434827232294,138,1.857249228805446,4
17,Tea,2024-05-06,1.40625,151,0.8235294117647058,9
17,Tea,2024-05-08,1.286692759295499,112,0.6923076923076923,3
17,Tea,2024-05-28,1.4615384615384615,193,1.1041666666666667,13
17,Tea,2024-05-30,1.7107843137254903,82,1.5051546391752577,7
17,Tea,2024-05-31,1.648767123287671,88,0.8791208791208791,5
17,Tea,2024-06-04,0.9545454545454546,93,0.8172541743970316,8
17,Tea,2024-06-25,1.661904761904762,92,1.4414662084765177,8
17,Tea,2024-06-28,1.6326530612244898,91,0.9395604395604396,6
17,Tea,2024-07-05,1.3774762550881954,170,0.971764705882353,10
17,Tea,2024-07-29,1.2,135,0.7017094017094017,4
17,Tea,2024-07-31,1.5670103092783505,220,1.3777777777777778,14
17,Tea,2024-08-12,1.190883190883191,140,0.6923076923076923,5
17,Tea,2024-09-13,1.5234106529209623,120,1.3623582766439908,10
17,Tea,2024-09-25,2.0,184,2.050632911392405,5
17,Tea,2024-09-27,1.4081632653061225,243,1.1041666666666667,15
17,Tea,2024-10-23,1.4037037037037037,252,1.09375,16
17,Tea,2024-10-26,1.5051546391752577,125,1.346938775510204,11
17,Tea,2024-11-20,1.337837837837838,207,0.8235294117647058,11
17,Tea,2024-11-24,1.337837837837838,207,0.8235294117647058,11
17,Tea,2024-11-28,1.1686746987951808,127,2.280637254901961,4
17,Tea,2024-12-09,2.0,199,1.857249228805446,6
17,Tea,2024-12-22,1.1967754467754468,158,0.7017094017094017,6
17,Tea,2024-12-26,1.337837837837838,207,0.8235294117647058,11
18,Bakery,2023-01-15,1.0,0,1.0,0
18,Bakery,2023-01-16,1.8181818181818181,1,1.8181818181818181,1
18,Bakery,2023-01-18,2.5977011494252875,3,2.5977011494252875,0
18,Bakery,2023-01-23,1.1977942692228405,6,1.3376623376623376,2
18,Bakery,2023-01-28,1.6851851851851851,3,1.6851851851851851,0
18,Bakery,2023-02-27,1.2323232323232323,19,1.561904761904762,4
18,Bakery,2023-02-28,1.1977942692228405,20,1.5238095238095237,5
18,Bakery,2023-03-01,1.163265306122449,21,1.3195970695970696,6
18,Bakery,2023-03-04,1.9814814814814814,12,2.448148148148148,2
18,Bakery,2023-03-10,1.2881355932203389,11,0.5714285714285714,1
18,Bakery,2023-03-12,1.0309278350515463,11,1.0309278350515463,0
18,Bakery,2023-03-23,1.3157894736842106,25,1.2272727272727273,3
18,Bakery,2023-05-21,2.215686274509804,39,1.962962962962963,5
18,Bakery,2023-05-22,2.1911764705882355,40,1.7671957671957672,6
18,Bakery,2023-05-26,1.2711462450592885,56,1.2363636363636363,10
18,Bakery,2023-06-02,2.08921568627451,44,1.5714285714285714,7
18,Bakery,2023-06-11,1.1515151515151516,29,1.3332066869300911,2
18,Bakery,2023-06-26,2.0,53,1.5476190476190474,8
18,Bakery,2023-06-29,1.3846153846153846,61,1.2272727272727273,5
18,Bakery,2023-07-07,1.303030303030303,64,1.2727272727272727,13
18,Bakery,2023-08-11,1.0476190476190477,45,0.9464285714285714,4
18,Bakery,2023-08-14,1.0476190476190477,47,0.9285714285714286,5
18,Bakery,2023-08-28,1.962962962962963,71,1.5476190476190474,10
18,Bakery,2023-09-29,1.3245073891625616,90,1.2,7
18,Bakery,2023-10-28,1.9541569541569541,92,1.554945054945055,14
18,Bakery,2023-11-11,1.3541666666666667,111,1.2346153846153847,20
18,Bakery,2023-11-28,1.11864406779661,67,0.9294019933554818,8
18,Bakery,2023-11-29,1.9174174174174174,102,1.607936507936508,18
18,Bakery,2023-12-28,1.2546296296296298,84,0.8333333333333334,13
18,Bakery,2024-01-07,1.4016129032258065,118,1.2,9
18,Bakery,2024-01-08,1.2546296296296298,88,0.7916666666666667,14
18,Bakery,2024-01-19,2.0,115,1.645751633986928,20
18,Bakery,2024-01-30,1.3749234537660748,66,0.7142857142857143,11
18,Bakery,2024-02-13,1.4375,145,1.2692307692307692,21
18,Bakery,2024-02-20,1.206420068027211,98,0.75,17
18,Bakery,2024-03-01,1.4130808950086058,154,1.2709790209790208,22
18,Bakery,2024-03-06,0.8821510297482837,76,0.7142857142857143,11
18,Bakery,2024-03-25,0.8947368421052632,79,0.7771428571428571,12
18,Bakery,2024-04-08,1.1724137931034482,109,0.775,20
18,Bakery,2024-04-11,1.4545454545454546,110,0.8,21
18,Bakery,2024-04-13,1.7428571428571429,77,0.9594594594594594,8
18,Bakery,2024-04-14,1.4330357142857144,172,1.2727272727272727,25
18,Bakery,2024-04-18,1.4347222222222222,146,1.2272727272727273,11
18,Bakery,2024-04-19,1.4375,173,1.367132867132867,26
18,Bakery,2024-05-15,2.088235294117647,146,1.645751633986928,22
18,Bakery,2024-05-21,1.1724137931034482,117,0.8,23
18,Bakery,2024-06-03,1.4513274336283186,197,1.5,31
18,Bakery,2024-06-06,2.088235294117647,152,1.6656346749226005,24
18,Bakery,2024-07-02,1.3964695993275429,208,1.4807692307692308,32
18,Bakery,2024-07-06,1.4819444444444445,92,0.7647058823529411,13
18,Bakery,2024-07-11,1.3964695993275429,212,1.5,33
18,Bakery,2024-08-19,1.394736842105263,231,1.4615384615384615,37
18,Bakery,2024-08-23,1.6521008403361344,114,1.0,20
18,Bakery,2024-08-26,1.6470588235294117,115,1.0,21
18,Bakery,2024-09-24,2.0,183,1.6470588235294117,31
18,Bakery,2024-11-09,1.1515151515151516,127,1.0975274725274726,14
18,Bakery,2024-11-13,1.393939393939394,207,1.269047619047619,16
18,Bakery,2024-11-14,1.393939393939394,207,1.269047619047619,16
18,Bakery,2024-11-15,2.028169014084507,199,1.6799431009957324,34
18,Bakery,2024-11-18,1.437799043062201,106,0.8181818181818182,15
18,Bakery,2024-12-15,1.1515151515151516,127,1.0975274725274726,14
18,Bakery,2024-12-17,1.380952380952381,259,1.380952380952381,41
18,Bakery,2024-12-20,1.6153846153846154,207,1.269047619047619,24
18,Bakery,2024-12-25,2.028169014084507,199,1.6799431009957324,34
18,Bakery,2024-12-30,1.1128775834658189,158,0.8166666666666667,30
18,Chocolate & Milk,2023-01-15,1.0,0,1.0,0
18,Chocolate & Milk,2023-01-16,1.696969696969697,1,1.696969696969697,1
18,Chocolate & Milk,2023-01-18,2.9166666666666665,3,2.9166666666666665,0
18,Chocolate & Milk,2023-01-23,1.1341659951651892,6,1.4073083778966131,2
18,Chocolate & Milk,2023-01-28,1.6862745098039216,3,1.6862745098039216,0
18,Chocolate & Milk,2023-02-27,1.1176470588235294,19,1.251131221719457,4
18,Chocolate & Milk,2023-02-28,1.1341659951651892,20,1.3846153846153846,5
18,Chocolate & Milk,2023-03-01,1.1176470588235294,21,1.251131221719457,6
18,Chocolate & Milk,2023-03-04,2.4404761904761907,12,2.323529411764706,2
18,Chocolate & Milk,2023-03-10,1.4545454545454546,11,1.0769230769230769,1
18,Chocolate & Milk,2023-03-12,1.0714285714285714,11,1.0714285714285714,0
18,Chocolate & Milk,2023-03-23,1.2622950819672132,25,1.1333333333333333,3
18,Chocolate & Milk,2023-05-21,2.16,39,1.9411764705882353,5
18,Chocolate & Milk,2023-05-22,2.1254545454545455,40,1.7352941176470589,6
18,Chocolate & Milk,2023-05-26,1.318840579710145,56,1.251131221719457,10
18,Chocolate & Milk,2023-06-02,2.0454545454545454,44,1.5294117647058822,7
18,Chocolate & Milk,2023-06-11,1.0,29,0.6935483870967742,2
18,Chocolate & Milk,2023-06-26,1.9411764705882353,53,1.4447058823529413,8
18,Chocolate & Milk,2023-06-29,1.3636363636363635,61,1.1333333333333333,5
18,Chocolate & Milk,2023-07-07,1.318840579710145,64,1.2941176470588236,13
18,Chocolate & Milk,2023-08-11,1.0,45,0.6944444444444444,4
18,Chocolate & Milk,2023-08-14,1.0,47,0.6666666666666666,5
18,Chocolate & Milk,2023-08-28,1.8888888888888888,71,1.4447058823529413,10
18,Chocolate & Milk,2023-09-29,1.267511177347243,90,1.0769230769230769,7
18,Chocolate & Milk,2023-10-28,1.8819444444444444,92,1.38,14
18,Chocolate & Milk,2023-11-11,1.380952380952381,111,1.1699346405228759,20
18,Chocolate & Milk,2023-11-28,1.0714285714285714,67,0.6944444444444444,8
18,Chocolate & Milk,2023-11-29,1.8888888888888888,102,1.5647058823529412,18
18,Chocolate & Milk,2023-12-28,1.251578947368421,84,0.8461538461538461,13
18,Chocolate & Milk,2024-01-07,1.3416666666666668,118,1.1333333333333333,9
18,Chocolate & Milk,2024-01-08,1.2679425837320575,88,0.7944444444444444,14
18,Chocolate & Milk,2024-01-19,1.9166666666666667,115,1.7375,20
18,Chocolate & Milk,2024-01-30,1.5900621118012421,66,1.2857142857142858,11
18,Chocolate & Milk,2024-02-13,1.4666666666666666,145,1.1176470588235294,21
18,Chocolate & Milk,2024-02-20,1.2679425837320575,98,0.8888888888888888,17
18,Chocolate & Milk,2024-03-01,1.4494949494949494,154,1.0588235294117647,22
18,Chocolate & Milk,2024-03-06,0.9727088948787062,76,0.9166666666666666,11
18,Chocolate & Milk,2024-03-25,0.9642857142857143,79,0.9583333333333333,12
18,Chocolate & Milk,2024-04-08,1.263157894736842,109,1.0,20
18,Chocolate & Milk,2024-04-11,1.5714285714285714,110,1.2428571428571429,21
18,Chocolate & Milk,2024-04-13,1.8472222222222223,77,0.7706146926536732,8
18,Chocolate & Milk,2024-04-14,1.4305555555555556,172,1.1176470588235294,25
18,Chocolate & Milk,2024-04-18,1.356818181818182,146,1.25,11
18,Chocolate & Milk,2024-04-19,1.4444444444444444,173,1.1699346405228759,26
18,Chocolate & Milk,2024-05-15,2.0357142857142856,146,1.7057416267942584,22
18,Chocolate & Milk,2024-05-21,1.2285714285714286,117,0.9090909090909091,23
18,Chocolate & Milk,2024-06-03,1.4545454545454546,197,1.2,31
18,Chocolate & Milk,2024-06-06,2.0357142857142856,152,1.7057416267942584,24
18,Chocolate & Milk,2024-07-02,1.4023809523809523,208,1.2,32
18,Chocolate & Milk,2024-07-06,1.5928093645484949,92,1.2,13
18,Chocolate & Milk,2024-07-11,1.3956521739130434,212,1.2,33
18,Chocolate & Milk,2024-08-19,1.380952380952381,231,1.2,37
18,Chocolate & Milk,2024-08-23,1.6417378917378915,114,0.8706293706293706,20
18,Chocolate & Milk,2024-08-26,1.6296296296296295,115,0.8181818181818182,21
18,Chocolate & Milk,2024-09-24,1.9487179487179487,183,1.7142857142857142,31
18,Chocolate & Milk,2024-11-09,1.1612903225806452,127,0.780952380952381,14
18,Chocolate & Milk,2024-11-13,1.2727272727272727,207,1.2613636363636362,16
18,Chocolate & Milk,2024-11-14,1.2727272727272727,207,1.2613636363636362,16
18,Chocolate & Milk,2024-11-15,1.9767441860465116,199,1.707142857142857,34
18,Chocolate & Milk,2024-11-18,1.5700280112044818,106,1.2,15
18,Chocolate & Milk,2024-12-15,1.1612903225806452,127,0.780952380952381,14
18,Chocolate & Milk,2024-12-17,1.36,259,1.2,41
18,Chocolate & Milk,2024-12-20,1.6085106382978722,207,1.2613636363636362,24
18,Chocolate & Milk,2024-12-25,1.9767441860465116,199,1.707142857142857,34
18,Chocolate & Milk,2024-12-30,1.175170068027211,158,0.8944444444444444,30
18,Coffee,2023-01-15,1.0,0,1.0,0
18,Coffee,2023-01-16,1.7821011673151752,1,1.7821011673151752,1
18,Coffee,2023-01-18,2.2222222222222223,3,2.2222222222222223,0
18,Coffee,2023-01-23,1.3503315731302958,6,1.3266566442636483,2
18,Coffee,2023-01-28,1.9074074074074074,3,1.9074074074074074,0
18,Coffee,2023-02-27,1.2058823529411764,19,1.4289559925093633,4
18,Coffee,2023-02-28,1.1632860040567952,20,1.3370786516853932,5
18,Coffee,2023-03-01,1.1343283582089552,21,1.2357035049471743,6
18,Coffee,2023-03-04,1.8423461538461539,12,2.089953488372093,2
18,Coffee,2023-03-10,1.4105960264900663,11,0.75,1
18,Coffee,2023-03-12,1.103942652329749,11,1.103942652329749,0
18,Coffee,2023-03-23,1.2520325203252032,25,1.3043478260869565,3
18,Coffee,2023-05-21,2.1056105610561056,39,1.752,5
18,Coffee,2023-05-22,2.1006140454682916,40,1.663878787878788,6
18,Coffee,2023-05-26,1.3285393258426965,56,1.3395070677781806,10
18,Coffee,2023-06-02,2.0815510962285826,44,1.752,7
18,Coffee,2023-06-11,1.1218130311614731,29,0.7942626450836536,2
18,Coffee,2023-06-26,1.9326923076923077,53,1.663878787878788,8
18,Coffee,2023-06-29,1.403560830860534,61,1.361344537815126,5
18,Coffee,2023-07-07,1.3479863754758565,64,1.3628318584070795,13
18,Coffee,2023-08-11,1.103942652329749,45,0.7942626450836536,4
18,Coffee,2023-08-14,1.103942652329749,47,0.8289473684210527,5
18,Coffee,2023-08-28,1.6752136752136753,71,1.663878787878788,10
18,Coffee,2023-09-29,1.3732636295743093,90,1.3209876543209877,7
18,Coffee,2023-10-28,1.7366060606060607,92,1.5571095571095572,14
18,Coffee,2023-11-11,1.32,111,1.3122893258426966,20
18,Coffee,2023-11-28,1.1218130311614731,67,0.8694117647058823,8
18,Coffee,2023-11-29,1.7825018896447467,102,1.663878787878788,18
18,Coffee,2023-12-28,1.2695707070707072,84,0.79,13
18,Coffee,2024-01-07,1.3965172575355302,118,1.3209876543209877,9
18,Coffee,2024-01-08,1.2888131259322395,88,0.7546217756318239,14
18,Coffee,2024-01-19,1.8451612903225807,115,1.7093333333333334,20
18,Coffee,2024-01-30,1.4555175806535134,66,0.75,11
18,Coffee,2024-02-13,1.3870967741935485,145,1.2875,21
18,Coffee,2024-02-20,1.2815481686672823,98,0.7835051546391752,17
18,Coffee,2024-03-01,1.3832758504091434,154,1.2710791925465839,22
18,Coffee,2024-03-06,0.9365204888569374,76,0.9502262443438914,11
18,Coffee,2024-03-25,0.9345794392523364,79,0.8701131221719457,12
18,Coffee,2024-04-08,1.2627986348122866,109,0.8195402298850575,20
18,Coffee,2024-04-11,1.4715447154471544,110,0.8390804597701149,21
18,Coffee,2024-04-13,1.7383720930232558,77,0.9078109212318236,8
18,Coffee,2024-04-14,1.387815903020341,172,1.2327044025157232,25
18,Coffee,2024-04-18,1.3865176640230714,146,1.3209876543209877,11
18,Coffee,2024-04-19,1.3885350318471337,173,1.2436813938044455,26
18,Coffee,2024-05-15,1.9853695867470962,146,1.7603537414965986,22
18,Coffee,2024-05-21,1.2777777777777777,117,0.8390804597701149,23
18,Coffee,2024-06-03,1.4,197,1.2546583850931676,31
18,Coffee,2024-06-06,2.0117573075208557,152,1.7830023901452474,24
18,Coffee,2024-07-02,1.3803104229536247,208,1.2436813938044455,32
18,Coffee,2024-07-06,1.4967948717948718,92,0.75,13
18,Coffee,2024-07-11,1.375157926888528,212,1.2546583850931676,33
18,Coffee,2024-08-19,1.3587786259541985,231,1.1925465838509317,37
18,Coffee,2024-08-23,1.568181023938494,114,0.8599293909973522,20
18,Coffee,2024-08-26,1.556701030927835,115,0.8363636363636363,21
18,Coffee,2024-09-24,1.9101123595505618,183,1.752,31
18,Coffee,2024-11-09,1.141025641025641,127,1.012695945070605,14
18,Coffee,2024-11-13,1.361344537815126,207,1.341166096068057,16
18,Coffee,2024-11-14,1.361344537815126,207,1.341166096068057,16
18,Coffee,2024-11-15,1.9285714285714286,199,1.7603537414965986,34
18,Coffee,2024-11-18,1.4754983851208374,106,0.75,15
18,Coffee,2024-12-15,1.141025641025641,127,1.012695945070605,14
18,Coffee,2024-12-17,1.3419354838709678,259,1.1925465838509317,41
18,Coffee,2024-12-20,1.5176194365046958,207,1.341166096068057,24
18,Coffee,2024-12-25,1.9285714285714286,199,1.7603537414965986,34
18,Coffee,2024-12-30,1.178833107191316,158,0.7868143057146493,30
18,Juice & Smoothie,2023-01-15,1.0,0,1.0,0
18,Juice & Smoothie,2023-01-16,1.5714285714285714,1,1.5714285714285714,1
18,Juice & Smoothie,2023-01-18,3.0,3,3.0,0
18,Juice & Smoothie,2023-01-23,1.5982142857142856,6,1.3214285714285714,2
18,Juice & Smoothie,2023-01-28,1.5294117647058822,3,1.5294117647058822,0
18,Juice & Smoothie,2023-02-27,1.0714285714285714,19,0.9732142857142857,4
18,Juice & Smoothie,2023-02-28,1.0912698412698414,20,1.0714285714285714,5
18,Juice & Smoothie,2023-03-01,1.0714285714285714,21,0.9732142857142857,6
18,Juice & Smoothie,2023-03-04,1.8846153846153846,12,2.0357142857142856,2
18,Juice & Smoothie,2023-03-10,1.0625,11,0.6666666666666666,1
18,Juice & Smoothie,2023-03-12,1.3846153846153846,11,1.3846153846153846,0
18,Juice & Smoothie,2023-03-23,1.3548387096774193,25,1.5714285714285714,3
18,Juice & Smoothie,2023-05-21,2.25,39,3.0,5
18,Juice & Smoothie,2023-05-22,2.246212121212121,40,2.3823529411764706,6
18,Juice & Smoothie,2023-05-26,1.513157894736842,56,1.1357142857142857,10
18,Juice & Smoothie,2023-06-02,2.1981351981351978,44,2.0,7
18,Juice & Smoothie,2023-06-11,1.25,29,1.3070175438596492,2
18,Juice & Smoothie,2023-06-26,2.125,53,1.8823529411764706,8
18,Juice & Smoothie,2023-06-29,1.5,61,1.5714285714285714,5
18,Juice & Smoothie,2023-07-07,1.5488721804511278,64,1.5,13
18,Juice & Smoothie,2023-08-11,1.1538461538461537,45,1.3333333333333333,4
18,Juice & Smoothie,2023-08-14,1.0714285714285714,47,1.3333333333333333,5
18,Juice & Smoothie,2023-08-28,2.0,71,2.0555555555555554,10
18,Juice & Smoothie,2023-09-29,1.4105263157894736,90,1.5,7
18,Juice & Smoothie,2023-10-28,1.9545454545454546,92,1.6823529411764706,14
18,Juice & Smoothie,2023-11-11,1.5,111,1.2315789473684209,20
18,Juice & Smoothie,2023-11-28,1.1428571428571428,67,1.2380952380952381,8
18,Juice & Smoothie,2023-11-29,1.9545454545454546,102,1.8,18
18,Juice & Smoothie,2023-12-28,1.2696969696969695,84,1.0,13
18,Juice & Smoothie,2024-01-07,1.446360153256705,118,1.5,9
18,Juice & Smoothie,2024-01-08,1.3095238095238095,88,1.0,14
18,Juice & Smoothie,2024-01-19,2.0,115,1.8,20
18,Juice & Smoothie,2024-01-30,1.5505050505050506,66,1.0,11
18,Juice & Smoothie,2024-02-13,1.5714285714285714,145,1.263157894736842,21
18,Juice & Smoothie,2024-02-20,1.2696969696969695,98,1.0,17
18,Juice & Smoothie,2024-03-01,1.5714285714285714,154,1.3588516746411483,22
18,Juice & Smoothie,2024-03-06,1.0,76,1.0,11
18,Juice & Smoothie,2024-03-25,1.0,79,0.875,12
18,Juice & Smoothie,2024-04-08,1.2727272727272727,109,1.0333333333333332,20
18,Juice & Smoothie,2024-04-11,1.5454545454545454,110,1.0666666666666667,21
18,Juice & Smoothie,2024-04-13,1.8181818181818181,77,0.7638888888888888,8
18,Juice & Smoothie,2024-04-14,1.5714285714285714,172,1.2857142857142858,25
18,Juice & Smoothie,2024-04-18,1.4083333333333332,146,1.5,11
18,Juice & Smoothie,2024-04-19,1.5714285714285714,173,1.3701298701298703,26
18,Juice & Smoothie,2024-05-15,2.142857142857143,146,1.8,22
18,Juice & Smoothie,2024-05-21,1.2857142857142858,117,1.0666666666666667,23
18,Juice & Smoothie,2024-06-03,1.5714285714285714,197,1.2857142857142858,31
18,Juice & Smoothie,2024-06-06,2.1483516483516483,152,1.8285714285714287,24
18,Juice & Smoothie,2024-07-02,1.5603864734299517,208,1.2857142857142858,32
18,Juice & Smoothie,2024-07-06,1.581140350877193,92,1.0,13
18,Juice & Smoothie,2024-07-11,1.535885167464115,212,1.2857142857142858,33
18,Juice & Smoothie,2024-08-19,1.5,231,1.263157894736842,37
18,Juice & Smoothie,2024-08-23,1.6416666666666666,114,1.0714285714285714,20
18,Juice & Smoothie,2024-08-26,1.5833333333333333,115,1.0,21
18,Juice & Smoothie,2024-09-24,2.0625,183,1.8,31
18,Juice & Smoothie,2024-11-09,1.1666666666666667,127,1.3333333333333333,14
18,Juice & Smoothie,2024-11-13,1.4,207,1.619047619047619,16
18,Juice & Smoothie,2024-11-14,1.4,207,1.619047619047619,16
18,Juice & Smoothie,2024-11-15,2.125,199,1.8285714285714287,34
18,Juice & Smoothie,2024-11-18,1.6189516129032258,106,1.0,15
18,Juice & Smoothie,2024-12-15,1.1666666666666667,127,1.3333333333333333,14
18,Juice & Smoothie,2024-12-17,1.4736842105263157,259,1.2,41
18,Juice & Smoothie,2024-12-20,1.5539772727272727,207,1.619047619047619,24
18,Juice & Smoothie,2024-12-25,2.125,199,1.8285714285714287,34
18,Juice & Smoothie,2024-12-30,1.2264957264957266,158,1.0,30
18,Merchandise,2023-01-15,1.0,0,1.0,0
18,Merchandise,2023-01-16,1.5,1,1.5,1
18,Merchandise,2023-01-18,2.933333333333333,3,2.933333333333333,0
18,Merchandise,2023-01-23,1.5227272727272727,6,1.3333333333333335,2
18,Merchandise,2023-01-28,1.9615384615384615,3,1.9615384615384615,0
18,Merchandise,2023-02-27,1.0,19,1.25,4
18,Merchandise,2023-02-28,1.0,20,1.1666666666666667,5
18,Merchandise,2023-03-01,1.0,21,1.25,6
18,Merchandise,2023-03-04,1.8375,12,2.25,2
18,Merchandise,2023-03-10,1.12,11,0.25,1
18,Merchandise,2023-03-12,0.7058823529411765,11,0.7058823529411765,0
18,Merchandise,2023-03-23,1.3333333333333333,25,0.8888888888888888,3
18,Merchandise,2023-05-21,2.1176470588235294,39,1.5,5
18,Merchandise,2023-05-22,2.0588235294117645,40,1.5681818181818183,6
18,Merchandise,2023-05-26,1.2982456140350878,56,1.3666666666666667,10
18,Merchandise,2023-06-02,2.0,44,1.5,7
18,Merchandise,2023-06-11,0.8148148148148148,29,0.4107142857142857,2
18,Merchandise,2023-06-26,2.0,53,1.4166666666666665,8
18,Merchandise,2023-06-29,1.3333333333333333,61,1.0,5
18,Merchandise,2023-07-07,1.3333333333333333,64,1.3333333333333333,13
18,Merchandise,2023-08-11,0.8148148148148148,45,0.375,4
18,Merchandise,2023-08-14,0.8148148148148148,47,0.25,5
18,Merchandise,2023-08-28,1.7391304347826086,71,1.3333333333333333,10
18,Merchandise,2023-09-29,1.3333333333333333,90,1.0,7
18,Merchandise,2023-10-28,1.8047619047619048,92,1.4166666666666665,14
18,Merchandise,2023-11-11,1.375,111,1.25,20
18,Merchandise,2023-11-28,1.0,67,0.375,8
18,Merchandise,2023-11-29,1.8214285714285714,102,1.5,18
18,Merchandise,2023-12-28,1.3541666666666665,84,0.8888888888888888,13
18,Merchandise,2024-01-07,1.4285714285714286,118,1.0,9
18,Merchandise,2024-01-08,1.3541666666666665,88,0.8194444444444444,14
18,Merchandise,2024-01-19,1.875,115,1.5,20
18,Merchandise,2024-01-30,1.3333333333333333,66,0.6,11
18,Merchandise,2024-02-13,1.5,145,1.3333333333333333,21
18,Merchandise,2024-02-20,1.3958333333333335,98,0.8888888888888888,17
18,Merchandise,2024-03-01,1.4511278195488722,154,1.3333333333333333,22
18,Merchandise,2024-03-06,0.8377192982456141,76,0.75,11
18,Merchandise,2024-03-25,0.8421052631578947,79,0.75,12
18,Merchandise,2024-04-08,1.3333333333333333,109,1.0694444444444444,20
18,Merchandise,2024-04-11,1.4285714285714286,110,1.25,21
18,Merchandise,2024-04-13,1.8095238095238095,77,0.775,8
18,Merchandise,2024-04-14,1.4511278195488722,172,1.1666666666666667,25
18,Merchandise,2024-04-18,1.4285714285714286,146,1.0,11
18,Merchandise,2024-04-19,1.4736842105263157,173,1.25,26
18,Merchandise,2024-05-15,2.1547619047619047,146,1.5,22
18,Merchandise,2024-05-21,1.3529411764705883,117,0.8888888888888888,23
18,Merchandise,2024-06-03,1.4285714285714286,197,1.3333333333333333,31
18,Merchandise,2024-06-06,2.1547619047619047,152,1.5681818181818183,24
18,Merchandise,2024-07-02,1.4142857142857141,208,1.2916666666666665,32
18,Merchandise,2024-07-06,1.4476190476190476,92,0.6666666666666666,13
18,Merchandise,2024-07-11,1.4,212,1.25,33
18,Merchandise,2024-08-19,1.375,231,1.25,37
18,Merchandise,2024-08-23,1.625,114,1.0,20
18,Merchandise,2024-08-26,1.625,115,1.0,21
18,Merchandise,2024-09-24,2.0,183,1.5,31
18,Merchandise,2024-11-09,1.0,127,0.8333333333333333,14
18,Merchandise,2024-11-13,1.3636363636363635,207,1.0,16
18,Merchandise,2024-11-14,1.3636363636363635,207,1.0,16
18,Merchandise,2024-11-15,2.0,199,1.6931818181818183,34
18,Merchandise,2024-11-18,1.4476190476190476,106,0.6666666666666666,15
18,Merchandise,2024-12-15,1.0,127,0.8333333333333333,14
18,Merchandise,2024-12-17,1.4,259,1.1666666666666667,41
18,Merchandise,2024-12-20,1.6125,207,1.0384615384615383,24
18,Merchandise,2024-12-25,2.0,199,1.6931818181818183,34
18,Merchandise,2024-12-30,1.25,158,0.75,30
18,Savory Bakery,2023-01-15,1.0,0,1.0,0
18,Savory Bakery,2023-01-16,1.5454545454545454,1,1.5454545454545454,1
18,Savory Bakery,2023-01-18,2.557377049180328,3,2.557377049180328,0
18,Savory Bakery,2023-01-23,1.3272727272727272,6,1.3636363636363638,2
18,Savory Bakery,2023-01-28,1.9113924050632911,3,1.9113924050632911,0
18,Savory Bakery,2023-02-27,1.3235294117647058,19,1.5962566844919786,4
18,Savory Bakery,2023-02-28,1.2652129817444218,20,1.5454545454545454,5
18,Savory Bakery,2023-03-01,1.206896551724138,21,1.3636363636363638,6
18,Savory Bakery,2023-03-04,2.0789473684210527,12,1.854212860310421,2
18,Savory Bakery,2023-03-10,1.3548387096774193,11,0.6382978723404256,1
18,Savory Bakery,2023-03-12,1.3658536585365855,11,1.3658536585365855,0
18,Savory Bakery,2023-03-23,1.3103448275862069,25,1.6,3
18,Savory Bakery,2023-05-21,2.1176470588235294,39,1.75,5
18,Savory Bakery,2023-05-22,2.0704514363885087,40,1.6607142857142856,6
18,Savory Bakery,2023-05-26,1.4123287671232876,56,1.3636363636363638,10
18,Savory Bakery,2023-06-02,2.011627906976744,44,1.75,7
18,Savory Bakery,2023-06-11,1.3636363636363635,29,1.3474747474747475,2
18,Savory Bakery,2023-06-26,1.971830985915493,53,1.6607142857142856,8
18,Savory Bakery,2023-06-29,1.3243243243243243,61,0.9545454545454546,5
18,Savory Bakery,2023-07-07,1.393069306930693,64,1.1555555555555554,13
18,Savory Bakery,2023-08-11,1.236842105263158,45,1.2198830409356725,4
18,Savory Bakery,2023-08-14,1.2307692307692308,47,0.7555555555555555,5
18,Savory Bakery,2023-08-28,1.75,71,1.6607142857142856,10
18,Savory Bakery,2023-09-29,1.3594871794871795,90,0.9545454545454546,7
18,Savory Bakery,2023-10-28,1.8863049095607236,92,1.6607142857142856,14
18,Savory Bakery,2023-11-11,1.3823529411764706,111,1.1686868686868688,20
18,Savory Bakery,2023-11-28,1.2307692307692308,67,0.9375,8
18,Savory Bakery,2023-11-29,1.8983268983268982,102,1.875,18
18,Savory Bakery,2023-12-28,1.1498397435897436,84,0.6470588235294118,13
18,Savory Bakery,2024-01-07,1.3976744186046512,118,0.9545454545454546,9
18,Savory Bakery,2024-01-08,1.164224664224664,88,0.6696832579185521,14
18,Savory Bakery,2024-01-19,1.971830985915493,115,1.9333333333333333,20
18,Savory Bakery,2024-01-30,1.4611742424242424,66,0.8421052631578947,11
18,Savory Bakery,2024-02-13,1.441860465116279,145,1.1555555555555554,21
18,Savory Bakery,2024-02-20,1.2444005270092227,98,0.7058823529411765,17
18,Savory Bakery,2024-03-01,1.4415184678522572,154,1.1444444444444444,22
18,Savory Bakery,2024-03-06,0.906158357771261,76,0.6363636363636364,11
18,Savory Bakery,2024-03-25,0.9090909090909091,79,0.6848484848484848,12
18,Savory Bakery,2024-04-08,1.2424242424242424,109,0.7225063938618925,20
18,Savory Bakery,2024-04-11,1.5,110,0.787719298245614,21
18,Savory Bakery,2024-04-13,1.75,77,0.742014742014742,8
18,Savory Bakery,2024-04-14,1.4558441558441557,172,1.1818181818181819,25
18,Savory Bakery,2024-04-18,1.4742606790799562,146,0.9545454545454546,11
18,Savory Bakery,2024-04-19,1.457142857142857,173,1.1846590909090908,26
18,Savory Bakery,2024-05-15,2.0564607805987114,146,1.9333333333333333,22
18,Savory Bakery,2024-05-21,1.2463768115942029,117,0.7391304347826086,23
18,Savory Bakery,2024-06-03,1.46875,197,1.2307692307692308,31
18,Savory Bakery,2024-06-06,2.0564607805987114,152,1.9333333333333333,24
18,Savory Bakery,2024-07-02,1.4415184678522572,208,1.2091346153846154,32
18,Savory Bakery,2024-07-06,1.542857142857143,92,0.8125,13
18,Savory Bakery,2024-07-11,1.4329170024174052,212,1.1875,33
18,Savory Bakery,2024-08-19,1.3888888888888888,231,1.1555555555555554,37
18,Savory Bakery,2024-08-23,1.5222816399286987,114,0.9285714285714286,20
18,Savory Bakery,2024-08-26,1.5151515151515151,115,0.9285714285714286,21
18,Savory Bakery,2024-09-24,2.0,183,1.8666666666666667,31
18,Savory Bakery,2024-11-09,1.2328767123287672,127,1.1213235294117647,14
18,Savory Bakery,2024-11-13,1.4242424242424243,207,1.40625,16
18,Savory Bakery,2024-11-14,1.4242424242424243,207,1.40625,16
18,Savory Bakery,2024-11-15,2.0,199,1.9333333333333333,34
18,Savory Bakery,2024-11-18,1.523671096345515,106,0.8421052631578947,15
18,Savory Bakery,2024-12-15,1.2328767123287672,127,1.1213235294117647,14
18,Savory Bakery,2024-12-17,1.4054054054054055,259,1.1818181818181819,41
18,Savory Bakery,2024-12-20,1.4861111111111112,207,1.40625,24
18,Savory Bakery,2024-12-25,2.0,199,1.9333333333333333,34
18,Savory Bakery,2024-12-30,1.1323815704088254,158,0.7225063938618925,30
18,Tea,2023-01-15,1.0,0,1.0,0
18,Tea,2023-01-16,2.0677966101694913,1,2.0677966101694913,1
18,Tea,2023-01-18,2.0833333333333335,3,2.0833333333333335,0
18,Tea,2023-01-23,1.348356807511737,6,1.6005649717514123,2
18,Tea,2023-01-28,1.5670103092783505,3,1.5670103092783505,0
18,Tea,2023-02-27,1.1791044776119404,19,1.6005649717514123,4
18,Tea,2023-02-28,1.167330016583748,20,1.1333333333333333,5
18,Tea,2023-03-01,1.1791044776119404,21,1.2974358974358973,6
18,Tea,2023-03-04,2.066983122362869,12,1.9472636815920397,2
18,Tea,2023-03-10,1.3703703703703705,11,0.7536231884057971,1
18,Tea,2023-03-12,1.140625,11,1.140625,0
18,Tea,2023-03-23,1.2,25,1.0,3
18,Tea,2023-05-21,2.1363636363636362,39,1.7666666666666666,5
18,Tea,2023-05-22,2.1348484848484848,40,1.7639303482587065,6
18,Tea,2023-05-26,1.3103111891522778,56,1.367132867132867,10
18,Tea,2023-06-02,2.087962962962963,44,1.7611940298507462,7
18,Tea,2023-06-11,1.140625,29,1.0275175644028103,2
18,Tea,2023-06-26,2.050632911392405,53,1.7494494739417665,8
18,Tea,2023-06-29,1.3818181818181818,61,1.2352941176470589,5
18,Tea,2023-07-07,1.3452410080743822,64,1.4615384615384615,13
18,Tea,2023-08-11,1.1129032258064515,45,0.8322288106034181,4
18,Tea,2023-08-14,1.1282051282051282,47,0.9836065573770492,5
18,Tea,2023-08-28,1.9210526315789473,71,1.7494494739417665,10
18,Tea,2023-09-29,1.2836781609195402,90,1.1851851851851851,7
18,Tea,2023-10-28,1.873931623931624,92,1.7494494739417665,14
18,Tea,2023-11-11,1.3333333333333333,111,1.367132867132867,20
18,Tea,2023-11-28,1.1428571428571428,67,0.9109803921568628,8
18,Tea,2023-11-29,1.9078947368421053,102,1.7639303482587065,18
18,Tea,2023-12-28,1.227904667328699,84,0.8636363636363636,13
18,Tea,2024-01-07,1.3600267379679143,118,1.1851851851851851,9
18,Tea,2024-01-08,1.2894912985274432,88,0.8636363636363636,14
18,Tea,2024-01-19,1.9565217391304348,115,1.7639303482587065,20
18,Tea,2024-01-30,1.62,66,0.8846153846153846,11
18,Tea,2024-02-13,1.4385964912280702,145,1.2727272727272727,21
18,Tea,2024-02-20,1.2615303983228512,98,0.8636363636363636,17
18,Tea,2024-03-01,1.4241931739029488,154,1.2679425837320575,22
18,Tea,2024-03-06,0.9028213166144201,76,0.7419354838709677,11
18,Tea,2024-03-25,0.896551724137931,79,0.6935483870967742,12
18,Tea,2024-04-08,1.2777777777777777,109,0.8636363636363636,20
18,Tea,2024-04-11,1.64,110,0.8636363636363636,21
18,Tea,2024-04-13,1.6842105263157894,77,0.9114225277630883,8
18,Tea,2024-04-14,1.4607692307692308,172,1.2727272727272727,25
18,Tea,2024-04-18,1.3935483870967742,146,1.2352941176470589,11
18,Tea,2024-04-19,1.4615384615384615,173,1.367132867132867,26
18,Tea,2024-05-15,2.0791666666666666,146,1.7924242424242425,22
18,Tea,2024-05-21,1.2857142857142858,117,0.8636363636363636,23
18,Tea,2024-06-03,1.4615384615384615,197,1.2727272727272727,31
18,Tea,2024-06-06,2.0669117647058823,152,1.7639303482587065,24
18,Tea,2024-07-02,1.4388104407359863,208,1.2679425837320575,32
18,Tea,2024-07-06,1.6214112763749569,92,0.8846153846153846,13
18,Tea,2024-07-11,1.4388104407359863,212,1.263157894736842,33
18,Tea,2024-08-19,1.4150943396226414,231,1.2,37
18,Tea,2024-08-23,1.5543735224586288,114,0.9166666666666667,20
18,Tea,2024-08-26,1.553191489361702,115,0.8333333333333334,21
18,Tea,2024-09-24,2.0,183,1.7611940298507462,31
18,Tea,2024-11-09,1.1686746987951808,127,1.0275175644028103,14
18,Tea,2024-11-13,1.337837837837838,207,1.2383367139959431,16
18,Tea,2024-11-14,1.337837837837838,207,1.2383367139959431,16
18,Tea,2024-11-15,2.0,199,1.7639303482587065,34
18,Tea,2024-11-18,1.5322209436133487,106,0.9130434782608695,15
18,Tea,2024-12-15,1.1686746987951808,127,1.0275175644028103,14
18,Tea,2024-12-17,1.4081632653061225,259,1.2,41
18,Tea,2024-12-20,1.5025773195876289,207,1.2383367139959431,24
18,Tea,2024-12-25,2.0,199,1.7639303482587065,34
18,Tea,2024-12-30,1.1967754467754468,158,0.8321759259259259,30
19,Bakery,2023-01-03,1.0,0,1.0,0
19,Bakery,2023-01-20,0.7903225806451613,5,0.7903225806451613,0
19,Bakery,2023-02-04,1.7172582619339045,6,1.7172582619339045,0
19,Bakery,2023-02-11,1.105263157894737,9,1.5,1
19,Bakery,2023-02-16,1.9814814814814814,10,1.59375,1
19,Bakery,2023-02-20,1.1977942692228405,18,1.1219512195121952,3
19,Bakery,2023-03-02,1.1977942692228405,24,1.231707317073171,4
19,Bakery,2023-03-04,1.1630280018984338,26,1.1219512195121952,5
19,Bakery,2023-03-14,0.9976067746686303,12,1.2740846071809455,4
19,Bakery,2023-03-17,1.0309278350515463,13,1.0666666666666667,5
19,Bakery,2023-03-28,1.25,27,2.1454545454545455,1
19,Bakery,2023-04-21,2.217391304347826,27,2.0985663082437274,4
19,Bakery,2023-05-01,2.3384615384615386,31,2.4130434782608696,7
19,Bakery,2023-05-07,1.2711462450592885,48,1.2957317073170733,10
19,Bakery,2023-05-10,1.0,19,2.142857142857143,1
19,Bakery,2023-05-18,1.3944444444444444,48,1.9060606060606062,6
19,Bakery,2023-05-24,1.7015669515669516,20,2.9655172413793105,1
19,Bakery,2023-06-01,1.2152173913043478,26,1.566442239546421,2
19,Bakery,2023-06-02,2.08921568627451,44,2.08921568627451,12
19,Bakery,2023-06-23,1.1818181818181819,31,1.4866739686016794,4
19,Bakery,2023-07-04,1.3480894687791238,64,1.5859106529209623,12
19,Bakery,2023-07-18,1.333128078817734,70,1.5051546391752577,14
19,Bakery,2023-07-23,1.9836065573770492,59,1.972972972972973,16
19,Bakery,2023-07-28,1.1686868686868688,36,1.3975903614457832,5
19,Bakery,2023-07-31,1.0454545454545454,43,1.3309948979591837,12
19,Bakery,2023-09-05,1.1818181818181819,43,1.5757575757575757,7
19,Bakery,2023-09-20,1.9487179487179487,77,1.8888888888888888,21
19,Bakery,2023-10-01,1.1780436312456017,58,1.183673469387755,15
19,Bakery,2023-10-05,1.1780436312456017,60,1.2489795918367346,16
19,Bakery,2023-10-07,1.9487179487179487,83,1.9174174174174174,24
19,Bakery,2023-10-10,0.7767857142857142,46,1.7391304347826086,3
19,Bakery,2023-10-11,1.3275862068965518,91,1.3150352733686068,18
19,Bakery,2023-10-17,1.1956521739130435,49,1.7027027027027026,9
19,Bakery,2023-10-18,1.9541569541569541,86,1.9174174174174174,26
19,Bakery,2023-10-21,0.7916666666666666,49,1.7391304347826086,5
19,Bakery,2023-11-04,1.0926553672316384,62,1.2348864073931458,16
19,Bakery,2023-11-09,1.183673469387755,65,1.407142857142857,18
19,Bakery,2023-11-11,1.3541666666666667,111,1.4130808950086058,24
19,Bakery,2023-11-14,1.3448275862068966,103,1.3214285714285714,21
19,Bakery,2023-12-02,1.3513513513513513,109,1.3432835820895523,23
19,Bakery,2023-12-11,1.1447230929989551,72,1.2348864073931458,18
19,Bakery,2023-12-12,1.1695402298850575,76,1.5,19
19,Bakery,2023-12-15,1.6916491963661775,62,1.7287428273343766,8
19,Bakery,2023-12-16,1.3867521367521367,112,1.395779722079259,24
19,Bakery,2023-12-26,1.359375,63,1.7352941176470589,13
19,Bakery,2023-12-28,1.4,115,1.4864864864864864,27
19,Bakery,2023-12-30,1.3953488372093024,129,1.4415584415584415,28
19,Bakery,2024-01-12,1.1564121571534471,76,1.2452830188679245,19
19,Bakery,2024-01-26,2.0,118,2.0,33
19,Bakery,2024-01-29,1.25,93,1.5,23
19,Bakery,2024-02-01,1.2395833333333335,94,1.4279661016949152,24
19,Bakery,2024-02-04,1.439252336448598,143,1.4772727272727273,32
19,Bakery,2024-02-26,0.9116541353383458,74,1.5555555555555556,9
19,Bakery,2024-03-03,1.388936025793314,72,1.7189984101748808,14
19,Bakery,2024-03-06,1.4330357142857144,156,1.5,35
19,Bakery,2024-03-20,1.3975903614457832,75,1.798202614379085,16
19,Bakery,2024-03-21,1.1578947368421053,89,1.3413915094339623,22
19,Bakery,2024-04-03,2.0310096153846153,134,2.0105263157894737,36
19,Bakery,2024-04-15,1.475,81,1.9444444444444444,19
19,Bakery,2024-04-22,2.088235294117647,140,2.0210526315789474,37
19,Bakery,2024-04-30,2.088235294117647,142,2.0105263157894737,38
19,Bakery,2024-05-26,1.0,91,1.4377777777777778,10
19,Bakery,2024-06-12,1.7428571428571429,85,1.9047619047619047,12
19,Bakery,2024-06-21,1.1724137931034482,123,1.419901585565883,30
19,Bakery,2024-07-07,1.475,93,1.9027777777777777,22
19,Bakery,2024-07-13,1.3953488372093024,213,1.5,43
19,Bakery,2024-08-15,1.105263157894737,141,1.3351089588377723,32
19,Bakery,2024-08-18,1.105263157894737,143,1.3559322033898304,33
19,Bakery,2024-09-04,1.0,107,1.2619300106044538,14
19,Bakery,2024-09-21,1.3846153846153846,241,1.4415584415584415,48
19,Bakery,2024-10-02,2.0,187,1.8574879227053138,44
19,Bakery,2024-10-05,1.393939393939394,197,1.3617021276595744,37
19,Bakery,2024-10-17,2.0,193,1.8574879227053138,46
19,Bakery,2024-12-07,2.028169014084507,199,1.8888888888888888,47
19,Bakery,2024-12-22,1.1128775834658189,158,1.31890756302521,36
19,Bakery,2024-12-27,1.380952380952381,259,1.4285714285714286,51
19,Bakery,2024-12-30,1.1515151515151516,127,1.4375,31
19,Chocolate & Milk,2023-01-03,1.0,0,1.0,0
19,Chocolate & Milk,2023-01-20,0.9113924050632911,5,0.9113924050632911,0
19,Chocolate & Milk,2023-02-04,1.4853142076502732,6,1.4853142076502732,0
19,Chocolate & Milk,2023-02-11,1.5263157894736843,9,2.1,1
19,Chocolate & Milk,2023-02-16,2.2359307359307357,10,2.090909090909091,1
19,Chocolate & Milk,2023-02-20,1.0815508021390374,18,0.8648648648648649,3
19,Chocolate & Milk,2023-03-02,1.1341659951651892,24,0.9551597051597052,4
19,Chocolate & Milk,2023-03-04,1.158675799086758,26,1.0454545454545454,5
19,Chocolate & Milk,2023-03-14,1.0357142857142856,12,1.4616402116402116,4
19,Chocolate & Milk,2023-03-17,1.0714285714285714,13,1.76,5
19,Chocolate & Milk,2023-03-28,1.2622950819672132,27,2.0476190476190474,1
19,Chocolate & Milk,2023-04-21,2.1666666666666665,27,2.6860465116279073,4
19,Chocolate & Milk,2023-05-01,2.1666666666666665,31,2.372093023255814,7
19,Chocolate & Milk,2023-05-07,1.556547619047619,48,1.556547619047619,10
19,Chocolate & Milk,2023-05-10,0.9230769230769231,19,1.6333333333333333,1
19,Chocolate & Milk,2023-05-18,1.343108504398827,48,1.8238095238095238,6
19,Chocolate & Milk,2023-05-24,1.6821052631578945,20,2.5,1
19,Chocolate & Milk,2023-06-01,1.5355392156862746,26,1.8333333333333333,2
19,Chocolate & Milk,2023-06-02,2.0454545454545454,44,2.0131964809384164,12
19,Chocolate & Milk,2023-06-23,1.5,31,1.8928571428571428,4
19,Chocolate & Milk,2023-07-04,1.317540322580645,64,1.7479591836734694,12
19,Chocolate & Milk,2023-07-18,1.267511177347243,70,1.65,14
19,Chocolate & Milk,2023-07-23,1.935483870967742,59,1.8625,16
19,Chocolate & Milk,2023-07-28,1.4177489177489178,36,1.5,5
19,Chocolate & Milk,2023-07-31,1.0,43,1.537037037037037,12
19,Chocolate & Milk,2023-09-05,1.5,43,1.608695652173913,7
19,Chocolate & Milk,2023-09-20,1.875,77,1.7551020408163265,21
19,Chocolate & Milk,2023-10-01,1.227922077922078,58,1.6666666666666667,15
19,Chocolate & Milk,2023-10-05,1.227922077922078,60,1.5701754385964912,16
19,Chocolate & Milk,2023-10-07,1.875,83,1.7599039615846337,24
19,Chocolate & Milk,2023-10-10,0.8461538461538461,46,1.625,3
19,Chocolate & Milk,2023-10-11,1.2727272727272727,91,1.5741935483870968,18
19,Chocolate & Milk,2023-10-17,1.5294117647058822,49,1.95,9
19,Chocolate & Milk,2023-10-18,1.8819444444444444,86,1.7599039615846337,26
19,Chocolate & Milk,2023-10-21,0.8461538461538461,49,1.6333333333333333,5
19,Chocolate & Milk,2023-11-04,1.0529556650246306,62,1.537037037037037,16
19,Chocolate & Milk,2023-11-09,1.2272727272727273,65,1.5701754385964912,18
19,Chocolate & Milk,2023-11-11,1.380952380952381,111,1.3654761904761905,24
19,Chocolate & Milk,2023-11-14,1.2727272727272727,103,1.368421052631579,21
19,Chocolate & Milk,2023-12-02,1.3125,109,1.368421052631579,23
19,Chocolate & Milk,2023-12-11,1.1109649122807017,72,1.537037037037037,18
19,Chocolate & Milk,2023-12-12,1.227922077922078,76,1.6666666666666667,19
19,Chocolate & Milk,2023-12-15,1.7756892230576442,62,2.4375,8
19,Chocolate & Milk,2023-12-16,1.317540322580645,112,1.3404605263157894,24
19,Chocolate & Milk,2023-12-26,1.608695652173913,63,1.96,13
19,Chocolate & Milk,2023-12-28,1.3225806451612903,115,1.368421052631579,27
19,Chocolate & Milk,2023-12-30,1.4444444444444444,129,1.4238095238095236,28
19,Chocolate & Milk,2024-01-12,1.1520737327188941,76,1.6296296296296295,19
19,Chocolate & Milk,2024-01-26,1.925,118,1.8709677419354838,33
19,Chocolate & Milk,2024-01-29,1.263157894736842,93,1.6666666666666667,23
19,Chocolate & Milk,2024-02-01,1.2679425837320575,94,1.6666666666666667,24
19,Chocolate & Milk,2024-02-04,1.4666666666666666,143,1.4686274509803923,32
19,Chocolate & Milk,2024-02-26,0.9727088948787062,74,1.64,9
19,Chocolate & Milk,2024-03-03,1.5714285714285714,72,2.0514285714285716,14
19,Chocolate & Milk,2024-03-06,1.4494949494949494,156,1.4666666666666666,35
19,Chocolate & Milk,2024-03-20,1.5714285714285714,75,2.0514285714285716,16
19,Chocolate & Milk,2024-03-21,1.1612903225806452,89,1.552910052910053,22
19,Chocolate & Milk,2024-04-03,1.9435612082670906,134,1.911111111111111,36
19,Chocolate & Milk,2024-04-15,1.5714285714285714,81,2.142857142857143,19
19,Chocolate & Milk,2024-04-22,1.9883720930232558,140,1.9333333333333333,37
19,Chocolate & Milk,2024-04-30,1.9883720930232558,142,1.911111111111111,38
19,Chocolate & Milk,2024-05-26,1.0,91,1.6366666666666667,10
19,Chocolate & Milk,2024-06-12,1.8472222222222223,85,2.604166666666667,12
19,Chocolate & Milk,2024-06-21,1.2285714285714286,123,1.4338118022328548,30
19,Chocolate & Milk,2024-07-07,1.5769230769230769,93,2.0514285714285716,22
19,Chocolate & Milk,2024-07-13,1.391304347826087,213,1.4666666666666666,43
19,Chocolate & Milk,2024-08-15,1.1515151515151516,141,1.384469696969697,32
19,Chocolate & Milk,2024-08-18,1.1515151515151516,143,1.393939393939394,33
19,Chocolate & Milk,2024-09-04,0.9642857142857143,107,1.5048076923076923,14
19,Chocolate & Milk,2024-09-21,1.380952380952381,241,1.3779761904761905,48
19,Chocolate & Milk,2024-10-02,1.9487179487179487,187,1.8313172043010753,44
19,Chocolate & Milk,2024-10-05,1.2727272727272727,197,1.3125,37
19,Chocolate & Milk,2024-10-17,1.9487179487179487,193,1.8313172043010753,46
19,Chocolate & Milk,2024-12-07,1.9767441860465116,199,1.8709677419354838,47
19,Chocolate & Milk,2024-12-22,1.175170068027211,158,1.384469696969697,36
19,Chocolate & Milk,2024-12-27,1.36,259,1.375,51
19,Chocolate & Milk,2024-12-30,1.1612903225806452,127,1.4444444444444444,31
19,Coffee,2023-01-03,1.0,0,1.0,0
19,Coffee,2023-01-20,0.848314606741573,5,0.848314606741573,0
19,Coffee,2023-02-04,1.5664979106396657,6,1.5664979106396657,0
19,Coffee,2023-02-11,1.302857142857143,9,1.9166666666666667,1
19,Coffee,2023-02-16,1.6278796992481204,10,1.24822695035461,1
19,Coffee,2023-02-20,1.1632860040567952,18,1.011049723756906,3
19,Coffee,2023-03-02,1.2340887174541948,24,1.1825434954188256,4
19,Coffee,2023-03-04,1.1701053555750658,26,1.0675675675675675,5
19,Coffee,2023-03-14,1.1030824372759858,12,1.463979561673916,4
19,Coffee,2023-03-17,1.1022222222222222,13,1.4321608040201006,5
19,Coffee,2023-03-28,1.3043478260869565,27,1.5591836734693878,1
19,Coffee,2023-04-21,2.135135135135135,27,2.181183658906431,4
19,Coffee,2023-05-01,2.135135135135135,31,2.1056105610561056,7
19,Coffee,2023-05-07,1.3884481963952164,48,1.3884481963952164,10
19,Coffee,2023-05-10,0.9345794392523364,19,1.6634146341463414,1
19,Coffee,2023-05-18,1.4201832650108512,48,1.4864883884588318,6
19,Coffee,2023-05-24,1.6958697618329817,20,2.3865546218487395,1
19,Coffee,2023-06-01,1.3884481963952164,26,1.7900995108787314,2
19,Coffee,2023-06-02,2.0815510962285826,44,2.06582789278567,12
19,Coffee,2023-06-23,1.2873563218390804,31,1.5783496007098492,4
19,Coffee,2023-07-04,1.3819163292847505,64,1.4818652849740932,12
19,Coffee,2023-07-18,1.3789603090972955,70,1.4478291942111845,14
19,Coffee,2023-07-23,1.875776397515528,59,1.6921360612949399,16
19,Coffee,2023-07-28,1.2930288102701897,36,1.530612244897959,5
19,Coffee,2023-07-31,1.1022222222222222,43,1.463979561673916,12
19,Coffee,2023-09-05,1.2987012987012987,43,1.530612244897959,7
19,Coffee,2023-09-20,1.6752136752136753,77,1.630057803468208,21
19,Coffee,2023-10-01,1.1373737373737374,58,1.3409090909090908,15
19,Coffee,2023-10-05,1.1373737373737374,60,1.3664545454545454,16
19,Coffee,2023-10-07,1.711111111111111,83,1.6800515630035449,24
19,Coffee,2023-10-10,0.8128828371893411,46,1.2759856630824373,3
19,Coffee,2023-10-11,1.3743589743589744,91,1.3324929821738274,18
19,Coffee,2023-10-17,1.2987012987012987,49,1.626086956521739,9
19,Coffee,2023-10-18,1.7159159159159159,86,1.703831417624521,26
19,Coffee,2023-10-21,0.8169014084507042,49,1.6090909090909091,5
19,Coffee,2023-11-04,1.1273400820143031,62,1.3000254647313472,16
19,Coffee,2023-11-09,1.2272727272727273,65,1.3999473684210526,18
19,Coffee,2023-11-11,1.32,111,1.4146282973621103,24
19,Coffee,2023-11-14,1.3743589743589744,103,1.3285714285714285,21
19,Coffee,2023-12-02,1.375,109,1.3286713286713288,23
19,Coffee,2023-12-11,1.136898456416465,72,1.3684868191223498,18
19,Coffee,2023-12-12,1.178833107191316,76,1.4078947368421053,19
19,Coffee,2023-12-15,1.6694347319347318,62,2.0061959317278464,8
19,Coffee,2023-12-16,1.3865176640230714,112,1.3504198067304864,24
19,Coffee,2023-12-26,1.4105960264900663,63,1.780612244897959,13
19,Coffee,2023-12-28,1.3894736842105264,115,1.372168284789644,27
19,Coffee,2023-12-30,1.3540372670807452,129,1.4525928896017108,28
19,Coffee,2024-01-12,1.1447611710323575,76,1.4321608040201006,19
19,Coffee,2024-01-26,1.8480192416525183,118,1.8508771929824561,33
19,Coffee,2024-01-29,1.2853185595567866,93,1.6408450704225352,23
19,Coffee,2024-02-01,1.2888131259322395,94,1.5243699036323202,24
19,Coffee,2024-02-04,1.3885350318471337,143,1.4605358495537333,32
19,Coffee,2024-02-26,0.9443438914027149,74,1.6090909090909091,9
19,Coffee,2024-03-03,1.4250432361749694,72,1.8793572173394906,14
19,Coffee,2024-03-06,1.3832758504091434,156,1.4670487106017192,35
19,Coffee,2024-03-20,1.4394904458598725,75,2.0138444833202627,16
19,Coffee,2024-03-21,1.1454545454545455,89,1.4720680958385877,22
19,Coffee,2024-04-03,1.9113566605279313,134,1.961572180011689,36
19,Coffee,2024-04-15,1.4794520547945205,81,2.0671641791044775,19
19,Coffee,2024-04-22,1.960063559322034,140,1.9655172413793103,37
19,Coffee,2024-04-30,1.960063559322034,142,1.961572180011689,38
19,Coffee,2024-05-26,0.9502262443438914,91,1.5366883116883117,10
19,Coffee,2024-06-12,1.7383720930232558,85,2.1629865461641162,12
19,Coffee,2024-06-21,1.2627986348122866,123,1.5243699036323202,30
19,Coffee,2024-07-07,1.4935897435897436,93,2.0583754779819907,22
19,Coffee,2024-07-13,1.3708609271523178,213,1.4511627906976745,43
19,Coffee,2024-08-15,1.1636363636363636,141,1.3999473684210526,32
19,Coffee,2024-08-18,1.1636363636363636,143,1.4078947368421053,33
19,Coffee,2024-09-04,0.9345794392523364,107,1.400139134834303,14
19,Coffee,2024-09-21,1.3540372670807452,241,1.3935483870967742,48
19,Coffee,2024-10-02,1.8931297709923665,187,1.8806110102843316,44
19,Coffee,2024-10-05,1.3518518518518519,197,1.3286713286713288,37
19,Coffee,2024-10-17,1.910344827586207,193,1.8806110102843316,46
19,Coffee,2024-12-07,1.9285714285714286,199,1.910344827586207,47
19,Coffee,2024-12-22,1.178833107191316,158,1.391488721804511,36
19,Coffee,2024-12-27,1.3419354838709678,259,1.3834586466165413,51
19,Coffee,2024-12-30,1.141025641025641,127,1.4672131147540983,31
19,Juice & Smoothie,2023-01-03,1.0,0,1.0,0
19,Juice & Smoothie,2023-01-20,0.7647058823529411,5,0.7647058823529411,0
19,Juice & Smoothie,2023-02-04,2.104761904761905,6,2.104761904761905,0
19,Juice & Smoothie,2023-02-11,0.9333333333333333,9,1.8333333333333333,1
19,Juice & Smoothie,2023-02-16,1.717948717948718,10,3.0,1
19,Juice & Smoothie,2023-02-20,1.0485347985347984,18,1.0256410256410255,3
19,Juice & Smoothie,2023-03-02,1.1388888888888888,24,1.0683760683760684,4
19,Juice & Smoothie,2023-03-04,1.1388888888888888,26,1.0256410256410255,5
19,Juice & Smoothie,2023-03-14,1.3173076923076923,12,1.3173076923076923,4
19,Juice & Smoothie,2023-03-17,1.25,13,1.25,5
19,Juice & Smoothie,2023-03-28,1.393939393939394,27,1.7333333333333334,1
19,Juice & Smoothie,2023-04-21,2.142857142857143,27,3.0,4
19,Juice & Smoothie,2023-05-01,2.242424242424242,31,2.9375,7
19,Juice & Smoothie,2023-05-07,1.4772727272727273,48,1.2471590909090908,10
19,Juice & Smoothie,2023-05-10,0.6875,19,1.8571428571428572,1
19,Juice & Smoothie,2023-05-18,1.5357142857142856,48,1.6523809523809523,6
19,Juice & Smoothie,2023-05-24,1.8612836438923397,20,2.272727272727273,1
19,Juice & Smoothie,2023-06-01,1.0787878787878786,26,2.336470588235294,2
19,Juice & Smoothie,2023-06-02,2.1981351981351978,44,2.3392857142857144,12
19,Juice & Smoothie,2023-06-23,1.0666666666666667,31,2.336470588235294,4
19,Juice & Smoothie,2023-07-04,1.5,64,1.5098522167487685,12
19,Juice & Smoothie,2023-07-18,1.438423645320197,70,1.3605015673981191,14
19,Juice & Smoothie,2023-07-23,2.111111111111111,59,2.0769230769230766,16
19,Juice & Smoothie,2023-07-28,1.0645833333333332,36,2.32,5
19,Juice & Smoothie,2023-07-31,1.0714285714285714,43,1.2019230769230769,12
19,Juice & Smoothie,2023-09-05,1.0625,43,2.25,7
19,Juice & Smoothie,2023-09-20,1.8823529411764706,77,1.8333333333333333,21
19,Juice & Smoothie,2023-10-01,1.1715686274509804,58,1.6666666666666667,15
19,Juice & Smoothie,2023-10-05,1.1715686274509804,60,1.75,16
19,Juice & Smoothie,2023-10-07,2.0,83,1.9545454545454546,24
19,Juice & Smoothie,2023-10-10,0.8376623376623377,46,1.5,3
19,Juice & Smoothie,2023-10-11,1.4210526315789473,91,1.2225705329153604,18
19,Juice & Smoothie,2023-10-17,1.0666666666666667,49,2.3076923076923075,9
19,Juice & Smoothie,2023-10-18,1.9545454545454546,86,1.9545454545454546,26
19,Juice & Smoothie,2023-10-21,0.8571428571428571,49,1.8,5
19,Juice & Smoothie,2023-11-04,1.1483516483516483,62,1.2019230769230769,16
19,Juice & Smoothie,2023-11-09,1.2222222222222223,65,1.75,18
19,Juice & Smoothie,2023-11-11,1.5,111,1.6948529411764706,24
19,Juice & Smoothie,2023-11-14,1.4285714285714286,103,1.2727272727272727,21
19,Juice & Smoothie,2023-12-02,1.4210526315789473,109,1.1818181818181819,23
19,Juice & Smoothie,2023-12-11,1.1833333333333333,72,1.2019230769230769,18
19,Juice & Smoothie,2023-12-12,1.2361111111111112,76,1.8333333333333333,19
19,Juice & Smoothie,2023-12-15,1.8247619047619048,62,1.7,8
19,Juice & Smoothie,2023-12-16,1.4248120300751879,112,1.2272727272727273,24
19,Juice & Smoothie,2023-12-26,1.3846153846153846,63,2.25,13
19,Juice & Smoothie,2023-12-28,1.4444444444444444,115,1.3333333333333333,27
19,Juice & Smoothie,2023-12-30,1.5714285714285714,129,1.8323529411764705,28
19,Juice & Smoothie,2024-01-12,1.225,76,1.25,19
19,Juice & Smoothie,2024-01-26,2.0,118,2.0,33
19,Juice & Smoothie,2024-01-29,1.2727272727272727,93,1.6666666666666667,23
19,Juice & Smoothie,2024-02-01,1.2792207792207793,94,1.75,24
19,Juice & Smoothie,2024-02-04,1.5714285714285714,143,1.7394957983193278,32
19,Juice & Smoothie,2024-02-26,1.0,74,1.8571428571428572,9
19,Juice & Smoothie,2024-03-03,1.5227272727272727,72,2.2788461538461537,14
19,Juice & Smoothie,2024-03-06,1.5714285714285714,156,1.7142857142857142,35
19,Juice & Smoothie,2024-03-20,1.5454545454545454,75,2.29020979020979,16
19,Juice & Smoothie,2024-03-21,1.2,89,1.275,22
19,Juice & Smoothie,2024-04-03,2.0,134,2.0,36
19,Juice & Smoothie,2024-04-15,1.5555555555555556,81,2.3076923076923075,19
19,Juice & Smoothie,2024-04-22,2.133928571428571,140,2.0,37
19,Juice & Smoothie,2024-04-30,2.142857142857143,142,2.0769230769230766,38
19,Juice & Smoothie,2024-05-26,1.0,91,1.8831168831168832,10
19,Juice & Smoothie,2024-06-12,1.84,85,1.773076923076923,12
19,Juice & Smoothie,2024-06-21,1.2857142857142858,123,1.75,30
19,Juice & Smoothie,2024-07-07,1.5789473684210527,93,2.29020979020979,22
19,Juice & Smoothie,2024-07-13,1.5263157894736843,213,1.7142857142857142,43
19,Juice & Smoothie,2024-08-15,1.2,141,1.6458333333333335,32
19,Juice & Smoothie,2024-08-18,1.2,143,1.6666666666666667,33
19,Juice & Smoothie,2024-09-04,1.0,107,1.65,14
19,Juice & Smoothie,2024-09-21,1.5,241,1.6125,48
19,Juice & Smoothie,2024-10-02,2.0625,187,2.0,44
19,Juice & Smoothie,2024-10-05,1.4,197,1.2727272727272727,37
19,Juice & Smoothie,2024-10-17,2.111111111111111,193,2.0,46
19,Juice & Smoothie,2024-12-07,2.125,199,2.0,47
19,Juice & Smoothie,2024-12-22,1.2264957264957266,158,1.6458333333333335,36
19,Juice & Smoothie,2024-12-27,1.4736842105263157,259,1.6,51
19,Juice & Smoothie,2024-12-30,1.1666666666666667,127,1.25,31
19,Merchandise,2023-01-03,1.0,0,1.0,0
19,Merchandise,2023-01-20,0.6666666666666666,5,0.6666666666666666,0
19,Merchandise,2023-02-04,1.4166666666666665,6,1.4166666666666665,0
19,Merchandise,2023-02-11,1.3333333333333333,9,1.3333333333333333,1
19,Merchandise,2023-02-16,1.7695652173913043,10,3.0,1
19,Merchandise,2023-02-20,1.0,18,0.7777777777777778,3
19,Merchandise,2023-03-02,1.0384615384615383,24,0.7777777777777778,4
19,Merchandise,2023-03-04,1.0,26,0.7777777777777778,5
19,Merchandise,2023-03-14,0.6862745098039216,12,0.8913043478260869,4
19,Merchandise,2023-03-17,0.6666666666666666,13,0.782608695652174,5
19,Merchandise,2023-03-28,1.3333333333333333,27,1.8461538461538463,1
19,Merchandise,2023-04-21,2.1176470588235294,27,2.401960784313726,4
19,Merchandise,2023-05-01,2.25,31,2.4444444444444446,7
19,Merchandise,2023-05-07,1.2982456140350878,48,1.2,10
19,Merchandise,2023-05-10,1.0769230769230769,19,2.1,1
19,Merchandise,2023-05-18,1.4722222222222223,48,1.8461538461538463,6
19,Merchandise,2023-05-24,1.9807692307692308,20,3.0,1
19,Merchandise,2023-06-01,1.2,26,1.8333333333333335,2
19,Merchandise,2023-06-02,2.0,44,2.2254901960784315,12
19,Merchandise,2023-06-23,1.2,31,1.619047619047619,4
19,Merchandise,2023-07-04,1.3333333333333333,64,1.5659340659340661,12
19,Merchandise,2023-07-18,1.3333333333333333,70,1.5659340659340661,14
19,Merchandise,2023-07-23,1.875,59,1.8181818181818183,16
19,Merchandise,2023-07-28,1.1600000000000001,36,1.5714285714285714,5
19,Merchandise,2023-07-31,0.8148148148148148,43,1.0,12
19,Merchandise,2023-09-05,1.25,43,1.6666666666666667,7
19,Merchandise,2023-09-20,1.8,77,1.625,21
19,Merchandise,2023-10-01,1.3333333333333333,58,1.3,15
19,Merchandise,2023-10-05,1.3333333333333333,60,1.3166666666666667,16
19,Merchandise,2023-10-07,1.8571428571428572,83,1.7467532467532467,24
19,Merchandise,2023-10-10,0.7638888888888888,46,1.1428571428571428,3
19,Merchandise,2023-10-11,1.3333333333333333,91,1.2261904761904763,18
19,Merchandise,2023-10-17,1.25,49,1.6666666666666667,9
19,Merchandise,2023-10-18,1.8571428571428572,86,1.722943722943723,26
19,Merchandise,2023-10-21,0.7777777777777778,49,1.1666666666666667,5
19,Merchandise,2023-11-04,1.0,62,1.0714285714285714,16
19,Merchandise,2023-11-09,1.3333333333333333,65,1.3166666666666667,18
19,Merchandise,2023-11-11,1.375,111,1.486842105263158,24
19,Merchandise,2023-11-14,1.4,103,1.2857142857142858,21
19,Merchandise,2023-12-02,1.4,109,1.2857142857142858,23
19,Merchandise,2023-12-11,1.0,72,1.1428571428571428,18
19,Merchandise,2023-12-12,1.3333333333333333,76,1.3333333333333333,19
19,Merchandise,2023-12-15,1.925213675213675,62,2.1,8
19,Merchandise,2023-12-16,1.4285714285714286,112,1.2857142857142858,24
19,Merchandise,2023-12-26,1.3333333333333333,63,1.6666666666666667,13
19,Merchandise,2023-12-28,1.4285714285714286,115,1.2857142857142858,27
19,Merchandise,2023-12-30,1.4736842105263157,129,1.486842105263158,28
19,Merchandise,2024-01-12,1.0,76,1.1428571428571428,19
19,Merchandise,2024-01-26,1.8875,118,1.8571428571428572,33
19,Merchandise,2024-01-29,1.3333333333333333,93,1.4736842105263157,23
19,Merchandise,2024-02-01,1.3541666666666665,94,1.555023923444976,24
19,Merchandise,2024-02-04,1.5,143,1.4511278195488722,32
19,Merchandise,2024-02-26,0.8585526315789473,74,1.625,9
19,Merchandise,2024-03-03,1.3333333333333333,72,1.6666666666666667,14
19,Merchandise,2024-03-06,1.4285714285714286,156,1.4736842105263157,35
19,Merchandise,2024-03-20,1.3333333333333333,75,1.7083333333333335,16
19,Merchandise,2024-03-21,1.0,89,1.1428571428571428,22
19,Merchandise,2024-04-03,2.1088235294117648,134,2.0588235294117645,36
19,Merchandise,2024-04-15,1.4285714285714286,81,1.7777777777777777,19
19,Merchandise,2024-04-22,2.1547619047619047,140,2.1176470588235294,37
19,Merchandise,2024-04-30,2.1833333333333336,142,2.130252100840336,38
19,Merchandise,2024-05-26,1.0,91,1.4791666666666665,10
19,Merchandise,2024-06-12,1.8095238095238095,85,2.1,12
19,Merchandise,2024-06-21,1.3333333333333333,123,1.6515151515151516,30
19,Merchandise,2024-07-07,1.4285714285714286,93,1.8888888888888888,22
19,Merchandise,2024-07-13,1.4,213,1.5,43
19,Merchandise,2024-08-15,1.25,141,1.555023923444976,32
19,Merchandise,2024-08-18,1.25,143,1.4736842105263157,33
19,Merchandise,2024-09-04,1.0,107,1.25,14
19,Merchandise,2024-09-21,1.375,241,1.4511278195488722,48
19,Merchandise,2024-10-02,2.0,187,1.9285714285714286,44
19,Merchandise,2024-10-05,1.3333333333333333,197,1.2,37
19,Merchandise,2024-10-17,2.0,193,1.8571428571428572,46
19,Merchandise,2024-12-07,2.0,199,1.8571428571428572,47
19,Merchandise,2024-12-22,1.25,158,1.4511278195488722,36
19,Merchandise,2024-12-27,1.4,259,1.4285714285714286,51
19,Merchandise,2024-12-30,1.0,127,1.2222222222222223,31
19,Savory Bakery,2023-01-03,1.0,0,1.0,0
19,Savory Bakery,2023-01-20,0.75,5,0.75,0
19,Savory Bakery,2023-02-04,1.6643518518518519,6,1.6643518518518519,0
19,Savory Bakery,2023-02-11,1.05,9,1.6875,1
19,Savory Bakery,2023-02-16,2.0789473684210527,10,1.0454545454545454,1
19,Savory Bakery,2023-02-20,1.2652129817444218,18,0.8928571428571429,3
19,Savory Bakery,2023-03-02,1.2652129817444218,24,1.0498768472906403,4
19,Savory Bakery,2023-03-04,1.203448275862069,26,1.1176470588235294,5
19,Savory Bakery,2023-03-14,1.3647450110864745,12,1.4029268292682926,4
19,Savory Bakery,2023-03-17,1.3636363636363635,13,1.3658536585365855,5
19,Savory Bakery,2023-03-28,1.3103448275862069,27,1.6521739130434783,1
19,Savory Bakery,2023-04-21,2.0,27,1.9264705882352942,4
19,Savory Bakery,2023-05-01,2.1176470588235294,31,2.1176470588235294,7
19,Savory Bakery,2023-05-07,1.4329170024174052,48,1.2782738095238095,10
19,Savory Bakery,2023-05-10,1.032258064516129,19,1.85,1
19,Savory Bakery,2023-05-18,1.3594871794871795,48,1.447123287671233,6
19,Savory Bakery,2023-05-24,1.6644736842105263,20,3.0,1
19,Savory Bakery,2023-06-01,1.2782738095238095,26,1.5694444444444444,2
19,Savory Bakery,2023-06-02,2.011627906976744,44,1.9194444444444443,12
19,Savory Bakery,2023-06-23,1.1515151515151516,31,1.5694444444444444,4
19,Savory Bakery,2023-07-04,1.3206987475280159,64,1.447123287671233,12
19,Savory Bakery,2023-07-18,1.3416493416493416,70,1.447123287671233,14
19,Savory Bakery,2023-07-23,1.9473684210526316,59,1.712091503267974,16
19,Savory Bakery,2023-07-28,1.1507575757575759,36,1.5555555555555556,5
19,Savory Bakery,2023-07-31,1.2307692307692308,43,1.4029268292682926,12
19,Savory Bakery,2023-09-05,1.1515151515151516,43,1.5555555555555556,7
19,Savory Bakery,2023-09-20,1.75,77,1.6666666666666667,21
19,Savory Bakery,2023-10-01,1.0717948717948718,58,1.2592592592592593,15
19,Savory Bakery,2023-10-05,1.0717948717948718,60,1.262962962962963,16
19,Savory Bakery,2023-10-07,1.75,83,1.6962962962962962,24
19,Savory Bakery,2023-10-10,0.7860411899313502,46,1.5454545454545454,3
19,Savory Bakery,2023-10-11,1.36,91,1.3277272727272726,18
19,Savory Bakery,2023-10-17,1.2708333333333333,49,1.5833333333333333,9
19,Savory Bakery,2023-10-18,1.7573529411764706,86,1.7060185185185186,26
19,Savory Bakery,2023-10-21,0.7894736842105263,49,1.7735849056603774,5
19,Savory Bakery,2023-11-04,1.194331983805668,62,1.3152797704447634,16
19,Savory Bakery,2023-11-09,1.0666666666666667,65,1.2999999999999998,18
19,Savory Bakery,2023-11-11,1.3823529411764706,111,1.3934881874131428,24
19,Savory Bakery,2023-11-14,1.358974358974359,103,1.3454545454545455,21
19,Savory Bakery,2023-12-02,1.36,109,1.36,23
19,Savory Bakery,2023-12-11,1.239110707803993,72,1.391260162601626,18
19,Savory Bakery,2023-12-12,1.1036789297658862,76,1.3333333333333333,19
19,Savory Bakery,2023-12-15,1.6814611154752552,62,2.0404448938321536,8
19,Savory Bakery,2023-12-16,1.3717105263157894,112,1.3675000000000002,24
19,Savory Bakery,2023-12-26,1.3870967741935485,63,1.9523809523809523,13
19,Savory Bakery,2023-12-28,1.3953488372093024,115,1.4242424242424243,27
19,Savory Bakery,2023-12-30,1.4411764705882353,129,1.4495016611295681,28
19,Savory Bakery,2024-01-12,1.2456896551724137,76,1.4166666666666667,19
19,Savory Bakery,2024-01-26,2.0,118,1.7352941176470589,33
19,Savory Bakery,2024-01-29,1.2307692307692308,93,1.368421052631579,23
19,Savory Bakery,2024-02-01,1.2365967365967365,94,1.3925438596491229,24
19,Savory Bakery,2024-02-04,1.4545454545454546,143,1.463265306122449,32
19,Savory Bakery,2024-02-26,0.906158357771261,74,1.7735849056603774,9
19,Savory Bakery,2024-03-03,1.4122983870967742,72,1.9761904761904763,14
19,Savory Bakery,2024-03-06,1.4329170024174052,156,1.457142857142857,35
19,Savory Bakery,2024-03-20,1.4848484848484849,75,2.020833333333333,16
19,Savory Bakery,2024-03-21,1.2647058823529411,89,1.5533333333333332,22
19,Savory Bakery,2024-04-03,2.0,134,1.8903903903903903,36
19,Savory Bakery,2024-04-15,1.5,81,2.1,19
19,Savory Bakery,2024-04-22,2.011627906976744,140,1.8918918918918919,37
19,Savory Bakery,2024-04-30,2.011627906976744,142,1.8903903903903903,38
19,Savory Bakery,2024-05-26,0.9090909090909091,91,1.6595197255574614,10
19,Savory Bakery,2024-06-12,1.7777777777777777,85,2.142512077294686,12
19,Savory Bakery,2024-06-21,1.2424242424242424,123,1.3925438596491229,30
19,Savory Bakery,2024-07-07,1.5357142857142858,93,2.0708333333333333,22
19,Savory Bakery,2024-07-13,1.4246575342465753,213,1.469387755102041,43
19,Savory Bakery,2024-08-15,1.1458333333333333,141,1.376518218623482,32
19,Savory Bakery,2024-08-18,1.1458333333333333,143,1.3846153846153846,33
19,Savory Bakery,2024-09-04,0.9090909090909091,107,1.2038690476190477,14
19,Savory Bakery,2024-09-21,1.393939393939394,241,1.4495016611295681,48
19,Savory Bakery,2024-10-02,2.0,187,1.7533613445378151,44
19,Savory Bakery,2024-10-05,1.4,197,1.375,37
19,Savory Bakery,2024-10-17,2.0,193,1.7312834224598932,46
19,Savory Bakery,2024-12-07,2.0,199,1.7352941176470589,47
19,Savory Bakery,2024-12-22,1.1323815704088254,158,1.3660287081339713,36
19,Savory Bakery,2024-12-27,1.4054054054054055,259,1.469387755102041,51
19,Savory Bakery,2024-12-30,1.2328767123287672,127,1.4166666666666667,31
19,Tea,2023-01-03,1.0,0,1.0,0
19,Tea,2023-01-20,0.9375,5,0.9375,0
19,Tea,2023-02-04,1.8758052970651398,6,1.8758052970651398,0
19,Tea,2023-02-11,1.15,9,2.28,1
19,Tea,2023-02-16,1.9059134706215755,10,1.1666666666666667,1
19,Tea,2023-02-20,1.167330016583748,18,1.1555555555555554,3
19,Tea,2023-03-02,1.2899584076054664,24,1.3077777777777777,4
19,Tea,2023-03-04,1.2259158751696067,26,1.1555555555555554,5
19,Tea,2023-03-14,1.0978715551181102,12,1.229482132041187,4
19,Tea,2023-03-17,1.140625,13,1.1818181818181819,5
19,Tea,2023-03-28,1.2413793103448276,27,2.135135135135135,1
19,Tea,2023-04-21,2.1333333333333333,27,2.2123259623259623,4
19,Tea,2023-05-01,2.2882882882882885,31,2.3333333333333335,7
19,Tea,2023-05-07,1.3103111891522778,48,1.2619122257053292,10
19,Tea,2023-05-10,0.7692307692307693,19,1.3880597014925373,1
19,Tea,2023-05-18,1.427340383862123,48,1.6620629370629372,6
19,Tea,2023-05-24,1.6764705882352942,20,2.4722222222222223,1
19,Tea,2023-06-01,1.2619122257053292,26,1.8199999999999998,2
19,Tea,2023-06-02,2.087962962962963,44,2.200834879406308,12
19,Tea,2023-06-23,1.1818181818181819,31,1.6949999999999998,4
19,Tea,2023-07-04,1.3380365659777425,64,1.785968660968661,12
19,Tea,2023-07-18,1.3380365659777425,70,1.5057239057239058,14
19,Tea,2023-07-23,1.9795918367346939,59,2.0837962962962964,16
19,Tea,2023-07-28,1.165909090909091,36,1.64,5
19,Tea,2023-07-31,1.1111111111111112,43,1.39499238385377,12
19,Tea,2023-09-05,1.1818181818181819,43,1.64,7
19,Tea,2023-09-20,1.858974358974359,77,1.9210526315789473,21
19,Tea,2023-10-01,1.1978557504873293,58,1.5076923076923077,15
19,Tea,2023-10-05,1.1978557504873293,60,1.564957264957265,16
19,Tea,2023-10-07,1.9210526315789473,83,1.9503222341568205,24
19,Tea,2023-10-10,0.7543103448275862,46,1.425531914893617,3
19,Tea,2023-10-11,1.2873563218390804,91,1.0583244962884413,18
19,Tea,2023-10-17,1.1818181818181819,49,1.6744186046511629,9
19,Tea,2023-10-18,1.904970760233918,86,1.904970760233918,26
19,Tea,2023-10-21,0.76,49,1.425531914893617,5
19,Tea,2023-11-04,1.1752464403066814,62,1.39499238385377,16
19,Tea,2023-11-09,1.1851851851851851,65,1.5711111111111111,18
19,Tea,2023-11-11,1.3333333333333333,111,1.4185245901639343,24
19,Tea,2023-11-14,1.2873563218390804,103,1.0476190476190477,21
19,Tea,2023-12-02,1.337837837837838,109,1.0731707317073171,23
19,Tea,2023-12-11,1.1525096525096523,72,1.39499238385377,18
19,Tea,2023-12-12,1.1978557504873293,76,1.6222222222222222,19
19,Tea,2023-12-15,1.6754385964912282,62,1.7554006968641116,8
19,Tea,2023-12-16,1.3381317315658658,112,1.1794425087108014,24
19,Tea,2023-12-26,1.5454545454545454,63,1.76,13
19,Tea,2023-12-28,1.338235294117647,115,1.2857142857142858,27
19,Tea,2023-12-30,1.4081632653061225,129,1.5803225806451613,28
19,Tea,2024-01-12,1.1752464403066814,76,1.4038461538461537,19
19,Tea,2024-01-26,1.9578527062999114,118,2.0,33
19,Tea,2024-01-29,1.2777777777777777,93,1.6428571428571428,23
19,Tea,2024-02-01,1.2615303983228512,94,1.6388198757763974,24
19,Tea,2024-02-04,1.4390243902439024,143,1.5803225806451613,32
19,Tea,2024-02-26,0.9028213166144201,74,1.5217391304347827,9
19,Tea,2024-03-03,1.5322209436133487,72,1.8072727272727271,14
19,Tea,2024-03-06,1.4316270127373227,156,1.58,35
19,Tea,2024-03-20,1.5454545454545454,75,1.8880570409982176,16
19,Tea,2024-03-21,1.1818181818181819,89,1.439423076923077,22
19,Tea,2024-04-03,2.0357368753953193,134,2.0294117647058822,36
19,Tea,2024-04-15,1.64,81,1.9215686274509804,19
19,Tea,2024-04-22,2.0564387917329094,140,2.0588235294117645,37
19,Tea,2024-04-30,2.0564387917329094,142,2.0294117647058822,38
19,Tea,2024-05-26,0.9166666666666666,91,1.4736355226641997,10
19,Tea,2024-06-12,1.6842105263157894,85,1.8897922312556459,12
19,Tea,2024-06-21,1.2777777777777777,123,1.6388198757763974,30
19,Tea,2024-07-07,1.6101694915254237,93,1.8880570409982176,22
19,Tea,2024-07-13,1.4385964912280702,213,1.4883720930232558,43
19,Tea,2024-08-15,1.1851851851851851,141,1.6285024154589371,32
19,Tea,2024-08-18,1.1851851851851851,143,1.6347826086956523,33
19,Tea,2024-09-04,0.8928571428571429,107,1.3917042693509198,14
19,Tea,2024-09-21,1.4150943396226414,241,1.4597297297297298,48
19,Tea,2024-10-02,2.0,187,1.967817896389325,44
19,Tea,2024-10-05,1.3076923076923077,197,1.2857142857142858,37
19,Tea,2024-10-17,2.0,193,1.946771978021978,46
19,Tea,2024-12-07,2.0,199,1.9375,47
19,Tea,2024-12-22,1.1967754467754468,158,1.6285024154589371,36
19,Tea,2024-12-27,1.4081632653061225,259,1.4390243902439024,51
19,Tea,2024-12-30,1.1686746987951808,127,1.4411764705882353,31
20,Bakery,2023-01-16,0.7903225806451613,3,0.7903225806451613,0
20,Bakery,2023-01-17,0.7999231950844854,4,0.8095238095238095,1
20,Bakery,2023-01-26,1.863947491795593,2,1.863947491795593,0
20,Bakery,2023-01-27,1.2323232323232323,7,1.2323232323232323,0
20,Bakery,2023-02-05,0.9066666666666666,3,0.9066666666666666,0
20,Bakery,2023-02-06,0.7931034482758621,5,0.7931034482758621,0
20,Bakery,2023-02-07,1.736842105263158,7,1.736842105263158,0
20,Bakery,2023-02-15,2.0,9,2.0,0
20,Bakery,2023-02-17,1.5871549663116713,10,0.6304347826086957,1
20,Bakery,2023-03-09,1.2881355932203389,9,1.2881355932203389,0
20,Bakery,2023-03-16,1.3157894736842106,17,0.835625554569654,2
20,Bakery,2023-03-21,1.3513513513513513,21,0.64,3
20,Bakery,2023-03-22,1.3513513513513513,23,0.8404081632653062,4
20,Bakery,2023-04-10,1.2608695652173914,23,0.7085593731163351,2
20,Bakery,2023-04-17,1.7015669515669516,12,1.6851851851851851,1
20,Bakery,2023-04-28,1.7015669515669516,14,1.6711640211640213,2
20,Bakery,2023-05-06,1.2695652173913043,47,0.8360655737704918,1
20,Bakery,2023-05-12,1.3944444444444444,44,1.0408163265306123,5
20,Bakery,2023-06-11,1.2727272727272727,57,1.4352741661955908,2
20,Bakery,2023-06-12,2.0392156862745097,50,1.5,1
20,Bakery,2023-06-18,1.0,25,1.225,1
20,Bakery,2023-06-30,1.6689969604863224,26,1.6808510638297873,3
20,Bakery,2023-07-14,1.096969696969697,38,0.9459459459459459,1
20,Bakery,2023-07-21,1.9918032786885247,58,1.6013513513513513,2
20,Bakery,2023-08-23,1.962962962962963,69,1.5,3
20,Bakery,2023-08-28,1.3373983739837398,84,1.7403225806451612,4
20,Bakery,2023-09-04,1.3245073891625616,82,1.120408163265306,8
20,Bakery,2023-09-09,1.6689969604863224,42,1.6808510638297873,5
20,Bakery,2023-09-11,1.3414634146341464,91,1.5806451612903225,5
20,Bakery,2023-11-01,1.9612794612794613,94,1.5,5
20,Bakery,2023-11-07,1.206420068027211,64,1.230848861283644,6
20,Bakery,2023-11-08,1.3541666666666667,109,1.5,7
20,Bakery,2023-11-10,1.3480894687791238,100,1.120408163265306,10
20,Bakery,2023-11-11,1.3448275862068966,101,1.2,11
20,Bakery,2023-11-12,1.3846153846153846,113,1.5246478873239435,8
20,Bakery,2023-11-22,1.2881355932203389,57,2.090909090909091,5
20,Bakery,2023-12-02,1.6808510638297873,59,1.6689969604863224,6
20,Bakery,2023-12-03,1.1780436312456017,72,1.1379310344827587,7
20,Bakery,2023-12-10,1.3846153846153846,111,1.18,12
20,Bakery,2023-12-12,1.3416666666666668,60,1.735595390524968,6
20,Bakery,2023-12-19,1.394736842105263,123,1.5,9
20,Bakery,2023-12-27,1.6981132075471699,65,1.6808510638297873,7
20,Bakery,2024-01-10,1.9918032786885247,114,1.4642857142857144,6
20,Bakery,2024-01-25,2.0,117,1.5,7
20,Bakery,2024-02-06,1.3695652173913044,67,1.9310344827586208,7
20,Bakery,2024-02-08,1.425,129,1.2,13
20,Bakery,2024-02-25,1.4444444444444444,133,1.18,14
20,Bakery,2024-03-18,1.4130808950086058,160,1.5806451612903225,13
20,Bakery,2024-03-20,1.1564121571534471,88,1.0454545454545454,3
20,Bakery,2024-03-26,2.028169014084507,129,1.6013513513513513,8
20,Bakery,2024-04-05,1.4130808950086058,168,1.564970467969105,14
20,Bakery,2024-04-10,1.4284221525600835,78,1.6927899686520376,8
20,Bakery,2024-06-10,1.1666666666666667,101,1.475,5
20,Bakery,2024-06-27,1.4330357142857144,204,1.564970467969105,18
20,Bakery,2024-06-28,1.1647286821705427,126,1.0073684210526317,10
20,Bakery,2024-07-13,1.4639175257731958,95,1.9310344827586208,11
20,Bakery,2024-07-28,1.3953488372093024,219,1.5492957746478873,19
20,Bakery,2024-08-19,1.393939393939394,183,1.100408163265306,18
20,Bakery,2024-08-23,1.459231490159325,98,1.7539787798408488,12
20,Bakery,2024-08-28,1.6360294117647058,116,1.6689969604863224,12
20,Bakery,2024-09-16,1.393939393939394,193,1.0408163265306123,19
20,Bakery,2024-09-29,2.0,185,1.7027027027027026,9
20,Bakery,2024-10-19,1.3827838827838828,250,1.5246478873239435,22
20,Bakery,2024-10-22,1.380952380952381,251,1.5,23
20,Bakery,2024-10-25,2.026666666666667,197,1.6013513513513513,10
20,Bakery,2024-10-29,1.3827838827838828,256,1.46875,24
20,Bakery,2024-10-31,0.9527777777777777,116,1.05,7
20,Bakery,2024-12-16,1.393939393939394,207,1.0133659097441794,20
20,Bakery,2024-12-23,1.1515151515151516,127,1.0454545454545454,7
20,Bakery,2024-12-26,2.028169014084507,199,1.7027027027027026,11
20,Chocolate & Milk,2023-01-16,0.9113924050632911,3,0.9113924050632911,0
20,Chocolate & Milk,2023-01-17,1.1056962025316457,4,1.5263157894736843,1
20,Chocolate & Milk,2023-01-26,1.766748366013072,2,1.766748366013072,0
20,Chocolate & Milk,2023-01-27,1.1506849315068493,7,1.1506849315068493,0
20,Chocolate & Milk,2023-02-05,1.0,3,1.0,0
20,Chocolate & Milk,2023-02-06,0.8235294117647058,5,0.8235294117647058,0
20,Chocolate & Milk,2023-02-07,1.7083333333333333,7,1.7083333333333333,0
20,Chocolate & Milk,2023-02-15,2.380952380952381,9,2.380952380952381,0
20,Chocolate & Milk,2023-02-17,1.4853142076502732,10,0.6923076923076923,1
20,Chocolate & Milk,2023-03-09,1.5416666666666667,9,1.5416666666666667,0
20,Chocolate & Milk,2023-03-16,1.2622950819672132,17,0.8076923076923077,2
20,Chocolate & Milk,2023-03-21,1.2622950819672132,21,0.9230769230769231,3
20,Chocolate & Milk,2023-03-22,1.2622950819672132,23,1.0147299509001637,4
20,Chocolate & Milk,2023-04-10,1.3191489361702127,23,1.1352509179926562,2
20,Chocolate & Milk,2023-04-17,1.6852425180598556,12,1.6842105263157894,1
20,Chocolate & Milk,2023-04-28,1.6821052631578945,14,1.6021052631578947,2
20,Chocolate & Milk,2023-05-06,1.2105263157894737,47,0.7941176470588235,1
20,Chocolate & Milk,2023-05-12,1.343108504398827,44,0.9230769230769231,5
20,Chocolate & Milk,2023-06-11,1.3333333333333333,57,1.3033088235294117,2
20,Chocolate & Milk,2023-06-12,1.9883720930232558,50,1.1162790697674418,1
20,Chocolate & Milk,2023-06-18,1.0,25,1.2758620689655173,1
20,Chocolate & Milk,2023-06-30,1.666923076923077,26,1.6842105263157894,3
20,Chocolate & Milk,2023-07-14,1.0,38,0.7083333333333334,1
20,Chocolate & Milk,2023-07-21,1.9383301707779887,58,1.078139534883721,2
20,Chocolate & Milk,2023-08-23,1.8888888888888888,69,1.1162790697674418,3
20,Chocolate & Milk,2023-08-28,1.2992327365728902,84,1.65625,4
20,Chocolate & Milk,2023-09-04,1.2561475409836067,82,0.8492935635792779,8
20,Chocolate & Milk,2023-09-09,1.666923076923077,42,1.6842105263157894,5
20,Chocolate & Milk,2023-09-11,1.3043478260869565,91,1.5,5
20,Chocolate & Milk,2023-11-01,1.8819444444444444,94,1.8604651162790697,5
20,Chocolate & Milk,2023-11-07,1.227922077922078,64,1.3831578947368421,6
20,Chocolate & Milk,2023-11-08,1.35,109,1.5,7
20,Chocolate & Milk,2023-11-10,1.2926136363636362,100,1.0147299509001637,10
20,Chocolate & Milk,2023-11-11,1.2727272727272727,101,1.0,11
20,Chocolate & Milk,2023-11-12,1.380952380952381,113,1.5192307692307692,8
20,Chocolate & Milk,2023-11-22,1.5714285714285714,57,1.5714285714285714,5
20,Chocolate & Milk,2023-12-02,1.7,59,1.6021052631578947,6
20,Chocolate & Milk,2023-12-03,1.196969696969697,72,1.24,7
20,Chocolate & Milk,2023-12-10,1.3125,111,1.0531914893617023,12
20,Chocolate & Milk,2023-12-12,1.5900621118012421,60,1.5357142857142856,6
20,Chocolate & Milk,2023-12-19,1.4047619047619047,123,1.5384615384615385,9
20,Chocolate & Milk,2023-12-27,1.7894736842105263,65,1.6842105263157894,7
20,Chocolate & Milk,2024-01-10,1.9083333333333332,114,1.5552325581395348,6
20,Chocolate & Milk,2024-01-25,1.9166666666666667,117,1.8604651162790697,7
20,Chocolate & Milk,2024-02-06,1.5714285714285714,67,1.5714285714285714,7
20,Chocolate & Milk,2024-02-08,1.3636363636363635,129,1.1063829787234043,13
20,Chocolate & Milk,2024-02-25,1.3636363636363635,133,1.0531914893617023,14
20,Chocolate & Milk,2024-03-18,1.4494949494949494,160,1.5384615384615385,13
20,Chocolate & Milk,2024-03-20,1.1520737327188941,88,1.4736842105263157,3
20,Chocolate & Milk,2024-03-26,1.9411764705882353,129,1.880232558139535,8
20,Chocolate & Milk,2024-04-05,1.4494949494949494,168,1.5192307692307692,14
20,Chocolate & Milk,2024-04-10,1.5714285714285714,78,1.6541353383458648,8
20,Chocolate & Milk,2024-06-10,1.1914893617021276,101,1.4736842105263157,5
20,Chocolate & Milk,2024-06-27,1.426643192488263,204,1.6153846153846154,18
20,Chocolate & Milk,2024-06-28,1.2223320158102768,126,1.37,10
20,Chocolate & Milk,2024-07-13,1.5769230769230769,95,1.736842105263158,11
20,Chocolate & Milk,2024-07-28,1.3846153846153846,219,1.5384615384615385,19
20,Chocolate & Milk,2024-08-19,1.2727272727272727,183,1.0531914893617023,18
20,Chocolate & Milk,2024-08-23,1.5714285714285714,98,1.6541353383458648,12
20,Chocolate & Milk,2024-08-28,1.6273148148148149,116,1.4266666666666667,12
20,Chocolate & Milk,2024-09-16,1.2727272727272727,193,1.0,19
20,Chocolate & Milk,2024-09-29,1.9487179487179487,185,1.9,9
20,Chocolate & Milk,2024-10-19,1.3675000000000002,250,1.5906593406593408,22
20,Chocolate & Milk,2024-10-22,1.36,251,1.5384615384615385,23
20,Chocolate & Milk,2024-10-25,1.9767441860465116,197,1.880232558139535,10
20,Chocolate & Milk,2024-10-29,1.36,256,1.5192307692307692,24
20,Chocolate & Milk,2024-10-31,0.9430719656283566,116,1.2758620689655173,7
20,Chocolate & Milk,2024-12-16,1.2727272727272727,207,1.0277777777777777,20
20,Chocolate & Milk,2024-12-23,1.1612903225806452,127,1.446808510638298,7
20,Chocolate & Milk,2024-12-26,1.9767441860465116,199,1.9,11
20,Coffee,2023-01-16,1.0077220077220077,3,1.0077220077220077,0
20,Coffee,2023-01-17,0.9280183072317904,4,0.848314606741573,1
20,Coffee,2023-01-26,2.1051322751322754,2,2.1051322751322754,0
20,Coffee,2023-01-27,1.4947807933194155,7,1.4947807933194155,0
20,Coffee,2023-02-05,1.103942652329749,3,1.103942652329749,0
20,Coffee,2023-02-06,0.7283950617283951,5,0.7283950617283951,0
20,Coffee,2023-02-07,1.5591836734693878,7,1.5591836734693878,0
20,Coffee,2023-02-15,1.752,9,1.752,0
20,Coffee,2023-02-17,1.5446191591390654,10,0.6,1
20,Coffee,2023-03-09,1.3663003663003663,9,1.3663003663003663,0
20,Coffee,2023-03-16,1.3894736842105264,17,0.7865591397849463,2
20,Coffee,2023-03-21,1.3894736842105264,21,0.9261363636363636,3
20,Coffee,2023-03-22,1.3043478260869565,23,0.9496273216031281,4
20,Coffee,2023-04-10,1.1636363636363636,23,0.6805675597810429,2
20,Coffee,2023-04-17,1.6958697618329817,12,1.8691588785046729,1
20,Coffee,2023-04-28,1.6958697618329817,14,1.6434401987460072,2
20,Coffee,2023-05-06,1.32,47,0.7387755102040816,1
20,Coffee,2023-05-12,1.4201832650108512,44,0.9261363636363636,5
20,Coffee,2023-06-11,1.3370786516853932,57,1.32847866419295,2
20,Coffee,2023-06-12,2.06582789278567,50,1.1311053984575836,1
20,Coffee,2023-06-18,0.9186046511627907,25,0.6306818181818182,1
20,Coffee,2023-06-30,1.511290322580645,26,1.8691588785046729,3
20,Coffee,2023-07-14,1.112877841745611,38,0.7471910112359551,1
20,Coffee,2023-07-21,1.8936893037301397,58,1.2459324460642347,2
20,Coffee,2023-08-23,1.6838235294117647,69,1.360759493670886,3
20,Coffee,2023-08-28,1.2822883702531644,84,1.528023097826087,4
20,Coffee,2023-09-04,1.3732636295743093,82,0.9496273216031281,8
20,Coffee,2023-09-09,1.5837699024139702,42,1.8691588785046729,5
20,Coffee,2023-09-11,1.2734375,91,1.3587786259541985,5
20,Coffee,2023-11-01,1.7540487804878049,94,1.489795918367347,5
20,Coffee,2023-11-07,1.2367132867132868,64,1.3332546055739254,6
20,Coffee,2023-11-08,1.2911392405063291,109,1.2875,7
20,Coffee,2023-11-10,1.3746794871794872,100,0.9496273216031281,10
20,Coffee,2023-11-11,1.3743589743589744,101,0.9731182795698925,11
20,Coffee,2023-11-12,1.32,113,1.3231393129770992,8
20,Coffee,2023-11-22,1.3663003663003663,57,1.8257575757575757,5
20,Coffee,2023-12-02,1.6023054755043227,59,1.712929954716254,6
20,Coffee,2023-12-03,1.1954545454545453,72,1.3103448275862069,7
20,Coffee,2023-12-10,1.3835616438356164,111,0.9939483023465226,12
20,Coffee,2023-12-12,1.4250432361749694,60,1.669741532976827,6
20,Coffee,2023-12-19,1.3370786516853932,123,1.2875,9
20,Coffee,2023-12-27,1.7062937062937062,65,1.8691588785046729,7
20,Coffee,2024-01-10,1.8480192416525183,114,1.5007119126720456,6
20,Coffee,2024-01-25,1.8451612903225807,117,1.5116279069767442,7
20,Coffee,2024-02-06,1.4394904458598725,67,1.5137254901960784,7
20,Coffee,2024-02-08,1.403560830860534,129,1.0147783251231528,13
20,Coffee,2024-02-25,1.403560830860534,133,1.0280788177339901,14
20,Coffee,2024-03-18,1.3744819852761934,160,1.427450980392157,13
20,Coffee,2024-03-20,1.1447611710323575,88,1.132867132867133,3
20,Coffee,2024-03-26,1.9111111111111112,129,1.550387596899225,8
20,Coffee,2024-04-05,1.375157926888528,168,1.3931148031731777,14
20,Coffee,2024-04-10,1.4597306910569106,78,1.503657616892911,8
20,Coffee,2024-06-10,1.1454545454545455,101,1.694267515923567,5
20,Coffee,2024-06-27,1.3842998321834794,204,1.4797805360676382,18
20,Coffee,2024-06-28,1.2552432216905902,126,1.2284142427792775,10
20,Coffee,2024-07-13,1.4794520547945205,95,1.5137254901960784,11
20,Coffee,2024-07-28,1.3708609271523178,219,1.427450980392157,19
20,Coffee,2024-08-19,1.361344537815126,183,1.0280788177339901,18
20,Coffee,2024-08-23,1.482444473999202,98,1.503657616892911,12
20,Coffee,2024-08-28,1.5427183315558715,116,1.6513663884797904,12
20,Coffee,2024-09-16,1.3518518518518519,193,1.0147783251231528,19
20,Coffee,2024-09-29,1.8931297709923665,185,1.5891472868217054,9
20,Coffee,2024-10-19,1.345714900947459,250,1.432172092137826,22
20,Coffee,2024-10-22,1.3425925925925926,251,1.427450980392157,23
20,Coffee,2024-10-25,1.9116022099447514,197,1.550387596899225,10
20,Coffee,2024-10-29,1.34226403823178,256,1.3931148031731777,24
20,Coffee,2024-10-31,0.9269170488187148,116,1.0584192439862543,7
20,Coffee,2024-12-16,1.361344537815126,207,0.9939483023465226,20
20,Coffee,2024-12-23,1.141025641025641,127,1.1798561151079137,7
20,Coffee,2024-12-26,1.9285714285714286,199,1.5891472868217054,11
20,Juice & Smoothie,2023-01-16,0.8888888888888888,3,0.8888888888888888,0
20,Juice & Smoothie,2023-01-17,0.826797385620915,4,0.7647058823529411,1
20,Juice & Smoothie,2023-01-26,1.8432881773399017,2,1.8432881773399017,0
20,Juice & Smoothie,2023-01-27,1.5714285714285714,7,1.5714285714285714,0
20,Juice & Smoothie,2023-02-05,1.5238095238095237,3,1.5238095238095237,0
20,Juice & Smoothie,2023-02-06,0.5882352941176471,5,0.5882352941176471,0
20,Juice & Smoothie,2023-02-07,2.066666666666667,7,2.066666666666667,0
20,Juice & Smoothie,2023-02-15,1.6666666666666667,9,1.6666666666666667,0
20,Juice & Smoothie,2023-02-17,1.7454545454545456,10,0.4444444444444444,1
20,Juice & Smoothie,2023-03-09,1.0625,9,1.0625,0
20,Juice & Smoothie,2023-03-16,1.5714285714285714,17,0.6296296296296295,2
20,Juice & Smoothie,2023-03-21,1.393939393939394,21,0.5454545454545454,3
20,Juice & Smoothie,2023-03-22,1.393939393939394,23,0.6801346801346801,4
20,Juice & Smoothie,2023-04-10,1.2222222222222223,23,0.5944741532976827,2
20,Juice & Smoothie,2023-04-17,1.6694677871148458,12,1.5294117647058822,1
20,Juice & Smoothie,2023-04-28,1.6694677871148458,14,1.5147058823529411,2
20,Juice & Smoothie,2023-05-06,1.4545454545454546,47,0.3333333333333333,1
20,Juice & Smoothie,2023-05-12,1.5357142857142856,44,0.5454545454545454,5
20,Juice & Smoothie,2023-06-11,1.5263157894736843,57,1.5166666666666668,2
20,Juice & Smoothie,2023-06-12,2.1483516483516483,50,1.7692307692307692,1
20,Juice & Smoothie,2023-06-18,0.8181818181818182,25,0.6923076923076923,1
20,Juice & Smoothie,2023-06-30,1.6694677871148458,26,1.5294117647058822,3
20,Juice & Smoothie,2023-07-14,1.1126373626373627,38,0.5625,1
20,Juice & Smoothie,2023-07-21,2.1180555555555554,58,1.5769230769230769,2
20,Juice & Smoothie,2023-08-23,2.0,69,1.5454545454545454,3
20,Juice & Smoothie,2023-08-28,1.5,84,2.0888888888888886,4
20,Juice & Smoothie,2023-09-04,1.396969696969697,82,1.0595813204508857,8
20,Juice & Smoothie,2023-09-09,1.6694677871148458,42,2.090909090909091,5
20,Juice & Smoothie,2023-09-11,1.5,91,1.7777777777777777,5
20,Juice & Smoothie,2023-11-01,2.0,94,1.5454545454545454,5
20,Juice & Smoothie,2023-11-07,1.2198067632850242,64,1.4420289855072466,6
20,Juice & Smoothie,2023-11-08,1.5,109,1.25,7
20,Juice & Smoothie,2023-11-10,1.4365079365079365,100,1.1521739130434783,10
20,Juice & Smoothie,2023-11-11,1.4285714285714286,101,1.1818181818181819,11
20,Juice & Smoothie,2023-11-12,1.5263157894736843,113,1.4821428571428572,8
20,Juice & Smoothie,2023-11-22,1.2727272727272727,57,2.9,5
20,Juice & Smoothie,2023-12-02,1.7,59,2.3454545454545457,6
20,Juice & Smoothie,2023-12-03,1.2583333333333333,72,1.2727272727272727,7
20,Juice & Smoothie,2023-12-10,1.4285714285714286,111,1.0909090909090908,12
20,Juice & Smoothie,2023-12-12,1.3660714285714286,60,2.5928571428571425,6
20,Juice & Smoothie,2023-12-19,1.565217391304348,123,1.25,9
20,Juice & Smoothie,2023-12-27,1.84,65,2.090909090909091,7
20,Juice & Smoothie,2024-01-10,2.0,114,1.6573426573426573,6
20,Juice & Smoothie,2024-01-25,2.0,117,1.7692307692307692,7
20,Juice & Smoothie,2024-02-06,1.5454545454545454,67,2.2857142857142856,7
20,Juice & Smoothie,2024-02-08,1.4444444444444444,129,1.0,13
20,Juice & Smoothie,2024-02-25,1.4285714285714286,133,0.9375,14
20,Juice & Smoothie,2024-03-18,1.5714285714285714,160,1.7142857142857142,13
20,Juice & Smoothie,2024-03-20,1.2,88,0.7272727272727273,3
20,Juice & Smoothie,2024-03-26,2.0,129,1.7937062937062938,8
20,Juice & Smoothie,2024-04-05,1.5714285714285714,168,1.6071428571428572,14
20,Juice & Smoothie,2024-04-10,1.5505050505050506,78,1.9761904761904763,8
20,Juice & Smoothie,2024-06-10,1.1666666666666667,101,1.0909090909090908,5
20,Juice & Smoothie,2024-06-27,1.5714285714285714,204,1.6904761904761905,18
20,Juice & Smoothie,2024-06-28,1.2727272727272727,126,1.2450592885375493,10
20,Juice & Smoothie,2024-07-13,1.5789473684210527,95,1.6666666666666667,11
20,Juice & Smoothie,2024-07-28,1.5263157894736843,219,1.6666666666666667,19
20,Juice & Smoothie,2024-08-19,1.4,183,0.9583333333333333,18
20,Juice & Smoothie,2024-08-23,1.581140350877193,98,1.6733333333333333,12
20,Juice & Smoothie,2024-08-28,1.5773809523809523,116,1.7202380952380953,12
20,Juice & Smoothie,2024-09-16,1.4,193,0.9166666666666666,19
20,Juice & Smoothie,2024-09-29,2.051282051282051,185,1.7692307692307692,9
20,Juice & Smoothie,2024-10-19,1.4796992481203008,250,1.619047619047619,22
20,Juice & Smoothie,2024-10-22,1.4736842105263157,251,1.5714285714285714,23
20,Juice & Smoothie,2024-10-25,2.125,197,1.7937062937062938,10
20,Juice & Smoothie,2024-10-29,1.4928571428571429,256,1.5357142857142856,24
20,Juice & Smoothie,2024-10-31,0.9027149321266968,116,1.0476190476190477,7
20,Juice & Smoothie,2024-12-16,1.4,207,0.8958333333333333,20
20,Juice & Smoothie,2024-12-23,1.1666666666666667,127,1.0909090909090908,7
20,Juice & Smoothie,2024-12-26,2.125,199,1.8181818181818181,11
20,Merchandise,2023-01-16,0.75,3,0.75,0
20,Merchandise,2023-01-17,0.6875,4,0.625,1
20,Merchandise,2023-01-26,2.230769230769231,2,2.230769230769231,0
20,Merchandise,2023-01-27,1.5,7,1.5,0
20,Merchandise,2023-02-05,0.6666666666666666,3,0.6666666666666666,0
20,Merchandise,2023-02-06,0.6666666666666666,5,0.6666666666666666,0
20,Merchandise,2023-02-07,1.5,7,1.5,0
20,Merchandise,2023-02-15,1.8,9,1.8,0
20,Merchandise,2023-02-17,1.3666666666666667,10,0.5,1
20,Merchandise,2023-03-09,1.12,9,1.12,0
20,Merchandise,2023-03-16,1.3333333333333333,17,0.75,2
20,Merchandise,2023-03-21,1.4,21,1.0,3
20,Merchandise,2023-03-22,1.4,23,1.0833333333333335,4
20,Merchandise,2023-04-10,1.4285714285714286,23,0.6458333333333333,2
20,Merchandise,2023-04-17,1.925213675213675,12,1.8888888888888888,1
20,Merchandise,2023-04-28,1.925213675213675,14,1.9444444444444444,2
20,Merchandise,2023-05-06,1.263157894736842,47,0.5,1
20,Merchandise,2023-05-12,1.4722222222222223,44,1.0,5
20,Merchandise,2023-06-11,1.3333333333333333,57,1.3928571428571428,2
20,Merchandise,2023-06-12,1.9375,50,1.6666666666666667,1
20,Merchandise,2023-06-18,1.0,25,1.0,1
20,Merchandise,2023-06-30,1.9807692307692308,26,1.8888888888888888,3
20,Merchandise,2023-07-14,0.8359788359788359,38,0.5,1
20,Merchandise,2023-07-21,1.8875,58,2.0208333333333335,2
20,Merchandise,2023-08-23,1.8,69,1.6666666666666667,3
20,Merchandise,2023-08-28,1.3333333333333333,84,1.6,4
20,Merchandise,2023-09-04,1.3333333333333333,82,0.868421052631579,8
20,Merchandise,2023-09-09,1.8492063492063493,42,1.6666666666666667,5
20,Merchandise,2023-09-11,1.3333333333333333,91,2.0,5
20,Merchandise,2023-11-01,1.8333333333333335,94,1.6666666666666667,5
20,Merchandise,2023-11-07,1.3166666666666667,64,1.0,6
20,Merchandise,2023-11-08,1.375,109,1.3333333333333333,7
20,Merchandise,2023-11-10,1.3818181818181818,100,0.868421052631579,10
20,Merchandise,2023-11-11,1.4,101,1.0,11
20,Merchandise,2023-11-12,1.375,113,1.4166666666666665,8
20,Merchandise,2023-11-22,1.3,57,1.5714285714285714,5
20,Merchandise,2023-12-02,1.8095238095238095,59,1.656862745098039,6
20,Merchandise,2023-12-03,1.3333333333333333,72,1.3333333333333333,7
20,Merchandise,2023-12-10,1.4285714285714286,111,1.0,12
20,Merchandise,2023-12-12,1.3166666666666667,60,1.2857142857142856,6
20,Merchandise,2023-12-19,1.4,123,1.3333333333333333,9
20,Merchandise,2023-12-27,1.9615384615384615,65,1.6666666666666667,7
20,Merchandise,2024-01-10,1.875,114,1.6458333333333335,6
20,Merchandise,2024-01-25,1.875,117,1.625,7
20,Merchandise,2024-02-06,1.3333333333333333,67,1.5714285714285714,7
20,Merchandise,2024-02-08,1.4285714285714286,129,1.0,13
20,Merchandise,2024-02-25,1.4285714285714286,133,1.0,14
20,Merchandise,2024-03-18,1.4285714285714286,160,1.5,13
20,Merchandise,2024-03-20,1.0,88,1.1666666666666667,3
20,Merchandise,2024-03-26,2.0,129,1.6458333333333335,8
20,Merchandise,2024-04-05,1.4142857142857141,168,1.4166666666666665,14
20,Merchandise,2024-04-10,1.4017857142857144,78,1.5357142857142856,8
20,Merchandise,2024-06-10,1.0769230769230769,101,1.2,5
20,Merchandise,2024-06-27,1.4285714285714286,204,1.6125,18
20,Merchandise,2024-06-28,1.3333333333333333,126,1.3095238095238095,10
20,Merchandise,2024-07-13,1.4285714285714286,95,1.625,11
20,Merchandise,2024-07-28,1.4,219,1.6,19
20,Merchandise,2024-08-19,1.3333333333333333,183,1.0,18
20,Merchandise,2024-08-23,1.4285714285714286,98,1.5982142857142856,12
20,Merchandise,2024-08-28,1.625,116,1.5110294117647058,12
20,Merchandise,2024-09-16,1.3333333333333333,193,1.0,19
20,Merchandise,2024-09-29,2.0,185,1.6666666666666667,9
20,Merchandise,2024-10-19,1.3798076923076923,250,1.55,22
20,Merchandise,2024-10-22,1.375,251,1.5,23
20,Merchandise,2024-10-25,2.0,197,1.6458333333333335,10
20,Merchandise,2024-10-29,1.3798076923076923,256,1.5,24
20,Merchandise,2024-10-31,1.0,116,1.1428571428571428,7
20,Merchandise,2024-12-16,1.3636363636363635,207,1.0,20
20,Merchandise,2024-12-23,1.0,127,1.1666666666666667,7
20,Merchandise,2024-12-26,2.0,199,1.6666666666666667,11
20,Savory Bakery,2023-01-16,0.75,3,0.75,0
20,Savory Bakery,2023-01-17,0.75,4,1.2424242424242424,1
20,Savory Bakery,2023-01-26,2.1945021726808993,2,2.1945021726808993,0
20,Savory Bakery,2023-01-27,1.4545454545454546,7,1.4545454545454546,0
20,Savory Bakery,2023-02-05,0.8181818181818182,3,0.8181818181818182,0
20,Savory Bakery,2023-02-06,0.625,5,0.625,0
20,Savory Bakery,2023-02-07,1.6521739130434783,7,1.6521739130434783,0
20,Savory Bakery,2023-02-15,2.210526315789474,9,2.210526315789474,0
20,Savory Bakery,2023-02-17,1.6385869565217392,10,0.7352941176470589,1
20,Savory Bakery,2023-03-09,1.3548387096774193,9,1.3548387096774193,0
20,Savory Bakery,2023-03-16,1.368421052631579,17,0.7380174291938998,2
20,Savory Bakery,2023-03-21,1.368421052631579,21,0.7407407407407407,3
20,Savory Bakery,2023-03-22,1.3243243243243243,23,0.7850045167118338,4
20,Savory Bakery,2023-04-10,1.1538461538461537,23,0.9794210764360018,2
20,Savory Bakery,2023-04-17,1.625,12,1.75,1
20,Savory Bakery,2023-04-28,1.625,14,1.4607142857142859,2
20,Savory Bakery,2023-05-06,1.4246575342465753,47,0.9,1
20,Savory Bakery,2023-05-12,1.3594871794871795,44,0.7407407407407407,5
20,Savory Bakery,2023-06-11,1.4,57,1.5214285714285714,2
20,Savory Bakery,2023-06-12,2.0,50,1.5737704918032787,1
20,Savory Bakery,2023-06-18,1.0,25,1.3076923076923077,1
20,Savory Bakery,2023-06-30,1.547049441786284,26,1.75,3
20,Savory Bakery,2023-07-14,1.2456896551724137,38,1.4444444444444444,1
20,Savory Bakery,2023-07-21,1.9486842105263158,58,1.4440281030444964,2
20,Savory Bakery,2023-08-23,1.75,69,1.3142857142857143,3
20,Savory Bakery,2023-08-28,1.368659420289855,84,1.4567307692307692,4
20,Savory Bakery,2023-09-04,1.3206987475280159,82,0.7850045167118338,8
20,Savory Bakery,2023-09-09,1.5388994307400379,42,1.75,5
20,Savory Bakery,2023-09-11,1.3513513513513513,91,1.375,5
20,Savory Bakery,2023-11-01,1.8903903903903903,94,1.3142857142857143,5
20,Savory Bakery,2023-11-07,1.0717948717948718,64,1.1883763003165988,6
20,Savory Bakery,2023-11-08,1.380952380952381,109,1.375,7
20,Savory Bakery,2023-11-10,1.3642105263157895,100,0.7850045167118338,10
20,Savory Bakery,2023-11-11,1.36,101,0.8292682926829268,11
20,Savory Bakery,2023-11-12,1.3823529411764706,113,1.4375,8
20,Savory Bakery,2023-11-22,1.3548387096774193,57,1.3636363636363635,5
20,Savory Bakery,2023-12-02,1.5789473684210527,59,1.5416666666666665,6
20,Savory Bakery,2023-12-03,1.0666666666666667,72,1.1343283582089552,7
20,Savory Bakery,2023-12-10,1.368421052631579,111,0.7850045167118338,12
20,Savory Bakery,2023-12-12,1.3592375366568914,60,1.3363636363636364,6
20,Savory Bakery,2023-12-19,1.411764705882353,123,1.375,9
20,Savory Bakery,2023-12-27,1.7333333333333334,65,1.75,7
20,Savory Bakery,2024-01-10,1.9859154929577465,114,1.3423280423280424,6
20,Savory Bakery,2024-01-25,2.0,117,1.3142857142857143,7
20,Savory Bakery,2024-02-06,1.4375,67,1.3636363636363635,7
20,Savory Bakery,2024-02-08,1.4545454545454546,129,0.8292682926829268,13
20,Savory Bakery,2024-02-25,1.4545454545454546,133,1.001590668080594,14
20,Savory Bakery,2024-03-18,1.4415184678522572,160,1.3888888888888888,13
20,Savory Bakery,2024-03-20,1.2573529411764706,88,1.4444444444444444,3
20,Savory Bakery,2024-03-26,2.0,129,1.3423280423280424,8
20,Savory Bakery,2024-04-05,1.4482029598308668,168,1.4444444444444444,14
20,Savory Bakery,2024-04-10,1.5,78,1.3363636363636364,8
20,Savory Bakery,2024-06-10,1.2413793103448276,101,1.8387096774193548,5
20,Savory Bakery,2024-06-27,1.4482029598308668,204,1.527857142857143,18
20,Savory Bakery,2024-06-28,1.2247596153846154,126,1.1883763003165988,10
20,Savory Bakery,2024-07-13,1.5357142857142858,95,1.56,11
20,Savory Bakery,2024-07-28,1.411764705882353,219,1.52,19
20,Savory Bakery,2024-08-19,1.4242424242424243,183,1.001590668080594,18
20,Savory Bakery,2024-08-23,1.542857142857143,98,1.6966666666666668,12
20,Savory Bakery,2024-08-28,1.5075757575757576,116,1.3748403575989783,12
20,Savory Bakery,2024-09-16,1.4,193,0.8292682926829268,19
20,Savory Bakery,2024-09-29,2.0,185,1.3703703703703705,9
20,Savory Bakery,2024-10-19,1.4085850556438793,250,1.527857142857143,22
20,Savory Bakery,2024-10-22,1.4054054054054055,251,1.52,23
20,Savory Bakery,2024-10-25,2.0,197,1.3693957115009747,10
20,Savory Bakery,2024-10-29,1.4085850556438793,256,1.527857142857143,24
20,Savory Bakery,2024-10-31,0.9090909090909091,116,1.3076923076923077,7
20,Savory Bakery,2024-12-16,1.4242424242424243,207,0.8284272497897393,20
20,Savory Bakery,2024-12-23,1.2328767123287672,127,1.4444444444444444,7
20,Savory Bakery,2024-12-26,2.0,199,1.3703703703703705,11
20,Tea,2023-01-16,1.0476190476190477,3,1.0476190476190477,0
20,Tea,2023-01-17,0.9925595238095238,4,0.86,1
20,Tea,2023-01-26,1.626642409541136,2,1.626642409541136,0
20,Tea,2023-01-27,1.1333333333333333,7,1.1333333333333333,0
20,Tea,2023-02-05,1.0,3,1.0,0
20,Tea,2023-02-06,0.6304347826086957,5,0.6304347826086957,0
20,Tea,2023-02-07,1.9090909090909092,7,1.9090909090909092,0
20,Tea,2023-02-15,2.050632911392405,9,2.050632911392405,0
20,Tea,2023-02-17,1.6458975236791054,10,0.6111111111111112,1
20,Tea,2023-03-09,1.6575342465753424,9,1.6575342465753424,0
20,Tea,2023-03-16,1.4492753623188406,17,0.7092252803261978,2
20,Tea,2023-03-21,1.4492753623188406,21,0.75,3
20,Tea,2023-03-22,1.4054054054054055,23,0.7786697247706422,4
20,Tea,2023-04-10,1.3055555555555556,23,0.7128282828282828,2
20,Tea,2023-04-17,1.626642409541136,12,1.4461538461538461,1
20,Tea,2023-04-28,1.6764705882352942,14,1.6377110694183865,2
20,Tea,2023-05-06,1.3134328358208955,47,1.3134328358208955,1
20,Tea,2023-05-12,1.427340383862123,44,0.8073394495412844,5
20,Tea,2023-06-11,1.3134328358208955,57,1.3053650665590966,2
20,Tea,2023-06-12,2.0791666666666666,50,1.542857142857143,1
20,Tea,2023-06-18,0.8148148148148148,25,0.7692307692307693,1
20,Tea,2023-06-30,1.6168384879725086,26,1.829268292682927,3
20,Tea,2023-07-14,1.1196581196581197,38,1.2619047619047619,1
20,Tea,2023-07-21,2.0059249506254115,58,1.4574750830564784,2
20,Tea,2023-08-23,1.9444444444444444,69,1.372093023255814,3
20,Tea,2023-08-28,1.315049751243781,84,1.3053650665590966,4
20,Tea,2023-09-04,1.3125970798384592,82,0.8342252803261978,8
20,Tea,2023-09-09,1.561282932416953,42,1.829268292682927,5
20,Tea,2023-09-11,1.3134328358208955,91,1.3134328358208955,5
20,Tea,2023-11-01,1.873931623931624,94,1.542857142857143,5
20,Tea,2023-11-07,1.1978557504873293,64,1.1550925925925926,6
20,Tea,2023-11-08,1.3272727272727274,109,1.3134328358208955,7
20,Tea,2023-11-10,1.3125970798384592,100,0.8342252803261978,10
20,Tea,2023-11-11,1.2873563218390804,101,0.8611111111111112,11
20,Tea,2023-11-12,1.3333333333333333,113,1.5115551275878671,8
20,Tea,2023-11-22,1.3877551020408163,57,2.027027027027027,5
20,Tea,2023-12-02,1.6666666666666667,59,1.6527293844367015,6
20,Tea,2023-12-03,1.1978557504873293,72,1.125,7
20,Tea,2023-12-10,1.3380281690140845,111,0.8623737373737375,12
20,Tea,2023-12-12,1.4577695329550415,60,1.7862407862407863,6
20,Tea,2023-12-19,1.4,123,1.3448275862068966,9
20,Tea,2023-12-27,1.6842105263157894,65,1.829268292682927,7
20,Tea,2024-01-10,1.9578527062999114,114,1.57406015037594,6
20,Tea,2024-01-25,1.9565217391304348,117,1.605263157894737,7
20,Tea,2024-02-06,1.6,67,1.8888888888888888,7
20,Tea,2024-02-08,1.4,129,0.8636363636363636,13
20,Tea,2024-02-25,1.4,133,0.8623737373737375,14
20,Tea,2024-03-18,1.4388104407359863,160,1.6451612903225807,13
20,Tea,2024-03-20,1.1752464403066814,88,1.2619047619047619,3
20,Tea,2024-03-26,2.0,129,1.6928754813863929,8
20,Tea,2024-04-05,1.4492419248516808,168,1.6171011931064958,14
20,Tea,2024-04-10,1.62,78,1.7171717171717171,8
20,Tea,2024-06-10,1.1891891891891893,101,1.88,5
20,Tea,2024-06-27,1.457002457002457,204,1.646110056925996,18
20,Tea,2024-06-28,1.2634813639968279,126,1.1550925925925926,10
20,Tea,2024-07-13,1.6,95,1.8888888888888888,11
20,Tea,2024-07-28,1.4246575342465753,219,1.6451612903225807,19
20,Tea,2024-08-19,1.337837837837838,183,0.8910018552875696,18
20,Tea,2024-08-23,1.5515734265734267,98,1.7171717171717171,12
20,Tea,2024-08-28,1.5474290780141844,116,1.5426829268292683,12
20,Tea,2024-09-16,1.3076923076923077,193,0.8636363636363636,19
20,Tea,2024-09-29,2.0,185,1.7804878048780488,9
20,Tea,2024-10-19,1.4037037037037037,250,1.6171011931064958,22
20,Tea,2024-10-22,1.4,251,1.5890410958904109,23
20,Tea,2024-10-25,2.0,197,1.6928754813863929,10
20,Tea,2024-10-29,1.411628802464382,256,1.6171011931064958,24
20,Tea,2024-10-31,0.8947044334975369,116,0.8247422680412371,7
20,Tea,2024-12-16,1.337837837837838,207,0.8623737373737375,20
20,Tea,2024-12-23,1.1686746987951808,127,1.2619047619047619,7
20,Tea,2024-12-26,2.0,199,1.7804878048780488,11
